solid OpenSCAD_Model
  facet normal -0.98918 -0.146707 0
    outer loop
      vertex 0.0384216 1.60982 0
      vertex 0.0096283 1.80396 1
      vertex 0.0096283 1.80396 0
    endloop
  endfacet
  facet normal -0.98918 -0.146707 0
    outer loop
      vertex 0.0096283 1.80396 1
      vertex 0.0384216 1.60982 0
      vertex 0.0384216 1.60982 1
    endloop
  endfacet
  facet normal 1 0 0
    outer loop
      vertex 75 95.5 1.5
      vertex 75 94.5 1.5
      vertex 75 95.5 1
    endloop
  endfacet
  facet normal 1 -0 0
    outer loop
      vertex 75 95.5 1
      vertex 75 103 0
      vertex 75 103 1
    endloop
  endfacet
  facet normal 1 0 0
    outer loop
      vertex 75 94.5 1
      vertex 75 95.5 1
      vertex 75 94.5 1.5
    endloop
  endfacet
  facet normal 1 -0 0
    outer loop
      vertex 75 94.5 1
      vertex 75 103 0
      vertex 75 95.5 1
    endloop
  endfacet
  facet normal 1 0 0
    outer loop
      vertex 75 2 0
      vertex 75 94.5 1
      vertex 75 2 1
    endloop
  endfacet
  facet normal 1 0 0
    outer loop
      vertex 75 94.5 1
      vertex 75 2 0
      vertex 75 103 0
    endloop
  endfacet
  facet normal 0.857747 -0.514072 0
    outer loop
      vertex 74.6629 0.888855 1
      vertex 74.7638 1.05721 0
      vertex 74.7638 1.05721 1
    endloop
  endfacet
  facet normal 0.857747 -0.514072 0
    outer loop
      vertex 74.7638 1.05721 0
      vertex 74.6629 0.888855 1
      vertex 74.6629 0.888855 0
    endloop
  endfacet
  facet normal 0.970023 -0.243015 0
    outer loop
      vertex 74.9139 1.41942 1
      vertex 74.9616 1.60982 0
      vertex 74.9616 1.60982 1
    endloop
  endfacet
  facet normal 0.970023 -0.243015 0
    outer loop
      vertex 74.9616 1.60982 0
      vertex 74.9139 1.41942 1
      vertex 74.9139 1.41942 0
    endloop
  endfacet
  facet normal -0.970042 -0.242937 0
    outer loop
      vertex 0.0861053 1.41942 0
      vertex 0.0384216 1.60982 1
      vertex 0.0384216 1.60982 0
    endloop
  endfacet
  facet normal -0.970042 -0.242937 0
    outer loop
      vertex 0.0384216 1.60982 1
      vertex 0.0861053 1.41942 0
      vertex 0.0861053 1.41942 1
    endloop
  endfacet
  facet normal -0.998796 -0.0490548 0
    outer loop
      vertex 0.0096283 1.80396 0
      vertex 0 2 1
      vertex 0 2 0
    endloop
  endfacet
  facet normal -0.998796 -0.0490548 0
    outer loop
      vertex 0 2 1
      vertex 0.0096283 1.80396 0
      vertex 0.0096283 1.80396 1
    endloop
  endfacet
  facet normal 0.739986 0.672622 0
    outer loop
      vertex 74.546 104.269 1
      vertex 74.4142 104.414 0
      vertex 74.4142 104.414 1
    endloop
  endfacet
  facet normal 0.739986 0.672622 0
    outer loop
      vertex 74.4142 104.414 0
      vertex 74.546 104.269 1
      vertex 74.546 104.269 0
    endloop
  endfacet
  facet normal 0.998803 -0.048911 0
    outer loop
      vertex 74.9904 1.80396 1
      vertex 75 2 0
      vertex 75 2 1
    endloop
  endfacet
  facet normal 0.998803 -0.048911 0
    outer loop
      vertex 75 2 0
      vertex 74.9904 1.80396 1
      vertex 74.9904 1.80396 0
    endloop
  endfacet
  facet normal 0.857268 0.514871 0
    outer loop
      vertex 74.7638 103.943 1
      vertex 74.6629 104.111 0
      vertex 74.6629 104.111 1
    endloop
  endfacet
  facet normal 0.857268 0.514871 0
    outer loop
      vertex 74.6629 104.111 0
      vertex 74.7638 103.943 1
      vertex 74.7638 103.943 0
    endloop
  endfacet
  facet normal -0.739933 0.672681 0
    outer loop
      vertex 0.453964 104.269 0
      vertex 0.585785 104.414 1
      vertex 0.585785 104.414 0
    endloop
  endfacet
  facet normal -0.739933 0.672681 0
    outer loop
      vertex 0.585785 104.414 1
      vertex 0.453964 104.269 0
      vertex 0.453964 104.269 1
    endloop
  endfacet
  facet normal -0.857733 -0.514095 0
    outer loop
      vertex 0.337051 0.888855 0
      vertex 0.236145 1.05721 1
      vertex 0.236145 1.05721 0
    endloop
  endfacet
  facet normal -0.857733 -0.514095 0
    outer loop
      vertex 0.236145 1.05721 1
      vertex 0.337051 0.888855 0
      vertex 0.337051 0.888855 1
    endloop
  endfacet
  facet normal 0 1 -0
    outer loop
      vertex 73 105 0
      vertex 2 105 1
      vertex 73 105 1
    endloop
  endfacet
  facet normal 0 1 0
    outer loop
      vertex 2 105 1
      vertex 73 105 0
      vertex 2 105 0
    endloop
  endfacet
  facet normal 0.514571 0.857448 -0
    outer loop
      vertex 74.1111 104.663 0
      vertex 73.9428 104.764 1
      vertex 74.1111 104.663 1
    endloop
  endfacet
  facet normal 0.514571 0.857448 0
    outer loop
      vertex 73.9428 104.764 1
      vertex 74.1111 104.663 0
      vertex 73.9428 104.764 0
    endloop
  endfacet
  facet normal -0.998796 0.0490648 0
    outer loop
      vertex 0 103 0
      vertex 0.0096283 103.196 1
      vertex 0.0096283 103.196 0
    endloop
  endfacet
  facet normal -0.998796 0.0490648 0
    outer loop
      vertex 0.0096283 103.196 1
      vertex 0 103 0
      vertex 0 103 1
    endloop
  endfacet
  facet normal 0.998803 0.0489209 0
    outer loop
      vertex 75 103 1
      vertex 74.9904 103.196 0
      vertex 74.9904 103.196 1
    endloop
  endfacet
  facet normal 0.998803 0.0489209 0
    outer loop
      vertex 74.9904 103.196 0
      vertex 75 103 1
      vertex 75 103 0
    endloop
  endfacet
  facet normal -1 0 0
    outer loop
      vertex 0 103 0
      vertex 0 95.5 1
      vertex 0 103 1
    endloop
  endfacet
  facet normal -1 0 0
    outer loop
      vertex 0 95.5 1
      vertex 0 94.5 1
      vertex 0 95.5 1.5
    endloop
  endfacet
  facet normal -1 0 0
    outer loop
      vertex 0 103 0
      vertex 0 94.5 1
      vertex 0 95.5 1
    endloop
  endfacet
  facet normal -1 0 0
    outer loop
      vertex 0 2 0
      vertex 0 94.5 1
      vertex 0 103 0
    endloop
  endfacet
  facet normal -1 -0 0
    outer loop
      vertex 0 94.5 1
      vertex 0 2 0
      vertex 0 2 1
    endloop
  endfacet
  facet normal -1 -0 0
    outer loop
      vertex 0 95.5 1.5
      vertex 0 94.5 1
      vertex 0 94.5 1.5
    endloop
  endfacet
  facet normal -0.672125 0.740438 0
    outer loop
      vertex 0.731201 104.546 0
      vertex 0.585785 104.414 1
      vertex 0.731201 104.546 1
    endloop
  endfacet
  facet normal -0.672125 0.740438 0
    outer loop
      vertex 0.585785 104.414 1
      vertex 0.731201 104.546 0
      vertex 0.585785 104.414 0
    endloop
  endfacet
  facet normal -0.671625 -0.740891 0
    outer loop
      vertex 0.585785 0.585785 0
      vertex 0.731201 0.453964 1
      vertex 0.585785 0.585785 1
    endloop
  endfacet
  facet normal -0.671625 -0.740891 -0
    outer loop
      vertex 0.731201 0.453964 1
      vertex 0.585785 0.585785 0
      vertex 0.731201 0.453964 0
    endloop
  endfacet
  facet normal 0.98916 0.146844 0
    outer loop
      vertex 74.9904 103.196 1
      vertex 74.9616 103.39 0
      vertex 74.9616 103.39 1
    endloop
  endfacet
  facet normal 0.98916 0.146844 0
    outer loop
      vertex 74.9616 103.39 0
      vertex 74.9904 103.196 1
      vertex 74.9904 103.196 0
    endloop
  endfacet
  facet normal 0 -1 0
    outer loop
      vertex 2 0 0
      vertex 73 0 1
      vertex 2 0 1
    endloop
  endfacet
  facet normal 0 -1 -0
    outer loop
      vertex 73 0 1
      vertex 2 0 0
      vertex 73 0 0
    endloop
  endfacet
  facet normal -0.740891 -0.671625 0
    outer loop
      vertex 0.585785 0.585785 0
      vertex 0.453964 0.731201 1
      vertex 0.453964 0.731201 0
    endloop
  endfacet
  facet normal -0.740891 -0.671625 0
    outer loop
      vertex 0.453964 0.731201 1
      vertex 0.585785 0.585785 0
      vertex 0.585785 0.585785 1
    endloop
  endfacet
  facet normal 0.0490648 -0.998796 0
    outer loop
      vertex 73 0 0
      vertex 73.196 0.0096283 1
      vertex 73 0 1
    endloop
  endfacet
  facet normal 0.0490648 -0.998796 0
    outer loop
      vertex 73.196 0.0096283 1
      vertex 73 0 0
      vertex 73.196 0.0096283 0
    endloop
  endfacet
  facet normal -0.427935 0.903809 0
    outer loop
      vertex 1.23462 104.848 0
      vertex 1.05721 104.764 1
      vertex 1.23462 104.848 1
    endloop
  endfacet
  facet normal -0.427935 0.903809 0
    outer loop
      vertex 1.05721 104.764 1
      vertex 1.23462 104.848 0
      vertex 1.05721 104.764 0
    endloop
  endfacet
  facet normal -0.970222 0.242219 0
    outer loop
      vertex 0.0384216 103.39 0
      vertex 0.0861053 103.581 1
      vertex 0.0861053 103.581 0
    endloop
  endfacet
  facet normal -0.970222 0.242219 0
    outer loop
      vertex 0.0861053 103.581 1
      vertex 0.0384216 103.39 0
      vertex 0.0384216 103.39 1
    endloop
  endfacet
  facet normal 0.941419 -0.33724 0
    outer loop
      vertex 74.8477 1.23462 1
      vertex 74.9139 1.41942 0
      vertex 74.9139 1.41942 1
    endloop
  endfacet
  facet normal 0.941419 -0.33724 0
    outer loop
      vertex 74.9139 1.41942 0
      vertex 74.8477 1.23462 1
      vertex 74.8477 1.23462 0
    endloop
  endfacet
  facet normal 0.970202 0.242297 0
    outer loop
      vertex 74.9616 103.39 1
      vertex 74.9139 103.581 0
      vertex 74.9139 103.581 1
    endloop
  endfacet
  facet normal 0.970202 0.242297 0
    outer loop
      vertex 74.9139 103.581 0
      vertex 74.9616 103.39 1
      vertex 74.9616 103.39 0
    endloop
  endfacet
  facet normal -0.989165 0.146811 0
    outer loop
      vertex 0.0096283 103.196 0
      vertex 0.0384216 103.39 1
      vertex 0.0384216 103.39 0
    endloop
  endfacet
  facet normal -0.989165 0.146811 0
    outer loop
      vertex 0.0384216 103.39 1
      vertex 0.0096283 103.196 0
      vertex 0.0096283 103.196 1
    endloop
  endfacet
  facet normal -0.0490548 -0.998796 0
    outer loop
      vertex 1.80396 0.0096283 0
      vertex 2 0 1
      vertex 1.80396 0.0096283 1
    endloop
  endfacet
  facet normal -0.0490548 -0.998796 -0
    outer loop
      vertex 2 0 1
      vertex 1.80396 0.0096283 0
      vertex 2 0 0
    endloop
  endfacet
  facet normal -0.142749 0.989759 0
    outer loop
      vertex 1.80396 104.99 0
      vertex 1.60982 104.962 1
      vertex 1.80396 104.99 1
    endloop
  endfacet
  facet normal -0.142749 0.989759 0
    outer loop
      vertex 1.60982 104.962 1
      vertex 1.80396 104.99 0
      vertex 1.60982 104.962 0
    endloop
  endfacet
  facet normal -0.244452 0.969661 0
    outer loop
      vertex 1.60982 104.962 0
      vertex 1.41942 104.914 1
      vertex 1.60982 104.962 1
    endloop
  endfacet
  facet normal -0.244452 0.969661 0
    outer loop
      vertex 1.41942 104.914 1
      vertex 1.60982 104.962 0
      vertex 1.41942 104.914 0
    endloop
  endfacet
  facet normal -0.857254 0.514893 0
    outer loop
      vertex 0.236145 103.943 0
      vertex 0.337051 104.111 1
      vertex 0.337051 104.111 0
    endloop
  endfacet
  facet normal -0.857254 0.514893 0
    outer loop
      vertex 0.337051 104.111 1
      vertex 0.236145 103.943 0
      vertex 0.236145 103.943 1
    endloop
  endfacet
  facet normal 0.803891 0.594777 0
    outer loop
      vertex 74.6629 104.111 1
      vertex 74.546 104.269 0
      vertex 74.546 104.269 1
    endloop
  endfacet
  facet normal 0.803891 0.594777 0
    outer loop
      vertex 74.546 104.269 0
      vertex 74.6629 104.111 1
      vertex 74.6629 104.111 0
    endloop
  endfacet
  facet normal -0.146707 -0.98918 0
    outer loop
      vertex 1.60982 0.0384216 0
      vertex 1.80396 0.0096283 1
      vertex 1.60982 0.0384216 1
    endloop
  endfacet
  facet normal -0.146707 -0.98918 -0
    outer loop
      vertex 1.80396 0.0096283 1
      vertex 1.60982 0.0384216 0
      vertex 1.80396 0.0096283 0
    endloop
  endfacet
  facet normal -0.803859 0.59482 0
    outer loop
      vertex 0.337051 104.111 0
      vertex 0.453964 104.269 1
      vertex 0.453964 104.269 0
    endloop
  endfacet
  facet normal -0.803859 0.59482 0
    outer loop
      vertex 0.453964 104.269 1
      vertex 0.337051 104.111 0
      vertex 0.337051 104.111 1
    endloop
  endfacet
  facet normal 0.242937 -0.970042 0
    outer loop
      vertex 73.3902 0.0384216 0
      vertex 73.5806 0.0861053 1
      vertex 73.3902 0.0384216 1
    endloop
  endfacet
  facet normal 0.242937 -0.970042 0
    outer loop
      vertex 73.5806 0.0861053 1
      vertex 73.3902 0.0384216 0
      vertex 73.5806 0.0861053 0
    endloop
  endfacet
  facet normal -0.242937 -0.970042 0
    outer loop
      vertex 1.41942 0.0861053 0
      vertex 1.60982 0.0384216 1
      vertex 1.41942 0.0861053 1
    endloop
  endfacet
  facet normal -0.242937 -0.970042 -0
    outer loop
      vertex 1.60982 0.0384216 1
      vertex 1.41942 0.0861053 0
      vertex 1.60982 0.0384216 0
    endloop
  endfacet
  facet normal -0.803235 -0.595663 0
    outer loop
      vertex 0.453964 0.731201 0
      vertex 0.337051 0.888855 1
      vertex 0.337051 0.888855 0
    endloop
  endfacet
  facet normal -0.803235 -0.595663 0
    outer loop
      vertex 0.337051 0.888855 1
      vertex 0.453964 0.731201 0
      vertex 0.453964 0.731201 1
    endloop
  endfacet
  facet normal -0.941529 -0.336931 0
    outer loop
      vertex 0.152237 1.23462 0
      vertex 0.0861053 1.41942 1
      vertex 0.0861053 1.41942 0
    endloop
  endfacet
  facet normal -0.941529 -0.336931 0
    outer loop
      vertex 0.0861053 1.41942 1
      vertex 0.152237 1.23462 0
      vertex 0.152237 1.23462 1
    endloop
  endfacet
  facet normal 0.740944 -0.671566 0
    outer loop
      vertex 74.4142 0.585785 1
      vertex 74.546 0.731201 0
      vertex 74.546 0.731201 1
    endloop
  endfacet
  facet normal 0.740944 -0.671566 0
    outer loop
      vertex 74.546 0.731201 0
      vertex 74.4142 0.585785 1
      vertex 74.4142 0.585785 0
    endloop
  endfacet
  facet normal -0.903991 -0.427552 0
    outer loop
      vertex 0.236145 1.05721 0
      vertex 0.152237 1.23462 1
      vertex 0.152237 1.23462 0
    endloop
  endfacet
  facet normal -0.903991 -0.427552 0
    outer loop
      vertex 0.152237 1.23462 1
      vertex 0.236145 1.05721 0
      vertex 0.236145 1.05721 1
    endloop
  endfacet
  facet normal 0.671666 -0.740854 0
    outer loop
      vertex 74.2688 0.453964 0
      vertex 74.4142 0.585785 1
      vertex 74.2688 0.453964 1
    endloop
  endfacet
  facet normal 0.671666 -0.740854 0
    outer loop
      vertex 74.4142 0.585785 1
      vertex 74.2688 0.453964 0
      vertex 74.4142 0.585785 0
    endloop
  endfacet
  facet normal -0.514095 -0.857733 0
    outer loop
      vertex 0.888855 0.337051 0
      vertex 1.05721 0.236145 1
      vertex 0.888855 0.337051 1
    endloop
  endfacet
  facet normal -0.514095 -0.857733 -0
    outer loop
      vertex 1.05721 0.236145 1
      vertex 0.888855 0.337051 0
      vertex 1.05721 0.236145 0
    endloop
  endfacet
  facet normal 0.427572 -0.903981 0
    outer loop
      vertex 73.7654 0.152237 0
      vertex 73.9428 0.236145 1
      vertex 73.7654 0.152237 1
    endloop
  endfacet
  facet normal 0.427572 -0.903981 0
    outer loop
      vertex 73.9428 0.236145 1
      vertex 73.7654 0.152237 0
      vertex 73.9428 0.236145 0
    endloop
  endfacet
  facet normal -0.514447 0.857522 0
    outer loop
      vertex 1.05721 104.764 0
      vertex 0.888855 104.663 1
      vertex 1.05721 104.764 1
    endloop
  endfacet
  facet normal -0.514447 0.857522 0
    outer loop
      vertex 0.888855 104.663 1
      vertex 1.05721 104.764 0
      vertex 0.888855 104.663 0
    endloop
  endfacet
  facet normal 0.0509541 0.998701 -0
    outer loop
      vertex 73.196 104.99 0
      vertex 73 105 1
      vertex 73.196 104.99 1
    endloop
  endfacet
  facet normal 0.0509541 0.998701 0
    outer loop
      vertex 73 105 1
      vertex 73.196 104.99 0
      vertex 73 105 0
    endloop
  endfacet
  facet normal 0.989175 -0.146741 0
    outer loop
      vertex 74.9616 1.60982 1
      vertex 74.9904 1.80396 0
      vertex 74.9904 1.80396 1
    endloop
  endfacet
  facet normal 0.989175 -0.146741 0
    outer loop
      vertex 74.9904 1.80396 0
      vertex 74.9616 1.60982 1
      vertex 74.9616 1.60982 0
    endloop
  endfacet
  facet normal 0.427955 0.9038 -0
    outer loop
      vertex 73.9428 104.764 0
      vertex 73.7654 104.848 1
      vertex 73.9428 104.764 1
    endloop
  endfacet
  facet normal 0.427955 0.9038 0
    outer loop
      vertex 73.7654 104.848 1
      vertex 73.9428 104.764 0
      vertex 73.7654 104.848 0
    endloop
  endfacet
  facet normal 0.904006 -0.427519 0
    outer loop
      vertex 74.7638 1.05721 1
      vertex 74.8477 1.23462 0
      vertex 74.8477 1.23462 1
    endloop
  endfacet
  facet normal 0.904006 -0.427519 0
    outer loop
      vertex 74.8477 1.23462 0
      vertex 74.7638 1.05721 1
      vertex 74.7638 1.05721 0
    endloop
  endfacet
  facet normal 0.940953 0.338538 0
    outer loop
      vertex 74.9139 103.581 1
      vertex 74.8477 103.765 0
      vertex 74.8477 103.765 1
    endloop
  endfacet
  facet normal 0.940953 0.338538 0
    outer loop
      vertex 74.8477 103.765 0
      vertex 74.9139 103.581 1
      vertex 74.9139 103.581 0
    endloop
  endfacet
  facet normal -0.0509438 0.998702 0
    outer loop
      vertex 2 105 0
      vertex 1.80396 104.99 1
      vertex 2 105 1
    endloop
  endfacet
  facet normal -0.0509438 0.998702 0
    outer loop
      vertex 1.80396 104.99 1
      vertex 2 105 0
      vertex 1.80396 104.99 0
    endloop
  endfacet
  facet normal -0.595663 -0.803235 0
    outer loop
      vertex 0.731201 0.453964 0
      vertex 0.888855 0.337051 1
      vertex 0.731201 0.453964 1
    endloop
  endfacet
  facet normal -0.595663 -0.803235 -0
    outer loop
      vertex 0.888855 0.337051 1
      vertex 0.731201 0.453964 0
      vertex 0.888855 0.337051 0
    endloop
  endfacet
  facet normal -0.941064 0.338229 0
    outer loop
      vertex 0.0861053 103.581 0
      vertex 0.152237 103.765 1
      vertex 0.152237 103.765 0
    endloop
  endfacet
  facet normal -0.941064 0.338229 0
    outer loop
      vertex 0.152237 103.765 1
      vertex 0.0861053 103.581 0
      vertex 0.0861053 103.581 1
    endloop
  endfacet
  facet normal 0.514218 -0.857659 0
    outer loop
      vertex 73.9428 0.236145 0
      vertex 74.1111 0.337051 1
      vertex 73.9428 0.236145 1
    endloop
  endfacet
  facet normal 0.514218 -0.857659 0
    outer loop
      vertex 74.1111 0.337051 1
      vertex 73.9428 0.236145 0
      vertex 74.1111 0.337051 0
    endloop
  endfacet
  facet normal 0.146663 -0.989187 0
    outer loop
      vertex 73.196 0.0096283 0
      vertex 73.3902 0.0384216 1
      vertex 73.196 0.0096283 1
    endloop
  endfacet
  facet normal 0.146663 -0.989187 0
    outer loop
      vertex 73.3902 0.0384216 1
      vertex 73.196 0.0096283 0
      vertex 73.3902 0.0384216 0
    endloop
  endfacet
  facet normal 0.336931 -0.941529 0
    outer loop
      vertex 73.5806 0.0861053 0
      vertex 73.7654 0.152237 1
      vertex 73.5806 0.0861053 1
    endloop
  endfacet
  facet normal 0.336931 -0.941529 0
    outer loop
      vertex 73.7654 0.152237 1
      vertex 73.5806 0.0861053 0
      vertex 73.7654 0.152237 0
    endloop
  endfacet
  facet normal -0.595948 0.803023 0
    outer loop
      vertex 0.888855 104.663 0
      vertex 0.731201 104.546 1
      vertex 0.888855 104.663 1
    endloop
  endfacet
  facet normal -0.595948 0.803023 0
    outer loop
      vertex 0.731201 104.546 1
      vertex 0.888855 104.663 0
      vertex 0.731201 104.546 0
    endloop
  endfacet
  facet normal 0 0 -1
    outer loop
      vertex 73 0 0
      vertex 75 2 0
      vertex 74.9904 1.80396 0
    endloop
  endfacet
  facet normal 0 0 -1
    outer loop
      vertex 75 2 0
      vertex 0 2 0
      vertex 75 103 0
    endloop
  endfacet
  facet normal 0 0 -1
    outer loop
      vertex 73 0 0
      vertex 74.9904 1.80396 0
      vertex 74.9616 1.60982 0
    endloop
  endfacet
  facet normal 0 0 -1
    outer loop
      vertex 0 103 0
      vertex 75 103 0
      vertex 0 2 0
    endloop
  endfacet
  facet normal 0 0 -1
    outer loop
      vertex 73 0 0
      vertex 74.9616 1.60982 0
      vertex 74.9139 1.41942 0
    endloop
  endfacet
  facet normal 0 -0 -1
    outer loop
      vertex 73 105 0
      vertex 75 103 0
      vertex 0 103 0
    endloop
  endfacet
  facet normal 0 0 -1
    outer loop
      vertex 73 0 0
      vertex 74.9139 1.41942 0
      vertex 74.8477 1.23462 0
    endloop
  endfacet
  facet normal -0 0 -1
    outer loop
      vertex 75 2 0
      vertex 73 0 0
      vertex 0 2 0
    endloop
  endfacet
  facet normal 0 0 -1
    outer loop
      vertex 73 0 0
      vertex 74.8477 1.23462 0
      vertex 74.7638 1.05721 0
    endloop
  endfacet
  facet normal 0 0 -1
    outer loop
      vertex 75 103 0
      vertex 73 105 0
      vertex 74.9904 103.196 0
    endloop
  endfacet
  facet normal 0 0 -1
    outer loop
      vertex 73 0 0
      vertex 74.7638 1.05721 0
      vertex 74.6629 0.888855 0
    endloop
  endfacet
  facet normal 0 0 -1
    outer loop
      vertex 74.9139 103.581 0
      vertex 73 105 0
      vertex 74.8477 103.765 0
    endloop
  endfacet
  facet normal 0 0 -1
    outer loop
      vertex 73 0 0
      vertex 74.6629 0.888855 0
      vertex 74.546 0.731201 0
    endloop
  endfacet
  facet normal 0 0 -1
    outer loop
      vertex 74.8477 103.765 0
      vertex 73 105 0
      vertex 74.7638 103.943 0
    endloop
  endfacet
  facet normal 0 0 -1
    outer loop
      vertex 73 0 0
      vertex 74.546 0.731201 0
      vertex 74.4142 0.585785 0
    endloop
  endfacet
  facet normal 0 0 -1
    outer loop
      vertex 74.7638 103.943 0
      vertex 73 105 0
      vertex 74.6629 104.111 0
    endloop
  endfacet
  facet normal 0 0 -1
    outer loop
      vertex 73 0 0
      vertex 74.4142 0.585785 0
      vertex 74.2688 0.453964 0
    endloop
  endfacet
  facet normal 0 0 -1
    outer loop
      vertex 74.6629 104.111 0
      vertex 73 105 0
      vertex 74.546 104.269 0
    endloop
  endfacet
  facet normal 0 0 -1
    outer loop
      vertex 73 0 0
      vertex 74.2688 0.453964 0
      vertex 74.1111 0.337051 0
    endloop
  endfacet
  facet normal 0 0 -1
    outer loop
      vertex 74.546 104.269 0
      vertex 73 105 0
      vertex 74.4142 104.414 0
    endloop
  endfacet
  facet normal 0 0 -1
    outer loop
      vertex 73 0 0
      vertex 74.1111 0.337051 0
      vertex 73.9428 0.236145 0
    endloop
  endfacet
  facet normal 0 0 -1
    outer loop
      vertex 74.4142 104.414 0
      vertex 73 105 0
      vertex 74.2688 104.546 0
    endloop
  endfacet
  facet normal 0 0 -1
    outer loop
      vertex 73 0 0
      vertex 73.9428 0.236145 0
      vertex 73.7654 0.152237 0
    endloop
  endfacet
  facet normal 0 0 -1
    outer loop
      vertex 74.2688 104.546 0
      vertex 73 105 0
      vertex 74.1111 104.663 0
    endloop
  endfacet
  facet normal 0 0 -1
    outer loop
      vertex 73 0 0
      vertex 73.7654 0.152237 0
      vertex 73.5806 0.0861053 0
    endloop
  endfacet
  facet normal 0 0 -1
    outer loop
      vertex 74.1111 104.663 0
      vertex 73 105 0
      vertex 73.9428 104.764 0
    endloop
  endfacet
  facet normal 0 0 -1
    outer loop
      vertex 73 0 0
      vertex 73.5806 0.0861053 0
      vertex 73.3902 0.0384216 0
    endloop
  endfacet
  facet normal 0 0 -1
    outer loop
      vertex 73.9428 104.764 0
      vertex 73 105 0
      vertex 73.7654 104.848 0
    endloop
  endfacet
  facet normal 0 0 -1
    outer loop
      vertex 73 0 0
      vertex 73.3902 0.0384216 0
      vertex 73.196 0.0096283 0
    endloop
  endfacet
  facet normal 0 0 -1
    outer loop
      vertex 73.7654 104.848 0
      vertex 73 105 0
      vertex 73.5806 104.914 0
    endloop
  endfacet
  facet normal 0 0 -1
    outer loop
      vertex 73.5806 104.914 0
      vertex 73 105 0
      vertex 73.3902 104.962 0
    endloop
  endfacet
  facet normal 0 0 -1
    outer loop
      vertex 73.3902 104.962 0
      vertex 73 105 0
      vertex 73.196 104.99 0
    endloop
  endfacet
  facet normal 0 0 -1
    outer loop
      vertex 0 2 0
      vertex 73 0 0
      vertex 2 0 0
    endloop
  endfacet
  facet normal 0 0 -1
    outer loop
      vertex 74.9904 103.196 0
      vertex 73 105 0
      vertex 74.9616 103.39 0
    endloop
  endfacet
  facet normal 0 0 -1
    outer loop
      vertex 0 2 0
      vertex 2 0 0
      vertex 1.80396 0.0096283 0
    endloop
  endfacet
  facet normal 0 0 -1
    outer loop
      vertex 74.9616 103.39 0
      vertex 73 105 0
      vertex 74.9139 103.581 0
    endloop
  endfacet
  facet normal 0 0 -1
    outer loop
      vertex 0 2 0
      vertex 1.80396 0.0096283 0
      vertex 1.60982 0.0384216 0
    endloop
  endfacet
  facet normal -0 0 -1
    outer loop
      vertex 73 105 0
      vertex 0 103 0
      vertex 2 105 0
    endloop
  endfacet
  facet normal 0 0 -1
    outer loop
      vertex 0 2 0
      vertex 1.60982 0.0384216 0
      vertex 1.41942 0.0861053 0
    endloop
  endfacet
  facet normal 0 0 -1
    outer loop
      vertex 2 105 0
      vertex 0 103 0
      vertex 1.80396 104.99 0
    endloop
  endfacet
  facet normal 0 0 -1
    outer loop
      vertex 0 2 0
      vertex 1.41942 0.0861053 0
      vertex 1.23462 0.152237 0
    endloop
  endfacet
  facet normal 0 0 -1
    outer loop
      vertex 1.80396 104.99 0
      vertex 0 103 0
      vertex 1.60982 104.962 0
    endloop
  endfacet
  facet normal 0 0 -1
    outer loop
      vertex 0 2 0
      vertex 1.23462 0.152237 0
      vertex 1.05721 0.236145 0
    endloop
  endfacet
  facet normal 0 0 -1
    outer loop
      vertex 1.60982 104.962 0
      vertex 0 103 0
      vertex 1.41942 104.914 0
    endloop
  endfacet
  facet normal 0 0 -1
    outer loop
      vertex 0 2 0
      vertex 1.05721 0.236145 0
      vertex 0.888855 0.337051 0
    endloop
  endfacet
  facet normal 0 0 -1
    outer loop
      vertex 1.41942 104.914 0
      vertex 0 103 0
      vertex 1.23462 104.848 0
    endloop
  endfacet
  facet normal 0 0 -1
    outer loop
      vertex 0 2 0
      vertex 0.888855 0.337051 0
      vertex 0.731201 0.453964 0
    endloop
  endfacet
  facet normal 0 0 -1
    outer loop
      vertex 1.23462 104.848 0
      vertex 0 103 0
      vertex 1.05721 104.764 0
    endloop
  endfacet
  facet normal 0 0 -1
    outer loop
      vertex 0 2 0
      vertex 0.731201 0.453964 0
      vertex 0.585785 0.585785 0
    endloop
  endfacet
  facet normal 0 0 -1
    outer loop
      vertex 1.05721 104.764 0
      vertex 0 103 0
      vertex 0.888855 104.663 0
    endloop
  endfacet
  facet normal 0 0 -1
    outer loop
      vertex 0 2 0
      vertex 0.585785 0.585785 0
      vertex 0.453964 0.731201 0
    endloop
  endfacet
  facet normal 0 0 -1
    outer loop
      vertex 0.888855 104.663 0
      vertex 0 103 0
      vertex 0.731201 104.546 0
    endloop
  endfacet
  facet normal 0 0 -1
    outer loop
      vertex 0 2 0
      vertex 0.453964 0.731201 0
      vertex 0.337051 0.888855 0
    endloop
  endfacet
  facet normal 0 0 -1
    outer loop
      vertex 0.731201 104.546 0
      vertex 0 103 0
      vertex 0.585785 104.414 0
    endloop
  endfacet
  facet normal 0 0 -1
    outer loop
      vertex 0 2 0
      vertex 0.337051 0.888855 0
      vertex 0.236145 1.05721 0
    endloop
  endfacet
  facet normal 0 0 -1
    outer loop
      vertex 0.585785 104.414 0
      vertex 0 103 0
      vertex 0.453964 104.269 0
    endloop
  endfacet
  facet normal 0 0 -1
    outer loop
      vertex 0 2 0
      vertex 0.236145 1.05721 0
      vertex 0.152237 1.23462 0
    endloop
  endfacet
  facet normal 0 0 -1
    outer loop
      vertex 0.453964 104.269 0
      vertex 0 103 0
      vertex 0.337051 104.111 0
    endloop
  endfacet
  facet normal 0 0 -1
    outer loop
      vertex 0 2 0
      vertex 0.152237 1.23462 0
      vertex 0.0861053 1.41942 0
    endloop
  endfacet
  facet normal 0 0 -1
    outer loop
      vertex 0.337051 104.111 0
      vertex 0 103 0
      vertex 0.236145 103.943 0
    endloop
  endfacet
  facet normal 0 0 -1
    outer loop
      vertex 0 2 0
      vertex 0.0861053 1.41942 0
      vertex 0.0384216 1.60982 0
    endloop
  endfacet
  facet normal 0 0 -1
    outer loop
      vertex 0.236145 103.943 0
      vertex 0 103 0
      vertex 0.152237 103.765 0
    endloop
  endfacet
  facet normal 0 0 -1
    outer loop
      vertex 0 2 0
      vertex 0.0384216 1.60982 0
      vertex 0.0096283 1.80396 0
    endloop
  endfacet
  facet normal 0 0 -1
    outer loop
      vertex 0.152237 103.765 0
      vertex 0 103 0
      vertex 0.0861053 103.581 0
    endloop
  endfacet
  facet normal 0 0 -1
    outer loop
      vertex 0.0861053 103.581 0
      vertex 0 103 0
      vertex 0.0384216 103.39 0
    endloop
  endfacet
  facet normal 0 0 -1
    outer loop
      vertex 0.0384216 103.39 0
      vertex 0 103 0
      vertex 0.0096283 103.196 0
    endloop
  endfacet
  facet normal 0.142706 0.989765 -0
    outer loop
      vertex 73.3902 104.962 0
      vertex 73.196 104.99 1
      vertex 73.3902 104.962 1
    endloop
  endfacet
  facet normal 0.142706 0.989765 0
    outer loop
      vertex 73.196 104.99 1
      vertex 73.3902 104.962 0
      vertex 73.196 104.99 0
    endloop
  endfacet
  facet normal -0.427552 -0.903991 0
    outer loop
      vertex 1.05721 0.236145 0
      vertex 1.23462 0.152237 1
      vertex 1.05721 0.236145 1
    endloop
  endfacet
  facet normal -0.427552 -0.903991 -0
    outer loop
      vertex 1.23462 0.152237 1
      vertex 1.05721 0.236145 0
      vertex 1.23462 0.152237 0
    endloop
  endfacet
  facet normal 0.803266 -0.59562 0
    outer loop
      vertex 74.546 0.731201 1
      vertex 74.6629 0.888855 0
      vertex 74.6629 0.888855 1
    endloop
  endfacet
  facet normal 0.803266 -0.59562 0
    outer loop
      vertex 74.6629 0.888855 0
      vertex 74.546 0.731201 1
      vertex 74.546 0.731201 0
    endloop
  endfacet
  facet normal -0.904538 0.426393 0
    outer loop
      vertex 0.152237 103.765 0
      vertex 0.236145 103.943 1
      vertex 0.236145 103.943 0
    endloop
  endfacet
  facet normal -0.904538 0.426393 0
    outer loop
      vertex 0.236145 103.943 1
      vertex 0.152237 103.765 0
      vertex 0.152237 103.765 1
    endloop
  endfacet
  facet normal 0.336336 0.941742 -0
    outer loop
      vertex 73.7654 104.848 0
      vertex 73.5806 104.914 1
      vertex 73.7654 104.848 1
    endloop
  endfacet
  facet normal 0.336336 0.941742 0
    outer loop
      vertex 73.5806 104.914 1
      vertex 73.7654 104.848 0
      vertex 73.5806 104.914 0
    endloop
  endfacet
  facet normal 0.904554 0.42636 0
    outer loop
      vertex 74.8477 103.765 1
      vertex 74.7638 103.943 0
      vertex 74.7638 103.943 1
    endloop
  endfacet
  facet normal 0.904554 0.42636 0
    outer loop
      vertex 74.7638 103.943 0
      vertex 74.8477 103.765 1
      vertex 74.8477 103.765 0
    endloop
  endfacet
  facet normal 0.244452 0.969661 -0
    outer loop
      vertex 73.5806 104.914 0
      vertex 73.3902 104.962 1
      vertex 73.5806 104.914 1
    endloop
  endfacet
  facet normal 0.244452 0.969661 0
    outer loop
      vertex 73.3902 104.962 1
      vertex 73.5806 104.914 0
      vertex 73.3902 104.962 0
    endloop
  endfacet
  facet normal -0.336336 0.941742 0
    outer loop
      vertex 1.41942 104.914 0
      vertex 1.23462 104.848 1
      vertex 1.41942 104.914 1
    endloop
  endfacet
  facet normal -0.336336 0.941742 0
    outer loop
      vertex 1.23462 104.848 1
      vertex 1.41942 104.914 0
      vertex 1.23462 104.848 0
    endloop
  endfacet
  facet normal 0.59555 -0.803318 0
    outer loop
      vertex 74.1111 0.337051 0
      vertex 74.2688 0.453964 1
      vertex 74.1111 0.337051 1
    endloop
  endfacet
  facet normal 0.59555 -0.803318 0
    outer loop
      vertex 74.2688 0.453964 1
      vertex 74.1111 0.337051 0
      vertex 74.2688 0.453964 0
    endloop
  endfacet
  facet normal 0.672166 0.740401 -0
    outer loop
      vertex 74.4142 104.414 0
      vertex 74.2688 104.546 1
      vertex 74.4142 104.414 1
    endloop
  endfacet
  facet normal 0.672166 0.740401 0
    outer loop
      vertex 74.2688 104.546 1
      vertex 74.4142 104.414 0
      vertex 74.2688 104.546 0
    endloop
  endfacet
  facet normal -0.336931 -0.941529 0
    outer loop
      vertex 1.23462 0.152237 0
      vertex 1.41942 0.0861053 1
      vertex 1.23462 0.152237 1
    endloop
  endfacet
  facet normal -0.336931 -0.941529 -0
    outer loop
      vertex 1.41942 0.0861053 1
      vertex 1.23462 0.152237 0
      vertex 1.41942 0.0861053 0
    endloop
  endfacet
  facet normal 0.595836 0.803106 -0
    outer loop
      vertex 74.2688 104.546 0
      vertex 74.1111 104.663 1
      vertex 74.2688 104.546 1
    endloop
  endfacet
  facet normal 0.595836 0.803106 0
    outer loop
      vertex 74.1111 104.663 1
      vertex 74.2688 104.546 0
      vertex 74.1111 104.663 0
    endloop
  endfacet
  facet normal -0 0 1
    outer loop
      vertex 31.8251 102.146 1
      vertex 32.8473 95.5 1
      vertex 32.8473 102.146 1
    endloop
  endfacet
  facet normal 0 0 1
    outer loop
      vertex 31.8251 102.146 1
      vertex 31.6637 95.5 1
      vertex 32.8473 95.5 1
    endloop
  endfacet
  facet normal 0 0 1
    outer loop
      vertex 31.6637 95.5 1
      vertex 31.8251 102.146 1
      vertex 31.6637 103.657 1
    endloop
  endfacet
  facet normal -0 0 1
    outer loop
      vertex 30.1687 99.8607 1
      vertex 30.2414 99.5795 1
      vertex 30.2241 99.8795 1
    endloop
  endfacet
  facet normal -0 0 1
    outer loop
      vertex 30.114 100.147 1
      vertex 30.2241 99.8795 1
      vertex 30.2092 100.172 1
    endloop
  endfacet
  facet normal -0 0 1
    outer loop
      vertex 30.0558 100.438 1
      vertex 30.2092 100.172 1
      vertex 30.1966 100.458 1
    endloop
  endfacet
  facet normal 0 0 1
    outer loop
      vertex 30.0558 100.438 1
      vertex 30.1966 100.458 1
      vertex 30.1861 100.738 1
    endloop
  endfacet
  facet normal 0 0 1
    outer loop
      vertex 29.9949 100.73 1
      vertex 30.1861 100.738 1
      vertex 30.1778 101.011 1
    endloop
  endfacet
  facet normal 0 0 1
    outer loop
      vertex 30.2414 99.5795 1
      vertex 30.1687 99.8607 1
      vertex 30.2192 99.5795 1
    endloop
  endfacet
  facet normal -0 0 1
    outer loop
      vertex 29.932 101.023 1
      vertex 30.1778 101.011 1
      vertex 30.1715 101.278 1
    endloop
  endfacet
  facet normal -0 0 1
    outer loop
      vertex 29.8678 101.314 1
      vertex 30.1715 101.278 1
      vertex 30.1671 101.54 1
    endloop
  endfacet
  facet normal -0 0 1
    outer loop
      vertex 29.803 101.601 1
      vertex 30.1671 101.54 1
      vertex 30.1645 101.795 1
    endloop
  endfacet
  facet normal -0 0 1
    outer loop
      vertex 29.7384 101.883 1
      vertex 30.1645 101.795 1
      vertex 30.1637 102.046 1
    endloop
  endfacet
  facet normal 0 0 1
    outer loop
      vertex 30.2241 99.8795 1
      vertex 30.114 100.147 1
      vertex 30.1687 99.8607 1
    endloop
  endfacet
  facet normal 0 0 1
    outer loop
      vertex 73 105 1
      vertex 50.1072 103.657 1
      vertex 51.6072 103.657 1
    endloop
  endfacet
  facet normal -0 0 1
    outer loop
      vertex 49.6183 102.157 1
      vertex 50.1072 102.046 1
      vertex 50.1072 103.657 1
    endloop
  endfacet
  facet normal 0 0 1
    outer loop
      vertex 50.1072 102.046 1
      vertex 49.9994 100.438 1
      vertex 50.0576 100.147 1
    endloop
  endfacet
  facet normal 0 0 1
    outer loop
      vertex 50.1072 102.046 1
      vertex 49.9385 100.73 1
      vertex 49.9994 100.438 1
    endloop
  endfacet
  facet normal 0 0 1
    outer loop
      vertex 50.1072 102.046 1
      vertex 49.8756 101.023 1
      vertex 49.9385 100.73 1
    endloop
  endfacet
  facet normal 0 0 1
    outer loop
      vertex 50.1072 102.046 1
      vertex 49.8114 101.314 1
      vertex 49.8756 101.023 1
    endloop
  endfacet
  facet normal 0 0 1
    outer loop
      vertex 50.1072 102.046 1
      vertex 49.7466 101.601 1
      vertex 49.8114 101.314 1
    endloop
  endfacet
  facet normal 0 0 1
    outer loop
      vertex 50.1072 102.046 1
      vertex 49.682 101.883 1
      vertex 49.7466 101.601 1
    endloop
  endfacet
  facet normal 0 0 1
    outer loop
      vertex 50.1072 102.046 1
      vertex 49.6183 102.157 1
      vertex 49.682 101.883 1
    endloop
  endfacet
  facet normal 0 0 1
    outer loop
      vertex 50.1072 103.657 1
      vertex 49.2739 103.657 1
      vertex 49.6183 102.157 1
    endloop
  endfacet
  facet normal 0 0 1
    outer loop
      vertex 73 105 1
      vertex 49.2739 103.657 1
      vertex 50.1072 103.657 1
    endloop
  endfacet
  facet normal -0 0 1
    outer loop
      vertex 46.2527 103.691 1
      vertex 49.2739 103.657 1
      vertex 73 105 1
    endloop
  endfacet
  facet normal 0 0 1
    outer loop
      vertex 47.6516 103.657 1
      vertex 47.5645 95.5 1
      vertex 47.6516 95.5 1
    endloop
  endfacet
  facet normal 0 0 1
    outer loop
      vertex 47.6516 103.657 1
      vertex 46.2527 103.691 1
      vertex 47.5645 95.5 1
    endloop
  endfacet
  facet normal 0 0 1
    outer loop
      vertex 49.2739 103.657 1
      vertex 46.2527 103.691 1
      vertex 47.6516 103.657 1
    endloop
  endfacet
  facet normal 0 0 1
    outer loop
      vertex 73 105 1
      vertex 44.4194 103.691 1
      vertex 46.2527 103.691 1
    endloop
  endfacet
  facet normal 0 0 1
    outer loop
      vertex 44.4194 103.691 1
      vertex 43.0287 103.657 1
      vertex 43.0965 95.5 1
    endloop
  endfacet
  facet normal 0 0 1
    outer loop
      vertex 40.9731 103.657 1
      vertex 44.4194 103.691 1
      vertex 73 105 1
    endloop
  endfacet
  facet normal 0 0 1
    outer loop
      vertex 44.4194 103.691 1
      vertex 40.9731 103.657 1
      vertex 43.0287 103.657 1
    endloop
  endfacet
  facet normal 0 0 1
    outer loop
      vertex 40.9731 103.657 1
      vertex 40.4953 99.2795 1
      vertex 40.5064 99.2795 1
    endloop
  endfacet
  facet normal 0 0 1
    outer loop
      vertex 40.9731 103.657 1
      vertex 40.0287 103.657 1
      vertex 40.4953 99.2795 1
    endloop
  endfacet
  facet normal 0 0 1
    outer loop
      vertex 73 105 1
      vertex 40.0287 103.657 1
      vertex 40.9731 103.657 1
    endloop
  endfacet
  facet normal 0 0 1
    outer loop
      vertex 73 105 1
      vertex 37.9619 103.657 1
      vertex 40.0287 103.657 1
    endloop
  endfacet
  facet normal 0 0 1
    outer loop
      vertex 37.9619 103.657 1
      vertex 37.5961 99.5239 1
      vertex 37.9619 95.5 1
    endloop
  endfacet
  facet normal 0 0 1
    outer loop
      vertex 35.6251 102.146 1
      vertex 37.9619 103.657 1
      vertex 35.6251 103.657 1
    endloop
  endfacet
  facet normal 0 0 1
    outer loop
      vertex 73 105 1
      vertex 35.6251 103.657 1
      vertex 37.9619 103.657 1
    endloop
  endfacet
  facet normal 0 0 1
    outer loop
      vertex 73 105 1
      vertex 31.8251 103.657 1
      vertex 35.6251 103.657 1
    endloop
  endfacet
  facet normal 0 0 1
    outer loop
      vertex 31.8251 103.657 1
      vertex 31.6637 103.657 1
      vertex 31.8251 102.146 1
    endloop
  endfacet
  facet normal -0 0 1
    outer loop
      vertex 2 105 1
      vertex 31.8251 103.657 1
      vertex 73 105 1
    endloop
  endfacet
  facet normal 0 0 1
    outer loop
      vertex 31.8251 103.657 1
      vertex 2 105 1
      vertex 31.6637 103.657 1
    endloop
  endfacet
  facet normal -0 0 1
    outer loop
      vertex 29.6748 102.157 1
      vertex 30.1637 102.046 1
      vertex 30.1637 103.657 1
    endloop
  endfacet
  facet normal 0 0 1
    outer loop
      vertex 30.2092 100.172 1
      vertex 30.0558 100.438 1
      vertex 30.114 100.147 1
    endloop
  endfacet
  facet normal 0 0 1
    outer loop
      vertex 30.1861 100.738 1
      vertex 29.9949 100.73 1
      vertex 30.0558 100.438 1
    endloop
  endfacet
  facet normal 0 0 1
    outer loop
      vertex 30.1778 101.011 1
      vertex 29.932 101.023 1
      vertex 29.9949 100.73 1
    endloop
  endfacet
  facet normal 0 0 1
    outer loop
      vertex 30.1715 101.278 1
      vertex 29.8678 101.314 1
      vertex 29.932 101.023 1
    endloop
  endfacet
  facet normal 0 0 1
    outer loop
      vertex 30.1671 101.54 1
      vertex 29.803 101.601 1
      vertex 29.8678 101.314 1
    endloop
  endfacet
  facet normal 0 0 1
    outer loop
      vertex 30.1645 101.795 1
      vertex 29.7384 101.883 1
      vertex 29.803 101.601 1
    endloop
  endfacet
  facet normal 0 0 1
    outer loop
      vertex 30.1637 102.046 1
      vertex 29.6748 102.157 1
      vertex 29.7384 101.883 1
    endloop
  endfacet
  facet normal 0 0 1
    outer loop
      vertex 30.1637 103.657 1
      vertex 29.3303 103.657 1
      vertex 29.6748 102.157 1
    endloop
  endfacet
  facet normal 0 0 1
    outer loop
      vertex 31.6637 103.657 1
      vertex 2 105 1
      vertex 30.1637 103.657 1
    endloop
  endfacet
  facet normal 0 0 1
    outer loop
      vertex 30.1637 103.657 1
      vertex 2 105 1
      vertex 29.3303 103.657 1
    endloop
  endfacet
  facet normal 0 0 1
    outer loop
      vertex 27.7081 103.657 1
      vertex 27.6209 95.5 1
      vertex 27.7081 95.5 1
    endloop
  endfacet
  facet normal 0 0 1
    outer loop
      vertex 27.7081 103.657 1
      vertex 26.3091 103.691 1
      vertex 27.6209 95.5 1
    endloop
  endfacet
  facet normal 0 0 1
    outer loop
      vertex 29.3303 103.657 1
      vertex 26.3091 103.691 1
      vertex 27.7081 103.657 1
    endloop
  endfacet
  facet normal 0 0 1
    outer loop
      vertex 29.3303 103.657 1
      vertex 2 105 1
      vertex 26.3091 103.691 1
    endloop
  endfacet
  facet normal 0 0 1
    outer loop
      vertex 26.3091 103.691 1
      vertex 2 105 1
      vertex 24.4758 103.691 1
    endloop
  endfacet
  facet normal 0 0 1
    outer loop
      vertex 2 105 1
      vertex 23.153 95.5 1
      vertex 24.4758 103.691 1
    endloop
  endfacet
  facet normal 0 0 1
    outer loop
      vertex 0 103 1
      vertex 2 105 1
      vertex 1.80396 104.99 1
    endloop
  endfacet
  facet normal 0 0 1
    outer loop
      vertex 0 103 1
      vertex 1.80396 104.99 1
      vertex 1.60982 104.962 1
    endloop
  endfacet
  facet normal 0 0 1
    outer loop
      vertex 0 103 1
      vertex 1.60982 104.962 1
      vertex 1.41942 104.914 1
    endloop
  endfacet
  facet normal 0 0 1
    outer loop
      vertex 0 103 1
      vertex 1.41942 104.914 1
      vertex 1.23462 104.848 1
    endloop
  endfacet
  facet normal 0 0 1
    outer loop
      vertex 0 103 1
      vertex 1.23462 104.848 1
      vertex 1.05721 104.764 1
    endloop
  endfacet
  facet normal 0 0 1
    outer loop
      vertex 0 103 1
      vertex 1.05721 104.764 1
      vertex 0.888855 104.663 1
    endloop
  endfacet
  facet normal 0 0 1
    outer loop
      vertex 0 103 1
      vertex 0.888855 104.663 1
      vertex 0.731201 104.546 1
    endloop
  endfacet
  facet normal 0 0 1
    outer loop
      vertex 0 103 1
      vertex 0.731201 104.546 1
      vertex 0.585785 104.414 1
    endloop
  endfacet
  facet normal 0 0 1
    outer loop
      vertex 0 103 1
      vertex 0.585785 104.414 1
      vertex 0.453964 104.269 1
    endloop
  endfacet
  facet normal 0 0 1
    outer loop
      vertex 0 103 1
      vertex 0.453964 104.269 1
      vertex 0.337051 104.111 1
    endloop
  endfacet
  facet normal 0 0 1
    outer loop
      vertex 0 103 1
      vertex 0.337051 104.111 1
      vertex 0.236145 103.943 1
    endloop
  endfacet
  facet normal 0 0 1
    outer loop
      vertex 0 103 1
      vertex 0.236145 103.943 1
      vertex 0.152237 103.765 1
    endloop
  endfacet
  facet normal 0 0 1
    outer loop
      vertex 0 103 1
      vertex 0.152237 103.765 1
      vertex 0.0861053 103.581 1
    endloop
  endfacet
  facet normal 0 0 1
    outer loop
      vertex 0 103 1
      vertex 0.0861053 103.581 1
      vertex 0.0384216 103.39 1
    endloop
  endfacet
  facet normal 0 0 1
    outer loop
      vertex 0 103 1
      vertex 0.0384216 103.39 1
      vertex 0.0096283 103.196 1
    endloop
  endfacet
  facet normal 0 0 1
    outer loop
      vertex 2 105 1
      vertex 0 103 1
      vertex 0 95.5 1
    endloop
  endfacet
  facet normal 0 0 1
    outer loop
      vertex 2 105 1
      vertex 0 95.5 1
      vertex 23.153 95.5 1
    endloop
  endfacet
  facet normal 0 0 1
    outer loop
      vertex 73 105 1
      vertex 75 103 1
      vertex 74.9904 103.196 1
    endloop
  endfacet
  facet normal 0 0 1
    outer loop
      vertex 73 105 1
      vertex 74.9904 103.196 1
      vertex 74.9616 103.39 1
    endloop
  endfacet
  facet normal 0 0 1
    outer loop
      vertex 73 105 1
      vertex 74.9616 103.39 1
      vertex 74.9139 103.581 1
    endloop
  endfacet
  facet normal 0 0 1
    outer loop
      vertex 73 105 1
      vertex 74.9139 103.581 1
      vertex 74.8477 103.765 1
    endloop
  endfacet
  facet normal 0 0 1
    outer loop
      vertex 73 105 1
      vertex 74.8477 103.765 1
      vertex 74.7638 103.943 1
    endloop
  endfacet
  facet normal 0 0 1
    outer loop
      vertex 73 105 1
      vertex 74.7638 103.943 1
      vertex 74.6629 104.111 1
    endloop
  endfacet
  facet normal 0 0 1
    outer loop
      vertex 73 105 1
      vertex 74.6629 104.111 1
      vertex 74.546 104.269 1
    endloop
  endfacet
  facet normal 0 0 1
    outer loop
      vertex 73 105 1
      vertex 74.546 104.269 1
      vertex 74.4142 104.414 1
    endloop
  endfacet
  facet normal 0 0 1
    outer loop
      vertex 73 105 1
      vertex 74.4142 104.414 1
      vertex 74.2688 104.546 1
    endloop
  endfacet
  facet normal 0 0 1
    outer loop
      vertex 73 105 1
      vertex 74.2688 104.546 1
      vertex 74.1111 104.663 1
    endloop
  endfacet
  facet normal 0 0 1
    outer loop
      vertex 73 105 1
      vertex 74.1111 104.663 1
      vertex 73.9428 104.764 1
    endloop
  endfacet
  facet normal 0 0 1
    outer loop
      vertex 73 105 1
      vertex 73.9428 104.764 1
      vertex 73.7654 104.848 1
    endloop
  endfacet
  facet normal 0 0 1
    outer loop
      vertex 73 105 1
      vertex 73.7654 104.848 1
      vertex 73.5806 104.914 1
    endloop
  endfacet
  facet normal 0 0 1
    outer loop
      vertex 73 105 1
      vertex 73.5806 104.914 1
      vertex 73.3902 104.962 1
    endloop
  endfacet
  facet normal 0 0 1
    outer loop
      vertex 73 105 1
      vertex 73.3902 104.962 1
      vertex 73.196 104.99 1
    endloop
  endfacet
  facet normal 0 0 1
    outer loop
      vertex 75 103 1
      vertex 73 105 1
      vertex 75 95.5 1
    endloop
  endfacet
  facet normal 0 0 1
    outer loop
      vertex 51.6072 95.5 1
      vertex 73 105 1
      vertex 51.6072 103.657 1
    endloop
  endfacet
  facet normal 0 0 1
    outer loop
      vertex 73 105 1
      vertex 51.6072 95.5 1
      vertex 75 95.5 1
    endloop
  endfacet
  facet normal -0 0 1
    outer loop
      vertex 50.1123 99.8607 1
      vertex 50.185 99.5795 1
      vertex 50.1677 99.8795 1
    endloop
  endfacet
  facet normal -0 0 1
    outer loop
      vertex 50.0576 100.147 1
      vertex 50.1677 99.8795 1
      vertex 50.1528 100.172 1
    endloop
  endfacet
  facet normal 0 0 1
    outer loop
      vertex 50.0576 100.147 1
      vertex 50.1528 100.172 1
      vertex 50.1402 100.458 1
    endloop
  endfacet
  facet normal 0 0 1
    outer loop
      vertex 50.0576 100.147 1
      vertex 50.1402 100.458 1
      vertex 50.1297 100.738 1
    endloop
  endfacet
  facet normal 0 0 1
    outer loop
      vertex 50.0576 100.147 1
      vertex 50.1297 100.738 1
      vertex 50.1214 101.011 1
    endloop
  endfacet
  facet normal 0 0 1
    outer loop
      vertex 50.185 99.5795 1
      vertex 50.1123 99.8607 1
      vertex 50.1628 99.5795 1
    endloop
  endfacet
  facet normal 0 0 1
    outer loop
      vertex 50.0576 100.147 1
      vertex 50.1214 101.011 1
      vertex 50.1151 101.278 1
    endloop
  endfacet
  facet normal 0 0 1
    outer loop
      vertex 50.0576 100.147 1
      vertex 50.1151 101.278 1
      vertex 50.1106 101.54 1
    endloop
  endfacet
  facet normal 0 0 1
    outer loop
      vertex 50.0576 100.147 1
      vertex 50.1106 101.54 1
      vertex 50.1081 101.795 1
    endloop
  endfacet
  facet normal 0 0 1
    outer loop
      vertex 50.0576 100.147 1
      vertex 50.1081 101.795 1
      vertex 50.1072 102.046 1
    endloop
  endfacet
  facet normal 0 0 1
    outer loop
      vertex 50.1677 99.8795 1
      vertex 50.0576 100.147 1
      vertex 50.1123 99.8607 1
    endloop
  endfacet
  facet normal 0 0 1
    outer loop
      vertex 43.0965 95.5 1
      vertex 43.0287 103.657 1
      vertex 43.0287 95.5 1
    endloop
  endfacet
  facet normal -0 0 1
    outer loop
      vertex 37.5961 98.1017 1
      vertex 37.9619 95.5 1
      vertex 37.5961 99.5239 1
    endloop
  endfacet
  facet normal -0 0 1
    outer loop
      vertex 35.0517 98.1017 1
      vertex 37.9619 95.5 1
      vertex 37.5961 98.1017 1
    endloop
  endfacet
  facet normal 0 0 1
    outer loop
      vertex 35.0517 98.1017 1
      vertex 34.6028 95.5 1
      vertex 37.9619 95.5 1
    endloop
  endfacet
  facet normal 0 0 1
    outer loop
      vertex 34.6028 95.5 1
      vertex 35.0517 98.1017 1
      vertex 34.6028 102.146 1
    endloop
  endfacet
  facet normal 0 0 1
    outer loop
      vertex 37.9619 103.657 1
      vertex 35.6251 102.146 1
      vertex 37.5961 99.5239 1
    endloop
  endfacet
  facet normal 0 0 1
    outer loop
      vertex 35.6251 102.146 1
      vertex 35.0517 99.5239 1
      vertex 37.5961 99.5239 1
    endloop
  endfacet
  facet normal 0 0 1
    outer loop
      vertex 35.0517 99.5239 1
      vertex 34.6028 102.146 1
      vertex 35.0517 98.1017 1
    endloop
  endfacet
  facet normal -0 0 1
    outer loop
      vertex 34.6028 102.146 1
      vertex 35.0517 99.5239 1
      vertex 35.6251 102.146 1
    endloop
  endfacet
  facet normal 0 0 1
    outer loop
      vertex 0 2 1
      vertex 75 2 1
      vertex 75 94.5 1
    endloop
  endfacet
  facet normal 0 -0 1
    outer loop
      vertex 73 0 1
      vertex 75 2 1
      vertex 0 2 1
    endloop
  endfacet
  facet normal 0 0 1
    outer loop
      vertex 75 2 1
      vertex 73 0 1
      vertex 74.9904 1.80396 1
    endloop
  endfacet
  facet normal 0 0 1
    outer loop
      vertex 74.9616 1.60982 1
      vertex 73 0 1
      vertex 74.9139 1.41942 1
    endloop
  endfacet
  facet normal 0 0 1
    outer loop
      vertex 74.9139 1.41942 1
      vertex 73 0 1
      vertex 74.8477 1.23462 1
    endloop
  endfacet
  facet normal 0 0 1
    outer loop
      vertex 74.8477 1.23462 1
      vertex 73 0 1
      vertex 74.7638 1.05721 1
    endloop
  endfacet
  facet normal 0 0 1
    outer loop
      vertex 74.7638 1.05721 1
      vertex 73 0 1
      vertex 74.6629 0.888855 1
    endloop
  endfacet
  facet normal 0 0 1
    outer loop
      vertex 74.6629 0.888855 1
      vertex 73 0 1
      vertex 74.546 0.731201 1
    endloop
  endfacet
  facet normal 0 0 1
    outer loop
      vertex 74.546 0.731201 1
      vertex 73 0 1
      vertex 74.4142 0.585785 1
    endloop
  endfacet
  facet normal 0 0 1
    outer loop
      vertex 74.4142 0.585785 1
      vertex 73 0 1
      vertex 74.2688 0.453964 1
    endloop
  endfacet
  facet normal 0 0 1
    outer loop
      vertex 74.2688 0.453964 1
      vertex 73 0 1
      vertex 74.1111 0.337051 1
    endloop
  endfacet
  facet normal 0 0 1
    outer loop
      vertex 74.1111 0.337051 1
      vertex 73 0 1
      vertex 73.9428 0.236145 1
    endloop
  endfacet
  facet normal 0 0 1
    outer loop
      vertex 73.9428 0.236145 1
      vertex 73 0 1
      vertex 73.7654 0.152237 1
    endloop
  endfacet
  facet normal 0 0 1
    outer loop
      vertex 73.7654 0.152237 1
      vertex 73 0 1
      vertex 73.5806 0.0861053 1
    endloop
  endfacet
  facet normal 0 0 1
    outer loop
      vertex 73.5806 0.0861053 1
      vertex 73 0 1
      vertex 73.3902 0.0384216 1
    endloop
  endfacet
  facet normal 0 0 1
    outer loop
      vertex 73.3902 0.0384216 1
      vertex 73 0 1
      vertex 73.196 0.0096283 1
    endloop
  endfacet
  facet normal 0 0 1
    outer loop
      vertex 74.9904 1.80396 1
      vertex 73 0 1
      vertex 74.9616 1.60982 1
    endloop
  endfacet
  facet normal 0 0 1
    outer loop
      vertex 73 0 1
      vertex 0 2 1
      vertex 2 0 1
    endloop
  endfacet
  facet normal 0 0 1
    outer loop
      vertex 2 0 1
      vertex 0 2 1
      vertex 1.80396 0.0096283 1
    endloop
  endfacet
  facet normal 0 0 1
    outer loop
      vertex 1.80396 0.0096283 1
      vertex 0 2 1
      vertex 1.60982 0.0384216 1
    endloop
  endfacet
  facet normal 0 0 1
    outer loop
      vertex 1.60982 0.0384216 1
      vertex 0 2 1
      vertex 1.41942 0.0861053 1
    endloop
  endfacet
  facet normal 0 0 1
    outer loop
      vertex 1.41942 0.0861053 1
      vertex 0 2 1
      vertex 1.23462 0.152237 1
    endloop
  endfacet
  facet normal 0 0 1
    outer loop
      vertex 1.23462 0.152237 1
      vertex 0 2 1
      vertex 1.05721 0.236145 1
    endloop
  endfacet
  facet normal 0 0 1
    outer loop
      vertex 1.05721 0.236145 1
      vertex 0 2 1
      vertex 0.888855 0.337051 1
    endloop
  endfacet
  facet normal 0 0 1
    outer loop
      vertex 0.888855 0.337051 1
      vertex 0 2 1
      vertex 0.731201 0.453964 1
    endloop
  endfacet
  facet normal 0 0 1
    outer loop
      vertex 0.731201 0.453964 1
      vertex 0 2 1
      vertex 0.585785 0.585785 1
    endloop
  endfacet
  facet normal 0 0 1
    outer loop
      vertex 0.585785 0.585785 1
      vertex 0 2 1
      vertex 0.453964 0.731201 1
    endloop
  endfacet
  facet normal 0 0 1
    outer loop
      vertex 0.453964 0.731201 1
      vertex 0 2 1
      vertex 0.337051 0.888855 1
    endloop
  endfacet
  facet normal 0 0 1
    outer loop
      vertex 0.337051 0.888855 1
      vertex 0 2 1
      vertex 0.236145 1.05721 1
    endloop
  endfacet
  facet normal 0 0 1
    outer loop
      vertex 0.236145 1.05721 1
      vertex 0 2 1
      vertex 0.152237 1.23462 1
    endloop
  endfacet
  facet normal 0 0 1
    outer loop
      vertex 0.152237 1.23462 1
      vertex 0 2 1
      vertex 0.0861053 1.41942 1
    endloop
  endfacet
  facet normal 0 0 1
    outer loop
      vertex 0.0861053 1.41942 1
      vertex 0 2 1
      vertex 0.0384216 1.60982 1
    endloop
  endfacet
  facet normal 0 0 1
    outer loop
      vertex 0 2 1
      vertex 75 94.5 1
      vertex 0 94.5 1
    endloop
  endfacet
  facet normal 0 0 1
    outer loop
      vertex 0.0384216 1.60982 1
      vertex 0 2 1
      vertex 0.0096283 1.80396 1
    endloop
  endfacet
  facet normal -0 0 1
    outer loop
      vertex 25.1803 99.5202 1
      vertex 25.5046 99.2973 1
      vertex 25.482 99.5251 1
    endloop
  endfacet
  facet normal 0 0 1
    outer loop
      vertex 25.1803 99.5202 1
      vertex 25.482 99.5251 1
      vertex 25.4602 99.743 1
    endloop
  endfacet
  facet normal -0 0 1
    outer loop
      vertex 25.2231 99.9446 1
      vertex 25.4602 99.743 1
      vertex 25.4395 99.9475 1
    endloop
  endfacet
  facet normal 0 0 1
    outer loop
      vertex 25.5046 99.2973 1
      vertex 25.1803 99.5202 1
      vertex 25.1571 99.2927 1
    endloop
  endfacet
  facet normal -0 0 1
    outer loop
      vertex 25.2425 100.135 1
      vertex 25.4395 99.9475 1
      vertex 25.4202 100.135 1
    endloop
  endfacet
  facet normal 0 0 1
    outer loop
      vertex 25.1331 99.0595 1
      vertex 25.5046 99.2973 1
      vertex 25.1571 99.2927 1
    endloop
  endfacet
  facet normal 0 0 1
    outer loop
      vertex 25.2425 100.135 1
      vertex 25.4202 100.135 1
      vertex 25.4095 100.227 1
    endloop
  endfacet
  facet normal 0 0 1
    outer loop
      vertex 25.2502 100.227 1
      vertex 25.4095 100.227 1
      vertex 25.3995 100.319 1
    endloop
  endfacet
  facet normal 0 0 1
    outer loop
      vertex 25.5046 99.2973 1
      vertex 25.1331 99.0595 1
      vertex 25.5511 98.8263 1
    endloop
  endfacet
  facet normal 0 0 1
    outer loop
      vertex 25.2587 100.319 1
      vertex 25.3995 100.319 1
      vertex 25.3902 100.409 1
    endloop
  endfacet
  facet normal 0 0 1
    outer loop
      vertex 25.3124 100.849 1
      vertex 25.3425 100.935 1
      vertex 25.3202 100.935 1
    endloop
  endfacet
  facet normal 0 0 1
    outer loop
      vertex 25.3425 100.935 1
      vertex 25.3124 100.849 1
      vertex 25.3574 100.763 1
    endloop
  endfacet
  facet normal 0 0 1
    outer loop
      vertex 25.304 100.763 1
      vertex 25.3574 100.763 1
      vertex 25.3124 100.849 1
    endloop
  endfacet
  facet normal 0 0 1
    outer loop
      vertex 25.3574 100.763 1
      vertex 25.304 100.763 1
      vertex 25.3651 100.676 1
    endloop
  endfacet
  facet normal 0 0 1
    outer loop
      vertex 25.2951 100.676 1
      vertex 25.3651 100.676 1
      vertex 25.304 100.763 1
    endloop
  endfacet
  facet normal 0 0 1
    outer loop
      vertex 25.3651 100.676 1
      vertex 25.2951 100.676 1
      vertex 25.373 100.588 1
    endloop
  endfacet
  facet normal 0 0 1
    outer loop
      vertex 25.2767 100.499 1
      vertex 25.373 100.588 1
      vertex 25.2951 100.676 1
    endloop
  endfacet
  facet normal 0 0 1
    outer loop
      vertex 25.373 100.588 1
      vertex 25.2767 100.499 1
      vertex 25.3814 100.499 1
    endloop
  endfacet
  facet normal 0 0 1
    outer loop
      vertex 25.3814 100.499 1
      vertex 25.2767 100.499 1
      vertex 25.3902 100.409 1
    endloop
  endfacet
  facet normal 0 0 1
    outer loop
      vertex 25.2676 100.409 1
      vertex 25.3902 100.409 1
      vertex 25.2767 100.499 1
    endloop
  endfacet
  facet normal 0 0 1
    outer loop
      vertex 25.2587 100.319 1
      vertex 25.3902 100.409 1
      vertex 25.2676 100.409 1
    endloop
  endfacet
  facet normal 0 0 1
    outer loop
      vertex 25.3995 100.319 1
      vertex 25.2587 100.319 1
      vertex 25.2502 100.227 1
    endloop
  endfacet
  facet normal 0 0 1
    outer loop
      vertex 25.4095 100.227 1
      vertex 25.2502 100.227 1
      vertex 25.2425 100.135 1
    endloop
  endfacet
  facet normal 0 0 1
    outer loop
      vertex 25.4395 99.9475 1
      vertex 25.2425 100.135 1
      vertex 25.2231 99.9446 1
    endloop
  endfacet
  facet normal 0 0 1
    outer loop
      vertex 25.4602 99.743 1
      vertex 25.2231 99.9446 1
      vertex 25.1803 99.5202 1
    endloop
  endfacet
  facet normal 0 0 1
    outer loop
      vertex 25.1083 98.8239 1
      vertex 25.5511 98.8263 1
      vertex 25.1331 99.0595 1
    endloop
  endfacet
  facet normal 0 0 1
    outer loop
      vertex 25.5511 98.8263 1
      vertex 25.1083 98.8239 1
      vertex 25.5745 98.5903 1
    endloop
  endfacet
  facet normal 0 0 1
    outer loop
      vertex 25.0829 98.589 1
      vertex 25.5745 98.5903 1
      vertex 25.1083 98.8239 1
    endloop
  endfacet
  facet normal 0 0 1
    outer loop
      vertex 25.5745 98.5903 1
      vertex 25.0829 98.589 1
      vertex 25.5976 98.3587 1
    endloop
  endfacet
  facet normal 0 0 1
    outer loop
      vertex 25.0572 98.3583 1
      vertex 25.5976 98.3587 1
      vertex 25.0829 98.589 1
    endloop
  endfacet
  facet normal 0 0 1
    outer loop
      vertex 25.5976 98.3587 1
      vertex 25.0572 98.3583 1
      vertex 25.6202 98.135 1
    endloop
  endfacet
  facet normal 0 0 1
    outer loop
      vertex 25.6202 98.135 1
      vertex 25.0572 98.3583 1
      vertex 25.0313 98.135 1
    endloop
  endfacet
  facet normal -0 0 1
    outer loop
      vertex 24.9425 96.9684 1
      vertex 25.8576 95.5 1
      vertex 25.698 96.9684 1
    endloop
  endfacet
  facet normal 0 0 1
    outer loop
      vertex 25.8576 95.5 1
      vertex 24.9425 96.9684 1
      vertex 24.7934 95.5 1
    endloop
  endfacet
  facet normal -0 0 1
    outer loop
      vertex 45.1239 99.5202 1
      vertex 45.4481 99.2973 1
      vertex 45.4256 99.5251 1
    endloop
  endfacet
  facet normal 0 0 1
    outer loop
      vertex 45.1239 99.5202 1
      vertex 45.4256 99.5251 1
      vertex 45.4038 99.743 1
    endloop
  endfacet
  facet normal -0 0 1
    outer loop
      vertex 45.1667 99.9446 1
      vertex 45.4038 99.743 1
      vertex 45.3831 99.9475 1
    endloop
  endfacet
  facet normal 0 0 1
    outer loop
      vertex 45.4481 99.2973 1
      vertex 45.1239 99.5202 1
      vertex 45.1007 99.2927 1
    endloop
  endfacet
  facet normal -0 0 1
    outer loop
      vertex 45.186 100.135 1
      vertex 45.3831 99.9475 1
      vertex 45.3638 100.135 1
    endloop
  endfacet
  facet normal 0 0 1
    outer loop
      vertex 45.0766 99.0595 1
      vertex 45.4481 99.2973 1
      vertex 45.1007 99.2927 1
    endloop
  endfacet
  facet normal 0 0 1
    outer loop
      vertex 45.186 100.135 1
      vertex 45.3638 100.135 1
      vertex 45.3531 100.227 1
    endloop
  endfacet
  facet normal 0 0 1
    outer loop
      vertex 45.1938 100.227 1
      vertex 45.3531 100.227 1
      vertex 45.3431 100.319 1
    endloop
  endfacet
  facet normal 0 0 1
    outer loop
      vertex 45.4481 99.2973 1
      vertex 45.0766 99.0595 1
      vertex 45.4947 98.8263 1
    endloop
  endfacet
  facet normal 0 0 1
    outer loop
      vertex 45.2023 100.319 1
      vertex 45.3431 100.319 1
      vertex 45.3338 100.409 1
    endloop
  endfacet
  facet normal 0 0 1
    outer loop
      vertex 45.256 100.849 1
      vertex 45.286 100.935 1
      vertex 45.2638 100.935 1
    endloop
  endfacet
  facet normal 0 0 1
    outer loop
      vertex 45.286 100.935 1
      vertex 45.256 100.849 1
      vertex 45.301 100.763 1
    endloop
  endfacet
  facet normal 0 0 1
    outer loop
      vertex 45.2476 100.763 1
      vertex 45.301 100.763 1
      vertex 45.256 100.849 1
    endloop
  endfacet
  facet normal 0 0 1
    outer loop
      vertex 45.301 100.763 1
      vertex 45.2476 100.763 1
      vertex 45.3087 100.676 1
    endloop
  endfacet
  facet normal 0 0 1
    outer loop
      vertex 45.2387 100.676 1
      vertex 45.3087 100.676 1
      vertex 45.2476 100.763 1
    endloop
  endfacet
  facet normal 0 0 1
    outer loop
      vertex 45.3087 100.676 1
      vertex 45.2387 100.676 1
      vertex 45.3166 100.588 1
    endloop
  endfacet
  facet normal 0 0 1
    outer loop
      vertex 45.2203 100.499 1
      vertex 45.3166 100.588 1
      vertex 45.2387 100.676 1
    endloop
  endfacet
  facet normal 0 0 1
    outer loop
      vertex 45.3166 100.588 1
      vertex 45.2203 100.499 1
      vertex 45.325 100.499 1
    endloop
  endfacet
  facet normal 0 0 1
    outer loop
      vertex 45.325 100.499 1
      vertex 45.2203 100.499 1
      vertex 45.3338 100.409 1
    endloop
  endfacet
  facet normal 0 0 1
    outer loop
      vertex 45.2111 100.409 1
      vertex 45.3338 100.409 1
      vertex 45.2203 100.499 1
    endloop
  endfacet
  facet normal 0 0 1
    outer loop
      vertex 45.2023 100.319 1
      vertex 45.3338 100.409 1
      vertex 45.2111 100.409 1
    endloop
  endfacet
  facet normal 0 0 1
    outer loop
      vertex 45.3431 100.319 1
      vertex 45.2023 100.319 1
      vertex 45.1938 100.227 1
    endloop
  endfacet
  facet normal 0 0 1
    outer loop
      vertex 45.3531 100.227 1
      vertex 45.1938 100.227 1
      vertex 45.186 100.135 1
    endloop
  endfacet
  facet normal 0 0 1
    outer loop
      vertex 45.3831 99.9475 1
      vertex 45.186 100.135 1
      vertex 45.1667 99.9446 1
    endloop
  endfacet
  facet normal 0 0 1
    outer loop
      vertex 45.4038 99.743 1
      vertex 45.1667 99.9446 1
      vertex 45.1239 99.5202 1
    endloop
  endfacet
  facet normal 0 0 1
    outer loop
      vertex 45.0518 98.8239 1
      vertex 45.4947 98.8263 1
      vertex 45.0766 99.0595 1
    endloop
  endfacet
  facet normal 0 0 1
    outer loop
      vertex 45.4947 98.8263 1
      vertex 45.0518 98.8239 1
      vertex 45.5181 98.5903 1
    endloop
  endfacet
  facet normal 0 0 1
    outer loop
      vertex 45.0265 98.589 1
      vertex 45.5181 98.5903 1
      vertex 45.0518 98.8239 1
    endloop
  endfacet
  facet normal 0 0 1
    outer loop
      vertex 45.5181 98.5903 1
      vertex 45.0265 98.589 1
      vertex 45.5412 98.3587 1
    endloop
  endfacet
  facet normal 0 0 1
    outer loop
      vertex 45.0008 98.3583 1
      vertex 45.5412 98.3587 1
      vertex 45.0265 98.589 1
    endloop
  endfacet
  facet normal 0 0 1
    outer loop
      vertex 45.5412 98.3587 1
      vertex 45.0008 98.3583 1
      vertex 45.5638 98.135 1
    endloop
  endfacet
  facet normal 0 0 1
    outer loop
      vertex 45.5638 98.135 1
      vertex 45.0008 98.3583 1
      vertex 44.9749 98.135 1
    endloop
  endfacet
  facet normal -0 0 1
    outer loop
      vertex 44.886 96.9684 1
      vertex 45.8012 95.5 1
      vertex 45.6416 96.9684 1
    endloop
  endfacet
  facet normal 0 0 1
    outer loop
      vertex 45.8012 95.5 1
      vertex 44.886 96.9684 1
      vertex 44.737 95.5 1
    endloop
  endfacet
  facet normal 0 0 1
    outer loop
      vertex 39.562 98.3573 1
      vertex 39.3731 95.5 1
      vertex 39.953 95.5 1
    endloop
  endfacet
  facet normal 0 0 1
    outer loop
      vertex 39.373 98.5908 1
      vertex 39.562 98.3573 1
      vertex 39.5409 98.5181 1
    endloop
  endfacet
  facet normal -0 0 1
    outer loop
      vertex 39.373 98.5908 1
      vertex 39.5409 98.5181 1
      vertex 39.5216 98.678 1
    endloop
  endfacet
  facet normal -0 0 1
    outer loop
      vertex 39.3729 98.8392 1
      vertex 39.5216 98.678 1
      vertex 39.5035 98.8416 1
    endloop
  endfacet
  facet normal 0 0 1
    outer loop
      vertex 39.3729 98.8392 1
      vertex 39.5035 98.8416 1
      vertex 39.486 99.0137 1
    endloop
  endfacet
  facet normal -0 0 1
    outer loop
      vertex 39.3727 99.0852 1
      vertex 39.486 99.0137 1
      vertex 39.4684 99.1991 1
    endloop
  endfacet
  facet normal -0 0 1
    outer loop
      vertex 39.3721 99.3228 1
      vertex 39.4684 99.1991 1
      vertex 39.45 99.4025 1
    endloop
  endfacet
  facet normal -0 0 1
    outer loop
      vertex 39.3712 99.5456 1
      vertex 39.45 99.4025 1
      vertex 39.4303 99.6287 1
    endloop
  endfacet
  facet normal -0 0 1
    outer loop
      vertex 39.3698 99.7478 1
      vertex 39.4303 99.6287 1
      vertex 39.4086 99.8824 1
    endloop
  endfacet
  facet normal -0 0 1
    outer loop
      vertex 39.3652 100.065 1
      vertex 39.4086 99.8824 1
      vertex 39.3842 100.168 1
    endloop
  endfacet
  facet normal 0 0 1
    outer loop
      vertex 39.562 98.3573 1
      vertex 39.373 98.5908 1
      vertex 39.3731 95.5 1
    endloop
  endfacet
  facet normal 0 0 1
    outer loop
      vertex 39.5216 98.678 1
      vertex 39.3729 98.8392 1
      vertex 39.373 98.5908 1
    endloop
  endfacet
  facet normal 0 0 1
    outer loop
      vertex 39.486 99.0137 1
      vertex 39.3727 99.0852 1
      vertex 39.3729 98.8392 1
    endloop
  endfacet
  facet normal 0 0 1
    outer loop
      vertex 39.4684 99.1991 1
      vertex 39.3721 99.3228 1
      vertex 39.3727 99.0852 1
    endloop
  endfacet
  facet normal 0 0 1
    outer loop
      vertex 39.45 99.4025 1
      vertex 39.3712 99.5456 1
      vertex 39.3721 99.3228 1
    endloop
  endfacet
  facet normal 0 0 1
    outer loop
      vertex 39.4303 99.6287 1
      vertex 39.3698 99.7478 1
      vertex 39.3712 99.5456 1
    endloop
  endfacet
  facet normal 0 0 1
    outer loop
      vertex 39.4086 99.8824 1
      vertex 39.3678 99.923 1
      vertex 39.3698 99.7478 1
    endloop
  endfacet
  facet normal 0 0 1
    outer loop
      vertex 39.4086 99.8824 1
      vertex 39.3652 100.065 1
      vertex 39.3678 99.923 1
    endloop
  endfacet
  facet normal 0 -0 1
    outer loop
      vertex 39.3652 100.065 1
      vertex 39.3842 100.168 1
      vertex 39.3619 100.168 1
    endloop
  endfacet
  facet normal 0 0 1
    outer loop
      vertex 49.6884 97.1583 1
      vertex 49.1512 97.1602 1
      vertex 49.1516 96.9461 1
    endloop
  endfacet
  facet normal 0 0 1
    outer loop
      vertex 49.2149 98.859 1
      vertex 49.1495 97.4172 1
      vertex 49.1512 97.1602 1
    endloop
  endfacet
  facet normal 0 0 1
    outer loop
      vertex 49.2149 98.859 1
      vertex 49.1463 97.7054 1
      vertex 49.1495 97.4172 1
    endloop
  endfacet
  facet normal 0 0 1
    outer loop
      vertex 49.2149 98.859 1
      vertex 49.1411 98.0133 1
      vertex 49.1463 97.7054 1
    endloop
  endfacet
  facet normal 0 0 1
    outer loop
      vertex 49.2149 98.859 1
      vertex 49.1337 98.3295 1
      vertex 49.1411 98.0133 1
    endloop
  endfacet
  facet normal 0 0 1
    outer loop
      vertex 49.2149 98.859 1
      vertex 49.1237 98.6424 1
      vertex 49.1337 98.3295 1
    endloop
  endfacet
  facet normal 0 0 1
    outer loop
      vertex 49.2149 98.859 1
      vertex 49.1106 98.9405 1
      vertex 49.1237 98.6424 1
    endloop
  endfacet
  facet normal -0 0 1
    outer loop
      vertex 49.0941 99.2122 1
      vertex 49.1519 99.1496 1
      vertex 49.0961 99.4461 1
    endloop
  endfacet
  facet normal 0 0 1
    outer loop
      vertex 49.1519 99.1496 1
      vertex 49.0941 99.2122 1
      vertex 49.1106 98.9405 1
    endloop
  endfacet
  facet normal 0 -0 1
    outer loop
      vertex 49.0941 99.2122 1
      vertex 49.0961 99.4461 1
      vertex 49.0739 99.4461 1
    endloop
  endfacet
  facet normal -0 0 1
    outer loop
      vertex 49.1516 96.9461 1
      vertex 49.7739 96.8684 1
      vertex 49.6884 97.1583 1
    endloop
  endfacet
  facet normal -0 0 1
    outer loop
      vertex 49.1512 97.1602 1
      vertex 49.6884 97.1583 1
      vertex 49.6032 97.444 1
    endloop
  endfacet
  facet normal 0 0 1
    outer loop
      vertex 49.1512 97.1602 1
      vertex 49.6032 97.444 1
      vertex 49.5191 97.7268 1
    endloop
  endfacet
  facet normal 0 0 1
    outer loop
      vertex 49.1512 97.1602 1
      vertex 49.5191 97.7268 1
      vertex 49.4373 98.0082 1
    endloop
  endfacet
  facet normal -0 0 1
    outer loop
      vertex 49.1106 98.9405 1
      vertex 49.2149 98.859 1
      vertex 49.1519 99.1496 1
    endloop
  endfacet
  facet normal 0 0 1
    outer loop
      vertex 49.1512 97.1602 1
      vertex 49.2842 98.5729 1
      vertex 49.2149 98.859 1
    endloop
  endfacet
  facet normal 0 0 1
    outer loop
      vertex 49.1512 97.1602 1
      vertex 49.3586 98.2898 1
      vertex 49.2842 98.5729 1
    endloop
  endfacet
  facet normal 0 0 1
    outer loop
      vertex 49.1512 97.1602 1
      vertex 49.4373 98.0082 1
      vertex 49.3586 98.2898 1
    endloop
  endfacet
  facet normal 0 0 1
    outer loop
      vertex 49.1516 95.5 1
      vertex 49.7739 96.8684 1
      vertex 49.1516 96.9461 1
    endloop
  endfacet
  facet normal 0 0 1
    outer loop
      vertex 49.7739 96.8684 1
      vertex 49.1516 95.5 1
      vertex 50.1664 95.5 1
    endloop
  endfacet
  facet normal -0 0 1
    outer loop
      vertex 41.3731 100.191 1
      vertex 41.3949 100.026 1
      vertex 41.3953 100.191 1
    endloop
  endfacet
  facet normal 0 0 1
    outer loop
      vertex 41.3949 100.026 1
      vertex 41.3545 99.9594 1
      vertex 41.3939 99.8451 1
    endloop
  endfacet
  facet normal 0 0 1
    outer loop
      vertex 41.3359 99.7332 1
      vertex 41.3939 99.8451 1
      vertex 41.3545 99.9594 1
    endloop
  endfacet
  facet normal 0 0 1
    outer loop
      vertex 41.3939 99.8451 1
      vertex 41.3359 99.7332 1
      vertex 41.3924 99.6506 1
    endloop
  endfacet
  facet normal 0 0 1
    outer loop
      vertex 41.3949 100.026 1
      vertex 41.3731 100.191 1
      vertex 41.3545 99.9594 1
    endloop
  endfacet
  facet normal 0 0 1
    outer loop
      vertex 41.3171 99.5128 1
      vertex 41.3924 99.6506 1
      vertex 41.3359 99.7332 1
    endloop
  endfacet
  facet normal 0 0 1
    outer loop
      vertex 41.3924 99.6506 1
      vertex 41.3171 99.5128 1
      vertex 41.3888 99.2314 1
    endloop
  endfacet
  facet normal -0 0 1
    outer loop
      vertex 41.298 99.2989 1
      vertex 41.3888 99.2314 1
      vertex 41.3171 99.5128 1
    endloop
  endfacet
  facet normal 0 0 1
    outer loop
      vertex 41.2786 99.0925 1
      vertex 41.3888 99.2314 1
      vertex 41.298 99.2989 1
    endloop
  endfacet
  facet normal 0 0 1
    outer loop
      vertex 41.3888 99.2314 1
      vertex 41.2786 99.0925 1
      vertex 41.3871 99.0119 1
    endloop
  endfacet
  facet normal 0 0 1
    outer loop
      vertex 41.2587 98.8943 1
      vertex 41.3871 99.0119 1
      vertex 41.2786 99.0925 1
    endloop
  endfacet
  facet normal 0 0 1
    outer loop
      vertex 41.3871 99.0119 1
      vertex 41.2587 98.8943 1
      vertex 41.3856 98.7895 1
    endloop
  endfacet
  facet normal 0 0 1
    outer loop
      vertex 41.2382 98.7051 1
      vertex 41.3856 98.7895 1
      vertex 41.2587 98.8943 1
    endloop
  endfacet
  facet normal 0 0 1
    outer loop
      vertex 41.3856 98.7895 1
      vertex 41.2382 98.7051 1
      vertex 41.3846 98.5667 1
    endloop
  endfacet
  facet normal 0 0 1
    outer loop
      vertex 41.2171 98.5258 1
      vertex 41.3846 98.5667 1
      vertex 41.2382 98.7051 1
    endloop
  endfacet
  facet normal 0 0 1
    outer loop
      vertex 41.3846 98.5667 1
      vertex 41.2171 98.5258 1
      vertex 41.3842 98.3461 1
    endloop
  endfacet
  facet normal -0 0 1
    outer loop
      vertex 41.1953 98.3573 1
      vertex 41.3842 98.3461 1
      vertex 41.2171 98.5258 1
    endloop
  endfacet
  facet normal 0 0 1
    outer loop
      vertex 41.3842 98.3461 1
      vertex 41.1953 98.3573 1
      vertex 41.3842 95.5 1
    endloop
  endfacet
  facet normal 0 0 1
    outer loop
      vertex 41.3842 95.5 1
      vertex 41.1953 98.3573 1
      vertex 40.8042 95.5 1
    endloop
  endfacet
  facet normal 0 0 1
    outer loop
      vertex 29.7449 97.1583 1
      vertex 29.2076 97.1602 1
      vertex 29.2081 96.9461 1
    endloop
  endfacet
  facet normal 0 0 1
    outer loop
      vertex 29.2713 98.859 1
      vertex 29.2059 97.4172 1
      vertex 29.2076 97.1602 1
    endloop
  endfacet
  facet normal 0 0 1
    outer loop
      vertex 29.2713 98.859 1
      vertex 29.2027 97.7054 1
      vertex 29.2059 97.4172 1
    endloop
  endfacet
  facet normal 0 0 1
    outer loop
      vertex 29.2713 98.859 1
      vertex 29.1976 98.0133 1
      vertex 29.2027 97.7054 1
    endloop
  endfacet
  facet normal 0 0 1
    outer loop
      vertex 29.2713 98.859 1
      vertex 29.1901 98.3295 1
      vertex 29.1976 98.0133 1
    endloop
  endfacet
  facet normal 0 0 1
    outer loop
      vertex 29.2713 98.859 1
      vertex 29.1801 98.6424 1
      vertex 29.1901 98.3295 1
    endloop
  endfacet
  facet normal 0 0 1
    outer loop
      vertex 29.2713 98.859 1
      vertex 29.167 98.9405 1
      vertex 29.1801 98.6424 1
    endloop
  endfacet
  facet normal -0 0 1
    outer loop
      vertex 29.1505 99.2122 1
      vertex 29.2083 99.1496 1
      vertex 29.1525 99.4461 1
    endloop
  endfacet
  facet normal 0 0 1
    outer loop
      vertex 29.2083 99.1496 1
      vertex 29.1505 99.2122 1
      vertex 29.167 98.9405 1
    endloop
  endfacet
  facet normal 0 -0 1
    outer loop
      vertex 29.1505 99.2122 1
      vertex 29.1525 99.4461 1
      vertex 29.1303 99.4461 1
    endloop
  endfacet
  facet normal -0 0 1
    outer loop
      vertex 29.2081 96.9461 1
      vertex 29.8303 96.8684 1
      vertex 29.7449 97.1583 1
    endloop
  endfacet
  facet normal -0 0 1
    outer loop
      vertex 29.2076 97.1602 1
      vertex 29.7449 97.1583 1
      vertex 29.6596 97.444 1
    endloop
  endfacet
  facet normal 0 0 1
    outer loop
      vertex 29.2076 97.1602 1
      vertex 29.6596 97.444 1
      vertex 29.5756 97.7268 1
    endloop
  endfacet
  facet normal 0 0 1
    outer loop
      vertex 29.2076 97.1602 1
      vertex 29.5756 97.7268 1
      vertex 29.4937 98.0082 1
    endloop
  endfacet
  facet normal -0 0 1
    outer loop
      vertex 29.167 98.9405 1
      vertex 29.2713 98.859 1
      vertex 29.2083 99.1496 1
    endloop
  endfacet
  facet normal 0 0 1
    outer loop
      vertex 29.2076 97.1602 1
      vertex 29.3406 98.5729 1
      vertex 29.2713 98.859 1
    endloop
  endfacet
  facet normal 0 0 1
    outer loop
      vertex 29.2076 97.1602 1
      vertex 29.415 98.2898 1
      vertex 29.3406 98.5729 1
    endloop
  endfacet
  facet normal 0 0 1
    outer loop
      vertex 29.2076 97.1602 1
      vertex 29.4937 98.0082 1
      vertex 29.415 98.2898 1
    endloop
  endfacet
  facet normal 0 0 1
    outer loop
      vertex 29.2081 95.5 1
      vertex 29.8303 96.8684 1
      vertex 29.2081 96.9461 1
    endloop
  endfacet
  facet normal 0 0 1
    outer loop
      vertex 29.8303 96.8684 1
      vertex 29.2081 95.5 1
      vertex 30.2228 95.5 1
    endloop
  endfacet
  facet normal 0 0 1
    outer loop
      vertex 27.6209 95.5 1.5
      vertex 25.698 96.9684 1.5
      vertex 25.8576 95.5 1.5
    endloop
  endfacet
  facet normal 0 0 1
    outer loop
      vertex 27.6209 95.5 1.5
      vertex 25.6202 98.135 1.5
      vertex 25.698 96.9684 1.5
    endloop
  endfacet
  facet normal 0 0 1
    outer loop
      vertex 27.6209 95.5 1.5
      vertex 25.5976 98.3587 1.5
      vertex 25.6202 98.135 1.5
    endloop
  endfacet
  facet normal 0 0 1
    outer loop
      vertex 27.6209 95.5 1.5
      vertex 25.5745 98.5903 1.5
      vertex 25.5976 98.3587 1.5
    endloop
  endfacet
  facet normal 0 0 1
    outer loop
      vertex 27.6209 95.5 1.5
      vertex 25.5511 98.8263 1.5
      vertex 25.5745 98.5903 1.5
    endloop
  endfacet
  facet normal 0 0 1
    outer loop
      vertex 27.6209 95.5 1.5
      vertex 25.5046 99.2973 1.5
      vertex 25.5511 98.8263 1.5
    endloop
  endfacet
  facet normal 0 0 1
    outer loop
      vertex 27.6209 95.5 1.5
      vertex 25.482 99.5251 1.5
      vertex 25.5046 99.2973 1.5
    endloop
  endfacet
  facet normal 0 0 1
    outer loop
      vertex 27.6209 95.5 1.5
      vertex 25.4602 99.743 1.5
      vertex 25.482 99.5251 1.5
    endloop
  endfacet
  facet normal 0 0 1
    outer loop
      vertex 26.3091 103.691 1.5
      vertex 25.4395 99.9475 1.5
      vertex 25.4602 99.743 1.5
    endloop
  endfacet
  facet normal 0 0 1
    outer loop
      vertex 26.3091 103.691 1.5
      vertex 25.4202 100.135 1.5
      vertex 25.4395 99.9475 1.5
    endloop
  endfacet
  facet normal 0 0 1
    outer loop
      vertex 26.3091 103.691 1.5
      vertex 25.4095 100.227 1.5
      vertex 25.4202 100.135 1.5
    endloop
  endfacet
  facet normal 0 0 1
    outer loop
      vertex 26.3091 103.691 1.5
      vertex 25.3995 100.319 1.5
      vertex 25.4095 100.227 1.5
    endloop
  endfacet
  facet normal 0 0 1
    outer loop
      vertex 26.3091 103.691 1.5
      vertex 25.3902 100.409 1.5
      vertex 25.3995 100.319 1.5
    endloop
  endfacet
  facet normal 0 0 1
    outer loop
      vertex 26.3091 103.691 1.5
      vertex 25.3814 100.499 1.5
      vertex 25.3902 100.409 1.5
    endloop
  endfacet
  facet normal 0 0 1
    outer loop
      vertex 26.3091 103.691 1.5
      vertex 25.373 100.588 1.5
      vertex 25.3814 100.499 1.5
    endloop
  endfacet
  facet normal 0 0 1
    outer loop
      vertex 26.3091 103.691 1.5
      vertex 25.3651 100.676 1.5
      vertex 25.373 100.588 1.5
    endloop
  endfacet
  facet normal 0 0 1
    outer loop
      vertex 26.3091 103.691 1.5
      vertex 25.3574 100.763 1.5
      vertex 25.3651 100.676 1.5
    endloop
  endfacet
  facet normal 0 0 1
    outer loop
      vertex 26.3091 103.691 1.5
      vertex 25.3425 100.935 1.5
      vertex 25.3574 100.763 1.5
    endloop
  endfacet
  facet normal -0 0 1
    outer loop
      vertex 24.4758 103.691 1.5
      vertex 25.3425 100.935 1.5
      vertex 26.3091 103.691 1.5
    endloop
  endfacet
  facet normal 0 0 1
    outer loop
      vertex 24.4758 103.691 1.5
      vertex 25.3124 100.849 1.5
      vertex 25.3202 100.935 1.5
    endloop
  endfacet
  facet normal 0 0 1
    outer loop
      vertex 25.3124 100.849 1.5
      vertex 24.4758 103.691 1.5
      vertex 25.304 100.763 1.5
    endloop
  endfacet
  facet normal 0 0 1
    outer loop
      vertex 25.304 100.763 1.5
      vertex 24.4758 103.691 1.5
      vertex 25.2951 100.676 1.5
    endloop
  endfacet
  facet normal 0 0 1
    outer loop
      vertex 25.2951 100.676 1.5
      vertex 24.4758 103.691 1.5
      vertex 25.2767 100.499 1.5
    endloop
  endfacet
  facet normal 0 0 1
    outer loop
      vertex 25.2502 100.227 1.5
      vertex 25.2231 99.9446 1.5
      vertex 25.2425 100.135 1.5
    endloop
  endfacet
  facet normal 0 0 1
    outer loop
      vertex 24.4758 103.691 1.5
      vertex 25.2502 100.227 1.5
      vertex 25.2587 100.319 1.5
    endloop
  endfacet
  facet normal 0 0 1
    outer loop
      vertex 25.2502 100.227 1.5
      vertex 24.4758 103.691 1.5
      vertex 25.2231 99.9446 1.5
    endloop
  endfacet
  facet normal 0 0 1
    outer loop
      vertex 24.4758 103.691 1.5
      vertex 25.2587 100.319 1.5
      vertex 25.2676 100.409 1.5
    endloop
  endfacet
  facet normal 0 0 1
    outer loop
      vertex 25.2231 99.9446 1.5
      vertex 24.4758 103.691 1.5
      vertex 25.1803 99.5202 1.5
    endloop
  endfacet
  facet normal 0 0 1
    outer loop
      vertex 25.1803 99.5202 1.5
      vertex 23.153 95.5 1.5
      vertex 25.1571 99.2927 1.5
    endloop
  endfacet
  facet normal 0 0 1
    outer loop
      vertex 25.1571 99.2927 1.5
      vertex 23.153 95.5 1.5
      vertex 25.1331 99.0595 1.5
    endloop
  endfacet
  facet normal 0 0 1
    outer loop
      vertex 25.2767 100.499 1.5
      vertex 24.4758 103.691 1.5
      vertex 25.2676 100.409 1.5
    endloop
  endfacet
  facet normal 0 0 1
    outer loop
      vertex 25.1803 99.5202 1.5
      vertex 24.4758 103.691 1.5
      vertex 23.153 95.5 1.5
    endloop
  endfacet
  facet normal 0 0 1
    outer loop
      vertex 25.1083 98.8239 1.5
      vertex 23.153 95.5 1.5
      vertex 25.0829 98.589 1.5
    endloop
  endfacet
  facet normal 0 0 1
    outer loop
      vertex 25.0829 98.589 1.5
      vertex 23.153 95.5 1.5
      vertex 25.0572 98.3583 1.5
    endloop
  endfacet
  facet normal 0 0 1
    outer loop
      vertex 23.153 95.5 1.5
      vertex 24.9425 96.9684 1.5
      vertex 25.0313 98.135 1.5
    endloop
  endfacet
  facet normal 0 0 1
    outer loop
      vertex 25.0572 98.3583 1.5
      vertex 23.153 95.5 1.5
      vertex 25.0313 98.135 1.5
    endloop
  endfacet
  facet normal 0 0 1
    outer loop
      vertex 25.1331 99.0595 1.5
      vertex 23.153 95.5 1.5
      vertex 25.1083 98.8239 1.5
    endloop
  endfacet
  facet normal 0 0 1
    outer loop
      vertex 25.3425 100.935 1.5
      vertex 24.4758 103.691 1.5
      vertex 25.3202 100.935 1.5
    endloop
  endfacet
  facet normal -0 0 1
    outer loop
      vertex 25.0313 98.135 1.5
      vertex 25.698 96.9684 1.5
      vertex 25.6202 98.135 1.5
    endloop
  endfacet
  facet normal 0 0 1
    outer loop
      vertex 25.698 96.9684 1.5
      vertex 25.0313 98.135 1.5
      vertex 24.9425 96.9684 1.5
    endloop
  endfacet
  facet normal 0 0 1
    outer loop
      vertex 27.7081 95.5 1.5
      vertex 29.2081 96.9461 1.5
      vertex 29.2076 97.1602 1.5
    endloop
  endfacet
  facet normal 0 0 1
    outer loop
      vertex 29.3406 98.5729 1.5
      vertex 30.2414 99.5795 1.5
      vertex 30.2192 99.5795 1.5
    endloop
  endfacet
  facet normal 0 0 1
    outer loop
      vertex 29.1525 99.4461 1.5
      vertex 30.2192 99.5795 1.5
      vertex 30.1687 99.8607 1.5
    endloop
  endfacet
  facet normal 0 0 1
    outer loop
      vertex 29.1525 99.4461 1.5
      vertex 30.1687 99.8607 1.5
      vertex 30.114 100.147 1.5
    endloop
  endfacet
  facet normal 0 0 1
    outer loop
      vertex 29.1525 99.4461 1.5
      vertex 30.114 100.147 1.5
      vertex 30.0558 100.438 1.5
    endloop
  endfacet
  facet normal 0 0 1
    outer loop
      vertex 29.1303 99.4461 1.5
      vertex 30.0558 100.438 1.5
      vertex 29.9949 100.73 1.5
    endloop
  endfacet
  facet normal 0 0 1
    outer loop
      vertex 29.1303 99.4461 1.5
      vertex 29.9949 100.73 1.5
      vertex 29.932 101.023 1.5
    endloop
  endfacet
  facet normal 0 0 1
    outer loop
      vertex 29.1303 99.4461 1.5
      vertex 29.932 101.023 1.5
      vertex 29.8678 101.314 1.5
    endloop
  endfacet
  facet normal 0 0 1
    outer loop
      vertex 30.2414 99.5795 1.5
      vertex 29.8303 96.8684 1.5
      vertex 30.2228 95.5 1.5
    endloop
  endfacet
  facet normal 0 0 1
    outer loop
      vertex 29.1303 99.4461 1.5
      vertex 29.8678 101.314 1.5
      vertex 29.803 101.601 1.5
    endloop
  endfacet
  facet normal 0 0 1
    outer loop
      vertex 30.2414 99.5795 1.5
      vertex 29.7449 97.1583 1.5
      vertex 29.8303 96.8684 1.5
    endloop
  endfacet
  facet normal 0 0 1
    outer loop
      vertex 29.1303 99.4461 1.5
      vertex 29.803 101.601 1.5
      vertex 29.7384 101.883 1.5
    endloop
  endfacet
  facet normal 0 0 1
    outer loop
      vertex 27.7081 103.657 1.5
      vertex 29.7384 101.883 1.5
      vertex 29.6748 102.157 1.5
    endloop
  endfacet
  facet normal 0 0 1
    outer loop
      vertex 30.2414 99.5795 1.5
      vertex 29.6596 97.444 1.5
      vertex 29.7449 97.1583 1.5
    endloop
  endfacet
  facet normal 0 0 1
    outer loop
      vertex 30.2414 99.5795 1.5
      vertex 29.5756 97.7268 1.5
      vertex 29.6596 97.444 1.5
    endloop
  endfacet
  facet normal 0 0 1
    outer loop
      vertex 30.2414 99.5795 1.5
      vertex 29.4937 98.0082 1.5
      vertex 29.5756 97.7268 1.5
    endloop
  endfacet
  facet normal 0 0 1
    outer loop
      vertex 30.2414 99.5795 1.5
      vertex 29.415 98.2898 1.5
      vertex 29.4937 98.0082 1.5
    endloop
  endfacet
  facet normal 0 0 1
    outer loop
      vertex 30.2414 99.5795 1.5
      vertex 29.3406 98.5729 1.5
      vertex 29.415 98.2898 1.5
    endloop
  endfacet
  facet normal -0 0 1
    outer loop
      vertex 27.7081 103.657 1.5
      vertex 29.6748 102.157 1.5
      vertex 29.3303 103.657 1.5
    endloop
  endfacet
  facet normal 0 0 1
    outer loop
      vertex 30.2192 99.5795 1.5
      vertex 29.2713 98.859 1.5
      vertex 29.3406 98.5729 1.5
    endloop
  endfacet
  facet normal 0 0 1
    outer loop
      vertex 30.2192 99.5795 1.5
      vertex 29.2083 99.1496 1.5
      vertex 29.2713 98.859 1.5
    endloop
  endfacet
  facet normal 0 0 1
    outer loop
      vertex 30.2192 99.5795 1.5
      vertex 29.1525 99.4461 1.5
      vertex 29.2083 99.1496 1.5
    endloop
  endfacet
  facet normal 0 0 1
    outer loop
      vertex 30.0558 100.438 1.5
      vertex 29.1303 99.4461 1.5
      vertex 29.1525 99.4461 1.5
    endloop
  endfacet
  facet normal 0 0 1
    outer loop
      vertex 29.7384 101.883 1.5
      vertex 27.7081 103.657 1.5
      vertex 29.1303 99.4461 1.5
    endloop
  endfacet
  facet normal 0 0 1
    outer loop
      vertex 31.6637 103.657 1.5
      vertex 30.2414 99.5795 1.5
      vertex 31.6637 95.5 1.5
    endloop
  endfacet
  facet normal 0 0 1
    outer loop
      vertex 31.6637 103.657 1.5
      vertex 30.2241 99.8795 1.5
      vertex 30.2414 99.5795 1.5
    endloop
  endfacet
  facet normal 0 0 1
    outer loop
      vertex 31.6637 103.657 1.5
      vertex 30.2092 100.172 1.5
      vertex 30.2241 99.8795 1.5
    endloop
  endfacet
  facet normal 0 0 1
    outer loop
      vertex 31.6637 103.657 1.5
      vertex 30.1966 100.458 1.5
      vertex 30.2092 100.172 1.5
    endloop
  endfacet
  facet normal 0 0 1
    outer loop
      vertex 31.6637 103.657 1.5
      vertex 30.1861 100.738 1.5
      vertex 30.1966 100.458 1.5
    endloop
  endfacet
  facet normal 0 0 1
    outer loop
      vertex 31.6637 103.657 1.5
      vertex 30.1778 101.011 1.5
      vertex 30.1861 100.738 1.5
    endloop
  endfacet
  facet normal 0 0 1
    outer loop
      vertex 31.6637 103.657 1.5
      vertex 30.1715 101.278 1.5
      vertex 30.1778 101.011 1.5
    endloop
  endfacet
  facet normal 0 0 1
    outer loop
      vertex 31.6637 103.657 1.5
      vertex 30.1671 101.54 1.5
      vertex 30.1715 101.278 1.5
    endloop
  endfacet
  facet normal 0 0 1
    outer loop
      vertex 31.6637 103.657 1.5
      vertex 30.1645 101.795 1.5
      vertex 30.1671 101.54 1.5
    endloop
  endfacet
  facet normal 0 0 1
    outer loop
      vertex 30.1637 102.046 1.5
      vertex 31.6637 103.657 1.5
      vertex 30.1637 103.657 1.5
    endloop
  endfacet
  facet normal 0 0 1
    outer loop
      vertex 31.6637 103.657 1.5
      vertex 30.1637 102.046 1.5
      vertex 30.1645 101.795 1.5
    endloop
  endfacet
  facet normal 0 0 1
    outer loop
      vertex 35.6251 103.657 1.5
      vertex 34.6028 102.146 1.5
      vertex 35.6251 102.146 1.5
    endloop
  endfacet
  facet normal 0 0 1
    outer loop
      vertex 34.6028 102.146 1.5
      vertex 32.8473 102.146 1.5
      vertex 34.6028 95.5 1.5
    endloop
  endfacet
  facet normal 0 0 1
    outer loop
      vertex 35.6251 103.657 1.5
      vertex 32.8473 102.146 1.5
      vertex 34.6028 102.146 1.5
    endloop
  endfacet
  facet normal -0 0 1
    outer loop
      vertex 31.8251 103.657 1.5
      vertex 32.8473 102.146 1.5
      vertex 35.6251 103.657 1.5
    endloop
  endfacet
  facet normal 0 0 1
    outer loop
      vertex 32.8473 102.146 1.5
      vertex 31.8251 103.657 1.5
      vertex 31.8251 102.146 1.5
    endloop
  endfacet
  facet normal 0 0 1
    outer loop
      vertex 41.1953 98.3573 1.5
      vertex 39.562 98.3573 1.5
      vertex 39.953 95.5 1.5
    endloop
  endfacet
  facet normal 0 0 1
    outer loop
      vertex 40.4953 99.2795 1.5
      vertex 39.5409 98.5181 1.5
      vertex 39.562 98.3573 1.5
    endloop
  endfacet
  facet normal 0 0 1
    outer loop
      vertex 40.4953 99.2795 1.5
      vertex 39.5216 98.678 1.5
      vertex 39.5409 98.5181 1.5
    endloop
  endfacet
  facet normal 0 0 1
    outer loop
      vertex 40.4953 99.2795 1.5
      vertex 39.5035 98.8416 1.5
      vertex 39.5216 98.678 1.5
    endloop
  endfacet
  facet normal 0 0 1
    outer loop
      vertex 40.4953 99.2795 1.5
      vertex 39.486 99.0137 1.5
      vertex 39.5035 98.8416 1.5
    endloop
  endfacet
  facet normal 0 0 1
    outer loop
      vertex 40.4953 99.2795 1.5
      vertex 39.4684 99.1991 1.5
      vertex 39.486 99.0137 1.5
    endloop
  endfacet
  facet normal 0 0 1
    outer loop
      vertex 40.4953 99.2795 1.5
      vertex 39.45 99.4025 1.5
      vertex 39.4684 99.1991 1.5
    endloop
  endfacet
  facet normal 0 0 1
    outer loop
      vertex 40.4953 99.2795 1.5
      vertex 39.4303 99.6287 1.5
      vertex 39.45 99.4025 1.5
    endloop
  endfacet
  facet normal 0 0 1
    outer loop
      vertex 40.4953 99.2795 1.5
      vertex 39.4086 99.8824 1.5
      vertex 39.4303 99.6287 1.5
    endloop
  endfacet
  facet normal 0 0 1
    outer loop
      vertex 40.4953 99.2795 1.5
      vertex 39.3842 100.168 1.5
      vertex 39.4086 99.8824 1.5
    endloop
  endfacet
  facet normal 0 0 1
    outer loop
      vertex 40.0287 103.657 1.5
      vertex 39.3619 100.168 1.5
      vertex 39.3842 100.168 1.5
    endloop
  endfacet
  facet normal 0 -0 1
    outer loop
      vertex 39.3619 100.168 1.5
      vertex 40.0287 103.657 1.5
      vertex 37.9619 103.657 1.5
    endloop
  endfacet
  facet normal 0 0 1
    outer loop
      vertex 41.3949 100.026 1.5
      vertex 43.0287 103.657 1.5
      vertex 41.3953 100.191 1.5
    endloop
  endfacet
  facet normal -0 0 1
    outer loop
      vertex 40.9731 103.657 1.5
      vertex 41.3953 100.191 1.5
      vertex 43.0287 103.657 1.5
    endloop
  endfacet
  facet normal 0 0 1
    outer loop
      vertex 40.5064 99.2795 1.5
      vertex 41.3545 99.9594 1.5
      vertex 41.3731 100.191 1.5
    endloop
  endfacet
  facet normal 0 0 1
    outer loop
      vertex 41.3545 99.9594 1.5
      vertex 40.5064 99.2795 1.5
      vertex 41.3359 99.7332 1.5
    endloop
  endfacet
  facet normal 0 0 1
    outer loop
      vertex 41.3359 99.7332 1.5
      vertex 40.5064 99.2795 1.5
      vertex 41.3171 99.5128 1.5
    endloop
  endfacet
  facet normal 0 0 1
    outer loop
      vertex 41.3171 99.5128 1.5
      vertex 40.5064 99.2795 1.5
      vertex 41.298 99.2989 1.5
    endloop
  endfacet
  facet normal 0 0 1
    outer loop
      vertex 41.298 99.2989 1.5
      vertex 40.5064 99.2795 1.5
      vertex 41.2786 99.0925 1.5
    endloop
  endfacet
  facet normal 0 0 1
    outer loop
      vertex 41.2786 99.0925 1.5
      vertex 40.5064 99.2795 1.5
      vertex 41.2587 98.8943 1.5
    endloop
  endfacet
  facet normal 0 0 1
    outer loop
      vertex 41.2587 98.8943 1.5
      vertex 40.5064 99.2795 1.5
      vertex 41.2382 98.7051 1.5
    endloop
  endfacet
  facet normal 0 0 1
    outer loop
      vertex 41.2382 98.7051 1.5
      vertex 40.5064 99.2795 1.5
      vertex 41.2171 98.5258 1.5
    endloop
  endfacet
  facet normal 0 0 1
    outer loop
      vertex 41.3953 100.191 1.5
      vertex 40.9731 103.657 1.5
      vertex 41.3731 100.191 1.5
    endloop
  endfacet
  facet normal 0 0 1
    outer loop
      vertex 40.5064 99.2795 1.5
      vertex 41.3731 100.191 1.5
      vertex 40.9731 103.657 1.5
    endloop
  endfacet
  facet normal -0 0 1
    outer loop
      vertex 40.4953 99.2795 1.5
      vertex 41.2171 98.5258 1.5
      vertex 40.5064 99.2795 1.5
    endloop
  endfacet
  facet normal 0 0 1
    outer loop
      vertex 41.2171 98.5258 1.5
      vertex 40.4953 99.2795 1.5
      vertex 41.1953 98.3573 1.5
    endloop
  endfacet
  facet normal 0 0 1
    outer loop
      vertex 47.5645 95.5 1.5
      vertex 45.6416 96.9684 1.5
      vertex 45.8012 95.5 1.5
    endloop
  endfacet
  facet normal 0 0 1
    outer loop
      vertex 47.5645 95.5 1.5
      vertex 45.5638 98.135 1.5
      vertex 45.6416 96.9684 1.5
    endloop
  endfacet
  facet normal 0 0 1
    outer loop
      vertex 47.5645 95.5 1.5
      vertex 45.5412 98.3587 1.5
      vertex 45.5638 98.135 1.5
    endloop
  endfacet
  facet normal 0 0 1
    outer loop
      vertex 47.5645 95.5 1.5
      vertex 45.5181 98.5903 1.5
      vertex 45.5412 98.3587 1.5
    endloop
  endfacet
  facet normal 0 0 1
    outer loop
      vertex 47.5645 95.5 1.5
      vertex 45.4947 98.8263 1.5
      vertex 45.5181 98.5903 1.5
    endloop
  endfacet
  facet normal 0 0 1
    outer loop
      vertex 47.5645 95.5 1.5
      vertex 45.4481 99.2973 1.5
      vertex 45.4947 98.8263 1.5
    endloop
  endfacet
  facet normal 0 0 1
    outer loop
      vertex 47.5645 95.5 1.5
      vertex 45.4256 99.5251 1.5
      vertex 45.4481 99.2973 1.5
    endloop
  endfacet
  facet normal 0 0 1
    outer loop
      vertex 47.5645 95.5 1.5
      vertex 45.4038 99.743 1.5
      vertex 45.4256 99.5251 1.5
    endloop
  endfacet
  facet normal 0 0 1
    outer loop
      vertex 46.2527 103.691 1.5
      vertex 45.3831 99.9475 1.5
      vertex 45.4038 99.743 1.5
    endloop
  endfacet
  facet normal 0 0 1
    outer loop
      vertex 46.2527 103.691 1.5
      vertex 45.3638 100.135 1.5
      vertex 45.3831 99.9475 1.5
    endloop
  endfacet
  facet normal 0 0 1
    outer loop
      vertex 46.2527 103.691 1.5
      vertex 45.3531 100.227 1.5
      vertex 45.3638 100.135 1.5
    endloop
  endfacet
  facet normal 0 0 1
    outer loop
      vertex 46.2527 103.691 1.5
      vertex 45.3431 100.319 1.5
      vertex 45.3531 100.227 1.5
    endloop
  endfacet
  facet normal 0 0 1
    outer loop
      vertex 46.2527 103.691 1.5
      vertex 45.3338 100.409 1.5
      vertex 45.3431 100.319 1.5
    endloop
  endfacet
  facet normal 0 0 1
    outer loop
      vertex 46.2527 103.691 1.5
      vertex 45.325 100.499 1.5
      vertex 45.3338 100.409 1.5
    endloop
  endfacet
  facet normal 0 0 1
    outer loop
      vertex 46.2527 103.691 1.5
      vertex 45.3166 100.588 1.5
      vertex 45.325 100.499 1.5
    endloop
  endfacet
  facet normal 0 0 1
    outer loop
      vertex 46.2527 103.691 1.5
      vertex 45.3087 100.676 1.5
      vertex 45.3166 100.588 1.5
    endloop
  endfacet
  facet normal 0 0 1
    outer loop
      vertex 46.2527 103.691 1.5
      vertex 45.301 100.763 1.5
      vertex 45.3087 100.676 1.5
    endloop
  endfacet
  facet normal 0 0 1
    outer loop
      vertex 46.2527 103.691 1.5
      vertex 45.286 100.935 1.5
      vertex 45.301 100.763 1.5
    endloop
  endfacet
  facet normal -0 0 1
    outer loop
      vertex 44.4194 103.691 1.5
      vertex 45.286 100.935 1.5
      vertex 46.2527 103.691 1.5
    endloop
  endfacet
  facet normal 0 0 1
    outer loop
      vertex 44.4194 103.691 1.5
      vertex 45.256 100.849 1.5
      vertex 45.2638 100.935 1.5
    endloop
  endfacet
  facet normal 0 0 1
    outer loop
      vertex 45.256 100.849 1.5
      vertex 44.4194 103.691 1.5
      vertex 45.2476 100.763 1.5
    endloop
  endfacet
  facet normal 0 0 1
    outer loop
      vertex 45.2476 100.763 1.5
      vertex 44.4194 103.691 1.5
      vertex 45.2387 100.676 1.5
    endloop
  endfacet
  facet normal 0 0 1
    outer loop
      vertex 45.2387 100.676 1.5
      vertex 44.4194 103.691 1.5
      vertex 45.2203 100.499 1.5
    endloop
  endfacet
  facet normal 0 0 1
    outer loop
      vertex 45.1938 100.227 1.5
      vertex 45.1667 99.9446 1.5
      vertex 45.186 100.135 1.5
    endloop
  endfacet
  facet normal 0 0 1
    outer loop
      vertex 44.4194 103.691 1.5
      vertex 45.1938 100.227 1.5
      vertex 45.2023 100.319 1.5
    endloop
  endfacet
  facet normal 0 0 1
    outer loop
      vertex 45.1938 100.227 1.5
      vertex 44.4194 103.691 1.5
      vertex 45.1667 99.9446 1.5
    endloop
  endfacet
  facet normal 0 0 1
    outer loop
      vertex 44.4194 103.691 1.5
      vertex 45.2023 100.319 1.5
      vertex 45.2111 100.409 1.5
    endloop
  endfacet
  facet normal 0 0 1
    outer loop
      vertex 45.1667 99.9446 1.5
      vertex 44.4194 103.691 1.5
      vertex 45.1239 99.5202 1.5
    endloop
  endfacet
  facet normal 0 0 1
    outer loop
      vertex 45.1239 99.5202 1.5
      vertex 43.0965 95.5 1.5
      vertex 45.1007 99.2927 1.5
    endloop
  endfacet
  facet normal 0 0 1
    outer loop
      vertex 45.1007 99.2927 1.5
      vertex 43.0965 95.5 1.5
      vertex 45.0766 99.0595 1.5
    endloop
  endfacet
  facet normal 0 0 1
    outer loop
      vertex 45.2203 100.499 1.5
      vertex 44.4194 103.691 1.5
      vertex 45.2111 100.409 1.5
    endloop
  endfacet
  facet normal 0 0 1
    outer loop
      vertex 45.1239 99.5202 1.5
      vertex 44.4194 103.691 1.5
      vertex 43.0965 95.5 1.5
    endloop
  endfacet
  facet normal 0 0 1
    outer loop
      vertex 45.0518 98.8239 1.5
      vertex 43.0965 95.5 1.5
      vertex 45.0265 98.589 1.5
    endloop
  endfacet
  facet normal 0 0 1
    outer loop
      vertex 45.0265 98.589 1.5
      vertex 43.0965 95.5 1.5
      vertex 45.0008 98.3583 1.5
    endloop
  endfacet
  facet normal 0 0 1
    outer loop
      vertex 43.0965 95.5 1.5
      vertex 44.886 96.9684 1.5
      vertex 44.9749 98.135 1.5
    endloop
  endfacet
  facet normal 0 0 1
    outer loop
      vertex 45.0008 98.3583 1.5
      vertex 43.0965 95.5 1.5
      vertex 44.9749 98.135 1.5
    endloop
  endfacet
  facet normal 0 0 1
    outer loop
      vertex 45.0766 99.0595 1.5
      vertex 43.0965 95.5 1.5
      vertex 45.0518 98.8239 1.5
    endloop
  endfacet
  facet normal 0 0 1
    outer loop
      vertex 45.286 100.935 1.5
      vertex 44.4194 103.691 1.5
      vertex 45.2638 100.935 1.5
    endloop
  endfacet
  facet normal -0 0 1
    outer loop
      vertex 44.9749 98.135 1.5
      vertex 45.6416 96.9684 1.5
      vertex 45.5638 98.135 1.5
    endloop
  endfacet
  facet normal 0 0 1
    outer loop
      vertex 45.6416 96.9684 1.5
      vertex 44.9749 98.135 1.5
      vertex 44.886 96.9684 1.5
    endloop
  endfacet
  facet normal 0 0 1
    outer loop
      vertex 47.6516 95.5 1.5
      vertex 49.1516 96.9461 1.5
      vertex 49.1512 97.1602 1.5
    endloop
  endfacet
  facet normal 0 0 1
    outer loop
      vertex 49.2842 98.5729 1.5
      vertex 50.185 99.5795 1.5
      vertex 50.1628 99.5795 1.5
    endloop
  endfacet
  facet normal 0 0 1
    outer loop
      vertex 49.0961 99.4461 1.5
      vertex 50.1628 99.5795 1.5
      vertex 50.1123 99.8607 1.5
    endloop
  endfacet
  facet normal 0 0 1
    outer loop
      vertex 49.0961 99.4461 1.5
      vertex 50.1123 99.8607 1.5
      vertex 50.0576 100.147 1.5
    endloop
  endfacet
  facet normal 0 0 1
    outer loop
      vertex 49.0961 99.4461 1.5
      vertex 50.0576 100.147 1.5
      vertex 49.9994 100.438 1.5
    endloop
  endfacet
  facet normal 0 0 1
    outer loop
      vertex 49.0739 99.4461 1.5
      vertex 49.9994 100.438 1.5
      vertex 49.9385 100.73 1.5
    endloop
  endfacet
  facet normal 0 0 1
    outer loop
      vertex 49.0739 99.4461 1.5
      vertex 49.9385 100.73 1.5
      vertex 49.8756 101.023 1.5
    endloop
  endfacet
  facet normal 0 0 1
    outer loop
      vertex 49.0739 99.4461 1.5
      vertex 49.8756 101.023 1.5
      vertex 49.8114 101.314 1.5
    endloop
  endfacet
  facet normal 0 0 1
    outer loop
      vertex 50.185 99.5795 1.5
      vertex 49.7739 96.8684 1.5
      vertex 50.1664 95.5 1.5
    endloop
  endfacet
  facet normal 0 0 1
    outer loop
      vertex 49.0739 99.4461 1.5
      vertex 49.8114 101.314 1.5
      vertex 49.7466 101.601 1.5
    endloop
  endfacet
  facet normal 0 0 1
    outer loop
      vertex 50.185 99.5795 1.5
      vertex 49.6884 97.1583 1.5
      vertex 49.7739 96.8684 1.5
    endloop
  endfacet
  facet normal 0 0 1
    outer loop
      vertex 49.0739 99.4461 1.5
      vertex 49.7466 101.601 1.5
      vertex 49.682 101.883 1.5
    endloop
  endfacet
  facet normal 0 0 1
    outer loop
      vertex 47.6516 103.657 1.5
      vertex 49.682 101.883 1.5
      vertex 49.6183 102.157 1.5
    endloop
  endfacet
  facet normal 0 0 1
    outer loop
      vertex 50.185 99.5795 1.5
      vertex 49.6032 97.444 1.5
      vertex 49.6884 97.1583 1.5
    endloop
  endfacet
  facet normal 0 0 1
    outer loop
      vertex 50.185 99.5795 1.5
      vertex 49.5191 97.7268 1.5
      vertex 49.6032 97.444 1.5
    endloop
  endfacet
  facet normal 0 0 1
    outer loop
      vertex 50.185 99.5795 1.5
      vertex 49.4373 98.0082 1.5
      vertex 49.5191 97.7268 1.5
    endloop
  endfacet
  facet normal 0 0 1
    outer loop
      vertex 50.185 99.5795 1.5
      vertex 49.3586 98.2898 1.5
      vertex 49.4373 98.0082 1.5
    endloop
  endfacet
  facet normal 0 0 1
    outer loop
      vertex 50.185 99.5795 1.5
      vertex 49.2842 98.5729 1.5
      vertex 49.3586 98.2898 1.5
    endloop
  endfacet
  facet normal -0 0 1
    outer loop
      vertex 47.6516 103.657 1.5
      vertex 49.6183 102.157 1.5
      vertex 49.2739 103.657 1.5
    endloop
  endfacet
  facet normal 0 0 1
    outer loop
      vertex 50.1628 99.5795 1.5
      vertex 49.2149 98.859 1.5
      vertex 49.2842 98.5729 1.5
    endloop
  endfacet
  facet normal 0 0 1
    outer loop
      vertex 50.1628 99.5795 1.5
      vertex 49.1519 99.1496 1.5
      vertex 49.2149 98.859 1.5
    endloop
  endfacet
  facet normal 0 0 1
    outer loop
      vertex 50.1628 99.5795 1.5
      vertex 49.0961 99.4461 1.5
      vertex 49.1519 99.1496 1.5
    endloop
  endfacet
  facet normal 0 0 1
    outer loop
      vertex 49.9994 100.438 1.5
      vertex 49.0739 99.4461 1.5
      vertex 49.0961 99.4461 1.5
    endloop
  endfacet
  facet normal 0 0 1
    outer loop
      vertex 49.682 101.883 1.5
      vertex 47.6516 103.657 1.5
      vertex 49.0739 99.4461 1.5
    endloop
  endfacet
  facet normal 0 0 1
    outer loop
      vertex 51.6072 103.657 1.5
      vertex 50.185 99.5795 1.5
      vertex 51.6072 95.5 1.5
    endloop
  endfacet
  facet normal 0 0 1
    outer loop
      vertex 51.6072 103.657 1.5
      vertex 50.1677 99.8795 1.5
      vertex 50.185 99.5795 1.5
    endloop
  endfacet
  facet normal 0 0 1
    outer loop
      vertex 51.6072 103.657 1.5
      vertex 50.1528 100.172 1.5
      vertex 50.1677 99.8795 1.5
    endloop
  endfacet
  facet normal 0 0 1
    outer loop
      vertex 51.6072 103.657 1.5
      vertex 50.1402 100.458 1.5
      vertex 50.1528 100.172 1.5
    endloop
  endfacet
  facet normal 0 0 1
    outer loop
      vertex 51.6072 103.657 1.5
      vertex 50.1297 100.738 1.5
      vertex 50.1402 100.458 1.5
    endloop
  endfacet
  facet normal 0 0 1
    outer loop
      vertex 51.6072 103.657 1.5
      vertex 50.1214 101.011 1.5
      vertex 50.1297 100.738 1.5
    endloop
  endfacet
  facet normal 0 0 1
    outer loop
      vertex 51.6072 103.657 1.5
      vertex 50.1151 101.278 1.5
      vertex 50.1214 101.011 1.5
    endloop
  endfacet
  facet normal 0 0 1
    outer loop
      vertex 51.6072 103.657 1.5
      vertex 50.1106 101.54 1.5
      vertex 50.1151 101.278 1.5
    endloop
  endfacet
  facet normal 0 0 1
    outer loop
      vertex 51.6072 103.657 1.5
      vertex 50.1081 101.795 1.5
      vertex 50.1106 101.54 1.5
    endloop
  endfacet
  facet normal 0 0 1
    outer loop
      vertex 50.1072 102.046 1.5
      vertex 51.6072 103.657 1.5
      vertex 50.1072 103.657 1.5
    endloop
  endfacet
  facet normal 0 0 1
    outer loop
      vertex 51.6072 103.657 1.5
      vertex 50.1072 102.046 1.5
      vertex 50.1081 101.795 1.5
    endloop
  endfacet
  facet normal -0 0 1
    outer loop
      vertex 51.6072 95.5 1.5
      vertex 75 94.5 1.5
      vertex 75 95.5 1.5
    endloop
  endfacet
  facet normal 0 0 1
    outer loop
      vertex 50.1664 95.5 1.5
      vertex 51.6072 95.5 1.5
      vertex 50.185 99.5795 1.5
    endloop
  endfacet
  facet normal -0 0 1
    outer loop
      vertex 50.1664 95.5 1.5
      vertex 75 94.5 1.5
      vertex 51.6072 95.5 1.5
    endloop
  endfacet
  facet normal -0 0 1
    outer loop
      vertex 49.1516 95.5 1.5
      vertex 75 94.5 1.5
      vertex 50.1664 95.5 1.5
    endloop
  endfacet
  facet normal 0 0 1
    outer loop
      vertex 47.6516 95.5 1.5
      vertex 49.1512 97.1602 1.5
      vertex 49.1495 97.4172 1.5
    endloop
  endfacet
  facet normal 0 0 1
    outer loop
      vertex 47.6516 95.5 1.5
      vertex 49.1495 97.4172 1.5
      vertex 49.1463 97.7054 1.5
    endloop
  endfacet
  facet normal 0 0 1
    outer loop
      vertex 47.6516 95.5 1.5
      vertex 49.1463 97.7054 1.5
      vertex 49.1411 98.0133 1.5
    endloop
  endfacet
  facet normal 0 0 1
    outer loop
      vertex 47.6516 95.5 1.5
      vertex 49.1411 98.0133 1.5
      vertex 49.1337 98.3295 1.5
    endloop
  endfacet
  facet normal 0 0 1
    outer loop
      vertex 47.6516 95.5 1.5
      vertex 49.1337 98.3295 1.5
      vertex 49.1237 98.6424 1.5
    endloop
  endfacet
  facet normal 0 0 1
    outer loop
      vertex 47.6516 95.5 1.5
      vertex 49.1237 98.6424 1.5
      vertex 49.1106 98.9405 1.5
    endloop
  endfacet
  facet normal 0 0 1
    outer loop
      vertex 47.6516 95.5 1.5
      vertex 49.1106 98.9405 1.5
      vertex 49.0941 99.2122 1.5
    endloop
  endfacet
  facet normal 0 0 1
    outer loop
      vertex 47.6516 95.5 1.5
      vertex 49.0941 99.2122 1.5
      vertex 49.0739 99.4461 1.5
    endloop
  endfacet
  facet normal 0 0 1
    outer loop
      vertex 47.6516 95.5 1.5
      vertex 49.0739 99.4461 1.5
      vertex 47.6516 103.657 1.5
    endloop
  endfacet
  facet normal 0 0 1
    outer loop
      vertex 49.1516 96.9461 1.5
      vertex 47.6516 95.5 1.5
      vertex 49.1516 95.5 1.5
    endloop
  endfacet
  facet normal -0 0 1
    outer loop
      vertex 47.6516 95.5 1.5
      vertex 75 94.5 1.5
      vertex 49.1516 95.5 1.5
    endloop
  endfacet
  facet normal -0 0 1
    outer loop
      vertex 47.5645 95.5 1.5
      vertex 75 94.5 1.5
      vertex 47.6516 95.5 1.5
    endloop
  endfacet
  facet normal -0 0 1
    outer loop
      vertex 45.4038 99.743 1.5
      vertex 47.5645 95.5 1.5
      vertex 46.2527 103.691 1.5
    endloop
  endfacet
  facet normal -0 0 1
    outer loop
      vertex 45.8012 95.5 1.5
      vertex 75 94.5 1.5
      vertex 47.5645 95.5 1.5
    endloop
  endfacet
  facet normal -0 0 1
    outer loop
      vertex 44.737 95.5 1.5
      vertex 75 94.5 1.5
      vertex 45.8012 95.5 1.5
    endloop
  endfacet
  facet normal 0 0 1
    outer loop
      vertex 44.886 96.9684 1.5
      vertex 43.0965 95.5 1.5
      vertex 44.737 95.5 1.5
    endloop
  endfacet
  facet normal -0 0 1
    outer loop
      vertex 43.0965 95.5 1.5
      vertex 75 94.5 1.5
      vertex 44.737 95.5 1.5
    endloop
  endfacet
  facet normal -0 0 1
    outer loop
      vertex 43.0287 95.5 1.5
      vertex 75 94.5 1.5
      vertex 43.0965 95.5 1.5
    endloop
  endfacet
  facet normal 0 0 1
    outer loop
      vertex 41.3939 99.8451 1.5
      vertex 43.0287 103.657 1.5
      vertex 41.3949 100.026 1.5
    endloop
  endfacet
  facet normal 0 0 1
    outer loop
      vertex 41.3924 99.6506 1.5
      vertex 43.0287 103.657 1.5
      vertex 41.3939 99.8451 1.5
    endloop
  endfacet
  facet normal 0 0 1
    outer loop
      vertex 43.0287 103.657 1.5
      vertex 41.3924 99.6506 1.5
      vertex 43.0287 95.5 1.5
    endloop
  endfacet
  facet normal -0 0 1
    outer loop
      vertex 41.3888 99.2314 1.5
      vertex 43.0287 95.5 1.5
      vertex 41.3924 99.6506 1.5
    endloop
  endfacet
  facet normal -0 0 1
    outer loop
      vertex 41.3871 99.0119 1.5
      vertex 43.0287 95.5 1.5
      vertex 41.3888 99.2314 1.5
    endloop
  endfacet
  facet normal -0 0 1
    outer loop
      vertex 41.3856 98.7895 1.5
      vertex 43.0287 95.5 1.5
      vertex 41.3871 99.0119 1.5
    endloop
  endfacet
  facet normal -0 0 1
    outer loop
      vertex 41.3846 98.5667 1.5
      vertex 43.0287 95.5 1.5
      vertex 41.3856 98.7895 1.5
    endloop
  endfacet
  facet normal -0 0 1
    outer loop
      vertex 41.3842 98.3461 1.5
      vertex 43.0287 95.5 1.5
      vertex 41.3846 98.5667 1.5
    endloop
  endfacet
  facet normal 0 0 1
    outer loop
      vertex 41.3842 95.5 1.5
      vertex 43.0287 95.5 1.5
      vertex 41.3842 98.3461 1.5
    endloop
  endfacet
  facet normal -0 0 1
    outer loop
      vertex 41.3842 95.5 1.5
      vertex 75 94.5 1.5
      vertex 43.0287 95.5 1.5
    endloop
  endfacet
  facet normal -0 0 1
    outer loop
      vertex 40.8042 95.5 1.5
      vertex 75 94.5 1.5
      vertex 41.3842 95.5 1.5
    endloop
  endfacet
  facet normal 0 0 1
    outer loop
      vertex 39.562 98.3573 1.5
      vertex 41.1953 98.3573 1.5
      vertex 40.4953 99.2795 1.5
    endloop
  endfacet
  facet normal -0 0 1
    outer loop
      vertex 39.3842 100.168 1.5
      vertex 40.4953 99.2795 1.5
      vertex 40.0287 103.657 1.5
    endloop
  endfacet
  facet normal 0 0 1
    outer loop
      vertex 41.1953 98.3573 1.5
      vertex 39.953 95.5 1.5
      vertex 40.8042 95.5 1.5
    endloop
  endfacet
  facet normal -0 0 1
    outer loop
      vertex 39.953 95.5 1.5
      vertex 75 94.5 1.5
      vertex 40.8042 95.5 1.5
    endloop
  endfacet
  facet normal -0 0 1
    outer loop
      vertex 39.3731 95.5 1.5
      vertex 75 94.5 1.5
      vertex 39.953 95.5 1.5
    endloop
  endfacet
  facet normal 0 0 1
    outer loop
      vertex 37.9619 95.5 1.5
      vertex 39.373 98.5908 1.5
      vertex 39.3729 98.8392 1.5
    endloop
  endfacet
  facet normal 0 0 1
    outer loop
      vertex 37.9619 95.5 1.5
      vertex 39.3729 98.8392 1.5
      vertex 39.3727 99.0852 1.5
    endloop
  endfacet
  facet normal 0 0 1
    outer loop
      vertex 37.9619 95.5 1.5
      vertex 39.3727 99.0852 1.5
      vertex 39.3721 99.3228 1.5
    endloop
  endfacet
  facet normal 0 0 1
    outer loop
      vertex 37.9619 95.5 1.5
      vertex 39.3721 99.3228 1.5
      vertex 39.3712 99.5456 1.5
    endloop
  endfacet
  facet normal 0 0 1
    outer loop
      vertex 37.9619 95.5 1.5
      vertex 39.3712 99.5456 1.5
      vertex 39.3698 99.7478 1.5
    endloop
  endfacet
  facet normal 0 0 1
    outer loop
      vertex 37.9619 103.657 1.5
      vertex 39.3698 99.7478 1.5
      vertex 39.3678 99.923 1.5
    endloop
  endfacet
  facet normal 0 0 1
    outer loop
      vertex 37.9619 103.657 1.5
      vertex 39.3678 99.923 1.5
      vertex 39.3652 100.065 1.5
    endloop
  endfacet
  facet normal 0 0 1
    outer loop
      vertex 37.9619 103.657 1.5
      vertex 39.3652 100.065 1.5
      vertex 39.3619 100.168 1.5
    endloop
  endfacet
  facet normal 0 0 1
    outer loop
      vertex 39.3698 99.7478 1.5
      vertex 37.9619 103.657 1.5
      vertex 37.9619 95.5 1.5
    endloop
  endfacet
  facet normal 0 0 1
    outer loop
      vertex 39.373 98.5908 1.5
      vertex 37.9619 95.5 1.5
      vertex 39.3731 95.5 1.5
    endloop
  endfacet
  facet normal -0 0 1
    outer loop
      vertex 37.9619 95.5 1.5
      vertex 75 94.5 1.5
      vertex 39.3731 95.5 1.5
    endloop
  endfacet
  facet normal -0 0 1
    outer loop
      vertex 34.6028 95.5 1.5
      vertex 75 94.5 1.5
      vertex 37.9619 95.5 1.5
    endloop
  endfacet
  facet normal 0 0 1
    outer loop
      vertex 32.8473 95.5 1.5
      vertex 34.6028 95.5 1.5
      vertex 32.8473 102.146 1.5
    endloop
  endfacet
  facet normal -0 0 1
    outer loop
      vertex 32.8473 95.5 1.5
      vertex 75 94.5 1.5
      vertex 34.6028 95.5 1.5
    endloop
  endfacet
  facet normal -0 0 1
    outer loop
      vertex 31.6637 95.5 1.5
      vertex 75 94.5 1.5
      vertex 32.8473 95.5 1.5
    endloop
  endfacet
  facet normal 0 0 1
    outer loop
      vertex 30.2228 95.5 1.5
      vertex 31.6637 95.5 1.5
      vertex 30.2414 99.5795 1.5
    endloop
  endfacet
  facet normal 0 0 1
    outer loop
      vertex 0 94.5 1.5
      vertex 31.6637 95.5 1.5
      vertex 30.2228 95.5 1.5
    endloop
  endfacet
  facet normal 0 0 1
    outer loop
      vertex 0 94.5 1.5
      vertex 30.2228 95.5 1.5
      vertex 29.2081 95.5 1.5
    endloop
  endfacet
  facet normal 0 0 1
    outer loop
      vertex 27.7081 95.5 1.5
      vertex 29.2076 97.1602 1.5
      vertex 29.2059 97.4172 1.5
    endloop
  endfacet
  facet normal 0 0 1
    outer loop
      vertex 27.7081 95.5 1.5
      vertex 29.2059 97.4172 1.5
      vertex 29.2027 97.7054 1.5
    endloop
  endfacet
  facet normal 0 0 1
    outer loop
      vertex 27.7081 95.5 1.5
      vertex 29.2027 97.7054 1.5
      vertex 29.1976 98.0133 1.5
    endloop
  endfacet
  facet normal 0 0 1
    outer loop
      vertex 27.7081 95.5 1.5
      vertex 29.1976 98.0133 1.5
      vertex 29.1901 98.3295 1.5
    endloop
  endfacet
  facet normal 0 0 1
    outer loop
      vertex 27.7081 95.5 1.5
      vertex 29.1901 98.3295 1.5
      vertex 29.1801 98.6424 1.5
    endloop
  endfacet
  facet normal 0 0 1
    outer loop
      vertex 27.7081 95.5 1.5
      vertex 29.1801 98.6424 1.5
      vertex 29.167 98.9405 1.5
    endloop
  endfacet
  facet normal 0 0 1
    outer loop
      vertex 27.7081 95.5 1.5
      vertex 29.167 98.9405 1.5
      vertex 29.1505 99.2122 1.5
    endloop
  endfacet
  facet normal 0 0 1
    outer loop
      vertex 27.7081 95.5 1.5
      vertex 29.1505 99.2122 1.5
      vertex 29.1303 99.4461 1.5
    endloop
  endfacet
  facet normal 0 0 1
    outer loop
      vertex 27.7081 95.5 1.5
      vertex 29.1303 99.4461 1.5
      vertex 27.7081 103.657 1.5
    endloop
  endfacet
  facet normal 0 0 1
    outer loop
      vertex 29.2081 96.9461 1.5
      vertex 27.7081 95.5 1.5
      vertex 29.2081 95.5 1.5
    endloop
  endfacet
  facet normal 0 0 1
    outer loop
      vertex 0 94.5 1.5
      vertex 29.2081 95.5 1.5
      vertex 27.7081 95.5 1.5
    endloop
  endfacet
  facet normal 0 0 1
    outer loop
      vertex 0 94.5 1.5
      vertex 27.7081 95.5 1.5
      vertex 27.6209 95.5 1.5
    endloop
  endfacet
  facet normal -0 0 1
    outer loop
      vertex 25.4602 99.743 1.5
      vertex 27.6209 95.5 1.5
      vertex 26.3091 103.691 1.5
    endloop
  endfacet
  facet normal 0 0 1
    outer loop
      vertex 0 94.5 1.5
      vertex 27.6209 95.5 1.5
      vertex 25.8576 95.5 1.5
    endloop
  endfacet
  facet normal 0 0 1
    outer loop
      vertex 0 94.5 1.5
      vertex 25.8576 95.5 1.5
      vertex 24.7934 95.5 1.5
    endloop
  endfacet
  facet normal 0 0 1
    outer loop
      vertex 24.9425 96.9684 1.5
      vertex 23.153 95.5 1.5
      vertex 24.7934 95.5 1.5
    endloop
  endfacet
  facet normal 0 0 1
    outer loop
      vertex 0 94.5 1.5
      vertex 24.7934 95.5 1.5
      vertex 23.153 95.5 1.5
    endloop
  endfacet
  facet normal 0 0 1
    outer loop
      vertex 0 94.5 1.5
      vertex 23.153 95.5 1.5
      vertex 0 95.5 1.5
    endloop
  endfacet
  facet normal 0 0 1
    outer loop
      vertex 31.6637 95.5 1.5
      vertex 0 94.5 1.5
      vertex 75 94.5 1.5
    endloop
  endfacet
  facet normal -0 0 1
    outer loop
      vertex 35.0517 99.5239 1.5
      vertex 37.5961 98.1017 1.5
      vertex 37.5961 99.5239 1.5
    endloop
  endfacet
  facet normal 0 0 1
    outer loop
      vertex 37.5961 98.1017 1.5
      vertex 35.0517 99.5239 1.5
      vertex 35.0517 98.1017 1.5
    endloop
  endfacet
  facet normal 0 -1 0
    outer loop
      vertex 24.9425 96.9684 1
      vertex 25.698 96.9684 1.5
      vertex 24.9425 96.9684 1.5
    endloop
  endfacet
  facet normal 0 -1 -0
    outer loop
      vertex 25.698 96.9684 1.5
      vertex 24.9425 96.9684 1
      vertex 25.698 96.9684 1
    endloop
  endfacet
  facet normal -0.994145 -0.108053 0
    outer loop
      vertex 25.8576 95.5 1
      vertex 25.698 96.9684 1.5
      vertex 25.698 96.9684 1
    endloop
  endfacet
  facet normal -0.994145 -0.108053 0
    outer loop
      vertex 25.698 96.9684 1.5
      vertex 25.8576 95.5 1
      vertex 25.8576 95.5 1.5
    endloop
  endfacet
  facet normal 0.987417 0.158136 0
    outer loop
      vertex 27.6209 95.5 1.5
      vertex 26.3091 103.691 1
      vertex 26.3091 103.691 1.5
    endloop
  endfacet
  facet normal 0.987417 0.158136 0
    outer loop
      vertex 26.3091 103.691 1
      vertex 27.6209 95.5 1.5
      vertex 27.6209 95.5 1
    endloop
  endfacet
  facet normal 0 1 -0
    outer loop
      vertex 26.3091 103.691 1
      vertex 24.4758 103.691 1.5
      vertex 26.3091 103.691 1.5
    endloop
  endfacet
  facet normal 0 1 0
    outer loop
      vertex 24.4758 103.691 1.5
      vertex 26.3091 103.691 1
      vertex 24.4758 103.691 1
    endloop
  endfacet
  facet normal -0.987209 0.159429 0
    outer loop
      vertex 23.153 95.5 1
      vertex 24.4758 103.691 1.5
      vertex 24.4758 103.691 1
    endloop
  endfacet
  facet normal -0.987209 0.159429 0
    outer loop
      vertex 24.4758 103.691 1.5
      vertex 23.153 95.5 1
      vertex 23.153 95.5 1.5
    endloop
  endfacet
  facet normal 0.994884 -0.10102 0
    outer loop
      vertex 24.7934 95.5 1.5
      vertex 24.9425 96.9684 1
      vertex 24.9425 96.9684 1.5
    endloop
  endfacet
  facet normal 0.994884 -0.10102 0
    outer loop
      vertex 24.9425 96.9684 1
      vertex 24.7934 95.5 1.5
      vertex 24.7934 95.5 1
    endloop
  endfacet
  facet normal 0.993341 -0.115215 0
    outer loop
      vertex 25.0313 98.135 1.5
      vertex 25.0572 98.3583 1
      vertex 25.0572 98.3583 1.5
    endloop
  endfacet
  facet normal 0.993341 -0.115215 0
    outer loop
      vertex 25.0572 98.3583 1
      vertex 25.0313 98.135 1.5
      vertex 25.0313 98.135 1
    endloop
  endfacet
  facet normal 0.993852 -0.110715 0
    outer loop
      vertex 25.0572 98.3583 1.5
      vertex 25.0829 98.589 1
      vertex 25.0829 98.589 1.5
    endloop
  endfacet
  facet normal 0.993852 -0.110715 0
    outer loop
      vertex 25.0829 98.589 1
      vertex 25.0572 98.3583 1.5
      vertex 25.0572 98.3583 1
    endloop
  endfacet
  facet normal 0.994205 -0.107504 0
    outer loop
      vertex 25.0829 98.589 1.5
      vertex 25.1083 98.8239 1
      vertex 25.1083 98.8239 1.5
    endloop
  endfacet
  facet normal 0.994205 -0.107504 0
    outer loop
      vertex 25.1083 98.8239 1
      vertex 25.0829 98.589 1.5
      vertex 25.0829 98.589 1
    endloop
  endfacet
  facet normal 0.994505 -0.104685 0
    outer loop
      vertex 25.1083 98.8239 1.5
      vertex 25.1331 99.0595 1
      vertex 25.1331 99.0595 1.5
    endloop
  endfacet
  facet normal 0.994505 -0.104685 0
    outer loop
      vertex 25.1331 99.0595 1
      vertex 25.1083 98.8239 1.5
      vertex 25.1083 98.8239 1
    endloop
  endfacet
  facet normal 0.994746 -0.102375 0
    outer loop
      vertex 25.1331 99.0595 1.5
      vertex 25.1571 99.2927 1
      vertex 25.1571 99.2927 1.5
    endloop
  endfacet
  facet normal 0.994746 -0.102375 0
    outer loop
      vertex 25.1571 99.2927 1
      vertex 25.1331 99.0595 1.5
      vertex 25.1331 99.0595 1
    endloop
  endfacet
  facet normal 0.99484 -0.101452 0
    outer loop
      vertex 25.1571 99.2927 1.5
      vertex 25.1803 99.5202 1
      vertex 25.1803 99.5202 1.5
    endloop
  endfacet
  facet normal 0.99484 -0.101452 0
    outer loop
      vertex 25.1803 99.5202 1
      vertex 25.1571 99.2927 1.5
      vertex 25.1571 99.2927 1
    endloop
  endfacet
  facet normal 0.994953 -0.100339 0
    outer loop
      vertex 25.1803 99.5202 1.5
      vertex 25.2231 99.9446 1
      vertex 25.2231 99.9446 1.5
    endloop
  endfacet
  facet normal 0.994953 -0.100339 0
    outer loop
      vertex 25.2231 99.9446 1
      vertex 25.1803 99.5202 1.5
      vertex 25.1803 99.5202 1
    endloop
  endfacet
  facet normal 0.994849 -0.101366 0
    outer loop
      vertex 25.2231 99.9446 1.5
      vertex 25.2425 100.135 1
      vertex 25.2425 100.135 1.5
    endloop
  endfacet
  facet normal 0.994849 -0.101366 0
    outer loop
      vertex 25.2425 100.135 1
      vertex 25.2231 99.9446 1.5
      vertex 25.2231 99.9446 1
    endloop
  endfacet
  facet normal 0.996516 -0.083404 0
    outer loop
      vertex 25.2425 100.135 1.5
      vertex 25.2502 100.227 1
      vertex 25.2502 100.227 1.5
    endloop
  endfacet
  facet normal 0.996516 -0.083404 0
    outer loop
      vertex 25.2502 100.227 1
      vertex 25.2425 100.135 1.5
      vertex 25.2425 100.135 1
    endloop
  endfacet
  facet normal 0.995759 -0.0919995 0
    outer loop
      vertex 25.2502 100.227 1.5
      vertex 25.2587 100.319 1
      vertex 25.2587 100.319 1.5
    endloop
  endfacet
  facet normal 0.995759 -0.0919995 0
    outer loop
      vertex 25.2587 100.319 1
      vertex 25.2502 100.227 1.5
      vertex 25.2502 100.227 1
    endloop
  endfacet
  facet normal 0.995146 -0.0984089 0
    outer loop
      vertex 25.2587 100.319 1.5
      vertex 25.2676 100.409 1
      vertex 25.2676 100.409 1.5
    endloop
  endfacet
  facet normal 0.995146 -0.0984089 0
    outer loop
      vertex 25.2676 100.409 1
      vertex 25.2587 100.319 1.5
      vertex 25.2587 100.319 1
    endloop
  endfacet
  facet normal 0.994927 -0.100598 0
    outer loop
      vertex 25.2676 100.409 1.5
      vertex 25.2767 100.499 1
      vertex 25.2767 100.499 1.5
    endloop
  endfacet
  facet normal 0.994927 -0.100598 0
    outer loop
      vertex 25.2767 100.499 1
      vertex 25.2676 100.409 1.5
      vertex 25.2676 100.409 1
    endloop
  endfacet
  facet normal 0.99464 -0.103398 0
    outer loop
      vertex 25.2767 100.499 1.5
      vertex 25.2951 100.676 1
      vertex 25.2951 100.676 1.5
    endloop
  endfacet
  facet normal 0.99464 -0.103398 0
    outer loop
      vertex 25.2951 100.676 1
      vertex 25.2767 100.499 1.5
      vertex 25.2767 100.499 1
    endloop
  endfacet
  facet normal 0.994808 -0.101768 0
    outer loop
      vertex 25.2951 100.676 1.5
      vertex 25.304 100.763 1
      vertex 25.304 100.763 1.5
    endloop
  endfacet
  facet normal 0.994808 -0.101768 0
    outer loop
      vertex 25.304 100.763 1
      vertex 25.2951 100.676 1.5
      vertex 25.2951 100.676 1
    endloop
  endfacet
  facet normal 0.995264 -0.0972118 0
    outer loop
      vertex 25.304 100.763 1.5
      vertex 25.3124 100.849 1
      vertex 25.3124 100.849 1.5
    endloop
  endfacet
  facet normal 0.995264 -0.0972118 0
    outer loop
      vertex 25.3124 100.849 1
      vertex 25.304 100.763 1.5
      vertex 25.304 100.763 1
    endloop
  endfacet
  facet normal 0.995912 -0.0903269 0
    outer loop
      vertex 25.3124 100.849 1.5
      vertex 25.3202 100.935 1
      vertex 25.3202 100.935 1.5
    endloop
  endfacet
  facet normal 0.995912 -0.0903269 0
    outer loop
      vertex 25.3202 100.935 1
      vertex 25.3124 100.849 1.5
      vertex 25.3124 100.849 1
    endloop
  endfacet
  facet normal 0 -1 0
    outer loop
      vertex 25.3202 100.935 1
      vertex 25.3425 100.935 1.5
      vertex 25.3202 100.935 1.5
    endloop
  endfacet
  facet normal 0 -1 -0
    outer loop
      vertex 25.3425 100.935 1.5
      vertex 25.3202 100.935 1
      vertex 25.3425 100.935 1
    endloop
  endfacet
  facet normal -0.996269 -0.0863047 0
    outer loop
      vertex 25.3574 100.763 1
      vertex 25.3425 100.935 1.5
      vertex 25.3425 100.935 1
    endloop
  endfacet
  facet normal -0.996269 -0.0863047 0
    outer loop
      vertex 25.3425 100.935 1.5
      vertex 25.3574 100.763 1
      vertex 25.3574 100.763 1.5
    endloop
  endfacet
  facet normal -0.996106 -0.0881611 0
    outer loop
      vertex 25.3651 100.676 1
      vertex 25.3574 100.763 1.5
      vertex 25.3574 100.763 1
    endloop
  endfacet
  facet normal -0.996106 -0.0881611 0
    outer loop
      vertex 25.3574 100.763 1.5
      vertex 25.3651 100.676 1
      vertex 25.3651 100.676 1.5
    endloop
  endfacet
  facet normal -0.995995 -0.0894132 0
    outer loop
      vertex 25.373 100.588 1
      vertex 25.3651 100.676 1.5
      vertex 25.3651 100.676 1
    endloop
  endfacet
  facet normal -0.995995 -0.0894132 0
    outer loop
      vertex 25.3651 100.676 1.5
      vertex 25.373 100.588 1
      vertex 25.373 100.588 1.5
    endloop
  endfacet
  facet normal -0.995576 -0.0939644 0
    outer loop
      vertex 25.3814 100.499 1
      vertex 25.373 100.588 1.5
      vertex 25.373 100.588 1
    endloop
  endfacet
  facet normal -0.995576 -0.0939644 0
    outer loop
      vertex 25.373 100.588 1.5
      vertex 25.3814 100.499 1
      vertex 25.3814 100.499 1.5
    endloop
  endfacet
  facet normal -0.995254 -0.0973137 0
    outer loop
      vertex 25.3902 100.409 1
      vertex 25.3814 100.499 1.5
      vertex 25.3814 100.499 1
    endloop
  endfacet
  facet normal -0.995254 -0.0973137 0
    outer loop
      vertex 25.3814 100.499 1.5
      vertex 25.3902 100.409 1
      vertex 25.3902 100.409 1.5
    endloop
  endfacet
  facet normal -0.994703 -0.102786 0
    outer loop
      vertex 25.3995 100.319 1
      vertex 25.3902 100.409 1.5
      vertex 25.3902 100.409 1
    endloop
  endfacet
  facet normal -0.994703 -0.102786 0
    outer loop
      vertex 25.3902 100.409 1.5
      vertex 25.3995 100.319 1
      vertex 25.3995 100.319 1.5
    endloop
  endfacet
  facet normal -0.994144 -0.108059 0
    outer loop
      vertex 25.4095 100.227 1
      vertex 25.3995 100.319 1.5
      vertex 25.3995 100.319 1
    endloop
  endfacet
  facet normal -0.994144 -0.108059 0
    outer loop
      vertex 25.3995 100.319 1.5
      vertex 25.4095 100.227 1
      vertex 25.4095 100.227 1.5
    endloop
  endfacet
  facet normal -0.993304 -0.115526 0
    outer loop
      vertex 25.4202 100.135 1
      vertex 25.4095 100.227 1.5
      vertex 25.4095 100.227 1
    endloop
  endfacet
  facet normal -0.993304 -0.115526 0
    outer loop
      vertex 25.4095 100.227 1.5
      vertex 25.4202 100.135 1
      vertex 25.4202 100.135 1.5
    endloop
  endfacet
  facet normal -0.994744 -0.102392 0
    outer loop
      vertex 25.4395 99.9475 1
      vertex 25.4202 100.135 1.5
      vertex 25.4202 100.135 1
    endloop
  endfacet
  facet normal -0.994744 -0.102392 0
    outer loop
      vertex 25.4202 100.135 1.5
      vertex 25.4395 99.9475 1
      vertex 25.4395 99.9475 1.5
    endloop
  endfacet
  facet normal -0.994916 -0.100708 0
    outer loop
      vertex 25.4602 99.743 1
      vertex 25.4395 99.9475 1.5
      vertex 25.4395 99.9475 1
    endloop
  endfacet
  facet normal -0.994916 -0.100708 0
    outer loop
      vertex 25.4395 99.9475 1.5
      vertex 25.4602 99.743 1
      vertex 25.4602 99.743 1.5
    endloop
  endfacet
  facet normal -0.995033 -0.0995489 0
    outer loop
      vertex 25.482 99.5251 1
      vertex 25.4602 99.743 1.5
      vertex 25.4602 99.743 1
    endloop
  endfacet
  facet normal -0.995033 -0.0995489 0
    outer loop
      vertex 25.4602 99.743 1.5
      vertex 25.482 99.5251 1
      vertex 25.482 99.5251 1.5
    endloop
  endfacet
  facet normal -0.995115 -0.0987252 0
    outer loop
      vertex 25.5046 99.2973 1
      vertex 25.482 99.5251 1.5
      vertex 25.482 99.5251 1
    endloop
  endfacet
  facet normal -0.995115 -0.0987252 0
    outer loop
      vertex 25.482 99.5251 1.5
      vertex 25.5046 99.2973 1
      vertex 25.5046 99.2973 1.5
    endloop
  endfacet
  facet normal -0.995162 -0.0982485 0
    outer loop
      vertex 25.5511 98.8263 1
      vertex 25.5046 99.2973 1.5
      vertex 25.5046 99.2973 1
    endloop
  endfacet
  facet normal -0.995162 -0.0982485 0
    outer loop
      vertex 25.5046 99.2973 1.5
      vertex 25.5511 98.8263 1
      vertex 25.5511 98.8263 1.5
    endloop
  endfacet
  facet normal -0.99512 -0.0986687 0
    outer loop
      vertex 25.5745 98.5903 1
      vertex 25.5511 98.8263 1.5
      vertex 25.5511 98.8263 1
    endloop
  endfacet
  facet normal -0.99512 -0.0986687 0
    outer loop
      vertex 25.5511 98.8263 1.5
      vertex 25.5745 98.5903 1
      vertex 25.5745 98.5903 1.5
    endloop
  endfacet
  facet normal -0.995063 -0.0992485 0
    outer loop
      vertex 25.5976 98.3587 1
      vertex 25.5745 98.5903 1.5
      vertex 25.5745 98.5903 1
    endloop
  endfacet
  facet normal -0.995063 -0.0992485 0
    outer loop
      vertex 25.5745 98.5903 1.5
      vertex 25.5976 98.3587 1
      vertex 25.5976 98.3587 1.5
    endloop
  endfacet
  facet normal -0.994935 -0.100516 0
    outer loop
      vertex 25.6202 98.135 1
      vertex 25.5976 98.3587 1.5
      vertex 25.5976 98.3587 1
    endloop
  endfacet
  facet normal -0.994935 -0.100516 0
    outer loop
      vertex 25.5976 98.3587 1.5
      vertex 25.6202 98.135 1
      vertex 25.6202 98.135 1.5
    endloop
  endfacet
  facet normal 0 1 -0
    outer loop
      vertex 25.6202 98.135 1
      vertex 25.0313 98.135 1.5
      vertex 25.6202 98.135 1.5
    endloop
  endfacet
  facet normal 0 1 0
    outer loop
      vertex 25.0313 98.135 1.5
      vertex 25.6202 98.135 1
      vertex 25.0313 98.135 1
    endloop
  endfacet
  facet normal 0 -1 0
    outer loop
      vertex 44.886 96.9684 1
      vertex 45.6416 96.9684 1.5
      vertex 44.886 96.9684 1.5
    endloop
  endfacet
  facet normal 0 -1 -0
    outer loop
      vertex 45.6416 96.9684 1.5
      vertex 44.886 96.9684 1
      vertex 45.6416 96.9684 1
    endloop
  endfacet
  facet normal -0.994145 -0.108053 0
    outer loop
      vertex 45.8012 95.5 1
      vertex 45.6416 96.9684 1.5
      vertex 45.6416 96.9684 1
    endloop
  endfacet
  facet normal -0.994145 -0.108053 0
    outer loop
      vertex 45.6416 96.9684 1.5
      vertex 45.8012 95.5 1
      vertex 45.8012 95.5 1.5
    endloop
  endfacet
  facet normal 0.987417 0.158136 0
    outer loop
      vertex 47.5645 95.5 1.5
      vertex 46.2527 103.691 1
      vertex 46.2527 103.691 1.5
    endloop
  endfacet
  facet normal 0.987417 0.158136 0
    outer loop
      vertex 46.2527 103.691 1
      vertex 47.5645 95.5 1.5
      vertex 47.5645 95.5 1
    endloop
  endfacet
  facet normal 0 1 -0
    outer loop
      vertex 46.2527 103.691 1
      vertex 44.4194 103.691 1.5
      vertex 46.2527 103.691 1.5
    endloop
  endfacet
  facet normal 0 1 0
    outer loop
      vertex 44.4194 103.691 1.5
      vertex 46.2527 103.691 1
      vertex 44.4194 103.691 1
    endloop
  endfacet
  facet normal -0.987208 0.15944 0
    outer loop
      vertex 43.0965 95.5 1
      vertex 44.4194 103.691 1.5
      vertex 44.4194 103.691 1
    endloop
  endfacet
  facet normal -0.987208 0.15944 0
    outer loop
      vertex 44.4194 103.691 1.5
      vertex 43.0965 95.5 1
      vertex 43.0965 95.5 1.5
    endloop
  endfacet
  facet normal 0.994891 -0.100953 0
    outer loop
      vertex 44.737 95.5 1.5
      vertex 44.886 96.9684 1
      vertex 44.886 96.9684 1.5
    endloop
  endfacet
  facet normal 0.994891 -0.100953 0
    outer loop
      vertex 44.886 96.9684 1
      vertex 44.737 95.5 1.5
      vertex 44.737 95.5 1
    endloop
  endfacet
  facet normal 0.993341 -0.115215 0
    outer loop
      vertex 44.9749 98.135 1.5
      vertex 45.0008 98.3583 1
      vertex 45.0008 98.3583 1.5
    endloop
  endfacet
  facet normal 0.993341 -0.115215 0
    outer loop
      vertex 45.0008 98.3583 1
      vertex 44.9749 98.135 1.5
      vertex 44.9749 98.135 1
    endloop
  endfacet
  facet normal 0.993852 -0.110715 0
    outer loop
      vertex 45.0008 98.3583 1.5
      vertex 45.0265 98.589 1
      vertex 45.0265 98.589 1.5
    endloop
  endfacet
  facet normal 0.993852 -0.110715 0
    outer loop
      vertex 45.0265 98.589 1
      vertex 45.0008 98.3583 1.5
      vertex 45.0008 98.3583 1
    endloop
  endfacet
  facet normal 0.99425 -0.107086 0
    outer loop
      vertex 45.0265 98.589 1.5
      vertex 45.0518 98.8239 1
      vertex 45.0518 98.8239 1.5
    endloop
  endfacet
  facet normal 0.99425 -0.107086 0
    outer loop
      vertex 45.0518 98.8239 1
      vertex 45.0265 98.589 1.5
      vertex 45.0265 98.589 1
    endloop
  endfacet
  facet normal 0.994505 -0.104685 0
    outer loop
      vertex 45.0518 98.8239 1.5
      vertex 45.0766 99.0595 1
      vertex 45.0766 99.0595 1.5
    endloop
  endfacet
  facet normal 0.994505 -0.104685 0
    outer loop
      vertex 45.0766 99.0595 1
      vertex 45.0518 98.8239 1.5
      vertex 45.0518 98.8239 1
    endloop
  endfacet
  facet normal 0.994702 -0.102797 0
    outer loop
      vertex 45.0766 99.0595 1.5
      vertex 45.1007 99.2927 1
      vertex 45.1007 99.2927 1.5
    endloop
  endfacet
  facet normal 0.994702 -0.102797 0
    outer loop
      vertex 45.1007 99.2927 1
      vertex 45.0766 99.0595 1.5
      vertex 45.0766 99.0595 1
    endloop
  endfacet
  facet normal 0.99484 -0.101452 0
    outer loop
      vertex 45.1007 99.2927 1.5
      vertex 45.1239 99.5202 1
      vertex 45.1239 99.5202 1.5
    endloop
  endfacet
  facet normal 0.99484 -0.101452 0
    outer loop
      vertex 45.1239 99.5202 1
      vertex 45.1007 99.2927 1.5
      vertex 45.1007 99.2927 1
    endloop
  endfacet
  facet normal 0.994953 -0.100339 0
    outer loop
      vertex 45.1239 99.5202 1.5
      vertex 45.1667 99.9446 1
      vertex 45.1667 99.9446 1.5
    endloop
  endfacet
  facet normal 0.994953 -0.100339 0
    outer loop
      vertex 45.1667 99.9446 1
      vertex 45.1239 99.5202 1.5
      vertex 45.1239 99.5202 1
    endloop
  endfacet
  facet normal 0.994902 -0.100849 0
    outer loop
      vertex 45.1667 99.9446 1.5
      vertex 45.186 100.135 1
      vertex 45.186 100.135 1.5
    endloop
  endfacet
  facet normal 0.994902 -0.100849 0
    outer loop
      vertex 45.186 100.135 1
      vertex 45.1667 99.9446 1.5
      vertex 45.1667 99.9446 1
    endloop
  endfacet
  facet normal 0.996425 -0.0844795 0
    outer loop
      vertex 45.186 100.135 1.5
      vertex 45.1938 100.227 1
      vertex 45.1938 100.227 1.5
    endloop
  endfacet
  facet normal 0.996425 -0.0844795 0
    outer loop
      vertex 45.1938 100.227 1
      vertex 45.186 100.135 1.5
      vertex 45.186 100.135 1
    endloop
  endfacet
  facet normal 0.995759 -0.0919995 0
    outer loop
      vertex 45.1938 100.227 1.5
      vertex 45.2023 100.319 1
      vertex 45.2023 100.319 1.5
    endloop
  endfacet
  facet normal 0.995759 -0.0919995 0
    outer loop
      vertex 45.2023 100.319 1
      vertex 45.1938 100.227 1.5
      vertex 45.1938 100.227 1
    endloop
  endfacet
  facet normal 0.995254 -0.0973137 0
    outer loop
      vertex 45.2023 100.319 1.5
      vertex 45.2111 100.409 1
      vertex 45.2111 100.409 1.5
    endloop
  endfacet
  facet normal 0.995254 -0.0973137 0
    outer loop
      vertex 45.2111 100.409 1
      vertex 45.2023 100.319 1.5
      vertex 45.2023 100.319 1
    endloop
  endfacet
  facet normal 0.994816 -0.101692 0
    outer loop
      vertex 45.2111 100.409 1.5
      vertex 45.2203 100.499 1
      vertex 45.2203 100.499 1.5
    endloop
  endfacet
  facet normal 0.994816 -0.101692 0
    outer loop
      vertex 45.2203 100.499 1
      vertex 45.2111 100.409 1.5
      vertex 45.2111 100.409 1
    endloop
  endfacet
  facet normal 0.99464 -0.103398 0
    outer loop
      vertex 45.2203 100.499 1.5
      vertex 45.2387 100.676 1
      vertex 45.2387 100.676 1.5
    endloop
  endfacet
  facet normal 0.99464 -0.103398 0
    outer loop
      vertex 45.2387 100.676 1
      vertex 45.2203 100.499 1.5
      vertex 45.2203 100.499 1
    endloop
  endfacet
  facet normal 0.994808 -0.101768 0
    outer loop
      vertex 45.2387 100.676 1.5
      vertex 45.2476 100.763 1
      vertex 45.2476 100.763 1.5
    endloop
  endfacet
  facet normal 0.994808 -0.101768 0
    outer loop
      vertex 45.2476 100.763 1
      vertex 45.2387 100.676 1.5
      vertex 45.2387 100.676 1
    endloop
  endfacet
  facet normal 0.995264 -0.0972118 0
    outer loop
      vertex 45.2476 100.763 1.5
      vertex 45.256 100.849 1
      vertex 45.256 100.849 1.5
    endloop
  endfacet
  facet normal 0.995264 -0.0972118 0
    outer loop
      vertex 45.256 100.849 1
      vertex 45.2476 100.763 1.5
      vertex 45.2476 100.763 1
    endloop
  endfacet
  facet normal 0.995912 -0.0903269 0
    outer loop
      vertex 45.256 100.849 1.5
      vertex 45.2638 100.935 1
      vertex 45.2638 100.935 1.5
    endloop
  endfacet
  facet normal 0.995912 -0.0903269 0
    outer loop
      vertex 45.2638 100.935 1
      vertex 45.256 100.849 1.5
      vertex 45.256 100.849 1
    endloop
  endfacet
  facet normal 0 -1 0
    outer loop
      vertex 45.2638 100.935 1
      vertex 45.286 100.935 1.5
      vertex 45.2638 100.935 1.5
    endloop
  endfacet
  facet normal 0 -1 -0
    outer loop
      vertex 45.286 100.935 1.5
      vertex 45.2638 100.935 1
      vertex 45.286 100.935 1
    endloop
  endfacet
  facet normal -0.996219 -0.0868795 0
    outer loop
      vertex 45.301 100.763 1
      vertex 45.286 100.935 1.5
      vertex 45.286 100.935 1
    endloop
  endfacet
  facet normal -0.996219 -0.0868795 0
    outer loop
      vertex 45.286 100.935 1.5
      vertex 45.301 100.763 1
      vertex 45.301 100.763 1.5
    endloop
  endfacet
  facet normal -0.996106 -0.0881611 0
    outer loop
      vertex 45.3087 100.676 1
      vertex 45.301 100.763 1.5
      vertex 45.301 100.763 1
    endloop
  endfacet
  facet normal -0.996106 -0.0881611 0
    outer loop
      vertex 45.301 100.763 1.5
      vertex 45.3087 100.676 1
      vertex 45.3087 100.676 1.5
    endloop
  endfacet
  facet normal -0.995995 -0.0894132 0
    outer loop
      vertex 45.3166 100.588 1
      vertex 45.3087 100.676 1.5
      vertex 45.3087 100.676 1
    endloop
  endfacet
  facet normal -0.995995 -0.0894132 0
    outer loop
      vertex 45.3087 100.676 1.5
      vertex 45.3166 100.588 1
      vertex 45.3166 100.588 1.5
    endloop
  endfacet
  facet normal -0.995576 -0.0939644 0
    outer loop
      vertex 45.325 100.499 1
      vertex 45.3166 100.588 1.5
      vertex 45.3166 100.588 1
    endloop
  endfacet
  facet normal -0.995576 -0.0939644 0
    outer loop
      vertex 45.3166 100.588 1.5
      vertex 45.325 100.499 1
      vertex 45.325 100.499 1.5
    endloop
  endfacet
  facet normal -0.995254 -0.0973137 0
    outer loop
      vertex 45.3338 100.409 1
      vertex 45.325 100.499 1.5
      vertex 45.325 100.499 1
    endloop
  endfacet
  facet normal -0.995254 -0.0973137 0
    outer loop
      vertex 45.325 100.499 1.5
      vertex 45.3338 100.409 1
      vertex 45.3338 100.409 1.5
    endloop
  endfacet
  facet normal -0.994703 -0.102786 0
    outer loop
      vertex 45.3431 100.319 1
      vertex 45.3338 100.409 1.5
      vertex 45.3338 100.409 1
    endloop
  endfacet
  facet normal -0.994703 -0.102786 0
    outer loop
      vertex 45.3338 100.409 1.5
      vertex 45.3431 100.319 1
      vertex 45.3431 100.319 1.5
    endloop
  endfacet
  facet normal -0.994144 -0.108059 0
    outer loop
      vertex 45.3531 100.227 1
      vertex 45.3431 100.319 1.5
      vertex 45.3431 100.319 1
    endloop
  endfacet
  facet normal -0.994144 -0.108059 0
    outer loop
      vertex 45.3431 100.319 1.5
      vertex 45.3531 100.227 1
      vertex 45.3531 100.227 1.5
    endloop
  endfacet
  facet normal -0.993304 -0.115526 0
    outer loop
      vertex 45.3638 100.135 1
      vertex 45.3531 100.227 1.5
      vertex 45.3531 100.227 1
    endloop
  endfacet
  facet normal -0.993304 -0.115526 0
    outer loop
      vertex 45.3531 100.227 1.5
      vertex 45.3638 100.135 1
      vertex 45.3638 100.135 1.5
    endloop
  endfacet
  facet normal -0.994744 -0.102392 0
    outer loop
      vertex 45.3831 99.9475 1
      vertex 45.3638 100.135 1.5
      vertex 45.3638 100.135 1
    endloop
  endfacet
  facet normal -0.994744 -0.102392 0
    outer loop
      vertex 45.3638 100.135 1.5
      vertex 45.3831 99.9475 1
      vertex 45.3831 99.9475 1.5
    endloop
  endfacet
  facet normal -0.994916 -0.100708 0
    outer loop
      vertex 45.4038 99.743 1
      vertex 45.3831 99.9475 1.5
      vertex 45.3831 99.9475 1
    endloop
  endfacet
  facet normal -0.994916 -0.100708 0
    outer loop
      vertex 45.3831 99.9475 1.5
      vertex 45.4038 99.743 1
      vertex 45.4038 99.743 1.5
    endloop
  endfacet
  facet normal -0.995033 -0.0995489 0
    outer loop
      vertex 45.4256 99.5251 1
      vertex 45.4038 99.743 1.5
      vertex 45.4038 99.743 1
    endloop
  endfacet
  facet normal -0.995033 -0.0995489 0
    outer loop
      vertex 45.4038 99.743 1.5
      vertex 45.4256 99.5251 1
      vertex 45.4256 99.5251 1.5
    endloop
  endfacet
  facet normal -0.995158 -0.0982926 0
    outer loop
      vertex 45.4481 99.2973 1
      vertex 45.4256 99.5251 1.5
      vertex 45.4256 99.5251 1
    endloop
  endfacet
  facet normal -0.995158 -0.0982926 0
    outer loop
      vertex 45.4256 99.5251 1.5
      vertex 45.4481 99.2973 1
      vertex 45.4481 99.2973 1.5
    endloop
  endfacet
  facet normal -0.995141 -0.0984577 0
    outer loop
      vertex 45.4947 98.8263 1
      vertex 45.4481 99.2973 1.5
      vertex 45.4481 99.2973 1
    endloop
  endfacet
  facet normal -0.995141 -0.0984577 0
    outer loop
      vertex 45.4481 99.2973 1.5
      vertex 45.4947 98.8263 1
      vertex 45.4947 98.8263 1.5
    endloop
  endfacet
  facet normal -0.99512 -0.0986687 0
    outer loop
      vertex 45.5181 98.5903 1
      vertex 45.4947 98.8263 1.5
      vertex 45.4947 98.8263 1
    endloop
  endfacet
  facet normal -0.99512 -0.0986687 0
    outer loop
      vertex 45.4947 98.8263 1.5
      vertex 45.5181 98.5903 1
      vertex 45.5181 98.5903 1.5
    endloop
  endfacet
  facet normal -0.995063 -0.0992485 0
    outer loop
      vertex 45.5412 98.3587 1
      vertex 45.5181 98.5903 1.5
      vertex 45.5181 98.5903 1
    endloop
  endfacet
  facet normal -0.995063 -0.0992485 0
    outer loop
      vertex 45.5181 98.5903 1.5
      vertex 45.5412 98.3587 1
      vertex 45.5412 98.3587 1.5
    endloop
  endfacet
  facet normal -0.994935 -0.100516 0
    outer loop
      vertex 45.5638 98.135 1
      vertex 45.5412 98.3587 1.5
      vertex 45.5412 98.3587 1
    endloop
  endfacet
  facet normal -0.994935 -0.100516 0
    outer loop
      vertex 45.5412 98.3587 1.5
      vertex 45.5638 98.135 1
      vertex 45.5638 98.135 1.5
    endloop
  endfacet
  facet normal 0 1 -0
    outer loop
      vertex 45.5638 98.135 1
      vertex 44.9749 98.135 1.5
      vertex 45.5638 98.135 1.5
    endloop
  endfacet
  facet normal 0 1 0
    outer loop
      vertex 44.9749 98.135 1.5
      vertex 45.5638 98.135 1
      vertex 44.9749 98.135 1
    endloop
  endfacet
  facet normal 0.999998 0.00186828 0
    outer loop
      vertex 49.1516 96.9461 1.5
      vertex 49.1512 97.1602 1
      vertex 49.1512 97.1602 1.5
    endloop
  endfacet
  facet normal 0.999998 0.00186828 0
    outer loop
      vertex 49.1512 97.1602 1
      vertex 49.1516 96.9461 1.5
      vertex 49.1516 96.9461 1
    endloop
  endfacet
  facet normal 0.999978 0.00661464 0
    outer loop
      vertex 49.1512 97.1602 1.5
      vertex 49.1495 97.4172 1
      vertex 49.1495 97.4172 1.5
    endloop
  endfacet
  facet normal 0.999978 0.00661464 0
    outer loop
      vertex 49.1495 97.4172 1
      vertex 49.1512 97.1602 1.5
      vertex 49.1512 97.1602 1
    endloop
  endfacet
  facet normal 0.999938 0.0111027 0
    outer loop
      vertex 49.1495 97.4172 1.5
      vertex 49.1463 97.7054 1
      vertex 49.1463 97.7054 1.5
    endloop
  endfacet
  facet normal 0.999938 0.0111027 0
    outer loop
      vertex 49.1463 97.7054 1
      vertex 49.1495 97.4172 1.5
      vertex 49.1495 97.4172 1
    endloop
  endfacet
  facet normal 0.999857 0.0168862 0
    outer loop
      vertex 49.1463 97.7054 1.5
      vertex 49.1411 98.0133 1
      vertex 49.1411 98.0133 1.5
    endloop
  endfacet
  facet normal 0.999857 0.0168862 0
    outer loop
      vertex 49.1411 98.0133 1
      vertex 49.1463 97.7054 1.5
      vertex 49.1463 97.7054 1
    endloop
  endfacet
  facet normal 0.999726 0.0233965 0
    outer loop
      vertex 49.1411 98.0133 1.5
      vertex 49.1337 98.3295 1
      vertex 49.1337 98.3295 1.5
    endloop
  endfacet
  facet normal 0.999726 0.0233965 0
    outer loop
      vertex 49.1337 98.3295 1
      vertex 49.1411 98.0133 1.5
      vertex 49.1411 98.0133 1
    endloop
  endfacet
  facet normal 0.99949 0.0319428 0
    outer loop
      vertex 49.1337 98.3295 1.5
      vertex 49.1237 98.6424 1
      vertex 49.1237 98.6424 1.5
    endloop
  endfacet
  facet normal 0.99949 0.0319428 0
    outer loop
      vertex 49.1237 98.6424 1
      vertex 49.1337 98.3295 1.5
      vertex 49.1337 98.3295 1
    endloop
  endfacet
  facet normal 0.999036 0.0439026 0
    outer loop
      vertex 49.1237 98.6424 1.5
      vertex 49.1106 98.9405 1
      vertex 49.1106 98.9405 1.5
    endloop
  endfacet
  facet normal 0.999036 0.0439026 0
    outer loop
      vertex 49.1106 98.9405 1
      vertex 49.1237 98.6424 1.5
      vertex 49.1237 98.6424 1
    endloop
  endfacet
  facet normal 0.998161 0.0606171 0
    outer loop
      vertex 49.1106 98.9405 1.5
      vertex 49.0941 99.2122 1
      vertex 49.0941 99.2122 1.5
    endloop
  endfacet
  facet normal 0.998161 0.0606171 0
    outer loop
      vertex 49.0941 99.2122 1
      vertex 49.1106 98.9405 1.5
      vertex 49.1106 98.9405 1
    endloop
  endfacet
  facet normal 0.996292 0.0860414 0
    outer loop
      vertex 49.0941 99.2122 1.5
      vertex 49.0739 99.4461 1
      vertex 49.0739 99.4461 1.5
    endloop
  endfacet
  facet normal 0.996292 0.0860414 0
    outer loop
      vertex 49.0739 99.4461 1
      vertex 49.0941 99.2122 1.5
      vertex 49.0941 99.2122 1
    endloop
  endfacet
  facet normal 0 -1 0
    outer loop
      vertex 49.0739 99.4461 1
      vertex 49.0961 99.4461 1.5
      vertex 49.0739 99.4461 1.5
    endloop
  endfacet
  facet normal 0 -1 -0
    outer loop
      vertex 49.0961 99.4461 1.5
      vertex 49.0739 99.4461 1
      vertex 49.0961 99.4461 1
    endloop
  endfacet
  facet normal -0.982748 -0.184949 0
    outer loop
      vertex 49.1519 99.1496 1
      vertex 49.0961 99.4461 1.5
      vertex 49.0961 99.4461 1
    endloop
  endfacet
  facet normal -0.982748 -0.184949 0
    outer loop
      vertex 49.0961 99.4461 1.5
      vertex 49.1519 99.1496 1
      vertex 49.1519 99.1496 1.5
    endloop
  endfacet
  facet normal -0.977298 -0.211871 0
    outer loop
      vertex 49.2149 98.859 1
      vertex 49.1519 99.1496 1.5
      vertex 49.1519 99.1496 1
    endloop
  endfacet
  facet normal -0.977298 -0.211871 0
    outer loop
      vertex 49.1519 99.1496 1.5
      vertex 49.2149 98.859 1
      vertex 49.2149 98.859 1.5
    endloop
  endfacet
  facet normal -0.971895 -0.235415 0
    outer loop
      vertex 49.2842 98.5729 1
      vertex 49.2149 98.859 1.5
      vertex 49.2149 98.859 1
    endloop
  endfacet
  facet normal -0.971895 -0.235415 0
    outer loop
      vertex 49.2149 98.859 1.5
      vertex 49.2842 98.5729 1
      vertex 49.2842 98.5729 1.5
    endloop
  endfacet
  facet normal -0.967159 -0.254174 0
    outer loop
      vertex 49.3586 98.2898 1
      vertex 49.2842 98.5729 1.5
      vertex 49.2842 98.5729 1
    endloop
  endfacet
  facet normal -0.967159 -0.254174 0
    outer loop
      vertex 49.2842 98.5729 1.5
      vertex 49.3586 98.2898 1
      vertex 49.3586 98.2898 1.5
    endloop
  endfacet
  facet normal -0.963095 -0.269161 0
    outer loop
      vertex 49.4373 98.0082 1
      vertex 49.3586 98.2898 1.5
      vertex 49.3586 98.2898 1
    endloop
  endfacet
  facet normal -0.963095 -0.269161 0
    outer loop
      vertex 49.3586 98.2898 1.5
      vertex 49.4373 98.0082 1
      vertex 49.4373 98.0082 1.5
    endloop
  endfacet
  facet normal -0.960252 -0.279135 0
    outer loop
      vertex 49.5191 97.7268 1
      vertex 49.4373 98.0082 1.5
      vertex 49.4373 98.0082 1
    endloop
  endfacet
  facet normal -0.960252 -0.279135 0
    outer loop
      vertex 49.4373 98.0082 1.5
      vertex 49.5191 97.7268 1
      vertex 49.5191 97.7268 1.5
    endloop
  endfacet
  facet normal -0.958514 -0.285046 0
    outer loop
      vertex 49.6032 97.444 1
      vertex 49.5191 97.7268 1.5
      vertex 49.5191 97.7268 1
    endloop
  endfacet
  facet normal -0.958514 -0.285046 0
    outer loop
      vertex 49.5191 97.7268 1.5
      vertex 49.6032 97.444 1
      vertex 49.6032 97.444 1.5
    endloop
  endfacet
  facet normal -0.958296 -0.285778 0
    outer loop
      vertex 49.6884 97.1583 1
      vertex 49.6032 97.444 1.5
      vertex 49.6032 97.444 1
    endloop
  endfacet
  facet normal -0.958296 -0.285778 0
    outer loop
      vertex 49.6032 97.444 1.5
      vertex 49.6884 97.1583 1
      vertex 49.6884 97.1583 1.5
    endloop
  endfacet
  facet normal -0.959154 -0.282883 0
    outer loop
      vertex 49.7739 96.8684 1
      vertex 49.6884 97.1583 1.5
      vertex 49.6884 97.1583 1
    endloop
  endfacet
  facet normal -0.959154 -0.282883 0
    outer loop
      vertex 49.6884 97.1583 1.5
      vertex 49.7739 96.8684 1
      vertex 49.7739 96.8684 1.5
    endloop
  endfacet
  facet normal -0.96124 -0.275714 0
    outer loop
      vertex 50.1664 95.5 1
      vertex 49.7739 96.8684 1.5
      vertex 49.7739 96.8684 1
    endloop
  endfacet
  facet normal -0.96124 -0.275714 0
    outer loop
      vertex 49.7739 96.8684 1.5
      vertex 50.1664 95.5 1
      vertex 50.1664 95.5 1.5
    endloop
  endfacet
  facet normal 1 -0 0
    outer loop
      vertex 51.6072 95.5 1.5
      vertex 51.6072 103.657 1
      vertex 51.6072 103.657 1.5
    endloop
  endfacet
  facet normal 1 0 0
    outer loop
      vertex 51.6072 103.657 1
      vertex 51.6072 95.5 1.5
      vertex 51.6072 95.5 1
    endloop
  endfacet
  facet normal 0 1 -0
    outer loop
      vertex 51.6072 103.657 1
      vertex 50.1072 103.657 1.5
      vertex 51.6072 103.657 1.5
    endloop
  endfacet
  facet normal 0 1 0
    outer loop
      vertex 50.1072 103.657 1.5
      vertex 51.6072 103.657 1
      vertex 50.1072 103.657 1
    endloop
  endfacet
  facet normal -1 0 0
    outer loop
      vertex 50.1072 102.046 1
      vertex 50.1072 103.657 1.5
      vertex 50.1072 103.657 1
    endloop
  endfacet
  facet normal -1 -0 0
    outer loop
      vertex 50.1072 103.657 1.5
      vertex 50.1072 102.046 1
      vertex 50.1072 102.046 1.5
    endloop
  endfacet
  facet normal -0.999994 -0.00358563 0
    outer loop
      vertex 50.1081 101.795 1
      vertex 50.1072 102.046 1.5
      vertex 50.1072 102.046 1
    endloop
  endfacet
  facet normal -0.999994 -0.00358563 0
    outer loop
      vertex 50.1072 102.046 1.5
      vertex 50.1081 101.795 1
      vertex 50.1081 101.795 1.5
    endloop
  endfacet
  facet normal -0.999952 -0.00980345 0
    outer loop
      vertex 50.1106 101.54 1
      vertex 50.1081 101.795 1.5
      vertex 50.1081 101.795 1
    endloop
  endfacet
  facet normal -0.999952 -0.00980345 0
    outer loop
      vertex 50.1081 101.795 1.5
      vertex 50.1106 101.54 1
      vertex 50.1106 101.54 1.5
    endloop
  endfacet
  facet normal -0.999853 -0.017173 0
    outer loop
      vertex 50.1151 101.278 1
      vertex 50.1106 101.54 1.5
      vertex 50.1106 101.54 1
    endloop
  endfacet
  facet normal -0.999853 -0.017173 0
    outer loop
      vertex 50.1106 101.54 1.5
      vertex 50.1151 101.278 1
      vertex 50.1151 101.278 1.5
    endloop
  endfacet
  facet normal -0.999722 -0.0235889 0
    outer loop
      vertex 50.1214 101.011 1
      vertex 50.1151 101.278 1.5
      vertex 50.1151 101.278 1
    endloop
  endfacet
  facet normal -0.999722 -0.0235889 0
    outer loop
      vertex 50.1151 101.278 1.5
      vertex 50.1214 101.011 1
      vertex 50.1214 101.011 1.5
    endloop
  endfacet
  facet normal -0.999538 -0.0303889 0
    outer loop
      vertex 50.1297 100.738 1
      vertex 50.1214 101.011 1.5
      vertex 50.1214 101.011 1
    endloop
  endfacet
  facet normal -0.999538 -0.0303889 0
    outer loop
      vertex 50.1214 101.011 1.5
      vertex 50.1297 100.738 1
      vertex 50.1297 100.738 1.5
    endloop
  endfacet
  facet normal -0.999298 -0.0374737 0
    outer loop
      vertex 50.1402 100.458 1
      vertex 50.1297 100.738 1.5
      vertex 50.1297 100.738 1
    endloop
  endfacet
  facet normal -0.999298 -0.0374737 0
    outer loop
      vertex 50.1297 100.738 1.5
      vertex 50.1402 100.458 1
      vertex 50.1402 100.458 1.5
    endloop
  endfacet
  facet normal -0.999031 -0.0440133 0
    outer loop
      vertex 50.1528 100.172 1
      vertex 50.1402 100.458 1.5
      vertex 50.1402 100.458 1
    endloop
  endfacet
  facet normal -0.999031 -0.0440133 0
    outer loop
      vertex 50.1402 100.458 1.5
      vertex 50.1528 100.172 1
      vertex 50.1528 100.172 1.5
    endloop
  endfacet
  facet normal -0.998705 -0.0508742 0
    outer loop
      vertex 50.1677 99.8795 1
      vertex 50.1528 100.172 1.5
      vertex 50.1528 100.172 1
    endloop
  endfacet
  facet normal -0.998705 -0.0508742 0
    outer loop
      vertex 50.1528 100.172 1.5
      vertex 50.1677 99.8795 1
      vertex 50.1677 99.8795 1.5
    endloop
  endfacet
  facet normal -0.998341 -0.057571 0
    outer loop
      vertex 50.185 99.5795 1
      vertex 50.1677 99.8795 1.5
      vertex 50.1677 99.8795 1
    endloop
  endfacet
  facet normal -0.998341 -0.057571 0
    outer loop
      vertex 50.1677 99.8795 1.5
      vertex 50.185 99.5795 1
      vertex 50.185 99.5795 1.5
    endloop
  endfacet
  facet normal 0 1 -0
    outer loop
      vertex 50.185 99.5795 1
      vertex 50.1628 99.5795 1.5
      vertex 50.185 99.5795 1.5
    endloop
  endfacet
  facet normal 0 1 0
    outer loop
      vertex 50.1628 99.5795 1.5
      vertex 50.185 99.5795 1
      vertex 50.1628 99.5795 1
    endloop
  endfacet
  facet normal 0.984254 0.17676 0
    outer loop
      vertex 50.1628 99.5795 1.5
      vertex 50.1123 99.8607 1
      vertex 50.1123 99.8607 1.5
    endloop
  endfacet
  facet normal 0.984254 0.17676 0
    outer loop
      vertex 50.1123 99.8607 1
      vertex 50.1628 99.5795 1.5
      vertex 50.1628 99.5795 1
    endloop
  endfacet
  facet normal 0.982233 0.187664 0
    outer loop
      vertex 50.1123 99.8607 1.5
      vertex 50.0576 100.147 1
      vertex 50.0576 100.147 1.5
    endloop
  endfacet
  facet normal 0.982233 0.187664 0
    outer loop
      vertex 50.0576 100.147 1
      vertex 50.1123 99.8607 1.5
      vertex 50.1123 99.8607 1
    endloop
  endfacet
  facet normal 0.980581 0.196116 0
    outer loop
      vertex 50.0576 100.147 1.5
      vertex 49.9994 100.438 1
      vertex 49.9994 100.438 1.5
    endloop
  endfacet
  facet normal 0.980581 0.196116 0
    outer loop
      vertex 49.9994 100.438 1
      vertex 50.0576 100.147 1.5
      vertex 50.0576 100.147 1
    endloop
  endfacet
  facet normal 0.978936 0.204168 0
    outer loop
      vertex 49.9994 100.438 1.5
      vertex 49.9385 100.73 1
      vertex 49.9385 100.73 1.5
    endloop
  endfacet
  facet normal 0.978936 0.204168 0
    outer loop
      vertex 49.9385 100.73 1
      vertex 49.9994 100.438 1.5
      vertex 49.9994 100.438 1
    endloop
  endfacet
  facet normal 0.977724 0.209894 0
    outer loop
      vertex 49.9385 100.73 1.5
      vertex 49.8756 101.023 1
      vertex 49.8756 101.023 1.5
    endloop
  endfacet
  facet normal 0.977724 0.209894 0
    outer loop
      vertex 49.8756 101.023 1
      vertex 49.9385 100.73 1.5
      vertex 49.9385 100.73 1
    endloop
  endfacet
  facet normal 0.976518 0.215438 0
    outer loop
      vertex 49.8756 101.023 1.5
      vertex 49.8114 101.314 1
      vertex 49.8114 101.314 1.5
    endloop
  endfacet
  facet normal 0.976518 0.215438 0
    outer loop
      vertex 49.8114 101.314 1
      vertex 49.8756 101.023 1.5
      vertex 49.8756 101.023 1
    endloop
  endfacet
  facet normal 0.975446 0.22024 0
    outer loop
      vertex 49.8114 101.314 1.5
      vertex 49.7466 101.601 1
      vertex 49.7466 101.601 1.5
    endloop
  endfacet
  facet normal 0.975446 0.22024 0
    outer loop
      vertex 49.7466 101.601 1
      vertex 49.8114 101.314 1.5
      vertex 49.8114 101.314 1
    endloop
  endfacet
  facet normal 0.974751 0.223294 0
    outer loop
      vertex 49.7466 101.601 1.5
      vertex 49.682 101.883 1
      vertex 49.682 101.883 1.5
    endloop
  endfacet
  facet normal 0.974751 0.223294 0
    outer loop
      vertex 49.682 101.883 1
      vertex 49.7466 101.601 1.5
      vertex 49.7466 101.601 1
    endloop
  endfacet
  facet normal 0.974024 0.226443 0
    outer loop
      vertex 49.682 101.883 1.5
      vertex 49.6183 102.157 1
      vertex 49.6183 102.157 1.5
    endloop
  endfacet
  facet normal 0.974024 0.226443 0
    outer loop
      vertex 49.6183 102.157 1
      vertex 49.682 101.883 1.5
      vertex 49.682 101.883 1
    endloop
  endfacet
  facet normal 0.97464 0.223777 0
    outer loop
      vertex 49.6183 102.157 1.5
      vertex 49.2739 103.657 1
      vertex 49.2739 103.657 1.5
    endloop
  endfacet
  facet normal 0.97464 0.223777 0
    outer loop
      vertex 49.2739 103.657 1
      vertex 49.6183 102.157 1.5
      vertex 49.6183 102.157 1
    endloop
  endfacet
  facet normal 0 1 -0
    outer loop
      vertex 49.2739 103.657 1
      vertex 47.6516 103.657 1.5
      vertex 49.2739 103.657 1.5
    endloop
  endfacet
  facet normal 0 1 0
    outer loop
      vertex 47.6516 103.657 1.5
      vertex 49.2739 103.657 1
      vertex 47.6516 103.657 1
    endloop
  endfacet
  facet normal -1 0 0
    outer loop
      vertex 47.6516 95.5 1
      vertex 47.6516 103.657 1.5
      vertex 47.6516 103.657 1
    endloop
  endfacet
  facet normal -1 -0 0
    outer loop
      vertex 47.6516 103.657 1.5
      vertex 47.6516 95.5 1
      vertex 47.6516 95.5 1.5
    endloop
  endfacet
  facet normal 1 -0 0
    outer loop
      vertex 49.1516 95.5 1.5
      vertex 49.1516 96.9461 1
      vertex 49.1516 96.9461 1.5
    endloop
  endfacet
  facet normal 1 0 0
    outer loop
      vertex 49.1516 96.9461 1
      vertex 49.1516 95.5 1.5
      vertex 49.1516 95.5 1
    endloop
  endfacet
  facet normal 1 3.23541e-05 0
    outer loop
      vertex 39.3731 95.5 1.5
      vertex 39.373 98.5908 1
      vertex 39.373 98.5908 1.5
    endloop
  endfacet
  facet normal 1 3.23541e-05 0
    outer loop
      vertex 39.373 98.5908 1
      vertex 39.3731 95.5 1.5
      vertex 39.3731 95.5 1
    endloop
  endfacet
  facet normal 1 0.000402576 0
    outer loop
      vertex 39.373 98.5908 1.5
      vertex 39.3729 98.8392 1
      vertex 39.3729 98.8392 1.5
    endloop
  endfacet
  facet normal 1 0.000402576 0
    outer loop
      vertex 39.3729 98.8392 1
      vertex 39.373 98.5908 1.5
      vertex 39.373 98.5908 1
    endloop
  endfacet
  facet normal 1 0.000813008 0
    outer loop
      vertex 39.3729 98.8392 1.5
      vertex 39.3727 99.0852 1
      vertex 39.3727 99.0852 1.5
    endloop
  endfacet
  facet normal 1 0.000813008 0
    outer loop
      vertex 39.3727 99.0852 1
      vertex 39.3729 98.8392 1.5
      vertex 39.3729 98.8392 1
    endloop
  endfacet
  facet normal 0.999997 0.00252524 0
    outer loop
      vertex 39.3727 99.0852 1.5
      vertex 39.3721 99.3228 1
      vertex 39.3721 99.3228 1.5
    endloop
  endfacet
  facet normal 0.999997 0.00252524 0
    outer loop
      vertex 39.3721 99.3228 1
      vertex 39.3727 99.0852 1.5
      vertex 39.3727 99.0852 1
    endloop
  endfacet
  facet normal 0.999992 0.00403946 0
    outer loop
      vertex 39.3721 99.3228 1.5
      vertex 39.3712 99.5456 1
      vertex 39.3712 99.5456 1.5
    endloop
  endfacet
  facet normal 0.999992 0.00403946 0
    outer loop
      vertex 39.3712 99.5456 1
      vertex 39.3721 99.3228 1.5
      vertex 39.3721 99.3228 1
    endloop
  endfacet
  facet normal 0.999976 0.00692367 0
    outer loop
      vertex 39.3712 99.5456 1.5
      vertex 39.3698 99.7478 1
      vertex 39.3698 99.7478 1.5
    endloop
  endfacet
  facet normal 0.999976 0.00692367 0
    outer loop
      vertex 39.3698 99.7478 1
      vertex 39.3712 99.5456 1.5
      vertex 39.3712 99.5456 1
    endloop
  endfacet
  facet normal 0.999935 0.0114148 0
    outer loop
      vertex 39.3698 99.7478 1.5
      vertex 39.3678 99.923 1
      vertex 39.3678 99.923 1.5
    endloop
  endfacet
  facet normal 0.999935 0.0114148 0
    outer loop
      vertex 39.3678 99.923 1
      vertex 39.3698 99.7478 1.5
      vertex 39.3698 99.7478 1
    endloop
  endfacet
  facet normal 0.999832 0.0183068 0
    outer loop
      vertex 39.3678 99.923 1.5
      vertex 39.3652 100.065 1
      vertex 39.3652 100.065 1.5
    endloop
  endfacet
  facet normal 0.999832 0.0183068 0
    outer loop
      vertex 39.3652 100.065 1
      vertex 39.3678 99.923 1.5
      vertex 39.3678 99.923 1
    endloop
  endfacet
  facet normal 0.999487 0.0320224 0
    outer loop
      vertex 39.3652 100.065 1.5
      vertex 39.3619 100.168 1
      vertex 39.3619 100.168 1.5
    endloop
  endfacet
  facet normal 0.999487 0.0320224 0
    outer loop
      vertex 39.3619 100.168 1
      vertex 39.3652 100.065 1.5
      vertex 39.3652 100.065 1
    endloop
  endfacet
  facet normal 0 -1 0
    outer loop
      vertex 39.3619 100.168 1
      vertex 39.3842 100.168 1.5
      vertex 39.3619 100.168 1.5
    endloop
  endfacet
  facet normal 0 -1 -0
    outer loop
      vertex 39.3842 100.168 1.5
      vertex 39.3619 100.168 1
      vertex 39.3842 100.168 1
    endloop
  endfacet
  facet normal -0.99637 -0.0851241 0
    outer loop
      vertex 39.4086 99.8824 1
      vertex 39.3842 100.168 1.5
      vertex 39.3842 100.168 1
    endloop
  endfacet
  facet normal -0.99637 -0.0851241 0
    outer loop
      vertex 39.3842 100.168 1.5
      vertex 39.4086 99.8824 1
      vertex 39.4086 99.8824 1.5
    endloop
  endfacet
  facet normal -0.996362 -0.0852229 0
    outer loop
      vertex 39.4303 99.6287 1
      vertex 39.4086 99.8824 1.5
      vertex 39.4086 99.8824 1
    endloop
  endfacet
  facet normal -0.996362 -0.0852229 0
    outer loop
      vertex 39.4086 99.8824 1.5
      vertex 39.4303 99.6287 1
      vertex 39.4303 99.6287 1.5
    endloop
  endfacet
  facet normal -0.996229 -0.0867627 0
    outer loop
      vertex 39.45 99.4025 1
      vertex 39.4303 99.6287 1.5
      vertex 39.4303 99.6287 1
    endloop
  endfacet
  facet normal -0.996229 -0.0867627 0
    outer loop
      vertex 39.4303 99.6287 1.5
      vertex 39.45 99.4025 1
      vertex 39.45 99.4025 1.5
    endloop
  endfacet
  facet normal -0.995933 -0.0900943 0
    outer loop
      vertex 39.4684 99.1991 1
      vertex 39.45 99.4025 1.5
      vertex 39.45 99.4025 1
    endloop
  endfacet
  facet normal -0.995933 -0.0900943 0
    outer loop
      vertex 39.45 99.4025 1.5
      vertex 39.4684 99.1991 1
      vertex 39.4684 99.1991 1.5
    endloop
  endfacet
  facet normal -0.995524 -0.094505 0
    outer loop
      vertex 39.486 99.0137 1
      vertex 39.4684 99.1991 1.5
      vertex 39.4684 99.1991 1
    endloop
  endfacet
  facet normal -0.995524 -0.094505 0
    outer loop
      vertex 39.4684 99.1991 1.5
      vertex 39.486 99.0137 1
      vertex 39.486 99.0137 1.5
    endloop
  endfacet
  facet normal -0.99487 -0.101163 0
    outer loop
      vertex 39.5035 98.8416 1
      vertex 39.486 99.0137 1.5
      vertex 39.486 99.0137 1
    endloop
  endfacet
  facet normal -0.99487 -0.101163 0
    outer loop
      vertex 39.486 99.0137 1.5
      vertex 39.5035 98.8416 1
      vertex 39.5035 98.8416 1.5
    endloop
  endfacet
  facet normal -0.993935 -0.109965 0
    outer loop
      vertex 39.5216 98.678 1
      vertex 39.5035 98.8416 1.5
      vertex 39.5035 98.8416 1
    endloop
  endfacet
  facet normal -0.993935 -0.109965 0
    outer loop
      vertex 39.5035 98.8416 1.5
      vertex 39.5216 98.678 1
      vertex 39.5216 98.678 1.5
    endloop
  endfacet
  facet normal -0.992794 -0.119831 0
    outer loop
      vertex 39.5409 98.5181 1
      vertex 39.5216 98.678 1.5
      vertex 39.5216 98.678 1
    endloop
  endfacet
  facet normal -0.992794 -0.119831 0
    outer loop
      vertex 39.5216 98.678 1.5
      vertex 39.5409 98.5181 1
      vertex 39.5409 98.5181 1.5
    endloop
  endfacet
  facet normal -0.9915 -0.130104 0
    outer loop
      vertex 39.562 98.3573 1
      vertex 39.5409 98.5181 1.5
      vertex 39.5409 98.5181 1
    endloop
  endfacet
  facet normal -0.9915 -0.130104 0
    outer loop
      vertex 39.5409 98.5181 1.5
      vertex 39.562 98.3573 1
      vertex 39.562 98.3573 1.5
    endloop
  endfacet
  facet normal -0.990767 -0.135579 0
    outer loop
      vertex 39.953 95.5 1
      vertex 39.562 98.3573 1.5
      vertex 39.562 98.3573 1
    endloop
  endfacet
  facet normal -0.990767 -0.135579 0
    outer loop
      vertex 39.562 98.3573 1.5
      vertex 39.953 95.5 1
      vertex 39.953 95.5 1.5
    endloop
  endfacet
  facet normal 0.990762 -0.135613 0
    outer loop
      vertex 40.8042 95.5 1.5
      vertex 41.1953 98.3573 1
      vertex 41.1953 98.3573 1.5
    endloop
  endfacet
  facet normal 0.990762 -0.135613 0
    outer loop
      vertex 41.1953 98.3573 1
      vertex 40.8042 95.5 1.5
      vertex 40.8042 95.5 1
    endloop
  endfacet
  facet normal 0.991734 -0.128307 0
    outer loop
      vertex 41.1953 98.3573 1.5
      vertex 41.2171 98.5258 1
      vertex 41.2171 98.5258 1.5
    endloop
  endfacet
  facet normal 0.991734 -0.128307 0
    outer loop
      vertex 41.2171 98.5258 1
      vertex 41.1953 98.3573 1.5
      vertex 41.1953 98.3573 1
    endloop
  endfacet
  facet normal 0.993147 -0.116873 0
    outer loop
      vertex 41.2171 98.5258 1.5
      vertex 41.2382 98.7051 1
      vertex 41.2382 98.7051 1.5
    endloop
  endfacet
  facet normal 0.993147 -0.116873 0
    outer loop
      vertex 41.2382 98.7051 1
      vertex 41.2171 98.5258 1.5
      vertex 41.2171 98.5258 1
    endloop
  endfacet
  facet normal 0.994181 -0.10772 0
    outer loop
      vertex 41.2382 98.7051 1.5
      vertex 41.2587 98.8943 1
      vertex 41.2587 98.8943 1.5
    endloop
  endfacet
  facet normal 0.994181 -0.10772 0
    outer loop
      vertex 41.2587 98.8943 1
      vertex 41.2382 98.7051 1.5
      vertex 41.2382 98.7051 1
    endloop
  endfacet
  facet normal 0.994997 -0.0999013 0
    outer loop
      vertex 41.2587 98.8943 1.5
      vertex 41.2786 99.0925 1
      vertex 41.2786 99.0925 1.5
    endloop
  endfacet
  facet normal 0.994997 -0.0999013 0
    outer loop
      vertex 41.2786 99.0925 1
      vertex 41.2587 98.8943 1.5
      vertex 41.2587 98.8943 1
    endloop
  endfacet
  facet normal 0.995612 -0.0935798 0
    outer loop
      vertex 41.2786 99.0925 1.5
      vertex 41.298 99.2989 1
      vertex 41.298 99.2989 1.5
    endloop
  endfacet
  facet normal 0.995612 -0.0935798 0
    outer loop
      vertex 41.298 99.2989 1
      vertex 41.2786 99.0925 1.5
      vertex 41.2786 99.0925 1
    endloop
  endfacet
  facet normal 0.996037 -0.0889402 0
    outer loop
      vertex 41.298 99.2989 1.5
      vertex 41.3171 99.5128 1
      vertex 41.3171 99.5128 1.5
    endloop
  endfacet
  facet normal 0.996037 -0.0889402 0
    outer loop
      vertex 41.3171 99.5128 1
      vertex 41.298 99.2989 1.5
      vertex 41.298 99.2989 1
    endloop
  endfacet
  facet normal 0.996382 -0.0849908 0
    outer loop
      vertex 41.3171 99.5128 1.5
      vertex 41.3359 99.7332 1
      vertex 41.3359 99.7332 1.5
    endloop
  endfacet
  facet normal 0.996382 -0.0849908 0
    outer loop
      vertex 41.3359 99.7332 1
      vertex 41.3171 99.5128 1.5
      vertex 41.3171 99.5128 1
    endloop
  endfacet
  facet normal 0.996636 -0.0819515 0
    outer loop
      vertex 41.3359 99.7332 1.5
      vertex 41.3545 99.9594 1
      vertex 41.3545 99.9594 1.5
    endloop
  endfacet
  facet normal 0.996636 -0.0819515 0
    outer loop
      vertex 41.3545 99.9594 1
      vertex 41.3359 99.7332 1.5
      vertex 41.3359 99.7332 1
    endloop
  endfacet
  facet normal 0.996791 -0.0800531 0
    outer loop
      vertex 41.3545 99.9594 1.5
      vertex 41.3731 100.191 1
      vertex 41.3731 100.191 1.5
    endloop
  endfacet
  facet normal 0.996791 -0.0800531 0
    outer loop
      vertex 41.3731 100.191 1
      vertex 41.3545 99.9594 1.5
      vertex 41.3545 99.9594 1
    endloop
  endfacet
  facet normal 0 -1 0
    outer loop
      vertex 41.3731 100.191 1
      vertex 41.3953 100.191 1.5
      vertex 41.3731 100.191 1.5
    endloop
  endfacet
  facet normal 0 -1 -0
    outer loop
      vertex 41.3953 100.191 1.5
      vertex 41.3731 100.191 1
      vertex 41.3953 100.191 1
    endloop
  endfacet
  facet normal -0.999997 0.00242424 0
    outer loop
      vertex 41.3949 100.026 1
      vertex 41.3953 100.191 1.5
      vertex 41.3953 100.191 1
    endloop
  endfacet
  facet normal -0.999997 0.00242424 0
    outer loop
      vertex 41.3953 100.191 1.5
      vertex 41.3949 100.026 1
      vertex 41.3949 100.026 1.5
    endloop
  endfacet
  facet normal -0.999985 0.00552783 0
    outer loop
      vertex 41.3939 99.8451 1
      vertex 41.3949 100.026 1.5
      vertex 41.3949 100.026 1
    endloop
  endfacet
  facet normal -0.999985 0.00552783 0
    outer loop
      vertex 41.3949 100.026 1.5
      vertex 41.3939 99.8451 1
      vertex 41.3939 99.8451 1.5
    endloop
  endfacet
  facet normal -0.99997 0.00771185 0
    outer loop
      vertex 41.3924 99.6506 1
      vertex 41.3939 99.8451 1.5
      vertex 41.3939 99.8451 1
    endloop
  endfacet
  facet normal -0.99997 0.00771185 0
    outer loop
      vertex 41.3939 99.8451 1.5
      vertex 41.3924 99.6506 1
      vertex 41.3924 99.6506 1.5
    endloop
  endfacet
  facet normal -0.999963 0.00858747 0
    outer loop
      vertex 41.3888 99.2314 1
      vertex 41.3924 99.6506 1.5
      vertex 41.3924 99.6506 1
    endloop
  endfacet
  facet normal -0.999963 0.00858747 0
    outer loop
      vertex 41.3924 99.6506 1.5
      vertex 41.3888 99.2314 1
      vertex 41.3888 99.2314 1.5
    endloop
  endfacet
  facet normal -0.99997 0.00774464 0
    outer loop
      vertex 41.3871 99.0119 1
      vertex 41.3888 99.2314 1.5
      vertex 41.3888 99.2314 1
    endloop
  endfacet
  facet normal -0.99997 0.00774464 0
    outer loop
      vertex 41.3888 99.2314 1.5
      vertex 41.3871 99.0119 1
      vertex 41.3871 99.0119 1.5
    endloop
  endfacet
  facet normal -0.999977 0.00674445 0
    outer loop
      vertex 41.3856 98.7895 1
      vertex 41.3871 99.0119 1.5
      vertex 41.3871 99.0119 1
    endloop
  endfacet
  facet normal -0.999977 0.00674445 0
    outer loop
      vertex 41.3871 99.0119 1.5
      vertex 41.3856 98.7895 1
      vertex 41.3856 98.7895 1.5
    endloop
  endfacet
  facet normal -0.99999 0.00448829 0
    outer loop
      vertex 41.3846 98.5667 1
      vertex 41.3856 98.7895 1.5
      vertex 41.3856 98.7895 1
    endloop
  endfacet
  facet normal -0.99999 0.00448829 0
    outer loop
      vertex 41.3856 98.7895 1.5
      vertex 41.3846 98.5667 1
      vertex 41.3846 98.5667 1.5
    endloop
  endfacet
  facet normal -0.999998 0.00181323 0
    outer loop
      vertex 41.3842 98.3461 1
      vertex 41.3846 98.5667 1.5
      vertex 41.3846 98.5667 1
    endloop
  endfacet
  facet normal -0.999998 0.00181323 0
    outer loop
      vertex 41.3846 98.5667 1.5
      vertex 41.3842 98.3461 1
      vertex 41.3842 98.3461 1.5
    endloop
  endfacet
  facet normal -1 0 0
    outer loop
      vertex 41.3842 95.5 1
      vertex 41.3842 98.3461 1.5
      vertex 41.3842 98.3461 1
    endloop
  endfacet
  facet normal -1 -0 0
    outer loop
      vertex 41.3842 98.3461 1.5
      vertex 41.3842 95.5 1
      vertex 41.3842 95.5 1.5
    endloop
  endfacet
  facet normal 1 -0 0
    outer loop
      vertex 43.0287 95.5 1.5
      vertex 43.0287 103.657 1
      vertex 43.0287 103.657 1.5
    endloop
  endfacet
  facet normal 1 0 0
    outer loop
      vertex 43.0287 103.657 1
      vertex 43.0287 95.5 1.5
      vertex 43.0287 95.5 1
    endloop
  endfacet
  facet normal 0 1 -0
    outer loop
      vertex 43.0287 103.657 1
      vertex 40.9731 103.657 1.5
      vertex 43.0287 103.657 1.5
    endloop
  endfacet
  facet normal 0 1 0
    outer loop
      vertex 40.9731 103.657 1.5
      vertex 43.0287 103.657 1
      vertex 40.9731 103.657 1
    endloop
  endfacet
  facet normal -0.994365 0.106013 0
    outer loop
      vertex 40.5064 99.2795 1
      vertex 40.9731 103.657 1.5
      vertex 40.9731 103.657 1
    endloop
  endfacet
  facet normal -0.994365 0.106013 0
    outer loop
      vertex 40.9731 103.657 1.5
      vertex 40.5064 99.2795 1
      vertex 40.5064 99.2795 1.5
    endloop
  endfacet
  facet normal 0 1 -0
    outer loop
      vertex 40.5064 99.2795 1
      vertex 40.4953 99.2795 1.5
      vertex 40.5064 99.2795 1.5
    endloop
  endfacet
  facet normal 0 1 0
    outer loop
      vertex 40.4953 99.2795 1.5
      vertex 40.5064 99.2795 1
      vertex 40.4953 99.2795 1
    endloop
  endfacet
  facet normal 0.994367 0.10599 0
    outer loop
      vertex 40.4953 99.2795 1.5
      vertex 40.0287 103.657 1
      vertex 40.0287 103.657 1.5
    endloop
  endfacet
  facet normal 0.994367 0.10599 0
    outer loop
      vertex 40.0287 103.657 1
      vertex 40.4953 99.2795 1.5
      vertex 40.4953 99.2795 1
    endloop
  endfacet
  facet normal 0 1 -0
    outer loop
      vertex 40.0287 103.657 1
      vertex 37.9619 103.657 1.5
      vertex 40.0287 103.657 1.5
    endloop
  endfacet
  facet normal 0 1 0
    outer loop
      vertex 37.9619 103.657 1.5
      vertex 40.0287 103.657 1
      vertex 37.9619 103.657 1
    endloop
  endfacet
  facet normal -1 0 0
    outer loop
      vertex 37.9619 95.5 1
      vertex 37.9619 103.657 1.5
      vertex 37.9619 103.657 1
    endloop
  endfacet
  facet normal -1 -0 0
    outer loop
      vertex 37.9619 103.657 1.5
      vertex 37.9619 95.5 1
      vertex 37.9619 95.5 1.5
    endloop
  endfacet
  facet normal 0 -1 0
    outer loop
      vertex 34.6028 102.146 1
      vertex 35.6251 102.146 1.5
      vertex 34.6028 102.146 1.5
    endloop
  endfacet
  facet normal 0 -1 -0
    outer loop
      vertex 35.6251 102.146 1.5
      vertex 34.6028 102.146 1
      vertex 35.6251 102.146 1
    endloop
  endfacet
  facet normal 1 -0 0
    outer loop
      vertex 35.6251 102.146 1.5
      vertex 35.6251 103.657 1
      vertex 35.6251 103.657 1.5
    endloop
  endfacet
  facet normal 1 0 0
    outer loop
      vertex 35.6251 103.657 1
      vertex 35.6251 102.146 1.5
      vertex 35.6251 102.146 1
    endloop
  endfacet
  facet normal 0 1 -0
    outer loop
      vertex 35.6251 103.657 1
      vertex 31.8251 103.657 1.5
      vertex 35.6251 103.657 1.5
    endloop
  endfacet
  facet normal 0 1 0
    outer loop
      vertex 31.8251 103.657 1.5
      vertex 35.6251 103.657 1
      vertex 31.8251 103.657 1
    endloop
  endfacet
  facet normal -1 0 0
    outer loop
      vertex 31.8251 102.146 1
      vertex 31.8251 103.657 1.5
      vertex 31.8251 103.657 1
    endloop
  endfacet
  facet normal -1 -0 0
    outer loop
      vertex 31.8251 103.657 1.5
      vertex 31.8251 102.146 1
      vertex 31.8251 102.146 1.5
    endloop
  endfacet
  facet normal 0 -1 0
    outer loop
      vertex 31.8251 102.146 1
      vertex 32.8473 102.146 1.5
      vertex 31.8251 102.146 1.5
    endloop
  endfacet
  facet normal 0 -1 -0
    outer loop
      vertex 32.8473 102.146 1.5
      vertex 31.8251 102.146 1
      vertex 32.8473 102.146 1
    endloop
  endfacet
  facet normal -1 0 0
    outer loop
      vertex 32.8473 95.5 1
      vertex 32.8473 102.146 1.5
      vertex 32.8473 102.146 1
    endloop
  endfacet
  facet normal -1 -0 0
    outer loop
      vertex 32.8473 102.146 1.5
      vertex 32.8473 95.5 1
      vertex 32.8473 95.5 1.5
    endloop
  endfacet
  facet normal 1 -0 0
    outer loop
      vertex 34.6028 95.5 1.5
      vertex 34.6028 102.146 1
      vertex 34.6028 102.146 1.5
    endloop
  endfacet
  facet normal 1 0 0
    outer loop
      vertex 34.6028 102.146 1
      vertex 34.6028 95.5 1.5
      vertex 34.6028 95.5 1
    endloop
  endfacet
  facet normal 0.999997 0.00233535 0
    outer loop
      vertex 29.2081 96.9461 1.5
      vertex 29.2076 97.1602 1
      vertex 29.2076 97.1602 1.5
    endloop
  endfacet
  facet normal 0.999997 0.00233535 0
    outer loop
      vertex 29.2076 97.1602 1
      vertex 29.2081 96.9461 1.5
      vertex 29.2081 96.9461 1
    endloop
  endfacet
  facet normal 0.999978 0.00661464 0
    outer loop
      vertex 29.2076 97.1602 1.5
      vertex 29.2059 97.4172 1
      vertex 29.2059 97.4172 1.5
    endloop
  endfacet
  facet normal 0.999978 0.00661464 0
    outer loop
      vertex 29.2059 97.4172 1
      vertex 29.2076 97.1602 1.5
      vertex 29.2076 97.1602 1
    endloop
  endfacet
  facet normal 0.999938 0.0111027 0
    outer loop
      vertex 29.2059 97.4172 1.5
      vertex 29.2027 97.7054 1
      vertex 29.2027 97.7054 1.5
    endloop
  endfacet
  facet normal 0.999938 0.0111027 0
    outer loop
      vertex 29.2027 97.7054 1
      vertex 29.2059 97.4172 1.5
      vertex 29.2059 97.4172 1
    endloop
  endfacet
  facet normal 0.999863 0.0165615 0
    outer loop
      vertex 29.2027 97.7054 1.5
      vertex 29.1976 98.0133 1
      vertex 29.1976 98.0133 1.5
    endloop
  endfacet
  facet normal 0.999863 0.0165615 0
    outer loop
      vertex 29.1976 98.0133 1
      vertex 29.2027 97.7054 1.5
      vertex 29.2027 97.7054 1
    endloop
  endfacet
  facet normal 0.999719 0.0237125 0
    outer loop
      vertex 29.1976 98.0133 1.5
      vertex 29.1901 98.3295 1
      vertex 29.1901 98.3295 1.5
    endloop
  endfacet
  facet normal 0.999719 0.0237125 0
    outer loop
      vertex 29.1901 98.3295 1
      vertex 29.1976 98.0133 1.5
      vertex 29.1976 98.0133 1
    endloop
  endfacet
  facet normal 0.99949 0.0319428 0
    outer loop
      vertex 29.1901 98.3295 1.5
      vertex 29.1801 98.6424 1
      vertex 29.1801 98.6424 1.5
    endloop
  endfacet
  facet normal 0.99949 0.0319428 0
    outer loop
      vertex 29.1801 98.6424 1
      vertex 29.1901 98.3295 1.5
      vertex 29.1901 98.3295 1
    endloop
  endfacet
  facet normal 0.999036 0.0439026 0
    outer loop
      vertex 29.1801 98.6424 1.5
      vertex 29.167 98.9405 1
      vertex 29.167 98.9405 1.5
    endloop
  endfacet
  facet normal 0.999036 0.0439026 0
    outer loop
      vertex 29.167 98.9405 1
      vertex 29.1801 98.6424 1.5
      vertex 29.1801 98.6424 1
    endloop
  endfacet
  facet normal 0.998161 0.0606171 0
    outer loop
      vertex 29.167 98.9405 1.5
      vertex 29.1505 99.2122 1
      vertex 29.1505 99.2122 1.5
    endloop
  endfacet
  facet normal 0.998161 0.0606171 0
    outer loop
      vertex 29.1505 99.2122 1
      vertex 29.167 98.9405 1.5
      vertex 29.167 98.9405 1
    endloop
  endfacet
  facet normal 0.996292 0.0860414 0
    outer loop
      vertex 29.1505 99.2122 1.5
      vertex 29.1303 99.4461 1
      vertex 29.1303 99.4461 1.5
    endloop
  endfacet
  facet normal 0.996292 0.0860414 0
    outer loop
      vertex 29.1303 99.4461 1
      vertex 29.1505 99.2122 1.5
      vertex 29.1505 99.2122 1
    endloop
  endfacet
  facet normal 0 -1 0
    outer loop
      vertex 29.1303 99.4461 1
      vertex 29.1525 99.4461 1.5
      vertex 29.1303 99.4461 1.5
    endloop
  endfacet
  facet normal 0 -1 -0
    outer loop
      vertex 29.1525 99.4461 1.5
      vertex 29.1303 99.4461 1
      vertex 29.1525 99.4461 1
    endloop
  endfacet
  facet normal -0.982748 -0.184949 0
    outer loop
      vertex 29.2083 99.1496 1
      vertex 29.1525 99.4461 1.5
      vertex 29.1525 99.4461 1
    endloop
  endfacet
  facet normal -0.982748 -0.184949 0
    outer loop
      vertex 29.1525 99.4461 1.5
      vertex 29.2083 99.1496 1
      vertex 29.2083 99.1496 1.5
    endloop
  endfacet
  facet normal -0.977298 -0.211871 0
    outer loop
      vertex 29.2713 98.859 1
      vertex 29.2083 99.1496 1.5
      vertex 29.2083 99.1496 1
    endloop
  endfacet
  facet normal -0.977298 -0.211871 0
    outer loop
      vertex 29.2083 99.1496 1.5
      vertex 29.2713 98.859 1
      vertex 29.2713 98.859 1.5
    endloop
  endfacet
  facet normal -0.971895 -0.235415 0
    outer loop
      vertex 29.3406 98.5729 1
      vertex 29.2713 98.859 1.5
      vertex 29.2713 98.859 1
    endloop
  endfacet
  facet normal -0.971895 -0.235415 0
    outer loop
      vertex 29.2713 98.859 1.5
      vertex 29.3406 98.5729 1
      vertex 29.3406 98.5729 1.5
    endloop
  endfacet
  facet normal -0.967159 -0.254174 0
    outer loop
      vertex 29.415 98.2898 1
      vertex 29.3406 98.5729 1.5
      vertex 29.3406 98.5729 1
    endloop
  endfacet
  facet normal -0.967159 -0.254174 0
    outer loop
      vertex 29.3406 98.5729 1.5
      vertex 29.415 98.2898 1
      vertex 29.415 98.2898 1.5
    endloop
  endfacet
  facet normal -0.963095 -0.269161 0
    outer loop
      vertex 29.4937 98.0082 1
      vertex 29.415 98.2898 1.5
      vertex 29.415 98.2898 1
    endloop
  endfacet
  facet normal -0.963095 -0.269161 0
    outer loop
      vertex 29.415 98.2898 1.5
      vertex 29.4937 98.0082 1
      vertex 29.4937 98.0082 1.5
    endloop
  endfacet
  facet normal -0.96016 -0.27945 0
    outer loop
      vertex 29.5756 97.7268 1
      vertex 29.4937 98.0082 1.5
      vertex 29.4937 98.0082 1
    endloop
  endfacet
  facet normal -0.96016 -0.27945 0
    outer loop
      vertex 29.4937 98.0082 1.5
      vertex 29.5756 97.7268 1
      vertex 29.5756 97.7268 1.5
    endloop
  endfacet
  facet normal -0.958606 -0.284735 0
    outer loop
      vertex 29.6596 97.444 1
      vertex 29.5756 97.7268 1.5
      vertex 29.5756 97.7268 1
    endloop
  endfacet
  facet normal -0.958606 -0.284735 0
    outer loop
      vertex 29.5756 97.7268 1.5
      vertex 29.6596 97.444 1
      vertex 29.6596 97.444 1.5
    endloop
  endfacet
  facet normal -0.958204 -0.286086 0
    outer loop
      vertex 29.7449 97.1583 1
      vertex 29.6596 97.444 1.5
      vertex 29.6596 97.444 1
    endloop
  endfacet
  facet normal -0.958204 -0.286086 0
    outer loop
      vertex 29.6596 97.444 1.5
      vertex 29.7449 97.1583 1
      vertex 29.7449 97.1583 1.5
    endloop
  endfacet
  facet normal -0.959244 -0.282578 0
    outer loop
      vertex 29.8303 96.8684 1
      vertex 29.7449 97.1583 1.5
      vertex 29.7449 97.1583 1
    endloop
  endfacet
  facet normal -0.959244 -0.282578 0
    outer loop
      vertex 29.7449 97.1583 1.5
      vertex 29.8303 96.8684 1
      vertex 29.8303 96.8684 1.5
    endloop
  endfacet
  facet normal -0.96124 -0.275714 0
    outer loop
      vertex 30.2228 95.5 1
      vertex 29.8303 96.8684 1.5
      vertex 29.8303 96.8684 1
    endloop
  endfacet
  facet normal -0.96124 -0.275714 0
    outer loop
      vertex 29.8303 96.8684 1.5
      vertex 30.2228 95.5 1
      vertex 30.2228 95.5 1.5
    endloop
  endfacet
  facet normal 1 -0 0
    outer loop
      vertex 31.6637 95.5 1.5
      vertex 31.6637 103.657 1
      vertex 31.6637 103.657 1.5
    endloop
  endfacet
  facet normal 1 0 0
    outer loop
      vertex 31.6637 103.657 1
      vertex 31.6637 95.5 1.5
      vertex 31.6637 95.5 1
    endloop
  endfacet
  facet normal 0 1 -0
    outer loop
      vertex 31.6637 103.657 1
      vertex 30.1637 103.657 1.5
      vertex 31.6637 103.657 1.5
    endloop
  endfacet
  facet normal 0 1 0
    outer loop
      vertex 30.1637 103.657 1.5
      vertex 31.6637 103.657 1
      vertex 30.1637 103.657 1
    endloop
  endfacet
  facet normal -1 0 0
    outer loop
      vertex 30.1637 102.046 1
      vertex 30.1637 103.657 1.5
      vertex 30.1637 103.657 1
    endloop
  endfacet
  facet normal -1 -0 0
    outer loop
      vertex 30.1637 103.657 1.5
      vertex 30.1637 102.046 1
      vertex 30.1637 102.046 1.5
    endloop
  endfacet
  facet normal -0.999995 -0.00318723 0
    outer loop
      vertex 30.1645 101.795 1
      vertex 30.1637 102.046 1.5
      vertex 30.1637 102.046 1
    endloop
  endfacet
  facet normal -0.999995 -0.00318723 0
    outer loop
      vertex 30.1637 102.046 1.5
      vertex 30.1645 101.795 1
      vertex 30.1645 101.795 1.5
    endloop
  endfacet
  facet normal -0.999948 -0.0101955 0
    outer loop
      vertex 30.1671 101.54 1
      vertex 30.1645 101.795 1.5
      vertex 30.1645 101.795 1
    endloop
  endfacet
  facet normal -0.999948 -0.0101955 0
    outer loop
      vertex 30.1645 101.795 1.5
      vertex 30.1671 101.54 1
      vertex 30.1671 101.54 1.5
    endloop
  endfacet
  facet normal -0.999859 -0.0167915 0
    outer loop
      vertex 30.1715 101.278 1
      vertex 30.1671 101.54 1.5
      vertex 30.1671 101.54 1
    endloop
  endfacet
  facet normal -0.999859 -0.0167915 0
    outer loop
      vertex 30.1671 101.54 1.5
      vertex 30.1715 101.278 1
      vertex 30.1715 101.278 1.5
    endloop
  endfacet
  facet normal -0.999722 -0.0235889 0
    outer loop
      vertex 30.1778 101.011 1
      vertex 30.1715 101.278 1.5
      vertex 30.1715 101.278 1
    endloop
  endfacet
  facet normal -0.999722 -0.0235889 0
    outer loop
      vertex 30.1715 101.278 1.5
      vertex 30.1778 101.011 1
      vertex 30.1778 101.011 1.5
    endloop
  endfacet
  facet normal -0.999538 -0.0303889 0
    outer loop
      vertex 30.1861 100.738 1
      vertex 30.1778 101.011 1.5
      vertex 30.1778 101.011 1
    endloop
  endfacet
  facet normal -0.999538 -0.0303889 0
    outer loop
      vertex 30.1778 101.011 1.5
      vertex 30.1861 100.738 1
      vertex 30.1861 100.738 1.5
    endloop
  endfacet
  facet normal -0.999298 -0.0374737 0
    outer loop
      vertex 30.1966 100.458 1
      vertex 30.1861 100.738 1.5
      vertex 30.1861 100.738 1
    endloop
  endfacet
  facet normal -0.999298 -0.0374737 0
    outer loop
      vertex 30.1861 100.738 1.5
      vertex 30.1966 100.458 1
      vertex 30.1966 100.458 1.5
    endloop
  endfacet
  facet normal -0.999031 -0.0440133 0
    outer loop
      vertex 30.2092 100.172 1
      vertex 30.1966 100.458 1.5
      vertex 30.1966 100.458 1
    endloop
  endfacet
  facet normal -0.999031 -0.0440133 0
    outer loop
      vertex 30.1966 100.458 1.5
      vertex 30.2092 100.172 1
      vertex 30.2092 100.172 1.5
    endloop
  endfacet
  facet normal -0.998705 -0.0508742 0
    outer loop
      vertex 30.2241 99.8795 1
      vertex 30.2092 100.172 1.5
      vertex 30.2092 100.172 1
    endloop
  endfacet
  facet normal -0.998705 -0.0508742 0
    outer loop
      vertex 30.2092 100.172 1.5
      vertex 30.2241 99.8795 1
      vertex 30.2241 99.8795 1.5
    endloop
  endfacet
  facet normal -0.998341 -0.057571 0
    outer loop
      vertex 30.2414 99.5795 1
      vertex 30.2241 99.8795 1.5
      vertex 30.2241 99.8795 1
    endloop
  endfacet
  facet normal -0.998341 -0.057571 0
    outer loop
      vertex 30.2241 99.8795 1.5
      vertex 30.2414 99.5795 1
      vertex 30.2414 99.5795 1.5
    endloop
  endfacet
  facet normal 0 1 -0
    outer loop
      vertex 30.2414 99.5795 1
      vertex 30.2192 99.5795 1.5
      vertex 30.2414 99.5795 1.5
    endloop
  endfacet
  facet normal 0 1 0
    outer loop
      vertex 30.2192 99.5795 1.5
      vertex 30.2414 99.5795 1
      vertex 30.2192 99.5795 1
    endloop
  endfacet
  facet normal 0.984254 0.17676 0
    outer loop
      vertex 30.2192 99.5795 1.5
      vertex 30.1687 99.8607 1
      vertex 30.1687 99.8607 1.5
    endloop
  endfacet
  facet normal 0.984254 0.17676 0
    outer loop
      vertex 30.1687 99.8607 1
      vertex 30.2192 99.5795 1.5
      vertex 30.2192 99.5795 1
    endloop
  endfacet
  facet normal 0.982233 0.187664 0
    outer loop
      vertex 30.1687 99.8607 1.5
      vertex 30.114 100.147 1
      vertex 30.114 100.147 1.5
    endloop
  endfacet
  facet normal 0.982233 0.187664 0
    outer loop
      vertex 30.114 100.147 1
      vertex 30.1687 99.8607 1.5
      vertex 30.1687 99.8607 1
    endloop
  endfacet
  facet normal 0.980581 0.196116 0
    outer loop
      vertex 30.114 100.147 1.5
      vertex 30.0558 100.438 1
      vertex 30.0558 100.438 1.5
    endloop
  endfacet
  facet normal 0.980581 0.196116 0
    outer loop
      vertex 30.0558 100.438 1
      vertex 30.114 100.147 1.5
      vertex 30.114 100.147 1
    endloop
  endfacet
  facet normal 0.978936 0.204168 0
    outer loop
      vertex 30.0558 100.438 1.5
      vertex 29.9949 100.73 1
      vertex 29.9949 100.73 1.5
    endloop
  endfacet
  facet normal 0.978936 0.204168 0
    outer loop
      vertex 29.9949 100.73 1
      vertex 30.0558 100.438 1.5
      vertex 30.0558 100.438 1
    endloop
  endfacet
  facet normal 0.977724 0.209894 0
    outer loop
      vertex 29.9949 100.73 1.5
      vertex 29.932 101.023 1
      vertex 29.932 101.023 1.5
    endloop
  endfacet
  facet normal 0.977724 0.209894 0
    outer loop
      vertex 29.932 101.023 1
      vertex 29.9949 100.73 1.5
      vertex 29.9949 100.73 1
    endloop
  endfacet
  facet normal 0.976518 0.215438 0
    outer loop
      vertex 29.932 101.023 1.5
      vertex 29.8678 101.314 1
      vertex 29.8678 101.314 1.5
    endloop
  endfacet
  facet normal 0.976518 0.215438 0
    outer loop
      vertex 29.8678 101.314 1
      vertex 29.932 101.023 1.5
      vertex 29.932 101.023 1
    endloop
  endfacet
  facet normal 0.975446 0.22024 0
    outer loop
      vertex 29.8678 101.314 1.5
      vertex 29.803 101.601 1
      vertex 29.803 101.601 1.5
    endloop
  endfacet
  facet normal 0.975446 0.22024 0
    outer loop
      vertex 29.803 101.601 1
      vertex 29.8678 101.314 1.5
      vertex 29.8678 101.314 1
    endloop
  endfacet
  facet normal 0.974751 0.223294 0
    outer loop
      vertex 29.803 101.601 1.5
      vertex 29.7384 101.883 1
      vertex 29.7384 101.883 1.5
    endloop
  endfacet
  facet normal 0.974751 0.223294 0
    outer loop
      vertex 29.7384 101.883 1
      vertex 29.803 101.601 1.5
      vertex 29.803 101.601 1
    endloop
  endfacet
  facet normal 0.974103 0.226106 0
    outer loop
      vertex 29.7384 101.883 1.5
      vertex 29.6748 102.157 1
      vertex 29.6748 102.157 1.5
    endloop
  endfacet
  facet normal 0.974103 0.226106 0
    outer loop
      vertex 29.6748 102.157 1
      vertex 29.7384 101.883 1.5
      vertex 29.7384 101.883 1
    endloop
  endfacet
  facet normal 0.974626 0.223839 0
    outer loop
      vertex 29.6748 102.157 1.5
      vertex 29.3303 103.657 1
      vertex 29.3303 103.657 1.5
    endloop
  endfacet
  facet normal 0.974626 0.223839 0
    outer loop
      vertex 29.3303 103.657 1
      vertex 29.6748 102.157 1.5
      vertex 29.6748 102.157 1
    endloop
  endfacet
  facet normal 0 1 -0
    outer loop
      vertex 29.3303 103.657 1
      vertex 27.7081 103.657 1.5
      vertex 29.3303 103.657 1.5
    endloop
  endfacet
  facet normal 0 1 0
    outer loop
      vertex 27.7081 103.657 1.5
      vertex 29.3303 103.657 1
      vertex 27.7081 103.657 1
    endloop
  endfacet
  facet normal -1 0 0
    outer loop
      vertex 27.7081 95.5 1
      vertex 27.7081 103.657 1.5
      vertex 27.7081 103.657 1
    endloop
  endfacet
  facet normal -1 -0 0
    outer loop
      vertex 27.7081 103.657 1.5
      vertex 27.7081 95.5 1
      vertex 27.7081 95.5 1.5
    endloop
  endfacet
  facet normal 1 -0 0
    outer loop
      vertex 29.2081 95.5 1.5
      vertex 29.2081 96.9461 1
      vertex 29.2081 96.9461 1.5
    endloop
  endfacet
  facet normal 1 0 0
    outer loop
      vertex 29.2081 96.9461 1
      vertex 29.2081 95.5 1.5
      vertex 29.2081 95.5 1
    endloop
  endfacet
  facet normal 0 1 -0
    outer loop
      vertex 37.5961 99.5239 1
      vertex 35.0517 99.5239 1.5
      vertex 37.5961 99.5239 1.5
    endloop
  endfacet
  facet normal 0 1 0
    outer loop
      vertex 35.0517 99.5239 1.5
      vertex 37.5961 99.5239 1
      vertex 35.0517 99.5239 1
    endloop
  endfacet
  facet normal -1 0 0
    outer loop
      vertex 35.0517 98.1017 1
      vertex 35.0517 99.5239 1.5
      vertex 35.0517 99.5239 1
    endloop
  endfacet
  facet normal -1 -0 0
    outer loop
      vertex 35.0517 99.5239 1.5
      vertex 35.0517 98.1017 1
      vertex 35.0517 98.1017 1.5
    endloop
  endfacet
  facet normal 0 -1 0
    outer loop
      vertex 35.0517 98.1017 1
      vertex 37.5961 98.1017 1.5
      vertex 35.0517 98.1017 1.5
    endloop
  endfacet
  facet normal 0 -1 -0
    outer loop
      vertex 37.5961 98.1017 1.5
      vertex 35.0517 98.1017 1
      vertex 37.5961 98.1017 1
    endloop
  endfacet
  facet normal 1 -0 0
    outer loop
      vertex 37.5961 98.1017 1.5
      vertex 37.5961 99.5239 1
      vertex 37.5961 99.5239 1.5
    endloop
  endfacet
  facet normal 1 0 0
    outer loop
      vertex 37.5961 99.5239 1
      vertex 37.5961 98.1017 1.5
      vertex 37.5961 98.1017 1
    endloop
  endfacet
  facet normal 0 1 -0
    outer loop
      vertex 75 95.5 1
      vertex 51.6072 95.5 1.5
      vertex 75 95.5 1.5
    endloop
  endfacet
  facet normal 0 1 0
    outer loop
      vertex 51.6072 95.5 1.5
      vertex 75 95.5 1
      vertex 51.6072 95.5 1
    endloop
  endfacet
  facet normal 0 1 -0
    outer loop
      vertex 23.153 95.5 1
      vertex 0 95.5 1.5
      vertex 23.153 95.5 1.5
    endloop
  endfacet
  facet normal 0 1 0
    outer loop
      vertex 0 95.5 1.5
      vertex 23.153 95.5 1
      vertex 0 95.5 1
    endloop
  endfacet
  facet normal 0 1 -0
    outer loop
      vertex 25.8576 95.5 1
      vertex 24.7934 95.5 1.5
      vertex 25.8576 95.5 1.5
    endloop
  endfacet
  facet normal 0 1 0
    outer loop
      vertex 24.7934 95.5 1.5
      vertex 25.8576 95.5 1
      vertex 24.7934 95.5 1
    endloop
  endfacet
  facet normal 0 1 -0
    outer loop
      vertex 27.7081 95.5 1
      vertex 27.6209 95.5 1.5
      vertex 27.7081 95.5 1.5
    endloop
  endfacet
  facet normal 0 1 0
    outer loop
      vertex 27.6209 95.5 1.5
      vertex 27.7081 95.5 1
      vertex 27.6209 95.5 1
    endloop
  endfacet
  facet normal 0 1 -0
    outer loop
      vertex 30.2228 95.5 1
      vertex 29.2081 95.5 1.5
      vertex 30.2228 95.5 1.5
    endloop
  endfacet
  facet normal 0 1 0
    outer loop
      vertex 29.2081 95.5 1.5
      vertex 30.2228 95.5 1
      vertex 29.2081 95.5 1
    endloop
  endfacet
  facet normal 0 1 -0
    outer loop
      vertex 32.8473 95.5 1
      vertex 31.6637 95.5 1.5
      vertex 32.8473 95.5 1.5
    endloop
  endfacet
  facet normal 0 1 0
    outer loop
      vertex 31.6637 95.5 1.5
      vertex 32.8473 95.5 1
      vertex 31.6637 95.5 1
    endloop
  endfacet
  facet normal 0 1 -0
    outer loop
      vertex 37.9619 95.5 1
      vertex 34.6028 95.5 1.5
      vertex 37.9619 95.5 1.5
    endloop
  endfacet
  facet normal 0 1 0
    outer loop
      vertex 34.6028 95.5 1.5
      vertex 37.9619 95.5 1
      vertex 34.6028 95.5 1
    endloop
  endfacet
  facet normal 0 1 -0
    outer loop
      vertex 39.953 95.5 1
      vertex 39.3731 95.5 1.5
      vertex 39.953 95.5 1.5
    endloop
  endfacet
  facet normal 0 1 0
    outer loop
      vertex 39.3731 95.5 1.5
      vertex 39.953 95.5 1
      vertex 39.3731 95.5 1
    endloop
  endfacet
  facet normal 0 1 -0
    outer loop
      vertex 41.3842 95.5 1
      vertex 40.8042 95.5 1.5
      vertex 41.3842 95.5 1.5
    endloop
  endfacet
  facet normal 0 1 0
    outer loop
      vertex 40.8042 95.5 1.5
      vertex 41.3842 95.5 1
      vertex 40.8042 95.5 1
    endloop
  endfacet
  facet normal 0 1 -0
    outer loop
      vertex 43.0965 95.5 1
      vertex 43.0287 95.5 1.5
      vertex 43.0965 95.5 1.5
    endloop
  endfacet
  facet normal 0 1 0
    outer loop
      vertex 43.0287 95.5 1.5
      vertex 43.0965 95.5 1
      vertex 43.0287 95.5 1
    endloop
  endfacet
  facet normal 0 1 -0
    outer loop
      vertex 45.8012 95.5 1
      vertex 44.737 95.5 1.5
      vertex 45.8012 95.5 1.5
    endloop
  endfacet
  facet normal 0 1 0
    outer loop
      vertex 44.737 95.5 1.5
      vertex 45.8012 95.5 1
      vertex 44.737 95.5 1
    endloop
  endfacet
  facet normal 0 1 -0
    outer loop
      vertex 47.6516 95.5 1
      vertex 47.5645 95.5 1.5
      vertex 47.6516 95.5 1.5
    endloop
  endfacet
  facet normal 0 1 0
    outer loop
      vertex 47.5645 95.5 1.5
      vertex 47.6516 95.5 1
      vertex 47.5645 95.5 1
    endloop
  endfacet
  facet normal 0 1 -0
    outer loop
      vertex 50.1664 95.5 1
      vertex 49.1516 95.5 1.5
      vertex 50.1664 95.5 1.5
    endloop
  endfacet
  facet normal 0 1 0
    outer loop
      vertex 49.1516 95.5 1.5
      vertex 50.1664 95.5 1
      vertex 49.1516 95.5 1
    endloop
  endfacet
  facet normal 0 -1 0
    outer loop
      vertex 0 94.5 1
      vertex 75 94.5 1.5
      vertex 0 94.5 1.5
    endloop
  endfacet
  facet normal 0 -1 -0
    outer loop
      vertex 75 94.5 1.5
      vertex 0 94.5 1
      vertex 75 94.5 1
    endloop
  endfacet
endsolid OpenSCAD_Model
