solid OpenSCAD_Model
  facet normal -0.98918 -0.146707 0
    outer loop
      vertex 0.0384216 1.60982 0
      vertex 0.0096283 1.80396 1
      vertex 0.0096283 1.80396 0
    endloop
  endfacet
  facet normal -0.98918 -0.146707 0
    outer loop
      vertex 0.0096283 1.80396 1
      vertex 0.0384216 1.60982 0
      vertex 0.0384216 1.60982 1
    endloop
  endfacet
  facet normal 1 0 0
    outer loop
      vertex 75 95.5 1.5
      vertex 75 94.5 1.5
      vertex 75 95.5 1
    endloop
  endfacet
  facet normal 1 -0 0
    outer loop
      vertex 75 95.5 1
      vertex 75 103 0
      vertex 75 103 1
    endloop
  endfacet
  facet normal 1 0 0
    outer loop
      vertex 75 94.5 1
      vertex 75 95.5 1
      vertex 75 94.5 1.5
    endloop
  endfacet
  facet normal 1 -0 0
    outer loop
      vertex 75 94.5 1
      vertex 75 103 0
      vertex 75 95.5 1
    endloop
  endfacet
  facet normal 1 0 0
    outer loop
      vertex 75 2 0
      vertex 75 94.5 1
      vertex 75 2 1
    endloop
  endfacet
  facet normal 1 0 0
    outer loop
      vertex 75 94.5 1
      vertex 75 2 0
      vertex 75 103 0
    endloop
  endfacet
  facet normal 0.857747 -0.514072 0
    outer loop
      vertex 74.6629 0.888855 1
      vertex 74.7638 1.05721 0
      vertex 74.7638 1.05721 1
    endloop
  endfacet
  facet normal 0.857747 -0.514072 0
    outer loop
      vertex 74.7638 1.05721 0
      vertex 74.6629 0.888855 1
      vertex 74.6629 0.888855 0
    endloop
  endfacet
  facet normal 0.970023 -0.243015 0
    outer loop
      vertex 74.9139 1.41942 1
      vertex 74.9616 1.60982 0
      vertex 74.9616 1.60982 1
    endloop
  endfacet
  facet normal 0.970023 -0.243015 0
    outer loop
      vertex 74.9616 1.60982 0
      vertex 74.9139 1.41942 1
      vertex 74.9139 1.41942 0
    endloop
  endfacet
  facet normal -0.970042 -0.242937 0
    outer loop
      vertex 0.0861053 1.41942 0
      vertex 0.0384216 1.60982 1
      vertex 0.0384216 1.60982 0
    endloop
  endfacet
  facet normal -0.970042 -0.242937 0
    outer loop
      vertex 0.0384216 1.60982 1
      vertex 0.0861053 1.41942 0
      vertex 0.0861053 1.41942 1
    endloop
  endfacet
  facet normal -0.998796 -0.0490548 0
    outer loop
      vertex 0.0096283 1.80396 0
      vertex 0 2 1
      vertex 0 2 0
    endloop
  endfacet
  facet normal -0.998796 -0.0490548 0
    outer loop
      vertex 0 2 1
      vertex 0.0096283 1.80396 0
      vertex 0.0096283 1.80396 1
    endloop
  endfacet
  facet normal 0.739986 0.672622 0
    outer loop
      vertex 74.546 104.269 1
      vertex 74.4142 104.414 0
      vertex 74.4142 104.414 1
    endloop
  endfacet
  facet normal 0.739986 0.672622 0
    outer loop
      vertex 74.4142 104.414 0
      vertex 74.546 104.269 1
      vertex 74.546 104.269 0
    endloop
  endfacet
  facet normal 0.998803 -0.048911 0
    outer loop
      vertex 74.9904 1.80396 1
      vertex 75 2 0
      vertex 75 2 1
    endloop
  endfacet
  facet normal 0.998803 -0.048911 0
    outer loop
      vertex 75 2 0
      vertex 74.9904 1.80396 1
      vertex 74.9904 1.80396 0
    endloop
  endfacet
  facet normal 0.857268 0.514871 0
    outer loop
      vertex 74.7638 103.943 1
      vertex 74.6629 104.111 0
      vertex 74.6629 104.111 1
    endloop
  endfacet
  facet normal 0.857268 0.514871 0
    outer loop
      vertex 74.6629 104.111 0
      vertex 74.7638 103.943 1
      vertex 74.7638 103.943 0
    endloop
  endfacet
  facet normal -0.739933 0.672681 0
    outer loop
      vertex 0.453964 104.269 0
      vertex 0.585785 104.414 1
      vertex 0.585785 104.414 0
    endloop
  endfacet
  facet normal -0.739933 0.672681 0
    outer loop
      vertex 0.585785 104.414 1
      vertex 0.453964 104.269 0
      vertex 0.453964 104.269 1
    endloop
  endfacet
  facet normal -0.857733 -0.514095 0
    outer loop
      vertex 0.337051 0.888855 0
      vertex 0.236145 1.05721 1
      vertex 0.236145 1.05721 0
    endloop
  endfacet
  facet normal -0.857733 -0.514095 0
    outer loop
      vertex 0.236145 1.05721 1
      vertex 0.337051 0.888855 0
      vertex 0.337051 0.888855 1
    endloop
  endfacet
  facet normal 0 1 -0
    outer loop
      vertex 73 105 0
      vertex 2 105 1
      vertex 73 105 1
    endloop
  endfacet
  facet normal 0 1 0
    outer loop
      vertex 2 105 1
      vertex 73 105 0
      vertex 2 105 0
    endloop
  endfacet
  facet normal 0.514571 0.857448 -0
    outer loop
      vertex 74.1111 104.663 0
      vertex 73.9428 104.764 1
      vertex 74.1111 104.663 1
    endloop
  endfacet
  facet normal 0.514571 0.857448 0
    outer loop
      vertex 73.9428 104.764 1
      vertex 74.1111 104.663 0
      vertex 73.9428 104.764 0
    endloop
  endfacet
  facet normal -0.998796 0.0490648 0
    outer loop
      vertex 0 103 0
      vertex 0.0096283 103.196 1
      vertex 0.0096283 103.196 0
    endloop
  endfacet
  facet normal -0.998796 0.0490648 0
    outer loop
      vertex 0.0096283 103.196 1
      vertex 0 103 0
      vertex 0 103 1
    endloop
  endfacet
  facet normal 0.998803 0.0489209 0
    outer loop
      vertex 75 103 1
      vertex 74.9904 103.196 0
      vertex 74.9904 103.196 1
    endloop
  endfacet
  facet normal 0.998803 0.0489209 0
    outer loop
      vertex 74.9904 103.196 0
      vertex 75 103 1
      vertex 75 103 0
    endloop
  endfacet
  facet normal -1 0 0
    outer loop
      vertex 0 103 0
      vertex 0 95.5 1
      vertex 0 103 1
    endloop
  endfacet
  facet normal -1 0 0
    outer loop
      vertex 0 95.5 1
      vertex 0 94.5 1
      vertex 0 95.5 1.5
    endloop
  endfacet
  facet normal -1 0 0
    outer loop
      vertex 0 103 0
      vertex 0 94.5 1
      vertex 0 95.5 1
    endloop
  endfacet
  facet normal -1 0 0
    outer loop
      vertex 0 2 0
      vertex 0 94.5 1
      vertex 0 103 0
    endloop
  endfacet
  facet normal -1 -0 0
    outer loop
      vertex 0 94.5 1
      vertex 0 2 0
      vertex 0 2 1
    endloop
  endfacet
  facet normal -1 -0 0
    outer loop
      vertex 0 95.5 1.5
      vertex 0 94.5 1
      vertex 0 94.5 1.5
    endloop
  endfacet
  facet normal -0.672125 0.740438 0
    outer loop
      vertex 0.731201 104.546 0
      vertex 0.585785 104.414 1
      vertex 0.731201 104.546 1
    endloop
  endfacet
  facet normal -0.672125 0.740438 0
    outer loop
      vertex 0.585785 104.414 1
      vertex 0.731201 104.546 0
      vertex 0.585785 104.414 0
    endloop
  endfacet
  facet normal -0.671625 -0.740891 0
    outer loop
      vertex 0.585785 0.585785 0
      vertex 0.731201 0.453964 1
      vertex 0.585785 0.585785 1
    endloop
  endfacet
  facet normal -0.671625 -0.740891 -0
    outer loop
      vertex 0.731201 0.453964 1
      vertex 0.585785 0.585785 0
      vertex 0.731201 0.453964 0
    endloop
  endfacet
  facet normal 0.98916 0.146844 0
    outer loop
      vertex 74.9904 103.196 1
      vertex 74.9616 103.39 0
      vertex 74.9616 103.39 1
    endloop
  endfacet
  facet normal 0.98916 0.146844 0
    outer loop
      vertex 74.9616 103.39 0
      vertex 74.9904 103.196 1
      vertex 74.9904 103.196 0
    endloop
  endfacet
  facet normal 0 -1 0
    outer loop
      vertex 2 0 0
      vertex 73 0 1
      vertex 2 0 1
    endloop
  endfacet
  facet normal 0 -1 -0
    outer loop
      vertex 73 0 1
      vertex 2 0 0
      vertex 73 0 0
    endloop
  endfacet
  facet normal -0.740891 -0.671625 0
    outer loop
      vertex 0.585785 0.585785 0
      vertex 0.453964 0.731201 1
      vertex 0.453964 0.731201 0
    endloop
  endfacet
  facet normal -0.740891 -0.671625 0
    outer loop
      vertex 0.453964 0.731201 1
      vertex 0.585785 0.585785 0
      vertex 0.585785 0.585785 1
    endloop
  endfacet
  facet normal 0.0490648 -0.998796 0
    outer loop
      vertex 73 0 0
      vertex 73.196 0.0096283 1
      vertex 73 0 1
    endloop
  endfacet
  facet normal 0.0490648 -0.998796 0
    outer loop
      vertex 73.196 0.0096283 1
      vertex 73 0 0
      vertex 73.196 0.0096283 0
    endloop
  endfacet
  facet normal -0.427935 0.903809 0
    outer loop
      vertex 1.23462 104.848 0
      vertex 1.05721 104.764 1
      vertex 1.23462 104.848 1
    endloop
  endfacet
  facet normal -0.427935 0.903809 0
    outer loop
      vertex 1.05721 104.764 1
      vertex 1.23462 104.848 0
      vertex 1.05721 104.764 0
    endloop
  endfacet
  facet normal -0.970222 0.242219 0
    outer loop
      vertex 0.0384216 103.39 0
      vertex 0.0861053 103.581 1
      vertex 0.0861053 103.581 0
    endloop
  endfacet
  facet normal -0.970222 0.242219 0
    outer loop
      vertex 0.0861053 103.581 1
      vertex 0.0384216 103.39 0
      vertex 0.0384216 103.39 1
    endloop
  endfacet
  facet normal 0.941419 -0.33724 0
    outer loop
      vertex 74.8477 1.23462 1
      vertex 74.9139 1.41942 0
      vertex 74.9139 1.41942 1
    endloop
  endfacet
  facet normal 0.941419 -0.33724 0
    outer loop
      vertex 74.9139 1.41942 0
      vertex 74.8477 1.23462 1
      vertex 74.8477 1.23462 0
    endloop
  endfacet
  facet normal 0.970202 0.242297 0
    outer loop
      vertex 74.9616 103.39 1
      vertex 74.9139 103.581 0
      vertex 74.9139 103.581 1
    endloop
  endfacet
  facet normal 0.970202 0.242297 0
    outer loop
      vertex 74.9139 103.581 0
      vertex 74.9616 103.39 1
      vertex 74.9616 103.39 0
    endloop
  endfacet
  facet normal -0.989165 0.146811 0
    outer loop
      vertex 0.0096283 103.196 0
      vertex 0.0384216 103.39 1
      vertex 0.0384216 103.39 0
    endloop
  endfacet
  facet normal -0.989165 0.146811 0
    outer loop
      vertex 0.0384216 103.39 1
      vertex 0.0096283 103.196 0
      vertex 0.0096283 103.196 1
    endloop
  endfacet
  facet normal -0.0490548 -0.998796 0
    outer loop
      vertex 1.80396 0.0096283 0
      vertex 2 0 1
      vertex 1.80396 0.0096283 1
    endloop
  endfacet
  facet normal -0.0490548 -0.998796 -0
    outer loop
      vertex 2 0 1
      vertex 1.80396 0.0096283 0
      vertex 2 0 0
    endloop
  endfacet
  facet normal -0.142749 0.989759 0
    outer loop
      vertex 1.80396 104.99 0
      vertex 1.60982 104.962 1
      vertex 1.80396 104.99 1
    endloop
  endfacet
  facet normal -0.142749 0.989759 0
    outer loop
      vertex 1.60982 104.962 1
      vertex 1.80396 104.99 0
      vertex 1.60982 104.962 0
    endloop
  endfacet
  facet normal -0.244452 0.969661 0
    outer loop
      vertex 1.60982 104.962 0
      vertex 1.41942 104.914 1
      vertex 1.60982 104.962 1
    endloop
  endfacet
  facet normal -0.244452 0.969661 0
    outer loop
      vertex 1.41942 104.914 1
      vertex 1.60982 104.962 0
      vertex 1.41942 104.914 0
    endloop
  endfacet
  facet normal -0.857254 0.514893 0
    outer loop
      vertex 0.236145 103.943 0
      vertex 0.337051 104.111 1
      vertex 0.337051 104.111 0
    endloop
  endfacet
  facet normal -0.857254 0.514893 0
    outer loop
      vertex 0.337051 104.111 1
      vertex 0.236145 103.943 0
      vertex 0.236145 103.943 1
    endloop
  endfacet
  facet normal 0.803891 0.594777 0
    outer loop
      vertex 74.6629 104.111 1
      vertex 74.546 104.269 0
      vertex 74.546 104.269 1
    endloop
  endfacet
  facet normal 0.803891 0.594777 0
    outer loop
      vertex 74.546 104.269 0
      vertex 74.6629 104.111 1
      vertex 74.6629 104.111 0
    endloop
  endfacet
  facet normal -0.146707 -0.98918 0
    outer loop
      vertex 1.60982 0.0384216 0
      vertex 1.80396 0.0096283 1
      vertex 1.60982 0.0384216 1
    endloop
  endfacet
  facet normal -0.146707 -0.98918 -0
    outer loop
      vertex 1.80396 0.0096283 1
      vertex 1.60982 0.0384216 0
      vertex 1.80396 0.0096283 0
    endloop
  endfacet
  facet normal -0.803859 0.59482 0
    outer loop
      vertex 0.337051 104.111 0
      vertex 0.453964 104.269 1
      vertex 0.453964 104.269 0
    endloop
  endfacet
  facet normal -0.803859 0.59482 0
    outer loop
      vertex 0.453964 104.269 1
      vertex 0.337051 104.111 0
      vertex 0.337051 104.111 1
    endloop
  endfacet
  facet normal 0.242937 -0.970042 0
    outer loop
      vertex 73.3902 0.0384216 0
      vertex 73.5806 0.0861053 1
      vertex 73.3902 0.0384216 1
    endloop
  endfacet
  facet normal 0.242937 -0.970042 0
    outer loop
      vertex 73.5806 0.0861053 1
      vertex 73.3902 0.0384216 0
      vertex 73.5806 0.0861053 0
    endloop
  endfacet
  facet normal -0.242937 -0.970042 0
    outer loop
      vertex 1.41942 0.0861053 0
      vertex 1.60982 0.0384216 1
      vertex 1.41942 0.0861053 1
    endloop
  endfacet
  facet normal -0.242937 -0.970042 -0
    outer loop
      vertex 1.60982 0.0384216 1
      vertex 1.41942 0.0861053 0
      vertex 1.60982 0.0384216 0
    endloop
  endfacet
  facet normal -0.803235 -0.595663 0
    outer loop
      vertex 0.453964 0.731201 0
      vertex 0.337051 0.888855 1
      vertex 0.337051 0.888855 0
    endloop
  endfacet
  facet normal -0.803235 -0.595663 0
    outer loop
      vertex 0.337051 0.888855 1
      vertex 0.453964 0.731201 0
      vertex 0.453964 0.731201 1
    endloop
  endfacet
  facet normal -0.941529 -0.336931 0
    outer loop
      vertex 0.152237 1.23462 0
      vertex 0.0861053 1.41942 1
      vertex 0.0861053 1.41942 0
    endloop
  endfacet
  facet normal -0.941529 -0.336931 0
    outer loop
      vertex 0.0861053 1.41942 1
      vertex 0.152237 1.23462 0
      vertex 0.152237 1.23462 1
    endloop
  endfacet
  facet normal 0.740944 -0.671566 0
    outer loop
      vertex 74.4142 0.585785 1
      vertex 74.546 0.731201 0
      vertex 74.546 0.731201 1
    endloop
  endfacet
  facet normal 0.740944 -0.671566 0
    outer loop
      vertex 74.546 0.731201 0
      vertex 74.4142 0.585785 1
      vertex 74.4142 0.585785 0
    endloop
  endfacet
  facet normal -0.903991 -0.427552 0
    outer loop
      vertex 0.236145 1.05721 0
      vertex 0.152237 1.23462 1
      vertex 0.152237 1.23462 0
    endloop
  endfacet
  facet normal -0.903991 -0.427552 0
    outer loop
      vertex 0.152237 1.23462 1
      vertex 0.236145 1.05721 0
      vertex 0.236145 1.05721 1
    endloop
  endfacet
  facet normal 0.671666 -0.740854 0
    outer loop
      vertex 74.2688 0.453964 0
      vertex 74.4142 0.585785 1
      vertex 74.2688 0.453964 1
    endloop
  endfacet
  facet normal 0.671666 -0.740854 0
    outer loop
      vertex 74.4142 0.585785 1
      vertex 74.2688 0.453964 0
      vertex 74.4142 0.585785 0
    endloop
  endfacet
  facet normal -0.514095 -0.857733 0
    outer loop
      vertex 0.888855 0.337051 0
      vertex 1.05721 0.236145 1
      vertex 0.888855 0.337051 1
    endloop
  endfacet
  facet normal -0.514095 -0.857733 -0
    outer loop
      vertex 1.05721 0.236145 1
      vertex 0.888855 0.337051 0
      vertex 1.05721 0.236145 0
    endloop
  endfacet
  facet normal 0.427572 -0.903981 0
    outer loop
      vertex 73.7654 0.152237 0
      vertex 73.9428 0.236145 1
      vertex 73.7654 0.152237 1
    endloop
  endfacet
  facet normal 0.427572 -0.903981 0
    outer loop
      vertex 73.9428 0.236145 1
      vertex 73.7654 0.152237 0
      vertex 73.9428 0.236145 0
    endloop
  endfacet
  facet normal -0.514447 0.857522 0
    outer loop
      vertex 1.05721 104.764 0
      vertex 0.888855 104.663 1
      vertex 1.05721 104.764 1
    endloop
  endfacet
  facet normal -0.514447 0.857522 0
    outer loop
      vertex 0.888855 104.663 1
      vertex 1.05721 104.764 0
      vertex 0.888855 104.663 0
    endloop
  endfacet
  facet normal 0.0509541 0.998701 -0
    outer loop
      vertex 73.196 104.99 0
      vertex 73 105 1
      vertex 73.196 104.99 1
    endloop
  endfacet
  facet normal 0.0509541 0.998701 0
    outer loop
      vertex 73 105 1
      vertex 73.196 104.99 0
      vertex 73 105 0
    endloop
  endfacet
  facet normal 0.989175 -0.146741 0
    outer loop
      vertex 74.9616 1.60982 1
      vertex 74.9904 1.80396 0
      vertex 74.9904 1.80396 1
    endloop
  endfacet
  facet normal 0.989175 -0.146741 0
    outer loop
      vertex 74.9904 1.80396 0
      vertex 74.9616 1.60982 1
      vertex 74.9616 1.60982 0
    endloop
  endfacet
  facet normal 0.427955 0.9038 -0
    outer loop
      vertex 73.9428 104.764 0
      vertex 73.7654 104.848 1
      vertex 73.9428 104.764 1
    endloop
  endfacet
  facet normal 0.427955 0.9038 0
    outer loop
      vertex 73.7654 104.848 1
      vertex 73.9428 104.764 0
      vertex 73.7654 104.848 0
    endloop
  endfacet
  facet normal 0.904006 -0.427519 0
    outer loop
      vertex 74.7638 1.05721 1
      vertex 74.8477 1.23462 0
      vertex 74.8477 1.23462 1
    endloop
  endfacet
  facet normal 0.904006 -0.427519 0
    outer loop
      vertex 74.8477 1.23462 0
      vertex 74.7638 1.05721 1
      vertex 74.7638 1.05721 0
    endloop
  endfacet
  facet normal 0.940953 0.338538 0
    outer loop
      vertex 74.9139 103.581 1
      vertex 74.8477 103.765 0
      vertex 74.8477 103.765 1
    endloop
  endfacet
  facet normal 0.940953 0.338538 0
    outer loop
      vertex 74.8477 103.765 0
      vertex 74.9139 103.581 1
      vertex 74.9139 103.581 0
    endloop
  endfacet
  facet normal -0.0509438 0.998702 0
    outer loop
      vertex 2 105 0
      vertex 1.80396 104.99 1
      vertex 2 105 1
    endloop
  endfacet
  facet normal -0.0509438 0.998702 0
    outer loop
      vertex 1.80396 104.99 1
      vertex 2 105 0
      vertex 1.80396 104.99 0
    endloop
  endfacet
  facet normal -0.595663 -0.803235 0
    outer loop
      vertex 0.731201 0.453964 0
      vertex 0.888855 0.337051 1
      vertex 0.731201 0.453964 1
    endloop
  endfacet
  facet normal -0.595663 -0.803235 -0
    outer loop
      vertex 0.888855 0.337051 1
      vertex 0.731201 0.453964 0
      vertex 0.888855 0.337051 0
    endloop
  endfacet
  facet normal -0.941064 0.338229 0
    outer loop
      vertex 0.0861053 103.581 0
      vertex 0.152237 103.765 1
      vertex 0.152237 103.765 0
    endloop
  endfacet
  facet normal -0.941064 0.338229 0
    outer loop
      vertex 0.152237 103.765 1
      vertex 0.0861053 103.581 0
      vertex 0.0861053 103.581 1
    endloop
  endfacet
  facet normal 0.514218 -0.857659 0
    outer loop
      vertex 73.9428 0.236145 0
      vertex 74.1111 0.337051 1
      vertex 73.9428 0.236145 1
    endloop
  endfacet
  facet normal 0.514218 -0.857659 0
    outer loop
      vertex 74.1111 0.337051 1
      vertex 73.9428 0.236145 0
      vertex 74.1111 0.337051 0
    endloop
  endfacet
  facet normal 0.146663 -0.989187 0
    outer loop
      vertex 73.196 0.0096283 0
      vertex 73.3902 0.0384216 1
      vertex 73.196 0.0096283 1
    endloop
  endfacet
  facet normal 0.146663 -0.989187 0
    outer loop
      vertex 73.3902 0.0384216 1
      vertex 73.196 0.0096283 0
      vertex 73.3902 0.0384216 0
    endloop
  endfacet
  facet normal 0.336931 -0.941529 0
    outer loop
      vertex 73.5806 0.0861053 0
      vertex 73.7654 0.152237 1
      vertex 73.5806 0.0861053 1
    endloop
  endfacet
  facet normal 0.336931 -0.941529 0
    outer loop
      vertex 73.7654 0.152237 1
      vertex 73.5806 0.0861053 0
      vertex 73.7654 0.152237 0
    endloop
  endfacet
  facet normal -0.595948 0.803023 0
    outer loop
      vertex 0.888855 104.663 0
      vertex 0.731201 104.546 1
      vertex 0.888855 104.663 1
    endloop
  endfacet
  facet normal -0.595948 0.803023 0
    outer loop
      vertex 0.731201 104.546 1
      vertex 0.888855 104.663 0
      vertex 0.731201 104.546 0
    endloop
  endfacet
  facet normal 0 0 -1
    outer loop
      vertex 73 0 0
      vertex 75 2 0
      vertex 74.9904 1.80396 0
    endloop
  endfacet
  facet normal 0 0 -1
    outer loop
      vertex 75 2 0
      vertex 0 2 0
      vertex 75 103 0
    endloop
  endfacet
  facet normal 0 0 -1
    outer loop
      vertex 73 0 0
      vertex 74.9904 1.80396 0
      vertex 74.9616 1.60982 0
    endloop
  endfacet
  facet normal 0 0 -1
    outer loop
      vertex 0 103 0
      vertex 75 103 0
      vertex 0 2 0
    endloop
  endfacet
  facet normal 0 0 -1
    outer loop
      vertex 73 0 0
      vertex 74.9616 1.60982 0
      vertex 74.9139 1.41942 0
    endloop
  endfacet
  facet normal 0 -0 -1
    outer loop
      vertex 73 105 0
      vertex 75 103 0
      vertex 0 103 0
    endloop
  endfacet
  facet normal 0 0 -1
    outer loop
      vertex 73 0 0
      vertex 74.9139 1.41942 0
      vertex 74.8477 1.23462 0
    endloop
  endfacet
  facet normal -0 0 -1
    outer loop
      vertex 75 2 0
      vertex 73 0 0
      vertex 0 2 0
    endloop
  endfacet
  facet normal 0 0 -1
    outer loop
      vertex 73 0 0
      vertex 74.8477 1.23462 0
      vertex 74.7638 1.05721 0
    endloop
  endfacet
  facet normal 0 0 -1
    outer loop
      vertex 75 103 0
      vertex 73 105 0
      vertex 74.9904 103.196 0
    endloop
  endfacet
  facet normal 0 0 -1
    outer loop
      vertex 73 0 0
      vertex 74.7638 1.05721 0
      vertex 74.6629 0.888855 0
    endloop
  endfacet
  facet normal 0 0 -1
    outer loop
      vertex 74.9139 103.581 0
      vertex 73 105 0
      vertex 74.8477 103.765 0
    endloop
  endfacet
  facet normal 0 0 -1
    outer loop
      vertex 73 0 0
      vertex 74.6629 0.888855 0
      vertex 74.546 0.731201 0
    endloop
  endfacet
  facet normal 0 0 -1
    outer loop
      vertex 74.8477 103.765 0
      vertex 73 105 0
      vertex 74.7638 103.943 0
    endloop
  endfacet
  facet normal 0 0 -1
    outer loop
      vertex 73 0 0
      vertex 74.546 0.731201 0
      vertex 74.4142 0.585785 0
    endloop
  endfacet
  facet normal 0 0 -1
    outer loop
      vertex 74.7638 103.943 0
      vertex 73 105 0
      vertex 74.6629 104.111 0
    endloop
  endfacet
  facet normal 0 0 -1
    outer loop
      vertex 73 0 0
      vertex 74.4142 0.585785 0
      vertex 74.2688 0.453964 0
    endloop
  endfacet
  facet normal 0 0 -1
    outer loop
      vertex 74.6629 104.111 0
      vertex 73 105 0
      vertex 74.546 104.269 0
    endloop
  endfacet
  facet normal 0 0 -1
    outer loop
      vertex 73 0 0
      vertex 74.2688 0.453964 0
      vertex 74.1111 0.337051 0
    endloop
  endfacet
  facet normal 0 0 -1
    outer loop
      vertex 74.546 104.269 0
      vertex 73 105 0
      vertex 74.4142 104.414 0
    endloop
  endfacet
  facet normal 0 0 -1
    outer loop
      vertex 73 0 0
      vertex 74.1111 0.337051 0
      vertex 73.9428 0.236145 0
    endloop
  endfacet
  facet normal 0 0 -1
    outer loop
      vertex 74.4142 104.414 0
      vertex 73 105 0
      vertex 74.2688 104.546 0
    endloop
  endfacet
  facet normal 0 0 -1
    outer loop
      vertex 73 0 0
      vertex 73.9428 0.236145 0
      vertex 73.7654 0.152237 0
    endloop
  endfacet
  facet normal 0 0 -1
    outer loop
      vertex 74.2688 104.546 0
      vertex 73 105 0
      vertex 74.1111 104.663 0
    endloop
  endfacet
  facet normal 0 0 -1
    outer loop
      vertex 73 0 0
      vertex 73.7654 0.152237 0
      vertex 73.5806 0.0861053 0
    endloop
  endfacet
  facet normal 0 0 -1
    outer loop
      vertex 74.1111 104.663 0
      vertex 73 105 0
      vertex 73.9428 104.764 0
    endloop
  endfacet
  facet normal 0 0 -1
    outer loop
      vertex 73 0 0
      vertex 73.5806 0.0861053 0
      vertex 73.3902 0.0384216 0
    endloop
  endfacet
  facet normal 0 0 -1
    outer loop
      vertex 73.9428 104.764 0
      vertex 73 105 0
      vertex 73.7654 104.848 0
    endloop
  endfacet
  facet normal 0 0 -1
    outer loop
      vertex 73 0 0
      vertex 73.3902 0.0384216 0
      vertex 73.196 0.0096283 0
    endloop
  endfacet
  facet normal 0 0 -1
    outer loop
      vertex 73.7654 104.848 0
      vertex 73 105 0
      vertex 73.5806 104.914 0
    endloop
  endfacet
  facet normal 0 0 -1
    outer loop
      vertex 73.5806 104.914 0
      vertex 73 105 0
      vertex 73.3902 104.962 0
    endloop
  endfacet
  facet normal 0 0 -1
    outer loop
      vertex 73.3902 104.962 0
      vertex 73 105 0
      vertex 73.196 104.99 0
    endloop
  endfacet
  facet normal 0 0 -1
    outer loop
      vertex 0 2 0
      vertex 73 0 0
      vertex 2 0 0
    endloop
  endfacet
  facet normal 0 0 -1
    outer loop
      vertex 74.9904 103.196 0
      vertex 73 105 0
      vertex 74.9616 103.39 0
    endloop
  endfacet
  facet normal 0 0 -1
    outer loop
      vertex 0 2 0
      vertex 2 0 0
      vertex 1.80396 0.0096283 0
    endloop
  endfacet
  facet normal 0 0 -1
    outer loop
      vertex 74.9616 103.39 0
      vertex 73 105 0
      vertex 74.9139 103.581 0
    endloop
  endfacet
  facet normal 0 0 -1
    outer loop
      vertex 0 2 0
      vertex 1.80396 0.0096283 0
      vertex 1.60982 0.0384216 0
    endloop
  endfacet
  facet normal -0 0 -1
    outer loop
      vertex 73 105 0
      vertex 0 103 0
      vertex 2 105 0
    endloop
  endfacet
  facet normal 0 0 -1
    outer loop
      vertex 0 2 0
      vertex 1.60982 0.0384216 0
      vertex 1.41942 0.0861053 0
    endloop
  endfacet
  facet normal 0 0 -1
    outer loop
      vertex 2 105 0
      vertex 0 103 0
      vertex 1.80396 104.99 0
    endloop
  endfacet
  facet normal 0 0 -1
    outer loop
      vertex 0 2 0
      vertex 1.41942 0.0861053 0
      vertex 1.23462 0.152237 0
    endloop
  endfacet
  facet normal 0 0 -1
    outer loop
      vertex 1.80396 104.99 0
      vertex 0 103 0
      vertex 1.60982 104.962 0
    endloop
  endfacet
  facet normal 0 0 -1
    outer loop
      vertex 0 2 0
      vertex 1.23462 0.152237 0
      vertex 1.05721 0.236145 0
    endloop
  endfacet
  facet normal 0 0 -1
    outer loop
      vertex 1.60982 104.962 0
      vertex 0 103 0
      vertex 1.41942 104.914 0
    endloop
  endfacet
  facet normal 0 0 -1
    outer loop
      vertex 0 2 0
      vertex 1.05721 0.236145 0
      vertex 0.888855 0.337051 0
    endloop
  endfacet
  facet normal 0 0 -1
    outer loop
      vertex 1.41942 104.914 0
      vertex 0 103 0
      vertex 1.23462 104.848 0
    endloop
  endfacet
  facet normal 0 0 -1
    outer loop
      vertex 0 2 0
      vertex 0.888855 0.337051 0
      vertex 0.731201 0.453964 0
    endloop
  endfacet
  facet normal 0 0 -1
    outer loop
      vertex 1.23462 104.848 0
      vertex 0 103 0
      vertex 1.05721 104.764 0
    endloop
  endfacet
  facet normal 0 0 -1
    outer loop
      vertex 0 2 0
      vertex 0.731201 0.453964 0
      vertex 0.585785 0.585785 0
    endloop
  endfacet
  facet normal 0 0 -1
    outer loop
      vertex 1.05721 104.764 0
      vertex 0 103 0
      vertex 0.888855 104.663 0
    endloop
  endfacet
  facet normal 0 0 -1
    outer loop
      vertex 0 2 0
      vertex 0.585785 0.585785 0
      vertex 0.453964 0.731201 0
    endloop
  endfacet
  facet normal 0 0 -1
    outer loop
      vertex 0.888855 104.663 0
      vertex 0 103 0
      vertex 0.731201 104.546 0
    endloop
  endfacet
  facet normal 0 0 -1
    outer loop
      vertex 0 2 0
      vertex 0.453964 0.731201 0
      vertex 0.337051 0.888855 0
    endloop
  endfacet
  facet normal 0 0 -1
    outer loop
      vertex 0.731201 104.546 0
      vertex 0 103 0
      vertex 0.585785 104.414 0
    endloop
  endfacet
  facet normal 0 0 -1
    outer loop
      vertex 0 2 0
      vertex 0.337051 0.888855 0
      vertex 0.236145 1.05721 0
    endloop
  endfacet
  facet normal 0 0 -1
    outer loop
      vertex 0.585785 104.414 0
      vertex 0 103 0
      vertex 0.453964 104.269 0
    endloop
  endfacet
  facet normal 0 0 -1
    outer loop
      vertex 0 2 0
      vertex 0.236145 1.05721 0
      vertex 0.152237 1.23462 0
    endloop
  endfacet
  facet normal 0 0 -1
    outer loop
      vertex 0.453964 104.269 0
      vertex 0 103 0
      vertex 0.337051 104.111 0
    endloop
  endfacet
  facet normal 0 0 -1
    outer loop
      vertex 0 2 0
      vertex 0.152237 1.23462 0
      vertex 0.0861053 1.41942 0
    endloop
  endfacet
  facet normal 0 0 -1
    outer loop
      vertex 0.337051 104.111 0
      vertex 0 103 0
      vertex 0.236145 103.943 0
    endloop
  endfacet
  facet normal 0 0 -1
    outer loop
      vertex 0 2 0
      vertex 0.0861053 1.41942 0
      vertex 0.0384216 1.60982 0
    endloop
  endfacet
  facet normal 0 0 -1
    outer loop
      vertex 0.236145 103.943 0
      vertex 0 103 0
      vertex 0.152237 103.765 0
    endloop
  endfacet
  facet normal 0 0 -1
    outer loop
      vertex 0 2 0
      vertex 0.0384216 1.60982 0
      vertex 0.0096283 1.80396 0
    endloop
  endfacet
  facet normal 0 0 -1
    outer loop
      vertex 0.152237 103.765 0
      vertex 0 103 0
      vertex 0.0861053 103.581 0
    endloop
  endfacet
  facet normal 0 0 -1
    outer loop
      vertex 0.0861053 103.581 0
      vertex 0 103 0
      vertex 0.0384216 103.39 0
    endloop
  endfacet
  facet normal 0 0 -1
    outer loop
      vertex 0.0384216 103.39 0
      vertex 0 103 0
      vertex 0.0096283 103.196 0
    endloop
  endfacet
  facet normal 0.142706 0.989765 -0
    outer loop
      vertex 73.3902 104.962 0
      vertex 73.196 104.99 1
      vertex 73.3902 104.962 1
    endloop
  endfacet
  facet normal 0.142706 0.989765 0
    outer loop
      vertex 73.196 104.99 1
      vertex 73.3902 104.962 0
      vertex 73.196 104.99 0
    endloop
  endfacet
  facet normal -0.427552 -0.903991 0
    outer loop
      vertex 1.05721 0.236145 0
      vertex 1.23462 0.152237 1
      vertex 1.05721 0.236145 1
    endloop
  endfacet
  facet normal -0.427552 -0.903991 -0
    outer loop
      vertex 1.23462 0.152237 1
      vertex 1.05721 0.236145 0
      vertex 1.23462 0.152237 0
    endloop
  endfacet
  facet normal 0.803266 -0.59562 0
    outer loop
      vertex 74.546 0.731201 1
      vertex 74.6629 0.888855 0
      vertex 74.6629 0.888855 1
    endloop
  endfacet
  facet normal 0.803266 -0.59562 0
    outer loop
      vertex 74.6629 0.888855 0
      vertex 74.546 0.731201 1
      vertex 74.546 0.731201 0
    endloop
  endfacet
  facet normal -0.904538 0.426393 0
    outer loop
      vertex 0.152237 103.765 0
      vertex 0.236145 103.943 1
      vertex 0.236145 103.943 0
    endloop
  endfacet
  facet normal -0.904538 0.426393 0
    outer loop
      vertex 0.236145 103.943 1
      vertex 0.152237 103.765 0
      vertex 0.152237 103.765 1
    endloop
  endfacet
  facet normal 0.336336 0.941742 -0
    outer loop
      vertex 73.7654 104.848 0
      vertex 73.5806 104.914 1
      vertex 73.7654 104.848 1
    endloop
  endfacet
  facet normal 0.336336 0.941742 0
    outer loop
      vertex 73.5806 104.914 1
      vertex 73.7654 104.848 0
      vertex 73.5806 104.914 0
    endloop
  endfacet
  facet normal 0.904554 0.42636 0
    outer loop
      vertex 74.8477 103.765 1
      vertex 74.7638 103.943 0
      vertex 74.7638 103.943 1
    endloop
  endfacet
  facet normal 0.904554 0.42636 0
    outer loop
      vertex 74.7638 103.943 0
      vertex 74.8477 103.765 1
      vertex 74.8477 103.765 0
    endloop
  endfacet
  facet normal 0.244452 0.969661 -0
    outer loop
      vertex 73.5806 104.914 0
      vertex 73.3902 104.962 1
      vertex 73.5806 104.914 1
    endloop
  endfacet
  facet normal 0.244452 0.969661 0
    outer loop
      vertex 73.3902 104.962 1
      vertex 73.5806 104.914 0
      vertex 73.3902 104.962 0
    endloop
  endfacet
  facet normal -0.336336 0.941742 0
    outer loop
      vertex 1.41942 104.914 0
      vertex 1.23462 104.848 1
      vertex 1.41942 104.914 1
    endloop
  endfacet
  facet normal -0.336336 0.941742 0
    outer loop
      vertex 1.23462 104.848 1
      vertex 1.41942 104.914 0
      vertex 1.23462 104.848 0
    endloop
  endfacet
  facet normal 0.59555 -0.803318 0
    outer loop
      vertex 74.1111 0.337051 0
      vertex 74.2688 0.453964 1
      vertex 74.1111 0.337051 1
    endloop
  endfacet
  facet normal 0.59555 -0.803318 0
    outer loop
      vertex 74.2688 0.453964 1
      vertex 74.1111 0.337051 0
      vertex 74.2688 0.453964 0
    endloop
  endfacet
  facet normal 0.672166 0.740401 -0
    outer loop
      vertex 74.4142 104.414 0
      vertex 74.2688 104.546 1
      vertex 74.4142 104.414 1
    endloop
  endfacet
  facet normal 0.672166 0.740401 0
    outer loop
      vertex 74.2688 104.546 1
      vertex 74.4142 104.414 0
      vertex 74.2688 104.546 0
    endloop
  endfacet
  facet normal -0.336931 -0.941529 0
    outer loop
      vertex 1.23462 0.152237 0
      vertex 1.41942 0.0861053 1
      vertex 1.23462 0.152237 1
    endloop
  endfacet
  facet normal -0.336931 -0.941529 -0
    outer loop
      vertex 1.41942 0.0861053 1
      vertex 1.23462 0.152237 0
      vertex 1.41942 0.0861053 0
    endloop
  endfacet
  facet normal 0.595836 0.803106 -0
    outer loop
      vertex 74.2688 104.546 0
      vertex 74.1111 104.663 1
      vertex 74.2688 104.546 1
    endloop
  endfacet
  facet normal 0.595836 0.803106 0
    outer loop
      vertex 74.1111 104.663 1
      vertex 74.2688 104.546 0
      vertex 74.1111 104.663 0
    endloop
  endfacet
  facet normal 0 0 1
    outer loop
      vertex 30.6715 102.27 1
      vertex 30.8607 102.261 1
      vertex 30.8545 102.262 1
    endloop
  endfacet
  facet normal 0 0 1
    outer loop
      vertex 30.6715 102.27 1
      vertex 30.8545 102.262 1
      vertex 30.8481 102.264 1
    endloop
  endfacet
  facet normal 0 0 1
    outer loop
      vertex 30.6715 102.27 1
      vertex 30.8481 102.264 1
      vertex 30.8413 102.266 1
    endloop
  endfacet
  facet normal 0 0 1
    outer loop
      vertex 30.6715 102.27 1
      vertex 30.8413 102.266 1
      vertex 30.8343 102.268 1
    endloop
  endfacet
  facet normal -0 0 1
    outer loop
      vertex 30.6715 102.27 1
      vertex 30.8343 102.268 1
      vertex 30.827 102.27 1
    endloop
  endfacet
  facet normal 0 0 1
    outer loop
      vertex 30.8607 102.261 1
      vertex 30.6715 102.27 1
      vertex 30.8604 99.8935 1
    endloop
  endfacet
  facet normal -0 0 1
    outer loop
      vertex 30.6202 102.269 1
      vertex 30.8604 99.8935 1
      vertex 30.6715 102.27 1
    endloop
  endfacet
  facet normal -0 0 1
    outer loop
      vertex 30.5651 102.267 1
      vertex 30.8604 99.8935 1
      vertex 30.6202 102.269 1
    endloop
  endfacet
  facet normal -0 0 1
    outer loop
      vertex 30.5061 102.263 1
      vertex 30.8604 99.8935 1
      vertex 30.5651 102.267 1
    endloop
  endfacet
  facet normal -0 0 1
    outer loop
      vertex 30.4433 102.257 1
      vertex 30.8604 99.8935 1
      vertex 30.5061 102.263 1
    endloop
  endfacet
  facet normal -0 0 1
    outer loop
      vertex 30.3766 102.249 1
      vertex 30.8604 99.8935 1
      vertex 30.4433 102.257 1
    endloop
  endfacet
  facet normal -0 0 1
    outer loop
      vertex 30.3061 102.24 1
      vertex 30.8604 99.8935 1
      vertex 30.3766 102.249 1
    endloop
  endfacet
  facet normal -0 0 1
    outer loop
      vertex 30.2317 102.23 1
      vertex 30.8604 99.8935 1
      vertex 30.3061 102.24 1
    endloop
  endfacet
  facet normal -0 0 1
    outer loop
      vertex 30.1535 102.217 1
      vertex 30.8604 99.8935 1
      vertex 30.2317 102.23 1
    endloop
  endfacet
  facet normal -0 0 1
    outer loop
      vertex 30.0715 102.203 1
      vertex 30.8604 99.8935 1
      vertex 30.1535 102.217 1
    endloop
  endfacet
  facet normal -0 0 1
    outer loop
      vertex 29.9878 102.186 1
      vertex 30.8604 99.8935 1
      vertex 30.0715 102.203 1
    endloop
  endfacet
  facet normal -0 0 1
    outer loop
      vertex 29.9044 102.165 1
      vertex 30.8604 99.8935 1
      vertex 29.9878 102.186 1
    endloop
  endfacet
  facet normal -0 0 1
    outer loop
      vertex 29.8215 102.14 1
      vertex 30.8604 99.8935 1
      vertex 29.9044 102.165 1
    endloop
  endfacet
  facet normal -0 0 1
    outer loop
      vertex 29.739 102.11 1
      vertex 30.8604 99.8935 1
      vertex 29.8215 102.14 1
    endloop
  endfacet
  facet normal -0 0 1
    outer loop
      vertex 29.6569 102.076 1
      vertex 30.8604 99.8935 1
      vertex 29.739 102.11 1
    endloop
  endfacet
  facet normal -0 0 1
    outer loop
      vertex 29.5752 102.038 1
      vertex 30.8604 99.8935 1
      vertex 29.6569 102.076 1
    endloop
  endfacet
  facet normal -0 0 1
    outer loop
      vertex 29.494 101.996 1
      vertex 30.8604 99.8935 1
      vertex 29.5752 102.038 1
    endloop
  endfacet
  facet normal -0 0 1
    outer loop
      vertex 29.4131 101.949 1
      vertex 30.8604 99.8935 1
      vertex 29.494 101.996 1
    endloop
  endfacet
  facet normal -0 0 1
    outer loop
      vertex 29.3326 101.898 1
      vertex 30.8604 99.8935 1
      vertex 29.4131 101.949 1
    endloop
  endfacet
  facet normal -0 0 1
    outer loop
      vertex 29.2536 101.842 1
      vertex 30.8604 99.8935 1
      vertex 29.3326 101.898 1
    endloop
  endfacet
  facet normal -0 0 1
    outer loop
      vertex 29.1768 101.78 1
      vertex 30.8604 99.8935 1
      vertex 29.2536 101.842 1
    endloop
  endfacet
  facet normal -0 0 1
    outer loop
      vertex 29.1024 101.712 1
      vertex 30.8604 99.8935 1
      vertex 29.1768 101.78 1
    endloop
  endfacet
  facet normal -0 0 1
    outer loop
      vertex 29.0304 101.639 1
      vertex 30.8604 99.8935 1
      vertex 29.1024 101.712 1
    endloop
  endfacet
  facet normal -0 0 1
    outer loop
      vertex 28.9606 101.559 1
      vertex 30.8604 99.8935 1
      vertex 29.0304 101.639 1
    endloop
  endfacet
  facet normal -0 0 1
    outer loop
      vertex 28.8932 101.474 1
      vertex 28.9716 99.8935 1
      vertex 28.9606 101.559 1
    endloop
  endfacet
  facet normal 0 0 1
    outer loop
      vertex 30.8604 99.8935 1
      vertex 28.9606 101.559 1
      vertex 28.9716 99.8935 1
    endloop
  endfacet
  facet normal 0 0 1
    outer loop
      vertex 34.8888 97.2089 1
      vertex 34.8963 95.905 1
      vertex 34.946 97.0877 1
    endloop
  endfacet
  facet normal 0 0 1
    outer loop
      vertex 34.8346 97.3351 1
      vertex 34.8963 95.905 1
      vertex 34.8888 97.2089 1
    endloop
  endfacet
  facet normal 0 0 1
    outer loop
      vertex 34.7835 97.4665 1
      vertex 34.8963 95.905 1
      vertex 34.8346 97.3351 1
    endloop
  endfacet
  facet normal 0 0 1
    outer loop
      vertex 34.7353 97.6029 1
      vertex 34.8963 95.905 1
      vertex 34.7835 97.4665 1
    endloop
  endfacet
  facet normal 0 0 1
    outer loop
      vertex 33.9741 98.9715 1
      vertex 34.7353 97.6029 1
      vertex 34.6902 97.7444 1
    endloop
  endfacet
  facet normal 0 0 1
    outer loop
      vertex 33.9741 98.9715 1
      vertex 34.6902 97.7444 1
      vertex 34.6481 97.8909 1
    endloop
  endfacet
  facet normal 0 0 1
    outer loop
      vertex 33.9741 98.9715 1
      vertex 34.6481 97.8909 1
      vertex 34.609 98.0425 1
    endloop
  endfacet
  facet normal 0 0 1
    outer loop
      vertex 33.9741 98.9715 1
      vertex 34.609 98.0425 1
      vertex 34.5729 98.1992 1
    endloop
  endfacet
  facet normal 0 0 1
    outer loop
      vertex 33.9741 98.9715 1
      vertex 34.5729 98.1992 1
      vertex 34.5402 98.3605 1
    endloop
  endfacet
  facet normal 0 0 1
    outer loop
      vertex 33.9741 98.9715 1
      vertex 34.5402 98.3605 1
      vertex 34.5114 98.5257 1
    endloop
  endfacet
  facet normal 0 0 1
    outer loop
      vertex 33.9741 98.9715 1
      vertex 34.5114 98.5257 1
      vertex 34.4865 98.6949 1
    endloop
  endfacet
  facet normal -0 0 1
    outer loop
      vertex 34.3867 99.4499 1
      vertex 34.425 99.4115 1
      vertex 34.422 99.5132 1
    endloop
  endfacet
  facet normal 0 0 1
    outer loop
      vertex 34.3419 99.3767 1
      vertex 34.425 99.4115 1
      vertex 34.3867 99.4499 1
    endloop
  endfacet
  facet normal 0 0 1
    outer loop
      vertex 34.425 99.4115 1
      vertex 34.3419 99.3767 1
      vertex 34.4346 99.2264 1
    endloop
  endfacet
  facet normal -0 0 1
    outer loop
      vertex 34.2951 99.3073 1
      vertex 34.4346 99.2264 1
      vertex 34.3419 99.3767 1
    endloop
  endfacet
  facet normal -0 0 1
    outer loop
      vertex 34.2464 99.2417 1
      vertex 34.4346 99.2264 1
      vertex 34.2951 99.3073 1
    endloop
  endfacet
  facet normal 0 0 1
    outer loop
      vertex 34.4346 99.2264 1
      vertex 34.2464 99.2417 1
      vertex 34.4481 99.0452 1
    endloop
  endfacet
  facet normal -0 0 1
    outer loop
      vertex 34.1958 99.18 1
      vertex 34.4481 99.0452 1
      vertex 34.2464 99.2417 1
    endloop
  endfacet
  facet normal -0 0 1
    outer loop
      vertex 34.1432 99.1221 1
      vertex 34.4481 99.0452 1
      vertex 34.1958 99.18 1
    endloop
  endfacet
  facet normal -0 0 1
    outer loop
      vertex 34.0888 99.0681 1
      vertex 34.4481 99.0452 1
      vertex 34.1432 99.1221 1
    endloop
  endfacet
  facet normal 0 0 1
    outer loop
      vertex 34.4481 99.0452 1
      vertex 34.0888 99.0681 1
      vertex 34.4654 98.8681 1
    endloop
  endfacet
  facet normal -0 0 1
    outer loop
      vertex 34.0324 99.0179 1
      vertex 34.4654 98.8681 1
      vertex 34.0888 99.0681 1
    endloop
  endfacet
  facet normal -0 0 1
    outer loop
      vertex 33.9741 98.9715 1
      vertex 34.4654 98.8681 1
      vertex 34.0324 99.0179 1
    endloop
  endfacet
  facet normal 0 0 1
    outer loop
      vertex 34.4654 98.8681 1
      vertex 33.9741 98.9715 1
      vertex 34.4865 98.6949 1
    endloop
  endfacet
  facet normal 0 0 1
    outer loop
      vertex 34.7353 97.6029 1
      vertex 33.9741 98.9715 1
      vertex 34.8963 95.905 1
    endloop
  endfacet
  facet normal 0 0 1
    outer loop
      vertex 43.1255 101.062 1
      vertex 45.0557 102.269 1
      vertex 43.5558 102.269 1
    endloop
  endfacet
  facet normal 0 0 1
    outer loop
      vertex 73 105 1
      vertex 43.5558 103.682 1
      vertex 47.8222 103.682 1
    endloop
  endfacet
  facet normal -0 0 1
    outer loop
      vertex 42.6308 102.616 1
      vertex 43.5558 102.269 1
      vertex 43.5558 103.682 1
    endloop
  endfacet
  facet normal 0 0 1
    outer loop
      vertex 45.0557 102.269 1
      vertex 43.2177 99.9867 1
      vertex 43.2196 99.7936 1
    endloop
  endfacet
  facet normal 0 0 1
    outer loop
      vertex 45.0557 102.269 1
      vertex 43.2119 100.176 1
      vertex 43.2177 99.9867 1
    endloop
  endfacet
  facet normal 0 0 1
    outer loop
      vertex 45.0557 102.269 1
      vertex 43.2023 100.361 1
      vertex 43.2119 100.176 1
    endloop
  endfacet
  facet normal 0 0 1
    outer loop
      vertex 45.0557 102.269 1
      vertex 43.1889 100.542 1
      vertex 43.2023 100.361 1
    endloop
  endfacet
  facet normal 0 0 1
    outer loop
      vertex 45.0557 102.269 1
      vertex 43.1716 100.719 1
      vertex 43.1889 100.542 1
    endloop
  endfacet
  facet normal 0 0 1
    outer loop
      vertex 45.0557 102.269 1
      vertex 43.1505 100.892 1
      vertex 43.1716 100.719 1
    endloop
  endfacet
  facet normal 0 0 1
    outer loop
      vertex 45.0557 102.269 1
      vertex 43.1255 101.062 1
      vertex 43.1505 100.892 1
    endloop
  endfacet
  facet normal 0 0 1
    outer loop
      vertex 43.5558 102.269 1
      vertex 43.0967 101.227 1
      vertex 43.1255 101.062 1
    endloop
  endfacet
  facet normal 0 0 1
    outer loop
      vertex 43.5558 102.269 1
      vertex 43.064 101.388 1
      vertex 43.0967 101.227 1
    endloop
  endfacet
  facet normal 0 0 1
    outer loop
      vertex 43.5558 102.269 1
      vertex 43.028 101.545 1
      vertex 43.064 101.388 1
    endloop
  endfacet
  facet normal 0 0 1
    outer loop
      vertex 43.5558 102.269 1
      vertex 42.9889 101.696 1
      vertex 43.028 101.545 1
    endloop
  endfacet
  facet normal 0 0 1
    outer loop
      vertex 43.5558 102.269 1
      vertex 42.9468 101.843 1
      vertex 42.9889 101.696 1
    endloop
  endfacet
  facet normal 0 0 1
    outer loop
      vertex 43.5558 102.269 1
      vertex 42.9016 101.984 1
      vertex 42.9468 101.843 1
    endloop
  endfacet
  facet normal 0 0 1
    outer loop
      vertex 43.5558 102.269 1
      vertex 42.8535 102.121 1
      vertex 42.9016 101.984 1
    endloop
  endfacet
  facet normal 0 0 1
    outer loop
      vertex 43.5558 102.269 1
      vertex 42.8024 102.252 1
      vertex 42.8535 102.121 1
    endloop
  endfacet
  facet normal 0 0 1
    outer loop
      vertex 43.5558 102.269 1
      vertex 42.7482 102.378 1
      vertex 42.8024 102.252 1
    endloop
  endfacet
  facet normal 0 0 1
    outer loop
      vertex 43.5558 102.269 1
      vertex 42.691 102.5 1
      vertex 42.7482 102.378 1
    endloop
  endfacet
  facet normal 0 0 1
    outer loop
      vertex 43.5558 102.269 1
      vertex 42.6308 102.616 1
      vertex 42.691 102.5 1
    endloop
  endfacet
  facet normal 0 0 1
    outer loop
      vertex 43.5558 103.682 1
      vertex 42.5676 102.726 1
      vertex 42.6308 102.616 1
    endloop
  endfacet
  facet normal 0 0 1
    outer loop
      vertex 43.5558 103.682 1
      vertex 42.5015 102.831 1
      vertex 42.5676 102.726 1
    endloop
  endfacet
  facet normal 0 0 1
    outer loop
      vertex 43.5558 103.682 1
      vertex 42.4326 102.93 1
      vertex 42.5015 102.831 1
    endloop
  endfacet
  facet normal 0 0 1
    outer loop
      vertex 43.5558 103.682 1
      vertex 42.3608 103.024 1
      vertex 42.4326 102.93 1
    endloop
  endfacet
  facet normal 0 0 1
    outer loop
      vertex 43.5558 103.682 1
      vertex 42.2861 103.112 1
      vertex 42.3608 103.024 1
    endloop
  endfacet
  facet normal 0 0 1
    outer loop
      vertex 43.5558 103.682 1
      vertex 42.2086 103.193 1
      vertex 42.2861 103.112 1
    endloop
  endfacet
  facet normal 0 0 1
    outer loop
      vertex 43.5558 103.682 1
      vertex 42.1281 103.27 1
      vertex 42.2086 103.193 1
    endloop
  endfacet
  facet normal 0 0 1
    outer loop
      vertex 43.5558 103.682 1
      vertex 42.0448 103.34 1
      vertex 42.1281 103.27 1
    endloop
  endfacet
  facet normal 0 0 1
    outer loop
      vertex 43.5558 103.682 1
      vertex 41.9586 103.405 1
      vertex 42.0448 103.34 1
    endloop
  endfacet
  facet normal 0 0 1
    outer loop
      vertex 43.5558 103.682 1
      vertex 41.8699 103.463 1
      vertex 41.9586 103.405 1
    endloop
  endfacet
  facet normal 0 0 1
    outer loop
      vertex 43.5558 103.682 1
      vertex 41.7792 103.514 1
      vertex 41.8699 103.463 1
    endloop
  endfacet
  facet normal 0 0 1
    outer loop
      vertex 43.5558 103.682 1
      vertex 41.6864 103.559 1
      vertex 41.7792 103.514 1
    endloop
  endfacet
  facet normal 0 0 1
    outer loop
      vertex 43.5558 103.682 1
      vertex 41.5916 103.597 1
      vertex 41.6864 103.559 1
    endloop
  endfacet
  facet normal 0 0 1
    outer loop
      vertex 41.0864 103.682 1
      vertex 43.5558 103.682 1
      vertex 73 105 1
    endloop
  endfacet
  facet normal 0 0 1
    outer loop
      vertex 43.5558 103.682 1
      vertex 41.4946 103.627 1
      vertex 41.5916 103.597 1
    endloop
  endfacet
  facet normal 0 0 1
    outer loop
      vertex 43.5558 103.682 1
      vertex 41.3957 103.651 1
      vertex 41.4946 103.627 1
    endloop
  endfacet
  facet normal 0 0 1
    outer loop
      vertex 43.5558 103.682 1
      vertex 41.2947 103.669 1
      vertex 41.3957 103.651 1
    endloop
  endfacet
  facet normal 0 0 1
    outer loop
      vertex 43.5558 103.682 1
      vertex 41.1916 103.679 1
      vertex 41.2947 103.669 1
    endloop
  endfacet
  facet normal 0 0 1
    outer loop
      vertex 43.5558 103.682 1
      vertex 41.0864 103.682 1
      vertex 41.1916 103.679 1
    endloop
  endfacet
  facet normal 0 0 1
    outer loop
      vertex 36.5617 103.682 1
      vertex 41.0864 103.682 1
      vertex 73 105 1
    endloop
  endfacet
  facet normal 0 0 1
    outer loop
      vertex 38.944 99.9867 1
      vertex 38.6949 99.7936 1
      vertex 38.9421 99.7936 1
    endloop
  endfacet
  facet normal 0 0 1
    outer loop
      vertex 38.6929 99.9867 1
      vertex 38.944 99.9867 1
      vertex 38.9498 100.176 1
    endloop
  endfacet
  facet normal 0 0 1
    outer loop
      vertex 38.6872 100.176 1
      vertex 38.9498 100.176 1
      vertex 38.9594 100.361 1
    endloop
  endfacet
  facet normal 0 0 1
    outer loop
      vertex 38.6776 100.361 1
      vertex 38.9594 100.361 1
      vertex 38.9728 100.542 1
    endloop
  endfacet
  facet normal 0 0 1
    outer loop
      vertex 38.6641 100.542 1
      vertex 38.9728 100.542 1
      vertex 38.9901 100.719 1
    endloop
  endfacet
  facet normal 0 0 1
    outer loop
      vertex 38.6469 100.719 1
      vertex 38.9901 100.719 1
      vertex 39.0112 100.892 1
    endloop
  endfacet
  facet normal 0 0 1
    outer loop
      vertex 38.6257 100.892 1
      vertex 39.0112 100.892 1
      vertex 39.0362 101.062 1
    endloop
  endfacet
  facet normal 0 0 1
    outer loop
      vertex 38.6007 101.062 1
      vertex 39.0362 101.062 1
      vertex 39.065 101.227 1
    endloop
  endfacet
  facet normal 0 0 1
    outer loop
      vertex 38.5719 101.227 1
      vertex 39.065 101.227 1
      vertex 39.0976 101.388 1
    endloop
  endfacet
  facet normal 0 0 1
    outer loop
      vertex 38.5393 101.388 1
      vertex 39.0976 101.388 1
      vertex 39.1337 101.545 1
    endloop
  endfacet
  facet normal 0 0 1
    outer loop
      vertex 38.944 99.9867 1
      vertex 38.6929 99.9867 1
      vertex 38.6949 99.7936 1
    endloop
  endfacet
  facet normal 0 0 1
    outer loop
      vertex 38.5032 101.545 1
      vertex 39.1337 101.545 1
      vertex 39.1728 101.696 1
    endloop
  endfacet
  facet normal 0 0 1
    outer loop
      vertex 38.9498 100.176 1
      vertex 38.6872 100.176 1
      vertex 38.6929 99.9867 1
    endloop
  endfacet
  facet normal 0 0 1
    outer loop
      vertex 38.4641 101.696 1
      vertex 39.1728 101.696 1
      vertex 39.2149 101.843 1
    endloop
  endfacet
  facet normal 0 0 1
    outer loop
      vertex 38.9594 100.361 1
      vertex 38.6776 100.361 1
      vertex 38.6872 100.176 1
    endloop
  endfacet
  facet normal 0 0 1
    outer loop
      vertex 38.422 101.843 1
      vertex 39.2149 101.843 1
      vertex 39.2601 101.984 1
    endloop
  endfacet
  facet normal 0 0 1
    outer loop
      vertex 38.3769 101.984 1
      vertex 39.2601 101.984 1
      vertex 39.3082 102.121 1
    endloop
  endfacet
  facet normal 0 0 1
    outer loop
      vertex 38.9728 100.542 1
      vertex 38.6641 100.542 1
      vertex 38.6776 100.361 1
    endloop
  endfacet
  facet normal 0 0 1
    outer loop
      vertex 38.3287 102.121 1
      vertex 39.3082 102.121 1
      vertex 39.3594 102.252 1
    endloop
  endfacet
  facet normal 0 0 1
    outer loop
      vertex 38.9901 100.719 1
      vertex 38.6469 100.719 1
      vertex 38.6641 100.542 1
    endloop
  endfacet
  facet normal 0 0 1
    outer loop
      vertex 38.2776 102.252 1
      vertex 39.3594 102.252 1
      vertex 39.4136 102.378 1
    endloop
  endfacet
  facet normal 0 0 1
    outer loop
      vertex 39.0112 100.892 1
      vertex 38.6257 100.892 1
      vertex 38.6469 100.719 1
    endloop
  endfacet
  facet normal 0 0 1
    outer loop
      vertex 38.2234 102.378 1
      vertex 39.4136 102.378 1
      vertex 39.4708 102.5 1
    endloop
  endfacet
  facet normal 0 0 1
    outer loop
      vertex 38.1662 102.5 1
      vertex 39.4708 102.5 1
      vertex 39.531 102.616 1
    endloop
  endfacet
  facet normal 0 0 1
    outer loop
      vertex 39.0362 101.062 1
      vertex 38.6007 101.062 1
      vertex 38.6257 100.892 1
    endloop
  endfacet
  facet normal 0 0 1
    outer loop
      vertex 38.106 102.616 1
      vertex 39.531 102.616 1
      vertex 39.5942 102.726 1
    endloop
  endfacet
  facet normal 0 0 1
    outer loop
      vertex 39.065 101.227 1
      vertex 38.5719 101.227 1
      vertex 38.6007 101.062 1
    endloop
  endfacet
  facet normal 0 0 1
    outer loop
      vertex 38.0428 102.726 1
      vertex 39.5942 102.726 1
      vertex 39.6605 102.831 1
    endloop
  endfacet
  facet normal 0 0 1
    outer loop
      vertex 39.0976 101.388 1
      vertex 38.5393 101.388 1
      vertex 38.5719 101.227 1
    endloop
  endfacet
  facet normal 0 0 1
    outer loop
      vertex 37.9768 102.831 1
      vertex 39.6605 102.831 1
      vertex 39.7297 102.93 1
    endloop
  endfacet
  facet normal 0 0 1
    outer loop
      vertex 39.1337 101.545 1
      vertex 38.5032 101.545 1
      vertex 38.5393 101.388 1
    endloop
  endfacet
  facet normal 0 0 1
    outer loop
      vertex 37.9079 102.93 1
      vertex 39.7297 102.93 1
      vertex 39.802 103.024 1
    endloop
  endfacet
  facet normal 0 0 1
    outer loop
      vertex 37.836 103.024 1
      vertex 39.802 103.024 1
      vertex 39.8773 103.112 1
    endloop
  endfacet
  facet normal 0 0 1
    outer loop
      vertex 39.1728 101.696 1
      vertex 38.4641 101.696 1
      vertex 38.5032 101.545 1
    endloop
  endfacet
  facet normal 0 0 1
    outer loop
      vertex 37.7614 103.112 1
      vertex 39.8773 103.112 1
      vertex 39.9556 103.193 1
    endloop
  endfacet
  facet normal 0 0 1
    outer loop
      vertex 39.2149 101.843 1
      vertex 38.422 101.843 1
      vertex 38.4641 101.696 1
    endloop
  endfacet
  facet normal 0 0 1
    outer loop
      vertex 37.6838 103.193 1
      vertex 39.9556 103.193 1
      vertex 40.037 103.27 1
    endloop
  endfacet
  facet normal 0 0 1
    outer loop
      vertex 39.2601 101.984 1
      vertex 38.3769 101.984 1
      vertex 38.422 101.843 1
    endloop
  endfacet
  facet normal 0 0 1
    outer loop
      vertex 37.6034 103.27 1
      vertex 40.037 103.27 1
      vertex 40.1213 103.34 1
    endloop
  endfacet
  facet normal 0 0 1
    outer loop
      vertex 39.3082 102.121 1
      vertex 38.3287 102.121 1
      vertex 38.3769 101.984 1
    endloop
  endfacet
  facet normal 0 0 1
    outer loop
      vertex 37.52 103.34 1
      vertex 40.1213 103.34 1
      vertex 40.2087 103.405 1
    endloop
  endfacet
  facet normal 0 0 1
    outer loop
      vertex 39.3594 102.252 1
      vertex 38.2776 102.252 1
      vertex 38.3287 102.121 1
    endloop
  endfacet
  facet normal 0 0 1
    outer loop
      vertex 37.4338 103.405 1
      vertex 40.2087 103.405 1
      vertex 40.2985 103.463 1
    endloop
  endfacet
  facet normal 0 0 1
    outer loop
      vertex 39.4136 102.378 1
      vertex 38.2234 102.378 1
      vertex 38.2776 102.252 1
    endloop
  endfacet
  facet normal 0 0 1
    outer loop
      vertex 37.3452 103.463 1
      vertex 40.2985 103.463 1
      vertex 40.3903 103.514 1
    endloop
  endfacet
  facet normal 0 0 1
    outer loop
      vertex 39.4708 102.5 1
      vertex 38.1662 102.5 1
      vertex 38.2234 102.378 1
    endloop
  endfacet
  facet normal 0 0 1
    outer loop
      vertex 37.2544 103.514 1
      vertex 40.3903 103.514 1
      vertex 40.484 103.559 1
    endloop
  endfacet
  facet normal 0 0 1
    outer loop
      vertex 39.531 102.616 1
      vertex 38.106 102.616 1
      vertex 38.1662 102.5 1
    endloop
  endfacet
  facet normal 0 0 1
    outer loop
      vertex 39.5942 102.726 1
      vertex 38.0428 102.726 1
      vertex 38.106 102.616 1
    endloop
  endfacet
  facet normal 0 0 1
    outer loop
      vertex 37.1617 103.559 1
      vertex 40.484 103.559 1
      vertex 40.5796 103.597 1
    endloop
  endfacet
  facet normal 0 0 1
    outer loop
      vertex 39.6605 102.831 1
      vertex 37.9768 102.831 1
      vertex 38.0428 102.726 1
    endloop
  endfacet
  facet normal 0 0 1
    outer loop
      vertex 37.0668 103.597 1
      vertex 40.5796 103.597 1
      vertex 40.6771 103.627 1
    endloop
  endfacet
  facet normal 0 0 1
    outer loop
      vertex 39.7297 102.93 1
      vertex 37.9079 102.93 1
      vertex 37.9768 102.831 1
    endloop
  endfacet
  facet normal 0 0 1
    outer loop
      vertex 39.802 103.024 1
      vertex 37.836 103.024 1
      vertex 37.9079 102.93 1
    endloop
  endfacet
  facet normal 0 0 1
    outer loop
      vertex 36.9699 103.627 1
      vertex 40.6771 103.627 1
      vertex 40.7766 103.651 1
    endloop
  endfacet
  facet normal 0 0 1
    outer loop
      vertex 39.8773 103.112 1
      vertex 37.7614 103.112 1
      vertex 37.836 103.024 1
    endloop
  endfacet
  facet normal 0 0 1
    outer loop
      vertex 39.9556 103.193 1
      vertex 37.6838 103.193 1
      vertex 37.7614 103.112 1
    endloop
  endfacet
  facet normal 0 0 1
    outer loop
      vertex 36.8709 103.651 1
      vertex 40.7766 103.651 1
      vertex 40.8779 103.669 1
    endloop
  endfacet
  facet normal 0 0 1
    outer loop
      vertex 40.037 103.27 1
      vertex 37.6034 103.27 1
      vertex 37.6838 103.193 1
    endloop
  endfacet
  facet normal 0 0 1
    outer loop
      vertex 40.1213 103.34 1
      vertex 37.52 103.34 1
      vertex 37.6034 103.27 1
    endloop
  endfacet
  facet normal 0 0 1
    outer loop
      vertex 36.7699 103.669 1
      vertex 40.8779 103.669 1
      vertex 40.9812 103.679 1
    endloop
  endfacet
  facet normal 0 0 1
    outer loop
      vertex 40.2087 103.405 1
      vertex 37.4338 103.405 1
      vertex 37.52 103.34 1
    endloop
  endfacet
  facet normal 0 0 1
    outer loop
      vertex 40.2985 103.463 1
      vertex 37.3452 103.463 1
      vertex 37.4338 103.405 1
    endloop
  endfacet
  facet normal 0 0 1
    outer loop
      vertex 40.3903 103.514 1
      vertex 37.2544 103.514 1
      vertex 37.3452 103.463 1
    endloop
  endfacet
  facet normal 0 0 1
    outer loop
      vertex 40.484 103.559 1
      vertex 37.1617 103.559 1
      vertex 37.2544 103.514 1
    endloop
  endfacet
  facet normal 0 0 1
    outer loop
      vertex 41.0864 103.682 1
      vertex 36.5617 103.682 1
      vertex 40.9812 103.679 1
    endloop
  endfacet
  facet normal 0 0 1
    outer loop
      vertex 40.5796 103.597 1
      vertex 37.0668 103.597 1
      vertex 37.1617 103.559 1
    endloop
  endfacet
  facet normal 0 0 1
    outer loop
      vertex 40.6771 103.627 1
      vertex 36.9699 103.627 1
      vertex 37.0668 103.597 1
    endloop
  endfacet
  facet normal 0 0 1
    outer loop
      vertex 40.7766 103.651 1
      vertex 36.8709 103.651 1
      vertex 36.9699 103.627 1
    endloop
  endfacet
  facet normal 0 0 1
    outer loop
      vertex 40.8779 103.669 1
      vertex 36.7699 103.669 1
      vertex 36.8709 103.651 1
    endloop
  endfacet
  facet normal 0 0 1
    outer loop
      vertex 40.9812 103.679 1
      vertex 36.6668 103.679 1
      vertex 36.7699 103.669 1
    endloop
  endfacet
  facet normal 0 0 1
    outer loop
      vertex 40.9812 103.679 1
      vertex 36.5617 103.682 1
      vertex 36.6668 103.679 1
    endloop
  endfacet
  facet normal 0 0 1
    outer loop
      vertex 32.6853 103.682 1
      vertex 36.5617 103.682 1
      vertex 73 105 1
    endloop
  endfacet
  facet normal 0 0 1
    outer loop
      vertex 34.7353 101.984 1
      vertex 34.7007 101.877 1
      vertex 34.7009 101.876 1
    endloop
  endfacet
  facet normal 0 0 1
    outer loop
      vertex 34.7353 101.984 1
      vertex 34.6773 101.993 1
      vertex 34.7007 101.877 1
    endloop
  endfacet
  facet normal -0 0 1
    outer loop
      vertex 34.6507 102.104 1
      vertex 34.7353 101.984 1
      vertex 34.7835 102.121 1
    endloop
  endfacet
  facet normal -0 0 1
    outer loop
      vertex 34.621 102.211 1
      vertex 34.7835 102.121 1
      vertex 34.8346 102.252 1
    endloop
  endfacet
  facet normal -0 0 1
    outer loop
      vertex 34.5882 102.313 1
      vertex 34.8346 102.252 1
      vertex 34.8888 102.378 1
    endloop
  endfacet
  facet normal -0 0 1
    outer loop
      vertex 34.5522 102.411 1
      vertex 34.8888 102.378 1
      vertex 34.946 102.5 1
    endloop
  endfacet
  facet normal -0 0 1
    outer loop
      vertex 34.4711 102.594 1
      vertex 34.946 102.5 1
      vertex 35.0062 102.616 1
    endloop
  endfacet
  facet normal 0 0 1
    outer loop
      vertex 34.7353 101.984 1
      vertex 34.6507 102.104 1
      vertex 34.6773 101.993 1
    endloop
  endfacet
  facet normal -0 0 1
    outer loop
      vertex 34.4268 102.68 1
      vertex 35.0062 102.616 1
      vertex 35.0695 102.726 1
    endloop
  endfacet
  facet normal -0 0 1
    outer loop
      vertex 34.3803 102.762 1
      vertex 35.0695 102.726 1
      vertex 35.1357 102.831 1
    endloop
  endfacet
  facet normal 0 0 1
    outer loop
      vertex 34.7835 102.121 1
      vertex 34.621 102.211 1
      vertex 34.6507 102.104 1
    endloop
  endfacet
  facet normal -0 0 1
    outer loop
      vertex 34.2801 102.915 1
      vertex 35.1357 102.831 1
      vertex 35.205 102.93 1
    endloop
  endfacet
  facet normal -0 0 1
    outer loop
      vertex 34.2266 102.986 1
      vertex 35.205 102.93 1
      vertex 35.2773 103.024 1
    endloop
  endfacet
  facet normal 0 0 1
    outer loop
      vertex 34.8346 102.252 1
      vertex 34.5882 102.313 1
      vertex 34.621 102.211 1
    endloop
  endfacet
  facet normal -0 0 1
    outer loop
      vertex 34.1707 103.053 1
      vertex 35.2773 103.024 1
      vertex 35.3526 103.112 1
    endloop
  endfacet
  facet normal -0 0 1
    outer loop
      vertex 34.1124 103.117 1
      vertex 35.3526 103.112 1
      vertex 35.4309 103.193 1
    endloop
  endfacet
  facet normal 0 0 1
    outer loop
      vertex 34.8888 102.378 1
      vertex 34.5522 102.411 1
      vertex 34.5882 102.313 1
    endloop
  endfacet
  facet normal -0 0 1
    outer loop
      vertex 33.9893 103.233 1
      vertex 35.4309 103.193 1
      vertex 35.5122 103.27 1
    endloop
  endfacet
  facet normal 0 0 1
    outer loop
      vertex 34.946 102.5 1
      vertex 34.513 102.505 1
      vertex 34.5522 102.411 1
    endloop
  endfacet
  facet normal -0 0 1
    outer loop
      vertex 33.9249 103.286 1
      vertex 35.5122 103.27 1
      vertex 35.5966 103.34 1
    endloop
  endfacet
  facet normal 0 0 1
    outer loop
      vertex 34.946 102.5 1
      vertex 34.4711 102.594 1
      vertex 34.513 102.505 1
    endloop
  endfacet
  facet normal 0 0 1
    outer loop
      vertex 33.8587 103.335 1
      vertex 35.5966 103.34 1
      vertex 35.6839 103.405 1
    endloop
  endfacet
  facet normal 0 0 1
    outer loop
      vertex 35.0062 102.616 1
      vertex 34.4268 102.68 1
      vertex 34.4711 102.594 1
    endloop
  endfacet
  facet normal 0 0 1
    outer loop
      vertex 33.7907 103.381 1
      vertex 35.6839 103.405 1
      vertex 35.7738 103.463 1
    endloop
  endfacet
  facet normal 0 0 1
    outer loop
      vertex 35.0695 102.726 1
      vertex 34.3803 102.762 1
      vertex 34.4268 102.68 1
    endloop
  endfacet
  facet normal 0 0 1
    outer loop
      vertex 33.6494 103.463 1
      vertex 35.7738 103.463 1
      vertex 35.8655 103.514 1
    endloop
  endfacet
  facet normal 0 0 1
    outer loop
      vertex 35.1357 102.831 1
      vertex 34.3314 102.84 1
      vertex 34.3803 102.762 1
    endloop
  endfacet
  facet normal 0 0 1
    outer loop
      vertex 33.5761 103.499 1
      vertex 35.8655 103.514 1
      vertex 35.9592 103.559 1
    endloop
  endfacet
  facet normal 0 0 1
    outer loop
      vertex 35.1357 102.831 1
      vertex 34.2801 102.915 1
      vertex 34.3314 102.84 1
    endloop
  endfacet
  facet normal 0 0 1
    outer loop
      vertex 33.501 103.531 1
      vertex 35.9592 103.559 1
      vertex 36.0548 103.597 1
    endloop
  endfacet
  facet normal 0 0 1
    outer loop
      vertex 35.205 102.93 1
      vertex 34.2266 102.986 1
      vertex 34.2801 102.915 1
    endloop
  endfacet
  facet normal 0 0 1
    outer loop
      vertex 35.2773 103.024 1
      vertex 34.1707 103.053 1
      vertex 34.2266 102.986 1
    endloop
  endfacet
  facet normal 0 0 1
    outer loop
      vertex 33.3459 103.586 1
      vertex 36.0548 103.597 1
      vertex 36.1524 103.627 1
    endloop
  endfacet
  facet normal 0 0 1
    outer loop
      vertex 35.3526 103.112 1
      vertex 34.1124 103.117 1
      vertex 34.1707 103.053 1
    endloop
  endfacet
  facet normal 0 0 1
    outer loop
      vertex 35.4309 103.193 1
      vertex 34.0519 103.177 1
      vertex 34.1124 103.117 1
    endloop
  endfacet
  facet normal -0 0 1
    outer loop
      vertex 33.1865 103.628 1
      vertex 36.1524 103.627 1
      vertex 36.2518 103.651 1
    endloop
  endfacet
  facet normal 0 0 1
    outer loop
      vertex 35.4309 103.193 1
      vertex 33.9893 103.233 1
      vertex 34.0519 103.177 1
    endloop
  endfacet
  facet normal 0 0 1
    outer loop
      vertex 35.5122 103.27 1
      vertex 33.9249 103.286 1
      vertex 33.9893 103.233 1
    endloop
  endfacet
  facet normal 0 0 1
    outer loop
      vertex 33.1054 103.645 1
      vertex 36.2518 103.651 1
      vertex 36.3532 103.669 1
    endloop
  endfacet
  facet normal 0 0 1
    outer loop
      vertex 35.5966 103.34 1
      vertex 33.8587 103.335 1
      vertex 33.9249 103.286 1
    endloop
  endfacet
  facet normal 0 0 1
    outer loop
      vertex 35.6839 103.405 1
      vertex 33.7907 103.381 1
      vertex 33.8587 103.335 1
    endloop
  endfacet
  facet normal 0 0 1
    outer loop
      vertex 35.7738 103.463 1
      vertex 33.721 103.424 1
      vertex 33.7907 103.381 1
    endloop
  endfacet
  facet normal 0 0 1
    outer loop
      vertex 32.9403 103.669 1
      vertex 36.3532 103.669 1
      vertex 36.4565 103.679 1
    endloop
  endfacet
  facet normal 0 0 1
    outer loop
      vertex 35.7738 103.463 1
      vertex 33.6494 103.463 1
      vertex 33.721 103.424 1
    endloop
  endfacet
  facet normal 0 0 1
    outer loop
      vertex 35.8655 103.514 1
      vertex 33.5761 103.499 1
      vertex 33.6494 103.463 1
    endloop
  endfacet
  facet normal 0 0 1
    outer loop
      vertex 35.9592 103.559 1
      vertex 33.501 103.531 1
      vertex 33.5761 103.499 1
    endloop
  endfacet
  facet normal 0 0 1
    outer loop
      vertex 36.0548 103.597 1
      vertex 33.4241 103.56 1
      vertex 33.501 103.531 1
    endloop
  endfacet
  facet normal 0 0 1
    outer loop
      vertex 36.0548 103.597 1
      vertex 33.3459 103.586 1
      vertex 33.4241 103.56 1
    endloop
  endfacet
  facet normal 0 -0 1
    outer loop
      vertex 32.7713 103.681 1
      vertex 36.5617 103.682 1
      vertex 32.6853 103.682 1
    endloop
  endfacet
  facet normal 0 0 1
    outer loop
      vertex 36.1524 103.627 1
      vertex 33.2667 103.608 1
      vertex 33.3459 103.586 1
    endloop
  endfacet
  facet normal 0 0 1
    outer loop
      vertex 36.1524 103.627 1
      vertex 33.1865 103.628 1
      vertex 33.2667 103.608 1
    endloop
  endfacet
  facet normal 0 0 1
    outer loop
      vertex 36.2518 103.651 1
      vertex 33.1054 103.645 1
      vertex 33.1865 103.628 1
    endloop
  endfacet
  facet normal 0 0 1
    outer loop
      vertex 36.3532 103.669 1
      vertex 33.0233 103.658 1
      vertex 33.1054 103.645 1
    endloop
  endfacet
  facet normal 0 0 1
    outer loop
      vertex 36.3532 103.669 1
      vertex 32.9403 103.669 1
      vertex 33.0233 103.658 1
    endloop
  endfacet
  facet normal 0 0 1
    outer loop
      vertex 36.4565 103.679 1
      vertex 32.8562 103.676 1
      vertex 32.9403 103.669 1
    endloop
  endfacet
  facet normal 0 0 1
    outer loop
      vertex 36.4565 103.679 1
      vertex 32.7713 103.681 1
      vertex 32.8562 103.676 1
    endloop
  endfacet
  facet normal 0 0 1
    outer loop
      vertex 36.5617 103.682 1
      vertex 32.7713 103.681 1
      vertex 36.4565 103.679 1
    endloop
  endfacet
  facet normal -0 0 1
    outer loop
      vertex 2 105 1
      vertex 32.6853 103.682 1
      vertex 73 105 1
    endloop
  endfacet
  facet normal 0 0 1
    outer loop
      vertex 30.8826 102.259 1
      vertex 31.0965 103.682 1
      vertex 30.8826 103.672 1
    endloop
  endfacet
  facet normal 0 0 1
    outer loop
      vertex 31.0965 103.682 1
      vertex 30.8382 103.672 1
      vertex 30.8826 103.672 1
    endloop
  endfacet
  facet normal 0 0 1
    outer loop
      vertex 31.0965 103.682 1
      vertex 30.8109 103.672 1
      vertex 30.8382 103.672 1
    endloop
  endfacet
  facet normal 0 0 1
    outer loop
      vertex 31.0965 103.682 1
      vertex 30.7786 103.671 1
      vertex 30.8109 103.672 1
    endloop
  endfacet
  facet normal 0 0 1
    outer loop
      vertex 27.0637 100.084 1
      vertex 2 105 1
      vertex 27.0606 99.883 1
    endloop
  endfacet
  facet normal 0 0 1
    outer loop
      vertex 27.073 100.279 1
      vertex 2 105 1
      vertex 27.0637 100.084 1
    endloop
  endfacet
  facet normal 0 0 1
    outer loop
      vertex 27.0884 100.466 1
      vertex 2 105 1
      vertex 27.073 100.279 1
    endloop
  endfacet
  facet normal 0 0 1
    outer loop
      vertex 27.11 100.647 1
      vertex 2 105 1
      vertex 27.0884 100.466 1
    endloop
  endfacet
  facet normal 0 0 1
    outer loop
      vertex 27.1378 100.82 1
      vertex 2 105 1
      vertex 27.11 100.647 1
    endloop
  endfacet
  facet normal 0 0 1
    outer loop
      vertex 27.1718 100.987 1
      vertex 2 105 1
      vertex 27.1378 100.82 1
    endloop
  endfacet
  facet normal 0 0 1
    outer loop
      vertex 27.2119 101.146 1
      vertex 2 105 1
      vertex 27.1718 100.987 1
    endloop
  endfacet
  facet normal 0 0 1
    outer loop
      vertex 27.2582 101.299 1
      vertex 2 105 1
      vertex 27.2119 101.146 1
    endloop
  endfacet
  facet normal 0 0 1
    outer loop
      vertex 27.3106 101.444 1
      vertex 2 105 1
      vertex 27.2582 101.299 1
    endloop
  endfacet
  facet normal 0 0 1
    outer loop
      vertex 27.3678 101.583 1
      vertex 2 105 1
      vertex 27.3106 101.444 1
    endloop
  endfacet
  facet normal 0 0 1
    outer loop
      vertex 27.4283 101.717 1
      vertex 2 105 1
      vertex 27.3678 101.583 1
    endloop
  endfacet
  facet normal 0 0 1
    outer loop
      vertex 27.4921 101.845 1
      vertex 2 105 1
      vertex 27.4283 101.717 1
    endloop
  endfacet
  facet normal 0 0 1
    outer loop
      vertex 27.5592 101.968 1
      vertex 2 105 1
      vertex 27.4921 101.845 1
    endloop
  endfacet
  facet normal 0 0 1
    outer loop
      vertex 27.6296 102.085 1
      vertex 2 105 1
      vertex 27.5592 101.968 1
    endloop
  endfacet
  facet normal 0 0 1
    outer loop
      vertex 27.7032 102.197 1
      vertex 2 105 1
      vertex 27.6296 102.085 1
    endloop
  endfacet
  facet normal 0 0 1
    outer loop
      vertex 27.7802 102.304 1
      vertex 2 105 1
      vertex 27.7032 102.197 1
    endloop
  endfacet
  facet normal 0 0 1
    outer loop
      vertex 27.8604 102.404 1
      vertex 2 105 1
      vertex 27.7802 102.304 1
    endloop
  endfacet
  facet normal 0 0 1
    outer loop
      vertex 27.9439 102.5 1
      vertex 2 105 1
      vertex 27.8604 102.404 1
    endloop
  endfacet
  facet normal 0 0 1
    outer loop
      vertex 28.0301 102.59 1
      vertex 2 105 1
      vertex 27.9439 102.5 1
    endloop
  endfacet
  facet normal 0 0 1
    outer loop
      vertex 28.1181 102.676 1
      vertex 2 105 1
      vertex 28.0301 102.59 1
    endloop
  endfacet
  facet normal 0 0 1
    outer loop
      vertex 28.2081 102.758 1
      vertex 2 105 1
      vertex 28.1181 102.676 1
    endloop
  endfacet
  facet normal 0 0 1
    outer loop
      vertex 28.3 102.835 1
      vertex 2 105 1
      vertex 28.2081 102.758 1
    endloop
  endfacet
  facet normal 0 0 1
    outer loop
      vertex 28.3938 102.908 1
      vertex 2 105 1
      vertex 28.3 102.835 1
    endloop
  endfacet
  facet normal 0 0 1
    outer loop
      vertex 28.4895 102.976 1
      vertex 2 105 1
      vertex 28.3938 102.908 1
    endloop
  endfacet
  facet normal 0 0 1
    outer loop
      vertex 28.5872 103.04 1
      vertex 2 105 1
      vertex 28.4895 102.976 1
    endloop
  endfacet
  facet normal 0 0 1
    outer loop
      vertex 28.6868 103.1 1
      vertex 2 105 1
      vertex 28.5872 103.04 1
    endloop
  endfacet
  facet normal 0 0 1
    outer loop
      vertex 28.7882 103.155 1
      vertex 2 105 1
      vertex 28.6868 103.1 1
    endloop
  endfacet
  facet normal 0 0 1
    outer loop
      vertex 28.8902 103.207 1
      vertex 2 105 1
      vertex 28.7882 103.155 1
    endloop
  endfacet
  facet normal 0 0 1
    outer loop
      vertex 28.9913 103.255 1
      vertex 2 105 1
      vertex 28.8902 103.207 1
    endloop
  endfacet
  facet normal 0 0 1
    outer loop
      vertex 29.0913 103.3 1
      vertex 2 105 1
      vertex 28.9913 103.255 1
    endloop
  endfacet
  facet normal 0 0 1
    outer loop
      vertex 29.1904 103.342 1
      vertex 2 105 1
      vertex 29.0913 103.3 1
    endloop
  endfacet
  facet normal 0 0 1
    outer loop
      vertex 29.2886 103.381 1
      vertex 2 105 1
      vertex 29.1904 103.342 1
    endloop
  endfacet
  facet normal 0 0 1
    outer loop
      vertex 29.3858 103.417 1
      vertex 2 105 1
      vertex 29.2886 103.381 1
    endloop
  endfacet
  facet normal 0 0 1
    outer loop
      vertex 29.482 103.45 1
      vertex 2 105 1
      vertex 29.3858 103.417 1
    endloop
  endfacet
  facet normal 0 0 1
    outer loop
      vertex 29.5772 103.479 1
      vertex 2 105 1
      vertex 29.482 103.45 1
    endloop
  endfacet
  facet normal 0 0 1
    outer loop
      vertex 29.6715 103.505 1
      vertex 2 105 1
      vertex 29.5772 103.479 1
    endloop
  endfacet
  facet normal 0 0 1
    outer loop
      vertex 29.7641 103.529 1
      vertex 2 105 1
      vertex 29.6715 103.505 1
    endloop
  endfacet
  facet normal 0 0 1
    outer loop
      vertex 29.854 103.551 1
      vertex 2 105 1
      vertex 29.7641 103.529 1
    endloop
  endfacet
  facet normal 0 0 1
    outer loop
      vertex 29.9413 103.57 1
      vertex 2 105 1
      vertex 29.854 103.551 1
    endloop
  endfacet
  facet normal 0 0 1
    outer loop
      vertex 30.026 103.588 1
      vertex 2 105 1
      vertex 29.9413 103.57 1
    endloop
  endfacet
  facet normal 0 0 1
    outer loop
      vertex 30.1081 103.603 1
      vertex 2 105 1
      vertex 30.026 103.588 1
    endloop
  endfacet
  facet normal 0 0 1
    outer loop
      vertex 30.1876 103.617 1
      vertex 2 105 1
      vertex 30.1081 103.603 1
    endloop
  endfacet
  facet normal 0 0 1
    outer loop
      vertex 30.2645 103.628 1
      vertex 2 105 1
      vertex 30.1876 103.617 1
    endloop
  endfacet
  facet normal 0 0 1
    outer loop
      vertex 30.3387 103.637 1
      vertex 2 105 1
      vertex 30.2645 103.628 1
    endloop
  endfacet
  facet normal 0 0 1
    outer loop
      vertex 30.4104 103.644 1
      vertex 2 105 1
      vertex 30.3387 103.637 1
    endloop
  endfacet
  facet normal 0 0 1
    outer loop
      vertex 30.4782 103.65 1
      vertex 2 105 1
      vertex 30.4104 103.644 1
    endloop
  endfacet
  facet normal 0 0 1
    outer loop
      vertex 30.541 103.655 1
      vertex 2 105 1
      vertex 30.4782 103.65 1
    endloop
  endfacet
  facet normal 0 0 1
    outer loop
      vertex 30.5987 103.66 1
      vertex 2 105 1
      vertex 30.541 103.655 1
    endloop
  endfacet
  facet normal 0 0 1
    outer loop
      vertex 30.6513 103.663 1
      vertex 2 105 1
      vertex 30.5987 103.66 1
    endloop
  endfacet
  facet normal 0 0 1
    outer loop
      vertex 30.6988 103.667 1
      vertex 2 105 1
      vertex 30.6513 103.663 1
    endloop
  endfacet
  facet normal 0 0 1
    outer loop
      vertex 30.7413 103.669 1
      vertex 2 105 1
      vertex 30.6988 103.667 1
    endloop
  endfacet
  facet normal 0 0 1
    outer loop
      vertex 30.7786 103.671 1
      vertex 2 105 1
      vertex 30.7413 103.669 1
    endloop
  endfacet
  facet normal 0 0 1
    outer loop
      vertex 31.0965 103.682 1
      vertex 2 105 1
      vertex 30.7786 103.671 1
    endloop
  endfacet
  facet normal 0 0 1
    outer loop
      vertex 32.6853 103.682 1
      vertex 2 105 1
      vertex 31.0965 103.682 1
    endloop
  endfacet
  facet normal 0 0 1
    outer loop
      vertex 73 105 1
      vertex 75 103 1
      vertex 74.9904 103.196 1
    endloop
  endfacet
  facet normal 0 0 1
    outer loop
      vertex 73 105 1
      vertex 74.9904 103.196 1
      vertex 74.9616 103.39 1
    endloop
  endfacet
  facet normal 0 0 1
    outer loop
      vertex 73 105 1
      vertex 74.9616 103.39 1
      vertex 74.9139 103.581 1
    endloop
  endfacet
  facet normal 0 0 1
    outer loop
      vertex 73 105 1
      vertex 74.9139 103.581 1
      vertex 74.8477 103.765 1
    endloop
  endfacet
  facet normal 0 0 1
    outer loop
      vertex 73 105 1
      vertex 74.8477 103.765 1
      vertex 74.7638 103.943 1
    endloop
  endfacet
  facet normal 0 0 1
    outer loop
      vertex 73 105 1
      vertex 74.7638 103.943 1
      vertex 74.6629 104.111 1
    endloop
  endfacet
  facet normal 0 0 1
    outer loop
      vertex 73 105 1
      vertex 74.6629 104.111 1
      vertex 74.546 104.269 1
    endloop
  endfacet
  facet normal 0 0 1
    outer loop
      vertex 73 105 1
      vertex 74.546 104.269 1
      vertex 74.4142 104.414 1
    endloop
  endfacet
  facet normal 0 0 1
    outer loop
      vertex 73 105 1
      vertex 74.4142 104.414 1
      vertex 74.2688 104.546 1
    endloop
  endfacet
  facet normal 0 0 1
    outer loop
      vertex 73 105 1
      vertex 74.2688 104.546 1
      vertex 74.1111 104.663 1
    endloop
  endfacet
  facet normal 0 0 1
    outer loop
      vertex 73 105 1
      vertex 74.1111 104.663 1
      vertex 73.9428 104.764 1
    endloop
  endfacet
  facet normal 0 0 1
    outer loop
      vertex 73 105 1
      vertex 73.9428 104.764 1
      vertex 73.7654 104.848 1
    endloop
  endfacet
  facet normal 0 0 1
    outer loop
      vertex 73 105 1
      vertex 73.7654 104.848 1
      vertex 73.5806 104.914 1
    endloop
  endfacet
  facet normal 0 0 1
    outer loop
      vertex 73 105 1
      vertex 73.5806 104.914 1
      vertex 73.3902 104.962 1
    endloop
  endfacet
  facet normal 0 0 1
    outer loop
      vertex 73 105 1
      vertex 73.3902 104.962 1
      vertex 73.196 104.99 1
    endloop
  endfacet
  facet normal 0 0 1
    outer loop
      vertex 75 103 1
      vertex 73 105 1
      vertex 75 95.5 1
    endloop
  endfacet
  facet normal 0 0 1
    outer loop
      vertex 47.8222 102.269 1
      vertex 73 105 1
      vertex 47.8222 103.682 1
    endloop
  endfacet
  facet normal 0 0 1
    outer loop
      vertex 73 105 1
      vertex 47.8222 102.269 1
      vertex 75 95.5 1
    endloop
  endfacet
  facet normal 0 0 1
    outer loop
      vertex 46.4222 95.905 1
      vertex 47.8222 102.269 1
      vertex 46.4222 102.269 1
    endloop
  endfacet
  facet normal 0 0 1
    outer loop
      vertex 47.8222 102.269 1
      vertex 46.4222 95.905 1
      vertex 75 95.5 1
    endloop
  endfacet
  facet normal -0 0 1
    outer loop
      vertex 45.0557 95.905 1
      vertex 75 95.5 1
      vertex 46.4222 95.905 1
    endloop
  endfacet
  facet normal 0 0 1
    outer loop
      vertex 43.2177 99.6006 1
      vertex 45.0557 102.269 1
      vertex 43.2196 99.7936 1
    endloop
  endfacet
  facet normal 0 0 1
    outer loop
      vertex 43.2119 99.4115 1
      vertex 45.0557 102.269 1
      vertex 43.2177 99.6006 1
    endloop
  endfacet
  facet normal 0 0 1
    outer loop
      vertex 43.2023 99.2264 1
      vertex 45.0557 102.269 1
      vertex 43.2119 99.4115 1
    endloop
  endfacet
  facet normal 0 0 1
    outer loop
      vertex 45.0557 102.269 1
      vertex 43.2023 99.2264 1
      vertex 45.0557 95.905 1
    endloop
  endfacet
  facet normal -0 0 1
    outer loop
      vertex 43.1889 99.0452 1
      vertex 45.0557 95.905 1
      vertex 43.2023 99.2264 1
    endloop
  endfacet
  facet normal -0 0 1
    outer loop
      vertex 43.1716 98.8681 1
      vertex 45.0557 95.905 1
      vertex 43.1889 99.0452 1
    endloop
  endfacet
  facet normal -0 0 1
    outer loop
      vertex 43.1505 98.6949 1
      vertex 45.0557 95.905 1
      vertex 43.1716 98.8681 1
    endloop
  endfacet
  facet normal -0 0 1
    outer loop
      vertex 43.1255 98.5257 1
      vertex 45.0557 95.905 1
      vertex 43.1505 98.6949 1
    endloop
  endfacet
  facet normal -0 0 1
    outer loop
      vertex 43.0967 98.3605 1
      vertex 45.0557 95.905 1
      vertex 43.1255 98.5257 1
    endloop
  endfacet
  facet normal -0 0 1
    outer loop
      vertex 43.064 98.1992 1
      vertex 45.0557 95.905 1
      vertex 43.0967 98.3605 1
    endloop
  endfacet
  facet normal -0 0 1
    outer loop
      vertex 43.028 98.0425 1
      vertex 45.0557 95.905 1
      vertex 43.064 98.1992 1
    endloop
  endfacet
  facet normal -0 0 1
    outer loop
      vertex 42.9889 97.8909 1
      vertex 45.0557 95.905 1
      vertex 43.028 98.0425 1
    endloop
  endfacet
  facet normal -0 0 1
    outer loop
      vertex 42.9468 97.7444 1
      vertex 45.0557 95.905 1
      vertex 42.9889 97.8909 1
    endloop
  endfacet
  facet normal -0 0 1
    outer loop
      vertex 42.9016 97.6029 1
      vertex 45.0557 95.905 1
      vertex 42.9468 97.7444 1
    endloop
  endfacet
  facet normal -0 0 1
    outer loop
      vertex 42.8535 97.4665 1
      vertex 45.0557 95.905 1
      vertex 42.9016 97.6029 1
    endloop
  endfacet
  facet normal -0 0 1
    outer loop
      vertex 42.8024 97.3351 1
      vertex 45.0557 95.905 1
      vertex 42.8535 97.4665 1
    endloop
  endfacet
  facet normal -0 0 1
    outer loop
      vertex 42.7482 97.2089 1
      vertex 45.0557 95.905 1
      vertex 42.8024 97.3351 1
    endloop
  endfacet
  facet normal -0 0 1
    outer loop
      vertex 42.691 97.0877 1
      vertex 45.0557 95.905 1
      vertex 42.7482 97.2089 1
    endloop
  endfacet
  facet normal -0 0 1
    outer loop
      vertex 42.6308 96.9716 1
      vertex 45.0557 95.905 1
      vertex 42.691 97.0877 1
    endloop
  endfacet
  facet normal -0 0 1
    outer loop
      vertex 42.5676 96.8609 1
      vertex 45.0557 95.905 1
      vertex 42.6308 96.9716 1
    endloop
  endfacet
  facet normal -0 0 1
    outer loop
      vertex 42.5015 96.756 1
      vertex 45.0557 95.905 1
      vertex 42.5676 96.8609 1
    endloop
  endfacet
  facet normal -0 0 1
    outer loop
      vertex 42.4326 96.6568 1
      vertex 45.0557 95.905 1
      vertex 42.5015 96.756 1
    endloop
  endfacet
  facet normal -0 0 1
    outer loop
      vertex 42.3608 96.5634 1
      vertex 45.0557 95.905 1
      vertex 42.4326 96.6568 1
    endloop
  endfacet
  facet normal -0 0 1
    outer loop
      vertex 42.2861 96.4757 1
      vertex 45.0557 95.905 1
      vertex 42.3608 96.5634 1
    endloop
  endfacet
  facet normal -0 0 1
    outer loop
      vertex 42.2086 96.3939 1
      vertex 45.0557 95.905 1
      vertex 42.2861 96.4757 1
    endloop
  endfacet
  facet normal -0 0 1
    outer loop
      vertex 42.1281 96.3177 1
      vertex 45.0557 95.905 1
      vertex 42.2086 96.3939 1
    endloop
  endfacet
  facet normal -0 0 1
    outer loop
      vertex 42.0448 96.2474 1
      vertex 45.0557 95.905 1
      vertex 42.1281 96.3177 1
    endloop
  endfacet
  facet normal -0 0 1
    outer loop
      vertex 41.9586 96.1828 1
      vertex 45.0557 95.905 1
      vertex 42.0448 96.2474 1
    endloop
  endfacet
  facet normal -0 0 1
    outer loop
      vertex 41.8699 96.1245 1
      vertex 45.0557 95.905 1
      vertex 41.9586 96.1828 1
    endloop
  endfacet
  facet normal -0 0 1
    outer loop
      vertex 41.7792 96.073 1
      vertex 45.0557 95.905 1
      vertex 41.8699 96.1245 1
    endloop
  endfacet
  facet normal -0 0 1
    outer loop
      vertex 41.6864 96.0285 1
      vertex 45.0557 95.905 1
      vertex 41.7792 96.073 1
    endloop
  endfacet
  facet normal -0 0 1
    outer loop
      vertex 41.5916 95.9907 1
      vertex 45.0557 95.905 1
      vertex 41.6864 96.0285 1
    endloop
  endfacet
  facet normal -0 0 1
    outer loop
      vertex 41.4946 95.9599 1
      vertex 45.0557 95.905 1
      vertex 41.5916 95.9907 1
    endloop
  endfacet
  facet normal -0 0 1
    outer loop
      vertex 41.3957 95.9359 1
      vertex 45.0557 95.905 1
      vertex 41.4946 95.9599 1
    endloop
  endfacet
  facet normal -0 0 1
    outer loop
      vertex 41.2947 95.9187 1
      vertex 45.0557 95.905 1
      vertex 41.3957 95.9359 1
    endloop
  endfacet
  facet normal -0 0 1
    outer loop
      vertex 41.1916 95.9084 1
      vertex 45.0557 95.905 1
      vertex 41.2947 95.9187 1
    endloop
  endfacet
  facet normal 0 0 1
    outer loop
      vertex 41.0864 95.905 1
      vertex 45.0557 95.905 1
      vertex 41.1916 95.9084 1
    endloop
  endfacet
  facet normal 0 0 1
    outer loop
      vertex 45.0557 95.905 1
      vertex 41.0864 95.905 1
      vertex 75 95.5 1
    endloop
  endfacet
  facet normal -0 0 1
    outer loop
      vertex 38.6949 99.7936 1
      vertex 38.944 99.6006 1
      vertex 38.9421 99.7936 1
    endloop
  endfacet
  facet normal 0 0 1
    outer loop
      vertex 38.6929 99.6006 1
      vertex 38.944 99.6006 1
      vertex 38.6949 99.7936 1
    endloop
  endfacet
  facet normal 0 0 1
    outer loop
      vertex 38.944 99.6006 1
      vertex 38.6929 99.6006 1
      vertex 38.9498 99.4115 1
    endloop
  endfacet
  facet normal 0 0 1
    outer loop
      vertex 38.6872 99.4115 1
      vertex 38.9498 99.4115 1
      vertex 38.6929 99.6006 1
    endloop
  endfacet
  facet normal 0 0 1
    outer loop
      vertex 38.9498 99.4115 1
      vertex 38.6872 99.4115 1
      vertex 38.9594 99.2264 1
    endloop
  endfacet
  facet normal 0 0 1
    outer loop
      vertex 38.6776 99.2264 1
      vertex 38.9594 99.2264 1
      vertex 38.6872 99.4115 1
    endloop
  endfacet
  facet normal 0 0 1
    outer loop
      vertex 38.9594 99.2264 1
      vertex 38.6776 99.2264 1
      vertex 38.9728 99.0452 1
    endloop
  endfacet
  facet normal 0 0 1
    outer loop
      vertex 38.6641 99.0452 1
      vertex 38.9728 99.0452 1
      vertex 38.6776 99.2264 1
    endloop
  endfacet
  facet normal 0 0 1
    outer loop
      vertex 38.9728 99.0452 1
      vertex 38.6641 99.0452 1
      vertex 38.9901 98.8681 1
    endloop
  endfacet
  facet normal 0 0 1
    outer loop
      vertex 38.6469 98.8681 1
      vertex 38.9901 98.8681 1
      vertex 38.6641 99.0452 1
    endloop
  endfacet
  facet normal 0 0 1
    outer loop
      vertex 38.9901 98.8681 1
      vertex 38.6469 98.8681 1
      vertex 39.0112 98.6949 1
    endloop
  endfacet
  facet normal 0 0 1
    outer loop
      vertex 38.6257 98.6949 1
      vertex 39.0112 98.6949 1
      vertex 38.6469 98.8681 1
    endloop
  endfacet
  facet normal 0 0 1
    outer loop
      vertex 39.0112 98.6949 1
      vertex 38.6257 98.6949 1
      vertex 39.0362 98.5257 1
    endloop
  endfacet
  facet normal 0 0 1
    outer loop
      vertex 38.6007 98.5257 1
      vertex 39.0362 98.5257 1
      vertex 38.6257 98.6949 1
    endloop
  endfacet
  facet normal 0 0 1
    outer loop
      vertex 39.0362 98.5257 1
      vertex 38.6007 98.5257 1
      vertex 39.065 98.3605 1
    endloop
  endfacet
  facet normal 0 0 1
    outer loop
      vertex 38.5719 98.3605 1
      vertex 39.065 98.3605 1
      vertex 38.6007 98.5257 1
    endloop
  endfacet
  facet normal 0 0 1
    outer loop
      vertex 39.065 98.3605 1
      vertex 38.5719 98.3605 1
      vertex 39.0976 98.1992 1
    endloop
  endfacet
  facet normal 0 0 1
    outer loop
      vertex 38.5393 98.1992 1
      vertex 39.0976 98.1992 1
      vertex 38.5719 98.3605 1
    endloop
  endfacet
  facet normal 0 0 1
    outer loop
      vertex 39.0976 98.1992 1
      vertex 38.5393 98.1992 1
      vertex 39.1337 98.0425 1
    endloop
  endfacet
  facet normal 0 0 1
    outer loop
      vertex 38.5032 98.0425 1
      vertex 39.1337 98.0425 1
      vertex 38.5393 98.1992 1
    endloop
  endfacet
  facet normal 0 0 1
    outer loop
      vertex 39.1337 98.0425 1
      vertex 38.5032 98.0425 1
      vertex 39.1728 97.8909 1
    endloop
  endfacet
  facet normal 0 0 1
    outer loop
      vertex 38.4641 97.8909 1
      vertex 39.1728 97.8909 1
      vertex 38.5032 98.0425 1
    endloop
  endfacet
  facet normal 0 0 1
    outer loop
      vertex 39.1728 97.8909 1
      vertex 38.4641 97.8909 1
      vertex 39.2149 97.7444 1
    endloop
  endfacet
  facet normal 0 0 1
    outer loop
      vertex 38.422 97.7444 1
      vertex 39.2149 97.7444 1
      vertex 38.4641 97.8909 1
    endloop
  endfacet
  facet normal 0 0 1
    outer loop
      vertex 39.2149 97.7444 1
      vertex 38.422 97.7444 1
      vertex 39.2601 97.6029 1
    endloop
  endfacet
  facet normal 0 0 1
    outer loop
      vertex 38.3769 97.6029 1
      vertex 39.2601 97.6029 1
      vertex 38.422 97.7444 1
    endloop
  endfacet
  facet normal 0 0 1
    outer loop
      vertex 39.2601 97.6029 1
      vertex 38.3769 97.6029 1
      vertex 39.3082 97.4665 1
    endloop
  endfacet
  facet normal 0 0 1
    outer loop
      vertex 38.3287 97.4665 1
      vertex 39.3082 97.4665 1
      vertex 38.3769 97.6029 1
    endloop
  endfacet
  facet normal 0 0 1
    outer loop
      vertex 39.3082 97.4665 1
      vertex 38.3287 97.4665 1
      vertex 39.3594 97.3351 1
    endloop
  endfacet
  facet normal 0 0 1
    outer loop
      vertex 38.2776 97.3351 1
      vertex 39.3594 97.3351 1
      vertex 38.3287 97.4665 1
    endloop
  endfacet
  facet normal 0 0 1
    outer loop
      vertex 39.3594 97.3351 1
      vertex 38.2776 97.3351 1
      vertex 39.4136 97.2089 1
    endloop
  endfacet
  facet normal 0 0 1
    outer loop
      vertex 38.2234 97.2089 1
      vertex 39.4136 97.2089 1
      vertex 38.2776 97.3351 1
    endloop
  endfacet
  facet normal 0 0 1
    outer loop
      vertex 39.4136 97.2089 1
      vertex 38.2234 97.2089 1
      vertex 39.4708 97.0877 1
    endloop
  endfacet
  facet normal 0 0 1
    outer loop
      vertex 38.1662 97.0877 1
      vertex 39.4708 97.0877 1
      vertex 38.2234 97.2089 1
    endloop
  endfacet
  facet normal 0 0 1
    outer loop
      vertex 39.4708 97.0877 1
      vertex 38.1662 97.0877 1
      vertex 39.531 96.9716 1
    endloop
  endfacet
  facet normal 0 0 1
    outer loop
      vertex 38.106 96.9716 1
      vertex 39.531 96.9716 1
      vertex 38.1662 97.0877 1
    endloop
  endfacet
  facet normal 0 0 1
    outer loop
      vertex 39.531 96.9716 1
      vertex 38.106 96.9716 1
      vertex 39.5942 96.8609 1
    endloop
  endfacet
  facet normal 0 0 1
    outer loop
      vertex 38.0428 96.8609 1
      vertex 39.5942 96.8609 1
      vertex 38.106 96.9716 1
    endloop
  endfacet
  facet normal 0 0 1
    outer loop
      vertex 39.5942 96.8609 1
      vertex 38.0428 96.8609 1
      vertex 39.6605 96.756 1
    endloop
  endfacet
  facet normal 0 0 1
    outer loop
      vertex 37.9768 96.756 1
      vertex 39.6605 96.756 1
      vertex 38.0428 96.8609 1
    endloop
  endfacet
  facet normal 0 0 1
    outer loop
      vertex 39.6605 96.756 1
      vertex 37.9768 96.756 1
      vertex 39.7297 96.6568 1
    endloop
  endfacet
  facet normal 0 0 1
    outer loop
      vertex 37.9079 96.6568 1
      vertex 39.7297 96.6568 1
      vertex 37.9768 96.756 1
    endloop
  endfacet
  facet normal 0 0 1
    outer loop
      vertex 39.7297 96.6568 1
      vertex 37.9079 96.6568 1
      vertex 39.802 96.5634 1
    endloop
  endfacet
  facet normal 0 0 1
    outer loop
      vertex 37.836 96.5634 1
      vertex 39.802 96.5634 1
      vertex 37.9079 96.6568 1
    endloop
  endfacet
  facet normal 0 0 1
    outer loop
      vertex 39.802 96.5634 1
      vertex 37.836 96.5634 1
      vertex 39.8773 96.4757 1
    endloop
  endfacet
  facet normal 0 0 1
    outer loop
      vertex 37.7614 96.4757 1
      vertex 39.8773 96.4757 1
      vertex 37.836 96.5634 1
    endloop
  endfacet
  facet normal 0 0 1
    outer loop
      vertex 39.8773 96.4757 1
      vertex 37.7614 96.4757 1
      vertex 39.9556 96.3939 1
    endloop
  endfacet
  facet normal 0 0 1
    outer loop
      vertex 37.6838 96.3939 1
      vertex 39.9556 96.3939 1
      vertex 37.7614 96.4757 1
    endloop
  endfacet
  facet normal 0 0 1
    outer loop
      vertex 39.9556 96.3939 1
      vertex 37.6838 96.3939 1
      vertex 40.037 96.3177 1
    endloop
  endfacet
  facet normal 0 0 1
    outer loop
      vertex 37.6034 96.3177 1
      vertex 40.037 96.3177 1
      vertex 37.6838 96.3939 1
    endloop
  endfacet
  facet normal 0 0 1
    outer loop
      vertex 40.037 96.3177 1
      vertex 37.6034 96.3177 1
      vertex 40.1213 96.2474 1
    endloop
  endfacet
  facet normal 0 0 1
    outer loop
      vertex 37.52 96.2474 1
      vertex 40.1213 96.2474 1
      vertex 37.6034 96.3177 1
    endloop
  endfacet
  facet normal 0 0 1
    outer loop
      vertex 40.1213 96.2474 1
      vertex 37.52 96.2474 1
      vertex 40.2087 96.1828 1
    endloop
  endfacet
  facet normal 0 0 1
    outer loop
      vertex 37.4338 96.1828 1
      vertex 40.2087 96.1828 1
      vertex 37.52 96.2474 1
    endloop
  endfacet
  facet normal 0 0 1
    outer loop
      vertex 40.2087 96.1828 1
      vertex 37.4338 96.1828 1
      vertex 40.2985 96.1245 1
    endloop
  endfacet
  facet normal 0 0 1
    outer loop
      vertex 37.3452 96.1245 1
      vertex 40.2985 96.1245 1
      vertex 37.4338 96.1828 1
    endloop
  endfacet
  facet normal 0 0 1
    outer loop
      vertex 40.2985 96.1245 1
      vertex 37.3452 96.1245 1
      vertex 40.3903 96.073 1
    endloop
  endfacet
  facet normal 0 0 1
    outer loop
      vertex 37.2544 96.073 1
      vertex 40.3903 96.073 1
      vertex 37.3452 96.1245 1
    endloop
  endfacet
  facet normal 0 0 1
    outer loop
      vertex 40.3903 96.073 1
      vertex 37.2544 96.073 1
      vertex 40.484 96.0285 1
    endloop
  endfacet
  facet normal 0 0 1
    outer loop
      vertex 37.1617 96.0285 1
      vertex 40.484 96.0285 1
      vertex 37.2544 96.073 1
    endloop
  endfacet
  facet normal 0 0 1
    outer loop
      vertex 40.484 96.0285 1
      vertex 37.1617 96.0285 1
      vertex 40.5796 95.9907 1
    endloop
  endfacet
  facet normal 0 0 1
    outer loop
      vertex 37.0668 95.9907 1
      vertex 40.5796 95.9907 1
      vertex 37.1617 96.0285 1
    endloop
  endfacet
  facet normal 0 0 1
    outer loop
      vertex 40.5796 95.9907 1
      vertex 37.0668 95.9907 1
      vertex 40.6771 95.9599 1
    endloop
  endfacet
  facet normal 0 0 1
    outer loop
      vertex 36.9699 95.9599 1
      vertex 40.6771 95.9599 1
      vertex 37.0668 95.9907 1
    endloop
  endfacet
  facet normal 0 0 1
    outer loop
      vertex 40.6771 95.9599 1
      vertex 36.9699 95.9599 1
      vertex 40.7766 95.9359 1
    endloop
  endfacet
  facet normal 0 0 1
    outer loop
      vertex 36.8709 95.9359 1
      vertex 40.7766 95.9359 1
      vertex 36.9699 95.9599 1
    endloop
  endfacet
  facet normal 0 0 1
    outer loop
      vertex 40.7766 95.9359 1
      vertex 36.8709 95.9359 1
      vertex 40.8779 95.9187 1
    endloop
  endfacet
  facet normal 0 0 1
    outer loop
      vertex 36.7699 95.9187 1
      vertex 40.8779 95.9187 1
      vertex 36.8709 95.9359 1
    endloop
  endfacet
  facet normal 0 0 1
    outer loop
      vertex 40.8779 95.9187 1
      vertex 36.7699 95.9187 1
      vertex 40.9812 95.9084 1
    endloop
  endfacet
  facet normal 0 0 1
    outer loop
      vertex 36.6668 95.9084 1
      vertex 40.9812 95.9084 1
      vertex 36.7699 95.9187 1
    endloop
  endfacet
  facet normal 0 0 1
    outer loop
      vertex 40.9812 95.9084 1
      vertex 36.6668 95.9084 1
      vertex 41.0864 95.905 1
    endloop
  endfacet
  facet normal 0 0 1
    outer loop
      vertex 36.5617 95.905 1
      vertex 41.0864 95.905 1
      vertex 36.6668 95.9084 1
    endloop
  endfacet
  facet normal 0 0 1
    outer loop
      vertex 41.0864 95.905 1
      vertex 36.5617 95.905 1
      vertex 75 95.5 1
    endloop
  endfacet
  facet normal 0 0 1
    outer loop
      vertex 34.8963 95.905 1
      vertex 35.0062 96.9716 1
      vertex 34.946 97.0877 1
    endloop
  endfacet
  facet normal 0 0 1
    outer loop
      vertex 34.8963 95.905 1
      vertex 35.0695 96.8609 1
      vertex 35.0062 96.9716 1
    endloop
  endfacet
  facet normal 0 0 1
    outer loop
      vertex 34.8963 95.905 1
      vertex 35.1357 96.756 1
      vertex 35.0695 96.8609 1
    endloop
  endfacet
  facet normal 0 0 1
    outer loop
      vertex 34.8963 95.905 1
      vertex 35.205 96.6568 1
      vertex 35.1357 96.756 1
    endloop
  endfacet
  facet normal 0 0 1
    outer loop
      vertex 34.8963 95.905 1
      vertex 35.2773 96.5634 1
      vertex 35.205 96.6568 1
    endloop
  endfacet
  facet normal 0 0 1
    outer loop
      vertex 34.8963 95.905 1
      vertex 35.3526 96.4757 1
      vertex 35.2773 96.5634 1
    endloop
  endfacet
  facet normal 0 0 1
    outer loop
      vertex 34.8963 95.905 1
      vertex 35.4309 96.3939 1
      vertex 35.3526 96.4757 1
    endloop
  endfacet
  facet normal 0 0 1
    outer loop
      vertex 34.8963 95.905 1
      vertex 35.5122 96.3177 1
      vertex 35.4309 96.3939 1
    endloop
  endfacet
  facet normal 0 0 1
    outer loop
      vertex 34.8963 95.905 1
      vertex 35.5966 96.2474 1
      vertex 35.5122 96.3177 1
    endloop
  endfacet
  facet normal 0 0 1
    outer loop
      vertex 34.8963 95.905 1
      vertex 35.6839 96.1828 1
      vertex 35.5966 96.2474 1
    endloop
  endfacet
  facet normal 0 0 1
    outer loop
      vertex 34.8963 95.905 1
      vertex 35.7738 96.1245 1
      vertex 35.6839 96.1828 1
    endloop
  endfacet
  facet normal 0 0 1
    outer loop
      vertex 34.8963 95.905 1
      vertex 35.8655 96.073 1
      vertex 35.7738 96.1245 1
    endloop
  endfacet
  facet normal 0 0 1
    outer loop
      vertex 34.8963 95.905 1
      vertex 35.9592 96.0285 1
      vertex 35.8655 96.073 1
    endloop
  endfacet
  facet normal 0 0 1
    outer loop
      vertex 34.8963 95.905 1
      vertex 36.0548 95.9907 1
      vertex 35.9592 96.0285 1
    endloop
  endfacet
  facet normal 0 0 1
    outer loop
      vertex 34.8963 95.905 1
      vertex 36.1524 95.9599 1
      vertex 36.0548 95.9907 1
    endloop
  endfacet
  facet normal 0 0 1
    outer loop
      vertex 34.8963 95.905 1
      vertex 36.2518 95.9359 1
      vertex 36.1524 95.9599 1
    endloop
  endfacet
  facet normal 0 0 1
    outer loop
      vertex 34.8963 95.905 1
      vertex 36.3532 95.9187 1
      vertex 36.2518 95.9359 1
    endloop
  endfacet
  facet normal 0 0 1
    outer loop
      vertex 34.8963 95.905 1
      vertex 36.4565 95.9084 1
      vertex 36.3532 95.9187 1
    endloop
  endfacet
  facet normal 0 0 1
    outer loop
      vertex 34.8963 95.905 1
      vertex 36.5617 95.905 1
      vertex 36.4565 95.9084 1
    endloop
  endfacet
  facet normal -0 0 1
    outer loop
      vertex 34.8963 95.905 1
      vertex 75 95.5 1
      vertex 36.5617 95.905 1
    endloop
  endfacet
  facet normal -0 0 1
    outer loop
      vertex 33.4742 95.905 1
      vertex 75 95.5 1
      vertex 34.8963 95.905 1
    endloop
  endfacet
  facet normal 0 0 1
    outer loop
      vertex 32.4853 95.905 1
      vertex 32.7964 98.516 1
      vertex 32.4853 98.4604 1
    endloop
  endfacet
  facet normal 0 0 1
    outer loop
      vertex 32.7964 98.516 1
      vertex 32.4853 95.905 1
      vertex 33.4742 95.905 1
    endloop
  endfacet
  facet normal -0 0 1
    outer loop
      vertex 32.4853 95.905 1
      vertex 75 95.5 1
      vertex 33.4742 95.905 1
    endloop
  endfacet
  facet normal 0 0 1
    outer loop
      vertex 30.8604 95.8948 1
      vertex 32.4853 95.905 1
      vertex 31.0854 95.905 1
    endloop
  endfacet
  facet normal 0 0 1
    outer loop
      vertex 30.8604 99.8935 1
      vertex 31.0965 103.682 1
      vertex 30.8826 102.259 1
    endloop
  endfacet
  facet normal 0 0 1
    outer loop
      vertex 30.8604 99.8935 1
      vertex 30.8826 102.259 1
      vertex 30.8776 102.259 1
    endloop
  endfacet
  facet normal 0 0 1
    outer loop
      vertex 30.8604 99.8935 1
      vertex 30.8776 102.259 1
      vertex 30.8722 102.259 1
    endloop
  endfacet
  facet normal 0 0 1
    outer loop
      vertex 30.8604 99.8935 1
      vertex 30.8722 102.259 1
      vertex 30.8666 102.26 1
    endloop
  endfacet
  facet normal 0 0 1
    outer loop
      vertex 30.8604 99.8935 1
      vertex 30.8666 102.26 1
      vertex 30.8607 102.261 1
    endloop
  endfacet
  facet normal 0 0 1
    outer loop
      vertex 31.0965 103.682 1
      vertex 30.8604 99.8935 1
      vertex 31.0854 95.905 1
    endloop
  endfacet
  facet normal 0 0 1
    outer loop
      vertex 30.8604 95.8948 1
      vertex 31.0854 95.905 1
      vertex 30.8604 99.8935 1
    endloop
  endfacet
  facet normal 0 0 1
    outer loop
      vertex 32.4853 95.905 1
      vertex 30.8604 95.8948 1
      vertex 75 95.5 1
    endloop
  endfacet
  facet normal 0 0 1
    outer loop
      vertex 30.8544 95.8988 1
      vertex 30.8604 95.8948 1
      vertex 30.8589 95.8969 1
    endloop
  endfacet
  facet normal 0 0 1
    outer loop
      vertex 30.8468 95.9005 1
      vertex 30.8604 95.8948 1
      vertex 30.8544 95.8988 1
    endloop
  endfacet
  facet normal 0 0 1
    outer loop
      vertex 30.8363 95.9018 1
      vertex 30.8604 95.8948 1
      vertex 30.8468 95.9005 1
    endloop
  endfacet
  facet normal 0 0 1
    outer loop
      vertex 30.8227 95.903 1
      vertex 30.8604 95.8948 1
      vertex 30.8363 95.9018 1
    endloop
  endfacet
  facet normal 0 0 1
    outer loop
      vertex 30.8061 95.9039 1
      vertex 30.8604 95.8948 1
      vertex 30.8227 95.903 1
    endloop
  endfacet
  facet normal 0 0 1
    outer loop
      vertex 30.7865 95.9045 1
      vertex 30.8604 95.8948 1
      vertex 30.8061 95.9039 1
    endloop
  endfacet
  facet normal 0 0 1
    outer loop
      vertex 30.7638 95.9049 1
      vertex 30.8604 95.8948 1
      vertex 30.7865 95.9045 1
    endloop
  endfacet
  facet normal 0 0 1
    outer loop
      vertex 30.7382 95.905 1
      vertex 30.8604 95.8948 1
      vertex 30.7638 95.9049 1
    endloop
  endfacet
  facet normal -0 0 1
    outer loop
      vertex 30.5382 95.905 1
      vertex 30.8604 95.8948 1
      vertex 30.7382 95.905 1
    endloop
  endfacet
  facet normal 0 0 1
    outer loop
      vertex 30.485 95.9053 1
      vertex 30.8604 95.8948 1
      vertex 30.5382 95.905 1
    endloop
  endfacet
  facet normal 0 0 1
    outer loop
      vertex 30.429 95.9064 1
      vertex 30.8604 95.8948 1
      vertex 30.485 95.9053 1
    endloop
  endfacet
  facet normal 0 0 1
    outer loop
      vertex 2 105 1
      vertex 27.063 99.6742 1
      vertex 27.0606 99.883 1
    endloop
  endfacet
  facet normal 0 0 1
    outer loop
      vertex 2 105 1
      vertex 27.0703 99.4726 1
      vertex 27.063 99.6742 1
    endloop
  endfacet
  facet normal 0 0 1
    outer loop
      vertex 2 105 1
      vertex 27.0822 99.278 1
      vertex 27.0703 99.4726 1
    endloop
  endfacet
  facet normal 0 0 1
    outer loop
      vertex 2 105 1
      vertex 27.099 99.0907 1
      vertex 27.0822 99.278 1
    endloop
  endfacet
  facet normal 0 0 1
    outer loop
      vertex 0 95.5 1
      vertex 27.099 99.0907 1
      vertex 2 105 1
    endloop
  endfacet
  facet normal 0 0 1
    outer loop
      vertex 27.099 99.0907 1
      vertex 0 95.5 1
      vertex 27.1207 98.9104 1
    endloop
  endfacet
  facet normal 0 0 1
    outer loop
      vertex 27.1207 98.9104 1
      vertex 0 95.5 1
      vertex 27.147 98.7373 1
    endloop
  endfacet
  facet normal 0 0 1
    outer loop
      vertex 27.147 98.7373 1
      vertex 0 95.5 1
      vertex 27.1782 98.5713 1
    endloop
  endfacet
  facet normal 0 0 1
    outer loop
      vertex 27.1782 98.5713 1
      vertex 0 95.5 1
      vertex 27.2142 98.4124 1
    endloop
  endfacet
  facet normal 0 0 1
    outer loop
      vertex 27.2142 98.4124 1
      vertex 0 95.5 1
      vertex 27.2551 98.2607 1
    endloop
  endfacet
  facet normal 0 0 1
    outer loop
      vertex 27.2551 98.2607 1
      vertex 0 95.5 1
      vertex 27.2997 98.1153 1
    endloop
  endfacet
  facet normal 0 0 1
    outer loop
      vertex 27.2997 98.1153 1
      vertex 0 95.5 1
      vertex 27.3472 97.9756 1
    endloop
  endfacet
  facet normal 0 0 1
    outer loop
      vertex 27.3472 97.9756 1
      vertex 0 95.5 1
      vertex 27.3976 97.8415 1
    endloop
  endfacet
  facet normal 0 0 1
    outer loop
      vertex 27.3976 97.8415 1
      vertex 0 95.5 1
      vertex 27.4509 97.713 1
    endloop
  endfacet
  facet normal 0 0 1
    outer loop
      vertex 27.4509 97.713 1
      vertex 0 95.5 1
      vertex 27.5071 97.5902 1
    endloop
  endfacet
  facet normal 0 0 1
    outer loop
      vertex 27.5071 97.5902 1
      vertex 0 95.5 1
      vertex 27.5662 97.473 1
    endloop
  endfacet
  facet normal 0 0 1
    outer loop
      vertex 27.5662 97.473 1
      vertex 0 95.5 1
      vertex 27.6281 97.3613 1
    endloop
  endfacet
  facet normal 0 0 1
    outer loop
      vertex 27.6281 97.3613 1
      vertex 0 95.5 1
      vertex 27.6929 97.2554 1
    endloop
  endfacet
  facet normal 0 0 1
    outer loop
      vertex 27.6929 97.2554 1
      vertex 0 95.5 1
      vertex 27.7606 97.155 1
    endloop
  endfacet
  facet normal 0 0 1
    outer loop
      vertex 27.7606 97.155 1
      vertex 0 95.5 1
      vertex 27.8306 97.0597 1
    endloop
  endfacet
  facet normal 0 0 1
    outer loop
      vertex 27.8306 97.0597 1
      vertex 0 95.5 1
      vertex 27.9024 96.969 1
    endloop
  endfacet
  facet normal 0 0 1
    outer loop
      vertex 27.9024 96.969 1
      vertex 0 95.5 1
      vertex 27.976 96.8828 1
    endloop
  endfacet
  facet normal 0 0 1
    outer loop
      vertex 27.976 96.8828 1
      vertex 0 95.5 1
      vertex 28.0514 96.8011 1
    endloop
  endfacet
  facet normal 0 0 1
    outer loop
      vertex 28.0514 96.8011 1
      vertex 0 95.5 1
      vertex 28.1285 96.7239 1
    endloop
  endfacet
  facet normal 0 0 1
    outer loop
      vertex 28.1285 96.7239 1
      vertex 0 95.5 1
      vertex 28.2075 96.6513 1
    endloop
  endfacet
  facet normal 0 0 1
    outer loop
      vertex 28.2075 96.6513 1
      vertex 0 95.5 1
      vertex 28.2882 96.5832 1
    endloop
  endfacet
  facet normal 0 0 1
    outer loop
      vertex 28.2882 96.5832 1
      vertex 0 95.5 1
      vertex 28.3707 96.5196 1
    endloop
  endfacet
  facet normal 0 0 1
    outer loop
      vertex 28.3707 96.5196 1
      vertex 0 95.5 1
      vertex 28.455 96.4605 1
    endloop
  endfacet
  facet normal 0 0 1
    outer loop
      vertex 28.455 96.4605 1
      vertex 0 95.5 1
      vertex 28.5402 96.4054 1
    endloop
  endfacet
  facet normal 0 0 1
    outer loop
      vertex 28.5402 96.4054 1
      vertex 0 95.5 1
      vertex 28.6256 96.3535 1
    endloop
  endfacet
  facet normal 0 0 1
    outer loop
      vertex 28.6256 96.3535 1
      vertex 0 95.5 1
      vertex 28.7111 96.305 1
    endloop
  endfacet
  facet normal 0 0 1
    outer loop
      vertex 28.7111 96.305 1
      vertex 0 95.5 1
      vertex 28.7968 96.2597 1
    endloop
  endfacet
  facet normal 0 0 1
    outer loop
      vertex 28.7968 96.2597 1
      vertex 0 95.5 1
      vertex 28.8826 96.2178 1
    endloop
  endfacet
  facet normal 0 0 1
    outer loop
      vertex 28.8826 96.2178 1
      vertex 0 95.5 1
      vertex 28.9685 96.1791 1
    endloop
  endfacet
  facet normal 0 0 1
    outer loop
      vertex 28.9685 96.1791 1
      vertex 0 95.5 1
      vertex 29.0546 96.1437 1
    endloop
  endfacet
  facet normal 0 0 1
    outer loop
      vertex 29.0546 96.1437 1
      vertex 0 95.5 1
      vertex 29.1408 96.1116 1
    endloop
  endfacet
  facet normal 0 0 1
    outer loop
      vertex 0 103 1
      vertex 2 105 1
      vertex 1.80396 104.99 1
    endloop
  endfacet
  facet normal 0 0 1
    outer loop
      vertex 0 103 1
      vertex 1.80396 104.99 1
      vertex 1.60982 104.962 1
    endloop
  endfacet
  facet normal 0 0 1
    outer loop
      vertex 0 103 1
      vertex 1.60982 104.962 1
      vertex 1.41942 104.914 1
    endloop
  endfacet
  facet normal 0 0 1
    outer loop
      vertex 0 103 1
      vertex 1.41942 104.914 1
      vertex 1.23462 104.848 1
    endloop
  endfacet
  facet normal 0 0 1
    outer loop
      vertex 0 103 1
      vertex 1.23462 104.848 1
      vertex 1.05721 104.764 1
    endloop
  endfacet
  facet normal 0 0 1
    outer loop
      vertex 0 103 1
      vertex 1.05721 104.764 1
      vertex 0.888855 104.663 1
    endloop
  endfacet
  facet normal 0 0 1
    outer loop
      vertex 29.1408 96.1116 1
      vertex 0 95.5 1
      vertex 29.2271 96.0828 1
    endloop
  endfacet
  facet normal 0 0 1
    outer loop
      vertex 0 103 1
      vertex 0.888855 104.663 1
      vertex 0.731201 104.546 1
    endloop
  endfacet
  facet normal 0 0 1
    outer loop
      vertex 0 103 1
      vertex 0.731201 104.546 1
      vertex 0.585785 104.414 1
    endloop
  endfacet
  facet normal 0 0 1
    outer loop
      vertex 0 103 1
      vertex 0.585785 104.414 1
      vertex 0.453964 104.269 1
    endloop
  endfacet
  facet normal 0 0 1
    outer loop
      vertex 0 103 1
      vertex 0.453964 104.269 1
      vertex 0.337051 104.111 1
    endloop
  endfacet
  facet normal 0 0 1
    outer loop
      vertex 2 105 1
      vertex 0 103 1
      vertex 0 95.5 1
    endloop
  endfacet
  facet normal 0 0 1
    outer loop
      vertex 0 103 1
      vertex 0.337051 104.111 1
      vertex 0.236145 103.943 1
    endloop
  endfacet
  facet normal 0 0 1
    outer loop
      vertex 0 103 1
      vertex 0.236145 103.943 1
      vertex 0.152237 103.765 1
    endloop
  endfacet
  facet normal 0 0 1
    outer loop
      vertex 0 103 1
      vertex 0.152237 103.765 1
      vertex 0.0861053 103.581 1
    endloop
  endfacet
  facet normal 0 0 1
    outer loop
      vertex 0 103 1
      vertex 0.0861053 103.581 1
      vertex 0.0384216 103.39 1
    endloop
  endfacet
  facet normal 0 0 1
    outer loop
      vertex 29.2271 96.0828 1
      vertex 0 95.5 1
      vertex 29.313 96.0568 1
    endloop
  endfacet
  facet normal 0 0 1
    outer loop
      vertex 0 103 1
      vertex 0.0384216 103.39 1
      vertex 0.0096283 103.196 1
    endloop
  endfacet
  facet normal 0 0 1
    outer loop
      vertex 29.313 96.0568 1
      vertex 0 95.5 1
      vertex 29.3978 96.0331 1
    endloop
  endfacet
  facet normal 0 0 1
    outer loop
      vertex 30.8604 95.8948 1
      vertex 0 95.5 1
      vertex 75 95.5 1
    endloop
  endfacet
  facet normal 0 0 1
    outer loop
      vertex 30.429 95.9064 1
      vertex 0 95.5 1
      vertex 30.8604 95.8948 1
    endloop
  endfacet
  facet normal 0 0 1
    outer loop
      vertex 30.3703 95.9081 1
      vertex 0 95.5 1
      vertex 30.429 95.9064 1
    endloop
  endfacet
  facet normal 0 0 1
    outer loop
      vertex 30.3088 95.9105 1
      vertex 0 95.5 1
      vertex 30.3703 95.9081 1
    endloop
  endfacet
  facet normal 0 0 1
    outer loop
      vertex 30.2446 95.9136 1
      vertex 0 95.5 1
      vertex 30.3088 95.9105 1
    endloop
  endfacet
  facet normal 0 0 1
    outer loop
      vertex 30.1777 95.9173 1
      vertex 0 95.5 1
      vertex 30.2446 95.9136 1
    endloop
  endfacet
  facet normal 0 0 1
    outer loop
      vertex 30.108 95.9218 1
      vertex 0 95.5 1
      vertex 30.1777 95.9173 1
    endloop
  endfacet
  facet normal 0 0 1
    outer loop
      vertex 30.0356 95.9269 1
      vertex 0 95.5 1
      vertex 30.108 95.9218 1
    endloop
  endfacet
  facet normal 0 0 1
    outer loop
      vertex 29.9604 95.9328 1
      vertex 0 95.5 1
      vertex 30.0356 95.9269 1
    endloop
  endfacet
  facet normal 0 0 1
    outer loop
      vertex 29.8833 95.9401 1
      vertex 0 95.5 1
      vertex 29.9604 95.9328 1
    endloop
  endfacet
  facet normal 0 0 1
    outer loop
      vertex 29.8051 95.9498 1
      vertex 0 95.5 1
      vertex 29.8833 95.9401 1
    endloop
  endfacet
  facet normal 0 0 1
    outer loop
      vertex 29.7259 95.9618 1
      vertex 0 95.5 1
      vertex 29.8051 95.9498 1
    endloop
  endfacet
  facet normal 0 0 1
    outer loop
      vertex 29.6455 95.9761 1
      vertex 0 95.5 1
      vertex 29.7259 95.9618 1
    endloop
  endfacet
  facet normal 0 0 1
    outer loop
      vertex 29.564 95.9928 1
      vertex 0 95.5 1
      vertex 29.6455 95.9761 1
    endloop
  endfacet
  facet normal 0 0 1
    outer loop
      vertex 29.4814 96.0118 1
      vertex 0 95.5 1
      vertex 29.564 95.9928 1
    endloop
  endfacet
  facet normal 0 0 1
    outer loop
      vertex 29.3978 96.0331 1
      vertex 0 95.5 1
      vertex 29.4814 96.0118 1
    endloop
  endfacet
  facet normal 0 0 1
    outer loop
      vertex 29.6271 98.7159 1
      vertex 29.5755 97.5199 1
      vertex 29.6271 97.5178 1
    endloop
  endfacet
  facet normal 0 0 1
    outer loop
      vertex 29.6271 98.7159 1
      vertex 29.5243 97.5263 1
      vertex 29.5755 97.5199 1
    endloop
  endfacet
  facet normal 0 0 1
    outer loop
      vertex 29.6271 98.7159 1
      vertex 29.4734 97.5369 1
      vertex 29.5243 97.5263 1
    endloop
  endfacet
  facet normal 0 0 1
    outer loop
      vertex 29.6271 98.7159 1
      vertex 29.423 97.5518 1
      vertex 29.4734 97.5369 1
    endloop
  endfacet
  facet normal 0 0 1
    outer loop
      vertex 29.6271 98.7159 1
      vertex 29.373 97.5709 1
      vertex 29.423 97.5518 1
    endloop
  endfacet
  facet normal 0 0 1
    outer loop
      vertex 29.6271 98.7159 1
      vertex 29.3234 97.5943 1
      vertex 29.373 97.5709 1
    endloop
  endfacet
  facet normal 0 0 1
    outer loop
      vertex 29.6271 98.7159 1
      vertex 29.2743 97.6219 1
      vertex 29.3234 97.5943 1
    endloop
  endfacet
  facet normal 0 0 1
    outer loop
      vertex 29.6271 98.7159 1
      vertex 29.2255 97.6538 1
      vertex 29.2743 97.6219 1
    endloop
  endfacet
  facet normal 0 0 1
    outer loop
      vertex 29.6271 98.7159 1
      vertex 29.1771 97.6899 1
      vertex 29.2255 97.6538 1
    endloop
  endfacet
  facet normal 0 0 1
    outer loop
      vertex 29.6271 98.7159 1
      vertex 29.1296 97.7299 1
      vertex 29.1771 97.6899 1
    endloop
  endfacet
  facet normal 0 0 1
    outer loop
      vertex 29.6271 98.7159 1
      vertex 29.0833 97.7733 1
      vertex 29.1296 97.7299 1
    endloop
  endfacet
  facet normal 0 0 1
    outer loop
      vertex 29.6271 98.7159 1
      vertex 29.0383 97.8201 1
      vertex 29.0833 97.7733 1
    endloop
  endfacet
  facet normal 0 0 1
    outer loop
      vertex 29.6271 98.7159 1
      vertex 28.9944 97.8703 1
      vertex 29.0383 97.8201 1
    endloop
  endfacet
  facet normal 0 0 1
    outer loop
      vertex 28.8704 98.0416 1
      vertex 29.6271 98.7159 1
      vertex 28.9716 98.7159 1
    endloop
  endfacet
  facet normal 0 0 1
    outer loop
      vertex 29.6271 98.7159 1
      vertex 28.9518 97.924 1
      vertex 28.9944 97.8703 1
    endloop
  endfacet
  facet normal -0 0 1
    outer loop
      vertex 28.4515 100.231 1
      vertex 28.9716 99.8935 1
      vertex 28.468 100.392 1
    endloop
  endfacet
  facet normal 0 0 1
    outer loop
      vertex 28.9716 99.8935 1
      vertex 28.4803 99.224 1
      vertex 28.9716 98.7159 1
    endloop
  endfacet
  facet normal -0 0 1
    outer loop
      vertex 28.8281 101.382 1
      vertex 28.9716 99.8935 1
      vertex 28.8932 101.474 1
    endloop
  endfacet
  facet normal -0 -0 1
    outer loop
      vertex 28.4954 99.1214 1
      vertex 28.9716 98.7159 1
      vertex 28.4803 99.224 1
    endloop
  endfacet
  facet normal -0 -0 1
    outer loop
      vertex 28.5327 98.9224 1
      vertex 28.9716 98.7159 1
      vertex 28.5129 99.0209 1
    endloop
  endfacet
  facet normal -0 0 1
    outer loop
      vertex 28.7654 101.285 1
      vertex 28.9716 99.8935 1
      vertex 28.8281 101.382 1
    endloop
  endfacet
  facet normal -0 -0 1
    outer loop
      vertex 28.5546 98.8265 1
      vertex 28.9716 98.7159 1
      vertex 28.5327 98.9224 1
    endloop
  endfacet
  facet normal -0 0 1
    outer loop
      vertex 28.705 101.182 1
      vertex 28.9716 99.8935 1
      vertex 28.7654 101.285 1
    endloop
  endfacet
  facet normal -0 -0 1
    outer loop
      vertex 28.5783 98.7338 1
      vertex 28.9716 98.7159 1
      vertex 28.5546 98.8265 1
    endloop
  endfacet
  facet normal 0 -0 1
    outer loop
      vertex 28.631 98.5578 1
      vertex 28.9716 98.7159 1
      vertex 28.6037 98.6442 1
    endloop
  endfacet
  facet normal -0 0 1
    outer loop
      vertex 28.649 101.072 1
      vertex 28.9716 99.8935 1
      vertex 28.705 101.182 1
    endloop
  endfacet
  facet normal 0 0 1
    outer loop
      vertex 29.6271 98.7159 1
      vertex 28.9105 97.9811 1
      vertex 28.9518 97.924 1
    endloop
  endfacet
  facet normal 0 0 1
    outer loop
      vertex 28.9716 98.7159 1
      vertex 28.6908 98.3944 1
      vertex 28.7233 98.3174 1
    endloop
  endfacet
  facet normal -0 0 1
    outer loop
      vertex 28.5996 100.953 1
      vertex 28.9716 99.8935 1
      vertex 28.649 101.072 1
    endloop
  endfacet
  facet normal 0 -0 1
    outer loop
      vertex 28.6908 98.3944 1
      vertex 28.9716 98.7159 1
      vertex 28.66 98.4745 1
    endloop
  endfacet
  facet normal 0 -0 1
    outer loop
      vertex 28.66 98.4745 1
      vertex 28.9716 98.7159 1
      vertex 28.631 98.5578 1
    endloop
  endfacet
  facet normal 0 0 1
    outer loop
      vertex 28.9716 99.8935 1
      vertex 28.5996 100.953 1
      vertex 28.5568 100.825 1
    endloop
  endfacet
  facet normal 0 0 1
    outer loop
      vertex 28.9716 98.7159 1
      vertex 28.7233 98.3174 1
      vertex 28.7577 98.2436 1
    endloop
  endfacet
  facet normal 0 0 1
    outer loop
      vertex 28.9716 99.8935 1
      vertex 28.5568 100.825 1
      vertex 28.5206 100.69 1
    endloop
  endfacet
  facet normal 0 0 1
    outer loop
      vertex 28.9716 98.7159 1
      vertex 28.7577 98.2436 1
      vertex 28.7938 98.1729 1
    endloop
  endfacet
  facet normal 0 0 1
    outer loop
      vertex 28.9716 98.7159 1
      vertex 28.7938 98.1729 1
      vertex 28.8315 98.1056 1
    endloop
  endfacet
  facet normal 0 0 1
    outer loop
      vertex 28.9716 99.8935 1
      vertex 28.5206 100.69 1
      vertex 28.491 100.545 1
    endloop
  endfacet
  facet normal 0 0 1
    outer loop
      vertex 28.9716 98.7159 1
      vertex 28.8315 98.1056 1
      vertex 28.8704 98.0416 1
    endloop
  endfacet
  facet normal 0 0 1
    outer loop
      vertex 29.6271 98.7159 1
      vertex 28.8704 98.0416 1
      vertex 28.9105 97.9811 1
    endloop
  endfacet
  facet normal 0 0 1
    outer loop
      vertex 28.9716 99.8935 1
      vertex 28.491 100.545 1
      vertex 28.468 100.392 1
    endloop
  endfacet
  facet normal 0 -0 1
    outer loop
      vertex 28.6037 98.6442 1
      vertex 28.9716 98.7159 1
      vertex 28.5783 98.7338 1
    endloop
  endfacet
  facet normal -0 0 1
    outer loop
      vertex 28.4416 100.061 1
      vertex 28.9716 99.8935 1
      vertex 28.4515 100.231 1
    endloop
  endfacet
  facet normal -0 -0 1
    outer loop
      vertex 28.5129 99.0209 1
      vertex 28.9716 98.7159 1
      vertex 28.4954 99.1214 1
    endloop
  endfacet
  facet normal 0 -0 1
    outer loop
      vertex 28.4803 99.224 1
      vertex 28.9716 99.8935 1
      vertex 28.4675 99.3287 1
    endloop
  endfacet
  facet normal 0 0 1
    outer loop
      vertex 28.4383 99.8828 1
      vertex 28.9716 99.8935 1
      vertex 28.4416 100.061 1
    endloop
  endfacet
  facet normal 0 -0 1
    outer loop
      vertex 28.4675 99.3287 1
      vertex 28.9716 99.8935 1
      vertex 28.457 99.4354 1
    endloop
  endfacet
  facet normal 0 -0 1
    outer loop
      vertex 28.457 99.4354 1
      vertex 28.9716 99.8935 1
      vertex 28.4488 99.5442 1
    endloop
  endfacet
  facet normal 0 -0 1
    outer loop
      vertex 28.4395 99.7679 1
      vertex 28.9716 99.8935 1
      vertex 28.4383 99.8828 1
    endloop
  endfacet
  facet normal 0 -0 1
    outer loop
      vertex 28.4488 99.5442 1
      vertex 28.9716 99.8935 1
      vertex 28.443 99.655 1
    endloop
  endfacet
  facet normal 0 -0 1
    outer loop
      vertex 28.443 99.655 1
      vertex 28.9716 99.8935 1
      vertex 28.4395 99.7679 1
    endloop
  endfacet
  facet normal 0 0 1
    outer loop
      vertex 0 2 1
      vertex 75 2 1
      vertex 75 94.5 1
    endloop
  endfacet
  facet normal 0 -0 1
    outer loop
      vertex 73 0 1
      vertex 75 2 1
      vertex 0 2 1
    endloop
  endfacet
  facet normal 0 0 1
    outer loop
      vertex 75 2 1
      vertex 73 0 1
      vertex 74.9904 1.80396 1
    endloop
  endfacet
  facet normal 0 0 1
    outer loop
      vertex 74.9616 1.60982 1
      vertex 73 0 1
      vertex 74.9139 1.41942 1
    endloop
  endfacet
  facet normal 0 0 1
    outer loop
      vertex 74.9139 1.41942 1
      vertex 73 0 1
      vertex 74.8477 1.23462 1
    endloop
  endfacet
  facet normal 0 0 1
    outer loop
      vertex 74.8477 1.23462 1
      vertex 73 0 1
      vertex 74.7638 1.05721 1
    endloop
  endfacet
  facet normal 0 0 1
    outer loop
      vertex 74.7638 1.05721 1
      vertex 73 0 1
      vertex 74.6629 0.888855 1
    endloop
  endfacet
  facet normal 0 0 1
    outer loop
      vertex 74.6629 0.888855 1
      vertex 73 0 1
      vertex 74.546 0.731201 1
    endloop
  endfacet
  facet normal 0 0 1
    outer loop
      vertex 74.546 0.731201 1
      vertex 73 0 1
      vertex 74.4142 0.585785 1
    endloop
  endfacet
  facet normal 0 0 1
    outer loop
      vertex 74.4142 0.585785 1
      vertex 73 0 1
      vertex 74.2688 0.453964 1
    endloop
  endfacet
  facet normal 0 0 1
    outer loop
      vertex 74.2688 0.453964 1
      vertex 73 0 1
      vertex 74.1111 0.337051 1
    endloop
  endfacet
  facet normal 0 0 1
    outer loop
      vertex 74.1111 0.337051 1
      vertex 73 0 1
      vertex 73.9428 0.236145 1
    endloop
  endfacet
  facet normal 0 0 1
    outer loop
      vertex 73.9428 0.236145 1
      vertex 73 0 1
      vertex 73.7654 0.152237 1
    endloop
  endfacet
  facet normal 0 0 1
    outer loop
      vertex 73.7654 0.152237 1
      vertex 73 0 1
      vertex 73.5806 0.0861053 1
    endloop
  endfacet
  facet normal 0 0 1
    outer loop
      vertex 73.5806 0.0861053 1
      vertex 73 0 1
      vertex 73.3902 0.0384216 1
    endloop
  endfacet
  facet normal 0 0 1
    outer loop
      vertex 73.3902 0.0384216 1
      vertex 73 0 1
      vertex 73.196 0.0096283 1
    endloop
  endfacet
  facet normal 0 0 1
    outer loop
      vertex 74.9904 1.80396 1
      vertex 73 0 1
      vertex 74.9616 1.60982 1
    endloop
  endfacet
  facet normal 0 0 1
    outer loop
      vertex 73 0 1
      vertex 0 2 1
      vertex 2 0 1
    endloop
  endfacet
  facet normal 0 0 1
    outer loop
      vertex 2 0 1
      vertex 0 2 1
      vertex 1.80396 0.0096283 1
    endloop
  endfacet
  facet normal 0 0 1
    outer loop
      vertex 1.80396 0.0096283 1
      vertex 0 2 1
      vertex 1.60982 0.0384216 1
    endloop
  endfacet
  facet normal 0 0 1
    outer loop
      vertex 1.60982 0.0384216 1
      vertex 0 2 1
      vertex 1.41942 0.0861053 1
    endloop
  endfacet
  facet normal 0 0 1
    outer loop
      vertex 1.41942 0.0861053 1
      vertex 0 2 1
      vertex 1.23462 0.152237 1
    endloop
  endfacet
  facet normal 0 0 1
    outer loop
      vertex 1.23462 0.152237 1
      vertex 0 2 1
      vertex 1.05721 0.236145 1
    endloop
  endfacet
  facet normal 0 0 1
    outer loop
      vertex 1.05721 0.236145 1
      vertex 0 2 1
      vertex 0.888855 0.337051 1
    endloop
  endfacet
  facet normal 0 0 1
    outer loop
      vertex 0.888855 0.337051 1
      vertex 0 2 1
      vertex 0.731201 0.453964 1
    endloop
  endfacet
  facet normal 0 0 1
    outer loop
      vertex 0.731201 0.453964 1
      vertex 0 2 1
      vertex 0.585785 0.585785 1
    endloop
  endfacet
  facet normal 0 0 1
    outer loop
      vertex 0.585785 0.585785 1
      vertex 0 2 1
      vertex 0.453964 0.731201 1
    endloop
  endfacet
  facet normal 0 0 1
    outer loop
      vertex 0.453964 0.731201 1
      vertex 0 2 1
      vertex 0.337051 0.888855 1
    endloop
  endfacet
  facet normal 0 0 1
    outer loop
      vertex 0.337051 0.888855 1
      vertex 0 2 1
      vertex 0.236145 1.05721 1
    endloop
  endfacet
  facet normal 0 0 1
    outer loop
      vertex 0.236145 1.05721 1
      vertex 0 2 1
      vertex 0.152237 1.23462 1
    endloop
  endfacet
  facet normal 0 0 1
    outer loop
      vertex 0.152237 1.23462 1
      vertex 0 2 1
      vertex 0.0861053 1.41942 1
    endloop
  endfacet
  facet normal 0 0 1
    outer loop
      vertex 0.0861053 1.41942 1
      vertex 0 2 1
      vertex 0.0384216 1.60982 1
    endloop
  endfacet
  facet normal 0 0 1
    outer loop
      vertex 0 2 1
      vertex 75 94.5 1
      vertex 0 94.5 1
    endloop
  endfacet
  facet normal 0 0 1
    outer loop
      vertex 0.0384216 1.60982 1
      vertex 0 2 1
      vertex 0.0096283 1.80396 1
    endloop
  endfacet
  facet normal 0 0 1
    outer loop
      vertex 32.4853 99.8368 1
      vertex 33.3853 101.048 1
      vertex 33.3847 101.1 1
    endloop
  endfacet
  facet normal 0 0 1
    outer loop
      vertex 32.4853 99.8368 1
      vertex 33.3847 101.1 1
      vertex 33.3831 101.151 1
    endloop
  endfacet
  facet normal 0 0 1
    outer loop
      vertex 33.3853 101.048 1
      vertex 32.4853 99.8368 1
      vertex 33.3847 100.998 1
    endloop
  endfacet
  facet normal 0 0 1
    outer loop
      vertex 32.4853 102.325 1
      vertex 33.3831 101.151 1
      vertex 33.3803 101.203 1
    endloop
  endfacet
  facet normal 0 0 1
    outer loop
      vertex 33.3847 100.998 1
      vertex 32.4853 99.8368 1
      vertex 33.3831 100.95 1
    endloop
  endfacet
  facet normal 0 0 1
    outer loop
      vertex 32.4853 102.325 1
      vertex 33.3803 101.203 1
      vertex 33.3765 101.254 1
    endloop
  endfacet
  facet normal 0 0 1
    outer loop
      vertex 33.3831 100.95 1
      vertex 32.4853 99.8368 1
      vertex 33.3803 100.901 1
    endloop
  endfacet
  facet normal 0 0 1
    outer loop
      vertex 32.4853 102.325 1
      vertex 33.3765 101.254 1
      vertex 33.3715 101.305 1
    endloop
  endfacet
  facet normal 0 0 1
    outer loop
      vertex 33.3803 100.901 1
      vertex 32.4853 99.8368 1
      vertex 33.3765 100.852 1
    endloop
  endfacet
  facet normal 0 0 1
    outer loop
      vertex 32.4853 102.325 1
      vertex 33.3715 101.305 1
      vertex 33.3655 101.356 1
    endloop
  endfacet
  facet normal 0 0 1
    outer loop
      vertex 33.3765 100.852 1
      vertex 32.4853 99.8368 1
      vertex 33.3715 100.804 1
    endloop
  endfacet
  facet normal 0 0 1
    outer loop
      vertex 32.4853 102.325 1
      vertex 33.3655 101.356 1
      vertex 33.3583 101.407 1
    endloop
  endfacet
  facet normal 0 0 1
    outer loop
      vertex 33.3715 100.804 1
      vertex 32.4853 99.8368 1
      vertex 33.3655 100.756 1
    endloop
  endfacet
  facet normal 0 0 1
    outer loop
      vertex 32.4853 102.325 1
      vertex 33.3583 101.407 1
      vertex 33.3501 101.458 1
    endloop
  endfacet
  facet normal 0 0 1
    outer loop
      vertex 33.3655 100.756 1
      vertex 32.4853 99.8368 1
      vertex 33.3583 100.709 1
    endloop
  endfacet
  facet normal 0 0 1
    outer loop
      vertex 32.4853 102.325 1
      vertex 33.3501 101.458 1
      vertex 33.3408 101.509 1
    endloop
  endfacet
  facet normal 0 0 1
    outer loop
      vertex 33.3583 100.709 1
      vertex 32.4853 99.8368 1
      vertex 33.3501 100.661 1
    endloop
  endfacet
  facet normal 0 0 1
    outer loop
      vertex 32.4853 102.325 1
      vertex 33.3408 101.509 1
      vertex 33.3302 101.559 1
    endloop
  endfacet
  facet normal 0 0 1
    outer loop
      vertex 33.3501 100.661 1
      vertex 32.4853 99.8368 1
      vertex 33.3408 100.614 1
    endloop
  endfacet
  facet normal 0 0 1
    outer loop
      vertex 32.4853 102.325 1
      vertex 33.3302 101.559 1
      vertex 33.3183 101.608 1
    endloop
  endfacet
  facet normal 0 0 1
    outer loop
      vertex 33.3408 100.614 1
      vertex 32.4853 99.8368 1
      vertex 33.3301 100.568 1
    endloop
  endfacet
  facet normal 0 0 1
    outer loop
      vertex 32.4853 102.325 1
      vertex 33.3183 101.608 1
      vertex 33.305 101.656 1
    endloop
  endfacet
  facet normal 0 0 1
    outer loop
      vertex 33.3301 100.568 1
      vertex 32.4853 99.8368 1
      vertex 33.3177 100.523 1
    endloop
  endfacet
  facet normal 0 0 1
    outer loop
      vertex 32.4853 102.325 1
      vertex 33.305 101.656 1
      vertex 33.2903 101.703 1
    endloop
  endfacet
  facet normal 0 0 1
    outer loop
      vertex 33.3177 100.523 1
      vertex 32.4853 99.8368 1
      vertex 33.3038 100.479 1
    endloop
  endfacet
  facet normal 0 0 1
    outer loop
      vertex 32.4853 102.325 1
      vertex 33.2903 101.703 1
      vertex 33.2743 101.748 1
    endloop
  endfacet
  facet normal 0 0 1
    outer loop
      vertex 33.3038 100.479 1
      vertex 32.4853 99.8368 1
      vertex 33.2881 100.436 1
    endloop
  endfacet
  facet normal 0 0 1
    outer loop
      vertex 32.4853 102.325 1
      vertex 33.2743 101.748 1
      vertex 33.2569 101.793 1
    endloop
  endfacet
  facet normal 0 0 1
    outer loop
      vertex 33.3831 101.151 1
      vertex 32.4853 102.325 1
      vertex 32.4853 99.8368 1
    endloop
  endfacet
  facet normal 0 0 1
    outer loop
      vertex 32.4853 102.325 1
      vertex 33.2569 101.793 1
      vertex 33.2381 101.836 1
    endloop
  endfacet
  facet normal 0 0 1
    outer loop
      vertex 33.2881 100.436 1
      vertex 32.4853 99.8368 1
      vertex 33.2708 100.394 1
    endloop
  endfacet
  facet normal 0 0 1
    outer loop
      vertex 32.4853 102.325 1
      vertex 33.2381 101.836 1
      vertex 33.2179 101.879 1
    endloop
  endfacet
  facet normal 0 0 1
    outer loop
      vertex 33.2708 100.394 1
      vertex 32.4853 99.8368 1
      vertex 33.2519 100.353 1
    endloop
  endfacet
  facet normal 0 0 1
    outer loop
      vertex 32.5434 102.324 1
      vertex 33.2179 101.879 1
      vertex 33.1964 101.92 1
    endloop
  endfacet
  facet normal 0 0 1
    outer loop
      vertex 33.2519 100.353 1
      vertex 32.4853 99.8368 1
      vertex 33.2313 100.313 1
    endloop
  endfacet
  facet normal 0 0 1
    outer loop
      vertex 32.5434 102.324 1
      vertex 33.1964 101.92 1
      vertex 33.1733 101.96 1
    endloop
  endfacet
  facet normal 0 -0 1
    outer loop
      vertex 32.541 99.8427 1
      vertex 33.2313 100.313 1
      vertex 32.4853 99.8368 1
    endloop
  endfacet
  facet normal 0 0 1
    outer loop
      vertex 32.5992 102.32 1
      vertex 33.1733 101.96 1
      vertex 33.1484 101.998 1
    endloop
  endfacet
  facet normal 0 0 1
    outer loop
      vertex 33.2313 100.313 1
      vertex 32.541 99.8427 1
      vertex 33.2091 100.274 1
    endloop
  endfacet
  facet normal 0 0 1
    outer loop
      vertex 32.5992 102.32 1
      vertex 33.1484 101.998 1
      vertex 33.1217 102.034 1
    endloop
  endfacet
  facet normal 0 0 1
    outer loop
      vertex 33.2091 100.274 1
      vertex 32.541 99.8427 1
      vertex 33.1853 100.237 1
    endloop
  endfacet
  facet normal 0 0 1
    outer loop
      vertex 32.5992 102.32 1
      vertex 33.1217 102.034 1
      vertex 33.0932 102.069 1
    endloop
  endfacet
  facet normal 0 0 1
    outer loop
      vertex 33.1853 100.237 1
      vertex 32.541 99.8427 1
      vertex 33.1599 100.2 1
    endloop
  endfacet
  facet normal 0 0 1
    outer loop
      vertex 32.5992 102.32 1
      vertex 33.0932 102.069 1
      vertex 33.063 102.101 1
    endloop
  endfacet
  facet normal 0 -0 1
    outer loop
      vertex 32.5945 99.8507 1
      vertex 33.1599 100.2 1
      vertex 32.541 99.8427 1
    endloop
  endfacet
  facet normal 0 0 1
    outer loop
      vertex 32.5992 102.32 1
      vertex 33.063 102.101 1
      vertex 33.0309 102.132 1
    endloop
  endfacet
  facet normal 0 0 1
    outer loop
      vertex 33.1599 100.2 1
      vertex 32.5945 99.8507 1
      vertex 33.1331 100.166 1
    endloop
  endfacet
  facet normal 0 0 1
    outer loop
      vertex 32.6526 102.313 1
      vertex 33.0309 102.132 1
      vertex 32.9971 102.161 1
    endloop
  endfacet
  facet normal 0 0 1
    outer loop
      vertex 33.1331 100.166 1
      vertex 32.5945 99.8507 1
      vertex 33.105 100.132 1
    endloop
  endfacet
  facet normal 0 0 1
    outer loop
      vertex 32.6526 102.313 1
      vertex 32.9971 102.161 1
      vertex 32.9615 102.189 1
    endloop
  endfacet
  facet normal 0 0 1
    outer loop
      vertex 33.105 100.132 1
      vertex 32.5945 99.8507 1
      vertex 33.0755 100.101 1
    endloop
  endfacet
  facet normal 0 0 1
    outer loop
      vertex 32.7037 102.304 1
      vertex 32.9615 102.189 1
      vertex 32.9241 102.214 1
    endloop
  endfacet
  facet normal 0 0 1
    outer loop
      vertex 33.0755 100.101 1
      vertex 32.5945 99.8507 1
      vertex 33.0446 100.07 1
    endloop
  endfacet
  facet normal 0 0 1
    outer loop
      vertex 32.7524 102.291 1
      vertex 32.9241 102.214 1
      vertex 32.8847 102.238 1
    endloop
  endfacet
  facet normal 0 0 1
    outer loop
      vertex 33.0446 100.07 1
      vertex 32.5945 99.8507 1
      vertex 33.0124 100.042 1
    endloop
  endfacet
  facet normal 0 0 1
    outer loop
      vertex 32.7989 102.276 1
      vertex 32.8847 102.238 1
      vertex 32.843 102.258 1
    endloop
  endfacet
  facet normal 0 0 1
    outer loop
      vertex 33.0124 100.042 1
      vertex 32.5945 99.8507 1
      vertex 32.9788 100.014 1
    endloop
  endfacet
  facet normal 0 0 1
    outer loop
      vertex 32.7524 102.291 1
      vertex 32.8847 102.238 1
      vertex 32.7989 102.276 1
    endloop
  endfacet
  facet normal 0 0 1
    outer loop
      vertex 32.9788 100.014 1
      vertex 32.5945 99.8507 1
      vertex 32.9438 99.9887 1
    endloop
  endfacet
  facet normal 0 0 1
    outer loop
      vertex 32.9241 102.214 1
      vertex 32.7524 102.291 1
      vertex 32.7037 102.304 1
    endloop
  endfacet
  facet normal 0 0 1
    outer loop
      vertex 32.9438 99.9887 1
      vertex 32.5945 99.8507 1
      vertex 32.9075 99.9644 1
    endloop
  endfacet
  facet normal 0 0 1
    outer loop
      vertex 32.9615 102.189 1
      vertex 32.7037 102.304 1
      vertex 32.6526 102.313 1
    endloop
  endfacet
  facet normal 0 0 1
    outer loop
      vertex 32.9075 99.9644 1
      vertex 32.5945 99.8507 1
      vertex 32.8694 99.942 1
    endloop
  endfacet
  facet normal 0 0 1
    outer loop
      vertex 33.0309 102.132 1
      vertex 32.6526 102.313 1
      vertex 32.5992 102.32 1
    endloop
  endfacet
  facet normal 0 0 1
    outer loop
      vertex 33.2179 101.879 1
      vertex 32.5434 102.324 1
      vertex 32.4853 102.325 1
    endloop
  endfacet
  facet normal 0 0 1
    outer loop
      vertex 33.1733 101.96 1
      vertex 32.5992 102.32 1
      vertex 32.5434 102.324 1
    endloop
  endfacet
  facet normal 0 0 1
    outer loop
      vertex 32.829 99.9217 1
      vertex 32.5945 99.8507 1
      vertex 32.7865 99.9034 1
    endloop
  endfacet
  facet normal 0 0 1
    outer loop
      vertex 32.7418 99.8871 1
      vertex 32.6458 99.8608 1
      vertex 32.6949 99.8729 1
    endloop
  endfacet
  facet normal 0 0 1
    outer loop
      vertex 32.7418 99.8871 1
      vertex 32.5945 99.8507 1
      vertex 32.6458 99.8608 1
    endloop
  endfacet
  facet normal 0 0 1
    outer loop
      vertex 32.7865 99.9034 1
      vertex 32.5945 99.8507 1
      vertex 32.7418 99.8871 1
    endloop
  endfacet
  facet normal 0 0 1
    outer loop
      vertex 32.8694 99.942 1
      vertex 32.5945 99.8507 1
      vertex 32.829 99.9217 1
    endloop
  endfacet
  facet normal 0 0 1
    outer loop
      vertex 35.795 99.7706 1
      vertex 37.295 99.7706 1
      vertex 37.2943 99.8929 1
    endloop
  endfacet
  facet normal 0 0 1
    outer loop
      vertex 35.7957 99.8929 1
      vertex 37.2943 99.8929 1
      vertex 37.2922 100.013 1
    endloop
  endfacet
  facet normal 0 0 1
    outer loop
      vertex 37.295 99.7706 1
      vertex 35.795 99.7706 1
      vertex 37.2943 99.6484 1
    endloop
  endfacet
  facet normal 0 0 1
    outer loop
      vertex 35.7978 100.013 1
      vertex 37.2922 100.013 1
      vertex 37.2888 100.131 1
    endloop
  endfacet
  facet normal 0 -0 1
    outer loop
      vertex 35.7957 99.6484 1
      vertex 37.2943 99.6484 1
      vertex 35.795 99.7706 1
    endloop
  endfacet
  facet normal 0 0 1
    outer loop
      vertex 35.8012 100.131 1
      vertex 37.2888 100.131 1
      vertex 37.284 100.246 1
    endloop
  endfacet
  facet normal 0 0 1
    outer loop
      vertex 37.2943 99.6484 1
      vertex 35.7957 99.6484 1
      vertex 37.2922 99.5286 1
    endloop
  endfacet
  facet normal 0 0 1
    outer loop
      vertex 35.806 100.246 1
      vertex 37.284 100.246 1
      vertex 37.2778 100.359 1
    endloop
  endfacet
  facet normal 0 -0 1
    outer loop
      vertex 35.7978 99.5286 1
      vertex 37.2922 99.5286 1
      vertex 35.7957 99.6484 1
    endloop
  endfacet
  facet normal 0 0 1
    outer loop
      vertex 35.8122 100.359 1
      vertex 37.2778 100.359 1
      vertex 37.2702 100.469 1
    endloop
  endfacet
  facet normal 0 0 1
    outer loop
      vertex 37.2922 99.5286 1
      vertex 35.7978 99.5286 1
      vertex 37.2888 99.4113 1
    endloop
  endfacet
  facet normal 0 0 1
    outer loop
      vertex 35.8197 100.469 1
      vertex 37.2702 100.469 1
      vertex 37.2613 100.578 1
    endloop
  endfacet
  facet normal 0 -0 1
    outer loop
      vertex 35.8012 99.4113 1
      vertex 37.2888 99.4113 1
      vertex 35.7978 99.5286 1
    endloop
  endfacet
  facet normal 0 0 1
    outer loop
      vertex 35.8286 100.578 1
      vertex 37.2613 100.578 1
      vertex 37.251 100.684 1
    endloop
  endfacet
  facet normal 0 0 1
    outer loop
      vertex 37.2888 99.4113 1
      vertex 35.8012 99.4113 1
      vertex 37.284 99.2965 1
    endloop
  endfacet
  facet normal 0 0 1
    outer loop
      vertex 35.8389 100.684 1
      vertex 37.251 100.684 1
      vertex 37.2394 100.787 1
    endloop
  endfacet
  facet normal 0 -0 1
    outer loop
      vertex 35.806 99.2965 1
      vertex 37.284 99.2965 1
      vertex 35.8012 99.4113 1
    endloop
  endfacet
  facet normal 0 0 1
    outer loop
      vertex 35.8506 100.787 1
      vertex 37.2394 100.787 1
      vertex 37.2265 100.888 1
    endloop
  endfacet
  facet normal 0 0 1
    outer loop
      vertex 37.284 99.2965 1
      vertex 35.806 99.2965 1
      vertex 37.2778 99.1841 1
    endloop
  endfacet
  facet normal 0 0 1
    outer loop
      vertex 35.8635 100.888 1
      vertex 37.2265 100.888 1
      vertex 37.2128 100.985 1
    endloop
  endfacet
  facet normal 0 -0 1
    outer loop
      vertex 35.8122 99.1841 1
      vertex 37.2778 99.1841 1
      vertex 35.806 99.2965 1
    endloop
  endfacet
  facet normal 0 0 1
    outer loop
      vertex 35.8775 100.985 1
      vertex 37.2128 100.985 1
      vertex 37.198 101.079 1
    endloop
  endfacet
  facet normal 0 0 1
    outer loop
      vertex 37.2778 99.1841 1
      vertex 35.8122 99.1841 1
      vertex 37.2702 99.0742 1
    endloop
  endfacet
  facet normal 0 0 1
    outer loop
      vertex 35.8926 101.079 1
      vertex 37.198 101.079 1
      vertex 37.1823 101.17 1
    endloop
  endfacet
  facet normal 0 -0 1
    outer loop
      vertex 35.8197 99.0742 1
      vertex 37.2702 99.0742 1
      vertex 35.8122 99.1841 1
    endloop
  endfacet
  facet normal 0 0 1
    outer loop
      vertex 35.9088 101.17 1
      vertex 37.1823 101.17 1
      vertex 37.1656 101.257 1
    endloop
  endfacet
  facet normal 0 0 1
    outer loop
      vertex 37.2702 99.0742 1
      vertex 35.8197 99.0742 1
      vertex 37.2613 98.9668 1
    endloop
  endfacet
  facet normal 0 0 1
    outer loop
      vertex 35.926 101.257 1
      vertex 37.1656 101.257 1
      vertex 37.148 101.34 1
    endloop
  endfacet
  facet normal 0 -0 1
    outer loop
      vertex 35.8286 98.9668 1
      vertex 37.2613 98.9668 1
      vertex 35.8197 99.0742 1
    endloop
  endfacet
  facet normal -0 0 1
    outer loop
      vertex 35.9639 101.421 1
      vertex 37.148 101.34 1
      vertex 37.1294 101.421 1
    endloop
  endfacet
  facet normal 0 0 1
    outer loop
      vertex 37.2613 98.9668 1
      vertex 35.8286 98.9668 1
      vertex 37.251 98.8618 1
    endloop
  endfacet
  facet normal -0 0 1
    outer loop
      vertex 35.9845 101.497 1
      vertex 37.1294 101.421 1
      vertex 37.1099 101.497 1
    endloop
  endfacet
  facet normal 0 -0 1
    outer loop
      vertex 35.8389 98.8618 1
      vertex 37.251 98.8618 1
      vertex 35.8286 98.9668 1
    endloop
  endfacet
  facet normal -0 0 1
    outer loop
      vertex 36.0062 101.571 1
      vertex 37.1099 101.497 1
      vertex 37.0894 101.571 1
    endloop
  endfacet
  facet normal 0 0 1
    outer loop
      vertex 37.251 98.8618 1
      vertex 35.8389 98.8618 1
      vertex 37.2394 98.7593 1
    endloop
  endfacet
  facet normal -0 0 1
    outer loop
      vertex 36.0289 101.641 1
      vertex 37.0894 101.571 1
      vertex 37.0678 101.641 1
    endloop
  endfacet
  facet normal 0 -0 1
    outer loop
      vertex 35.8506 98.7593 1
      vertex 37.2394 98.7593 1
      vertex 35.8389 98.8618 1
    endloop
  endfacet
  facet normal -0 0 1
    outer loop
      vertex 36.0525 101.707 1
      vertex 37.0678 101.641 1
      vertex 37.0452 101.707 1
    endloop
  endfacet
  facet normal 0 0 1
    outer loop
      vertex 37.2394 98.7593 1
      vertex 35.8506 98.7593 1
      vertex 37.2265 98.6597 1
    endloop
  endfacet
  facet normal -0 0 1
    outer loop
      vertex 36.0771 101.77 1
      vertex 37.0452 101.707 1
      vertex 37.0215 101.77 1
    endloop
  endfacet
  facet normal 0 -0 1
    outer loop
      vertex 35.8635 98.6597 1
      vertex 37.2265 98.6597 1
      vertex 35.8506 98.7593 1
    endloop
  endfacet
  facet normal -0 0 1
    outer loop
      vertex 36.1027 101.829 1
      vertex 37.0215 101.77 1
      vertex 36.9967 101.829 1
    endloop
  endfacet
  facet normal 0 0 1
    outer loop
      vertex 37.2265 98.6597 1
      vertex 35.8635 98.6597 1
      vertex 37.2128 98.5631 1
    endloop
  endfacet
  facet normal 0 0 1
    outer loop
      vertex 36.1027 101.829 1
      vertex 36.9967 101.829 1
      vertex 36.9707 101.884 1
    endloop
  endfacet
  facet normal 0 -0 1
    outer loop
      vertex 35.8775 98.5631 1
      vertex 37.2128 98.5631 1
      vertex 35.8635 98.6597 1
    endloop
  endfacet
  facet normal 0 0 1
    outer loop
      vertex 36.1293 101.884 1
      vertex 36.9707 101.884 1
      vertex 36.9437 101.936 1
    endloop
  endfacet
  facet normal 0 0 1
    outer loop
      vertex 37.2128 98.5631 1
      vertex 35.8775 98.5631 1
      vertex 37.198 98.4698 1
    endloop
  endfacet
  facet normal 0 0 1
    outer loop
      vertex 36.1568 101.936 1
      vertex 36.9437 101.936 1
      vertex 36.9156 101.985 1
    endloop
  endfacet
  facet normal 0 -0 1
    outer loop
      vertex 35.8926 98.4698 1
      vertex 37.198 98.4698 1
      vertex 35.8775 98.5631 1
    endloop
  endfacet
  facet normal 0 0 1
    outer loop
      vertex 36.1852 101.985 1
      vertex 36.9156 101.985 1
      vertex 36.8864 102.03 1
    endloop
  endfacet
  facet normal 0 0 1
    outer loop
      vertex 37.198 98.4698 1
      vertex 35.8926 98.4698 1
      vertex 37.1823 98.3796 1
    endloop
  endfacet
  facet normal 0 0 1
    outer loop
      vertex 36.2147 102.03 1
      vertex 36.8864 102.03 1
      vertex 36.8561 102.071 1
    endloop
  endfacet
  facet normal 0 -0 1
    outer loop
      vertex 35.9088 98.3796 1
      vertex 37.1823 98.3796 1
      vertex 35.8926 98.4698 1
    endloop
  endfacet
  facet normal 0 0 1
    outer loop
      vertex 36.245 102.071 1
      vertex 36.8561 102.071 1
      vertex 36.8249 102.108 1
    endloop
  endfacet
  facet normal 0 0 1
    outer loop
      vertex 37.1823 98.3796 1
      vertex 35.9088 98.3796 1
      vertex 37.1656 98.2925 1
    endloop
  endfacet
  facet normal 0 0 1
    outer loop
      vertex 36.2762 102.108 1
      vertex 36.8249 102.108 1
      vertex 36.793 102.141 1
    endloop
  endfacet
  facet normal 0 -0 1
    outer loop
      vertex 35.926 98.2925 1
      vertex 37.1656 98.2925 1
      vertex 35.9088 98.3796 1
    endloop
  endfacet
  facet normal 0 0 1
    outer loop
      vertex 36.3081 102.141 1
      vertex 36.793 102.141 1
      vertex 36.7604 102.17 1
    endloop
  endfacet
  facet normal 0 0 1
    outer loop
      vertex 37.1656 98.2925 1
      vertex 35.926 98.2925 1
      vertex 37.148 98.2086 1
    endloop
  endfacet
  facet normal 0 0 1
    outer loop
      vertex 36.3407 102.17 1
      vertex 36.7604 102.17 1
      vertex 36.7272 102.194 1
    endloop
  endfacet
  facet normal 0 -0 1
    outer loop
      vertex 35.9444 98.2086 1
      vertex 37.148 98.2086 1
      vertex 35.926 98.2925 1
    endloop
  endfacet
  facet normal 0 0 1
    outer loop
      vertex 36.374 102.194 1
      vertex 36.7272 102.194 1
      vertex 36.6932 102.214 1
    endloop
  endfacet
  facet normal 0 -0 1
    outer loop
      vertex 35.9639 98.1279 1
      vertex 37.148 98.2086 1
      vertex 35.9444 98.2086 1
    endloop
  endfacet
  facet normal 0 0 1
    outer loop
      vertex 36.4079 102.214 1
      vertex 36.6932 102.214 1
      vertex 36.6586 102.229 1
    endloop
  endfacet
  facet normal 0 0 1
    outer loop
      vertex 37.148 98.2086 1
      vertex 35.9639 98.1279 1
      vertex 37.1294 98.1279 1
    endloop
  endfacet
  facet normal 0 0 1
    outer loop
      vertex 36.4079 102.214 1
      vertex 36.6586 102.229 1
      vertex 36.6233 102.24 1
    endloop
  endfacet
  facet normal 0 0 1
    outer loop
      vertex 37.2943 99.8929 1
      vertex 35.7957 99.8929 1
      vertex 35.795 99.7706 1
    endloop
  endfacet
  facet normal 0 0 1
    outer loop
      vertex 36.4079 102.214 1
      vertex 36.6233 102.24 1
      vertex 36.5872 102.246 1
    endloop
  endfacet
  facet normal 0 -0 1
    outer loop
      vertex 35.9845 98.0503 1
      vertex 37.1294 98.1279 1
      vertex 35.9639 98.1279 1
    endloop
  endfacet
  facet normal 0 0 1
    outer loop
      vertex 36.4079 102.214 1
      vertex 36.5872 102.246 1
      vertex 36.5506 102.249 1
    endloop
  endfacet
  facet normal 0 0 1
    outer loop
      vertex 37.1294 98.1279 1
      vertex 35.9845 98.0503 1
      vertex 37.1099 98.0503 1
    endloop
  endfacet
  facet normal 0 0 1
    outer loop
      vertex 36.4079 102.214 1
      vertex 36.5506 102.249 1
      vertex 36.5139 102.246 1
    endloop
  endfacet
  facet normal 0 -0 1
    outer loop
      vertex 36.0062 97.9759 1
      vertex 37.1099 98.0503 1
      vertex 35.9845 98.0503 1
    endloop
  endfacet
  facet normal 0 0 1
    outer loop
      vertex 36.4079 102.214 1
      vertex 36.5139 102.246 1
      vertex 36.4779 102.24 1
    endloop
  endfacet
  facet normal 0 0 1
    outer loop
      vertex 37.1099 98.0503 1
      vertex 36.0062 97.9759 1
      vertex 37.0894 97.9759 1
    endloop
  endfacet
  facet normal 0 0 1
    outer loop
      vertex 36.4079 102.214 1
      vertex 36.4779 102.24 1
      vertex 36.4426 102.229 1
    endloop
  endfacet
  facet normal 0 -0 1
    outer loop
      vertex 36.0289 97.9049 1
      vertex 37.0894 97.9759 1
      vertex 36.0062 97.9759 1
    endloop
  endfacet
  facet normal 0 0 1
    outer loop
      vertex 36.6932 102.214 1
      vertex 36.4079 102.214 1
      vertex 36.374 102.194 1
    endloop
  endfacet
  facet normal 0 0 1
    outer loop
      vertex 37.0894 97.9759 1
      vertex 36.0289 97.9049 1
      vertex 37.0678 97.9049 1
    endloop
  endfacet
  facet normal 0 0 1
    outer loop
      vertex 36.7272 102.194 1
      vertex 36.374 102.194 1
      vertex 36.3407 102.17 1
    endloop
  endfacet
  facet normal 0 -0 1
    outer loop
      vertex 36.0525 97.8376 1
      vertex 37.0678 97.9049 1
      vertex 36.0289 97.9049 1
    endloop
  endfacet
  facet normal 0 0 1
    outer loop
      vertex 36.7604 102.17 1
      vertex 36.3407 102.17 1
      vertex 36.3081 102.141 1
    endloop
  endfacet
  facet normal 0 0 1
    outer loop
      vertex 37.0678 97.9049 1
      vertex 36.0525 97.8376 1
      vertex 37.0452 97.8376 1
    endloop
  endfacet
  facet normal 0 0 1
    outer loop
      vertex 36.793 102.141 1
      vertex 36.3081 102.141 1
      vertex 36.2762 102.108 1
    endloop
  endfacet
  facet normal 0 -0 1
    outer loop
      vertex 36.0771 97.774 1
      vertex 37.0452 97.8376 1
      vertex 36.0525 97.8376 1
    endloop
  endfacet
  facet normal 0 0 1
    outer loop
      vertex 36.8249 102.108 1
      vertex 36.2762 102.108 1
      vertex 36.245 102.071 1
    endloop
  endfacet
  facet normal 0 0 1
    outer loop
      vertex 37.0452 97.8376 1
      vertex 36.0771 97.774 1
      vertex 37.0215 97.774 1
    endloop
  endfacet
  facet normal 0 0 1
    outer loop
      vertex 36.8561 102.071 1
      vertex 36.245 102.071 1
      vertex 36.2147 102.03 1
    endloop
  endfacet
  facet normal 0 -0 1
    outer loop
      vertex 36.1027 97.7142 1
      vertex 37.0215 97.774 1
      vertex 36.0771 97.774 1
    endloop
  endfacet
  facet normal 0 0 1
    outer loop
      vertex 36.8864 102.03 1
      vertex 36.2147 102.03 1
      vertex 36.1852 101.985 1
    endloop
  endfacet
  facet normal 0 0 1
    outer loop
      vertex 36.9967 97.7142 1
      vertex 36.1027 97.7142 1
      vertex 36.9707 97.658 1
    endloop
  endfacet
  facet normal 0 0 1
    outer loop
      vertex 36.9156 101.985 1
      vertex 36.1852 101.985 1
      vertex 36.1568 101.936 1
    endloop
  endfacet
  facet normal 0 -0 1
    outer loop
      vertex 36.1293 97.658 1
      vertex 36.9707 97.658 1
      vertex 36.1027 97.7142 1
    endloop
  endfacet
  facet normal 0 0 1
    outer loop
      vertex 36.9437 101.936 1
      vertex 36.1568 101.936 1
      vertex 36.1293 101.884 1
    endloop
  endfacet
  facet normal 0 0 1
    outer loop
      vertex 36.9707 97.658 1
      vertex 36.1293 97.658 1
      vertex 36.9437 97.6055 1
    endloop
  endfacet
  facet normal 0 0 1
    outer loop
      vertex 36.9707 101.884 1
      vertex 36.1293 101.884 1
      vertex 36.1027 101.829 1
    endloop
  endfacet
  facet normal 0 0 1
    outer loop
      vertex 37.2922 100.013 1
      vertex 35.7978 100.013 1
      vertex 35.7957 99.8929 1
    endloop
  endfacet
  facet normal 0 0 1
    outer loop
      vertex 37.0215 101.77 1
      vertex 36.1027 101.829 1
      vertex 36.0771 101.77 1
    endloop
  endfacet
  facet normal 0 -0 1
    outer loop
      vertex 36.1568 97.6055 1
      vertex 36.9437 97.6055 1
      vertex 36.1293 97.658 1
    endloop
  endfacet
  facet normal 0 0 1
    outer loop
      vertex 37.0452 101.707 1
      vertex 36.0771 101.77 1
      vertex 36.0525 101.707 1
    endloop
  endfacet
  facet normal 0 0 1
    outer loop
      vertex 36.9437 97.6055 1
      vertex 36.1568 97.6055 1
      vertex 36.9156 97.5567 1
    endloop
  endfacet
  facet normal 0 0 1
    outer loop
      vertex 37.0678 101.641 1
      vertex 36.0525 101.707 1
      vertex 36.0289 101.641 1
    endloop
  endfacet
  facet normal 0 -0 1
    outer loop
      vertex 36.1852 97.5567 1
      vertex 36.9156 97.5567 1
      vertex 36.1568 97.6055 1
    endloop
  endfacet
  facet normal 0 0 1
    outer loop
      vertex 37.0894 101.571 1
      vertex 36.0289 101.641 1
      vertex 36.0062 101.571 1
    endloop
  endfacet
  facet normal 0 0 1
    outer loop
      vertex 37.1099 101.497 1
      vertex 36.0062 101.571 1
      vertex 35.9845 101.497 1
    endloop
  endfacet
  facet normal 0 0 1
    outer loop
      vertex 37.1294 101.421 1
      vertex 35.9845 101.497 1
      vertex 35.9639 101.421 1
    endloop
  endfacet
  facet normal 0 0 1
    outer loop
      vertex 36.6233 97.3013 1
      vertex 36.374 97.3474 1
      vertex 36.5872 97.2947 1
    endloop
  endfacet
  facet normal 0 0 1
    outer loop
      vertex 37.148 101.34 1
      vertex 35.9639 101.421 1
      vertex 35.9444 101.34 1
    endloop
  endfacet
  facet normal 0 0 1
    outer loop
      vertex 36.4779 97.3013 1
      vertex 36.374 97.3474 1
      vertex 36.4426 97.3123 1
    endloop
  endfacet
  facet normal 0 0 1
    outer loop
      vertex 37.148 101.34 1
      vertex 35.9444 101.34 1
      vertex 35.926 101.257 1
    endloop
  endfacet
  facet normal 0 0 1
    outer loop
      vertex 36.5872 97.2947 1
      vertex 36.374 97.3474 1
      vertex 36.5506 97.2925 1
    endloop
  endfacet
  facet normal 0 0 1
    outer loop
      vertex 37.1656 101.257 1
      vertex 35.926 101.257 1
      vertex 35.9088 101.17 1
    endloop
  endfacet
  facet normal 0 0 1
    outer loop
      vertex 36.4426 97.3123 1
      vertex 36.374 97.3474 1
      vertex 36.4079 97.3276 1
    endloop
  endfacet
  facet normal 0 0 1
    outer loop
      vertex 37.1823 101.17 1
      vertex 35.9088 101.17 1
      vertex 35.8926 101.079 1
    endloop
  endfacet
  facet normal 0 0 1
    outer loop
      vertex 36.5139 97.2947 1
      vertex 36.374 97.3474 1
      vertex 36.4779 97.3013 1
    endloop
  endfacet
  facet normal 0 0 1
    outer loop
      vertex 37.198 101.079 1
      vertex 35.8926 101.079 1
      vertex 35.8775 100.985 1
    endloop
  endfacet
  facet normal 0 0 1
    outer loop
      vertex 36.5506 97.2925 1
      vertex 36.374 97.3474 1
      vertex 36.5139 97.2947 1
    endloop
  endfacet
  facet normal 0 0 1
    outer loop
      vertex 37.2128 100.985 1
      vertex 35.8775 100.985 1
      vertex 35.8635 100.888 1
    endloop
  endfacet
  facet normal 0 0 1
    outer loop
      vertex 36.6586 97.3123 1
      vertex 36.374 97.3474 1
      vertex 36.6233 97.3013 1
    endloop
  endfacet
  facet normal 0 0 1
    outer loop
      vertex 37.2265 100.888 1
      vertex 35.8635 100.888 1
      vertex 35.8506 100.787 1
    endloop
  endfacet
  facet normal 0 0 1
    outer loop
      vertex 36.6932 97.3276 1
      vertex 36.374 97.3474 1
      vertex 36.6586 97.3123 1
    endloop
  endfacet
  facet normal 0 0 1
    outer loop
      vertex 37.2394 100.787 1
      vertex 35.8506 100.787 1
      vertex 35.8389 100.684 1
    endloop
  endfacet
  facet normal 0 0 1
    outer loop
      vertex 36.7272 97.3474 1
      vertex 36.374 97.3474 1
      vertex 36.6932 97.3276 1
    endloop
  endfacet
  facet normal 0 0 1
    outer loop
      vertex 37.251 100.684 1
      vertex 35.8389 100.684 1
      vertex 35.8286 100.578 1
    endloop
  endfacet
  facet normal 0 -0 1
    outer loop
      vertex 36.374 97.3474 1
      vertex 36.7272 97.3474 1
      vertex 36.3407 97.3715 1
    endloop
  endfacet
  facet normal 0 0 1
    outer loop
      vertex 37.2613 100.578 1
      vertex 35.8286 100.578 1
      vertex 35.8197 100.469 1
    endloop
  endfacet
  facet normal 0 0 1
    outer loop
      vertex 36.7604 97.3715 1
      vertex 36.3407 97.3715 1
      vertex 36.7272 97.3474 1
    endloop
  endfacet
  facet normal 0 0 1
    outer loop
      vertex 37.2702 100.469 1
      vertex 35.8197 100.469 1
      vertex 35.8122 100.359 1
    endloop
  endfacet
  facet normal 0 -0 1
    outer loop
      vertex 36.3407 97.3715 1
      vertex 36.7604 97.3715 1
      vertex 36.3081 97.4001 1
    endloop
  endfacet
  facet normal 0 0 1
    outer loop
      vertex 37.2778 100.359 1
      vertex 35.8122 100.359 1
      vertex 35.806 100.246 1
    endloop
  endfacet
  facet normal 0 0 1
    outer loop
      vertex 36.793 97.4001 1
      vertex 36.3081 97.4001 1
      vertex 36.7604 97.3715 1
    endloop
  endfacet
  facet normal 0 0 1
    outer loop
      vertex 37.284 100.246 1
      vertex 35.806 100.246 1
      vertex 35.8012 100.131 1
    endloop
  endfacet
  facet normal 0 -0 1
    outer loop
      vertex 36.3081 97.4001 1
      vertex 36.793 97.4001 1
      vertex 36.2762 97.433 1
    endloop
  endfacet
  facet normal 0 0 1
    outer loop
      vertex 37.2888 100.131 1
      vertex 35.8012 100.131 1
      vertex 35.7978 100.013 1
    endloop
  endfacet
  facet normal 0 0 1
    outer loop
      vertex 36.8249 97.433 1
      vertex 36.2762 97.433 1
      vertex 36.793 97.4001 1
    endloop
  endfacet
  facet normal 0 -0 1
    outer loop
      vertex 36.2147 97.5117 1
      vertex 36.8864 97.5117 1
      vertex 36.1852 97.5567 1
    endloop
  endfacet
  facet normal 0 -0 1
    outer loop
      vertex 36.2762 97.433 1
      vertex 36.8249 97.433 1
      vertex 36.245 97.4703 1
    endloop
  endfacet
  facet normal 0 0 1
    outer loop
      vertex 36.8864 97.5117 1
      vertex 36.2147 97.5117 1
      vertex 36.8561 97.4703 1
    endloop
  endfacet
  facet normal 0 0 1
    outer loop
      vertex 36.8561 97.4703 1
      vertex 36.245 97.4703 1
      vertex 36.8249 97.433 1
    endloop
  endfacet
  facet normal 0 -0 1
    outer loop
      vertex 36.245 97.4703 1
      vertex 36.8561 97.4703 1
      vertex 36.2147 97.5117 1
    endloop
  endfacet
  facet normal 0 0 1
    outer loop
      vertex 36.9156 97.5567 1
      vertex 36.1852 97.5567 1
      vertex 36.8864 97.5117 1
    endloop
  endfacet
  facet normal 0 0 1
    outer loop
      vertex 37.0215 97.774 1
      vertex 36.1027 97.7142 1
      vertex 36.9967 97.7142 1
    endloop
  endfacet
  facet normal 0 0 1
    outer loop
      vertex 40.3198 99.7706 1
      vertex 41.8197 99.7706 1
      vertex 41.819 99.8929 1
    endloop
  endfacet
  facet normal 0 0 1
    outer loop
      vertex 40.3205 99.8929 1
      vertex 41.819 99.8929 1
      vertex 41.817 100.013 1
    endloop
  endfacet
  facet normal 0 0 1
    outer loop
      vertex 41.8197 99.7706 1
      vertex 40.3198 99.7706 1
      vertex 41.819 99.6484 1
    endloop
  endfacet
  facet normal 0 0 1
    outer loop
      vertex 40.3225 100.013 1
      vertex 41.817 100.013 1
      vertex 41.8135 100.131 1
    endloop
  endfacet
  facet normal 0 -0 1
    outer loop
      vertex 40.3205 99.6484 1
      vertex 41.819 99.6484 1
      vertex 40.3198 99.7706 1
    endloop
  endfacet
  facet normal 0 0 1
    outer loop
      vertex 40.326 100.131 1
      vertex 41.8135 100.131 1
      vertex 41.8087 100.246 1
    endloop
  endfacet
  facet normal 0 0 1
    outer loop
      vertex 41.819 99.6484 1
      vertex 40.3205 99.6484 1
      vertex 41.817 99.5286 1
    endloop
  endfacet
  facet normal 0 0 1
    outer loop
      vertex 40.3308 100.246 1
      vertex 41.8087 100.246 1
      vertex 41.8026 100.359 1
    endloop
  endfacet
  facet normal 0 -0 1
    outer loop
      vertex 40.3225 99.5286 1
      vertex 41.817 99.5286 1
      vertex 40.3205 99.6484 1
    endloop
  endfacet
  facet normal 0 0 1
    outer loop
      vertex 40.3369 100.359 1
      vertex 41.8026 100.359 1
      vertex 41.795 100.469 1
    endloop
  endfacet
  facet normal 0 0 1
    outer loop
      vertex 41.817 99.5286 1
      vertex 40.3225 99.5286 1
      vertex 41.8135 99.4113 1
    endloop
  endfacet
  facet normal 0 0 1
    outer loop
      vertex 40.3445 100.469 1
      vertex 41.795 100.469 1
      vertex 41.7861 100.578 1
    endloop
  endfacet
  facet normal 0 -0 1
    outer loop
      vertex 40.326 99.4113 1
      vertex 41.8135 99.4113 1
      vertex 40.3225 99.5286 1
    endloop
  endfacet
  facet normal 0 0 1
    outer loop
      vertex 40.3534 100.578 1
      vertex 41.7861 100.578 1
      vertex 41.7758 100.684 1
    endloop
  endfacet
  facet normal 0 0 1
    outer loop
      vertex 41.8135 99.4113 1
      vertex 40.326 99.4113 1
      vertex 41.8087 99.2965 1
    endloop
  endfacet
  facet normal 0 0 1
    outer loop
      vertex 40.3637 100.684 1
      vertex 41.7758 100.684 1
      vertex 41.7641 100.787 1
    endloop
  endfacet
  facet normal 0 -0 1
    outer loop
      vertex 40.3308 99.2965 1
      vertex 41.8087 99.2965 1
      vertex 40.326 99.4113 1
    endloop
  endfacet
  facet normal 0 0 1
    outer loop
      vertex 40.3753 100.787 1
      vertex 41.7641 100.787 1
      vertex 41.7513 100.888 1
    endloop
  endfacet
  facet normal 0 0 1
    outer loop
      vertex 41.8087 99.2965 1
      vertex 40.3308 99.2965 1
      vertex 41.8026 99.1841 1
    endloop
  endfacet
  facet normal 0 0 1
    outer loop
      vertex 40.3882 100.888 1
      vertex 41.7513 100.888 1
      vertex 41.7375 100.985 1
    endloop
  endfacet
  facet normal 0 -0 1
    outer loop
      vertex 40.3369 99.1841 1
      vertex 41.8026 99.1841 1
      vertex 40.3308 99.2965 1
    endloop
  endfacet
  facet normal 0 0 1
    outer loop
      vertex 40.4022 100.985 1
      vertex 41.7375 100.985 1
      vertex 41.7228 101.079 1
    endloop
  endfacet
  facet normal 0 0 1
    outer loop
      vertex 41.8026 99.1841 1
      vertex 40.3369 99.1841 1
      vertex 41.795 99.0742 1
    endloop
  endfacet
  facet normal 0 0 1
    outer loop
      vertex 40.4173 101.079 1
      vertex 41.7228 101.079 1
      vertex 41.7071 101.17 1
    endloop
  endfacet
  facet normal 0 -0 1
    outer loop
      vertex 40.3445 99.0742 1
      vertex 41.795 99.0742 1
      vertex 40.3369 99.1841 1
    endloop
  endfacet
  facet normal 0 0 1
    outer loop
      vertex 40.4335 101.17 1
      vertex 41.7071 101.17 1
      vertex 41.6904 101.257 1
    endloop
  endfacet
  facet normal 0 0 1
    outer loop
      vertex 41.795 99.0742 1
      vertex 40.3445 99.0742 1
      vertex 41.7861 98.9668 1
    endloop
  endfacet
  facet normal 0 0 1
    outer loop
      vertex 40.4508 101.257 1
      vertex 41.6904 101.257 1
      vertex 41.6728 101.34 1
    endloop
  endfacet
  facet normal 0 -0 1
    outer loop
      vertex 40.3534 98.9668 1
      vertex 41.7861 98.9668 1
      vertex 40.3445 99.0742 1
    endloop
  endfacet
  facet normal -0 0 1
    outer loop
      vertex 40.4887 101.421 1
      vertex 41.6728 101.34 1
      vertex 41.6542 101.421 1
    endloop
  endfacet
  facet normal 0 0 1
    outer loop
      vertex 41.7861 98.9668 1
      vertex 40.3534 98.9668 1
      vertex 41.7758 98.8618 1
    endloop
  endfacet
  facet normal -0 0 1
    outer loop
      vertex 40.5092 101.497 1
      vertex 41.6542 101.421 1
      vertex 41.6346 101.497 1
    endloop
  endfacet
  facet normal 0 -0 1
    outer loop
      vertex 40.3637 98.8618 1
      vertex 41.7758 98.8618 1
      vertex 40.3534 98.9668 1
    endloop
  endfacet
  facet normal -0 0 1
    outer loop
      vertex 40.5309 101.571 1
      vertex 41.6346 101.497 1
      vertex 41.6141 101.571 1
    endloop
  endfacet
  facet normal 0 0 1
    outer loop
      vertex 41.7758 98.8618 1
      vertex 40.3637 98.8618 1
      vertex 41.7641 98.7593 1
    endloop
  endfacet
  facet normal -0 0 1
    outer loop
      vertex 40.5536 101.641 1
      vertex 41.6141 101.571 1
      vertex 41.5926 101.641 1
    endloop
  endfacet
  facet normal 0 -0 1
    outer loop
      vertex 40.3753 98.7593 1
      vertex 41.7641 98.7593 1
      vertex 40.3637 98.8618 1
    endloop
  endfacet
  facet normal -0 0 1
    outer loop
      vertex 40.5773 101.707 1
      vertex 41.5926 101.641 1
      vertex 41.57 101.707 1
    endloop
  endfacet
  facet normal 0 0 1
    outer loop
      vertex 41.7641 98.7593 1
      vertex 40.3753 98.7593 1
      vertex 41.7513 98.6597 1
    endloop
  endfacet
  facet normal -0 0 1
    outer loop
      vertex 40.6019 101.77 1
      vertex 41.57 101.707 1
      vertex 41.5462 101.77 1
    endloop
  endfacet
  facet normal 0 -0 1
    outer loop
      vertex 40.3882 98.6597 1
      vertex 41.7513 98.6597 1
      vertex 40.3753 98.7593 1
    endloop
  endfacet
  facet normal -0 0 1
    outer loop
      vertex 40.6275 101.829 1
      vertex 41.5462 101.77 1
      vertex 41.5214 101.829 1
    endloop
  endfacet
  facet normal 0 0 1
    outer loop
      vertex 41.7513 98.6597 1
      vertex 40.3882 98.6597 1
      vertex 41.7375 98.5631 1
    endloop
  endfacet
  facet normal 0 0 1
    outer loop
      vertex 40.6275 101.829 1
      vertex 41.5214 101.829 1
      vertex 41.4955 101.884 1
    endloop
  endfacet
  facet normal 0 -0 1
    outer loop
      vertex 40.4022 98.5631 1
      vertex 41.7375 98.5631 1
      vertex 40.3882 98.6597 1
    endloop
  endfacet
  facet normal 0 0 1
    outer loop
      vertex 40.654 101.884 1
      vertex 41.4955 101.884 1
      vertex 41.4685 101.936 1
    endloop
  endfacet
  facet normal 0 0 1
    outer loop
      vertex 41.7375 98.5631 1
      vertex 40.4022 98.5631 1
      vertex 41.7228 98.4698 1
    endloop
  endfacet
  facet normal 0 0 1
    outer loop
      vertex 40.6815 101.936 1
      vertex 41.4685 101.936 1
      vertex 41.4404 101.985 1
    endloop
  endfacet
  facet normal 0 -0 1
    outer loop
      vertex 40.4173 98.4698 1
      vertex 41.7228 98.4698 1
      vertex 40.4022 98.5631 1
    endloop
  endfacet
  facet normal 0 0 1
    outer loop
      vertex 40.71 101.985 1
      vertex 41.4404 101.985 1
      vertex 41.4111 102.03 1
    endloop
  endfacet
  facet normal 0 0 1
    outer loop
      vertex 41.7228 98.4698 1
      vertex 40.4173 98.4698 1
      vertex 41.7071 98.3796 1
    endloop
  endfacet
  facet normal 0 0 1
    outer loop
      vertex 40.7394 102.03 1
      vertex 41.4111 102.03 1
      vertex 41.3808 102.071 1
    endloop
  endfacet
  facet normal 0 -0 1
    outer loop
      vertex 40.4335 98.3796 1
      vertex 41.7071 98.3796 1
      vertex 40.4173 98.4698 1
    endloop
  endfacet
  facet normal 0 0 1
    outer loop
      vertex 40.7698 102.071 1
      vertex 41.3808 102.071 1
      vertex 41.3496 102.108 1
    endloop
  endfacet
  facet normal 0 0 1
    outer loop
      vertex 41.7071 98.3796 1
      vertex 40.4335 98.3796 1
      vertex 41.6904 98.2925 1
    endloop
  endfacet
  facet normal 0 0 1
    outer loop
      vertex 40.801 102.108 1
      vertex 41.3496 102.108 1
      vertex 41.3177 102.141 1
    endloop
  endfacet
  facet normal 0 -0 1
    outer loop
      vertex 40.4508 98.2925 1
      vertex 41.6904 98.2925 1
      vertex 40.4335 98.3796 1
    endloop
  endfacet
  facet normal 0 0 1
    outer loop
      vertex 40.8329 102.141 1
      vertex 41.3177 102.141 1
      vertex 41.2852 102.17 1
    endloop
  endfacet
  facet normal 0 0 1
    outer loop
      vertex 41.6904 98.2925 1
      vertex 40.4508 98.2925 1
      vertex 41.6728 98.2086 1
    endloop
  endfacet
  facet normal 0 0 1
    outer loop
      vertex 40.8655 102.17 1
      vertex 41.2852 102.17 1
      vertex 41.2519 102.194 1
    endloop
  endfacet
  facet normal 0 -0 1
    outer loop
      vertex 40.4692 98.2086 1
      vertex 41.6728 98.2086 1
      vertex 40.4508 98.2925 1
    endloop
  endfacet
  facet normal 0 0 1
    outer loop
      vertex 40.8987 102.194 1
      vertex 41.2519 102.194 1
      vertex 41.218 102.214 1
    endloop
  endfacet
  facet normal 0 -0 1
    outer loop
      vertex 40.4887 98.1279 1
      vertex 41.6728 98.2086 1
      vertex 40.4692 98.2086 1
    endloop
  endfacet
  facet normal 0 0 1
    outer loop
      vertex 40.9327 102.214 1
      vertex 41.218 102.214 1
      vertex 41.1833 102.229 1
    endloop
  endfacet
  facet normal 0 0 1
    outer loop
      vertex 41.6728 98.2086 1
      vertex 40.4887 98.1279 1
      vertex 41.6542 98.1279 1
    endloop
  endfacet
  facet normal 0 0 1
    outer loop
      vertex 40.9327 102.214 1
      vertex 41.1833 102.229 1
      vertex 41.148 102.24 1
    endloop
  endfacet
  facet normal 0 0 1
    outer loop
      vertex 41.819 99.8929 1
      vertex 40.3205 99.8929 1
      vertex 40.3198 99.7706 1
    endloop
  endfacet
  facet normal 0 0 1
    outer loop
      vertex 40.9327 102.214 1
      vertex 41.148 102.24 1
      vertex 41.112 102.246 1
    endloop
  endfacet
  facet normal 0 -0 1
    outer loop
      vertex 40.5092 98.0503 1
      vertex 41.6542 98.1279 1
      vertex 40.4887 98.1279 1
    endloop
  endfacet
  facet normal 0 0 1
    outer loop
      vertex 40.9327 102.214 1
      vertex 41.112 102.246 1
      vertex 41.0753 102.249 1
    endloop
  endfacet
  facet normal 0 0 1
    outer loop
      vertex 41.6542 98.1279 1
      vertex 40.5092 98.0503 1
      vertex 41.6346 98.0503 1
    endloop
  endfacet
  facet normal 0 0 1
    outer loop
      vertex 40.9327 102.214 1
      vertex 41.0753 102.249 1
      vertex 41.0386 102.246 1
    endloop
  endfacet
  facet normal 0 -0 1
    outer loop
      vertex 40.5309 97.9759 1
      vertex 41.6346 98.0503 1
      vertex 40.5092 98.0503 1
    endloop
  endfacet
  facet normal 0 0 1
    outer loop
      vertex 40.9327 102.214 1
      vertex 41.0386 102.246 1
      vertex 41.0026 102.24 1
    endloop
  endfacet
  facet normal 0 0 1
    outer loop
      vertex 41.6346 98.0503 1
      vertex 40.5309 97.9759 1
      vertex 41.6141 97.9759 1
    endloop
  endfacet
  facet normal 0 0 1
    outer loop
      vertex 40.9327 102.214 1
      vertex 41.0026 102.24 1
      vertex 40.9673 102.229 1
    endloop
  endfacet
  facet normal 0 -0 1
    outer loop
      vertex 40.5536 97.9049 1
      vertex 41.6141 97.9759 1
      vertex 40.5309 97.9759 1
    endloop
  endfacet
  facet normal 0 0 1
    outer loop
      vertex 41.218 102.214 1
      vertex 40.9327 102.214 1
      vertex 40.8987 102.194 1
    endloop
  endfacet
  facet normal 0 0 1
    outer loop
      vertex 41.6141 97.9759 1
      vertex 40.5536 97.9049 1
      vertex 41.5926 97.9049 1
    endloop
  endfacet
  facet normal 0 0 1
    outer loop
      vertex 41.2519 102.194 1
      vertex 40.8987 102.194 1
      vertex 40.8655 102.17 1
    endloop
  endfacet
  facet normal 0 -0 1
    outer loop
      vertex 40.5773 97.8376 1
      vertex 41.5926 97.9049 1
      vertex 40.5536 97.9049 1
    endloop
  endfacet
  facet normal 0 0 1
    outer loop
      vertex 41.2852 102.17 1
      vertex 40.8655 102.17 1
      vertex 40.8329 102.141 1
    endloop
  endfacet
  facet normal 0 0 1
    outer loop
      vertex 41.5926 97.9049 1
      vertex 40.5773 97.8376 1
      vertex 41.57 97.8376 1
    endloop
  endfacet
  facet normal 0 0 1
    outer loop
      vertex 41.3177 102.141 1
      vertex 40.8329 102.141 1
      vertex 40.801 102.108 1
    endloop
  endfacet
  facet normal 0 -0 1
    outer loop
      vertex 40.6019 97.774 1
      vertex 41.57 97.8376 1
      vertex 40.5773 97.8376 1
    endloop
  endfacet
  facet normal 0 0 1
    outer loop
      vertex 41.3496 102.108 1
      vertex 40.801 102.108 1
      vertex 40.7698 102.071 1
    endloop
  endfacet
  facet normal 0 0 1
    outer loop
      vertex 41.57 97.8376 1
      vertex 40.6019 97.774 1
      vertex 41.5462 97.774 1
    endloop
  endfacet
  facet normal 0 0 1
    outer loop
      vertex 41.3808 102.071 1
      vertex 40.7698 102.071 1
      vertex 40.7394 102.03 1
    endloop
  endfacet
  facet normal 0 -0 1
    outer loop
      vertex 40.6275 97.7142 1
      vertex 41.5462 97.774 1
      vertex 40.6019 97.774 1
    endloop
  endfacet
  facet normal 0 0 1
    outer loop
      vertex 41.4111 102.03 1
      vertex 40.7394 102.03 1
      vertex 40.71 101.985 1
    endloop
  endfacet
  facet normal 0 0 1
    outer loop
      vertex 41.5214 97.7142 1
      vertex 40.6275 97.7142 1
      vertex 41.4955 97.658 1
    endloop
  endfacet
  facet normal 0 0 1
    outer loop
      vertex 41.4404 101.985 1
      vertex 40.71 101.985 1
      vertex 40.6815 101.936 1
    endloop
  endfacet
  facet normal 0 -0 1
    outer loop
      vertex 40.654 97.658 1
      vertex 41.4955 97.658 1
      vertex 40.6275 97.7142 1
    endloop
  endfacet
  facet normal 0 0 1
    outer loop
      vertex 41.4685 101.936 1
      vertex 40.6815 101.936 1
      vertex 40.654 101.884 1
    endloop
  endfacet
  facet normal 0 0 1
    outer loop
      vertex 41.4955 97.658 1
      vertex 40.654 97.658 1
      vertex 41.4685 97.6055 1
    endloop
  endfacet
  facet normal 0 0 1
    outer loop
      vertex 41.4955 101.884 1
      vertex 40.654 101.884 1
      vertex 40.6275 101.829 1
    endloop
  endfacet
  facet normal 0 0 1
    outer loop
      vertex 41.817 100.013 1
      vertex 40.3225 100.013 1
      vertex 40.3205 99.8929 1
    endloop
  endfacet
  facet normal 0 0 1
    outer loop
      vertex 41.5462 101.77 1
      vertex 40.6275 101.829 1
      vertex 40.6019 101.77 1
    endloop
  endfacet
  facet normal 0 -0 1
    outer loop
      vertex 40.6815 97.6055 1
      vertex 41.4685 97.6055 1
      vertex 40.654 97.658 1
    endloop
  endfacet
  facet normal 0 0 1
    outer loop
      vertex 41.57 101.707 1
      vertex 40.6019 101.77 1
      vertex 40.5773 101.707 1
    endloop
  endfacet
  facet normal 0 0 1
    outer loop
      vertex 41.4685 97.6055 1
      vertex 40.6815 97.6055 1
      vertex 41.4404 97.5567 1
    endloop
  endfacet
  facet normal 0 0 1
    outer loop
      vertex 41.5926 101.641 1
      vertex 40.5773 101.707 1
      vertex 40.5536 101.641 1
    endloop
  endfacet
  facet normal 0 -0 1
    outer loop
      vertex 40.71 97.5567 1
      vertex 41.4404 97.5567 1
      vertex 40.6815 97.6055 1
    endloop
  endfacet
  facet normal 0 0 1
    outer loop
      vertex 41.6141 101.571 1
      vertex 40.5536 101.641 1
      vertex 40.5309 101.571 1
    endloop
  endfacet
  facet normal 0 0 1
    outer loop
      vertex 41.6346 101.497 1
      vertex 40.5309 101.571 1
      vertex 40.5092 101.497 1
    endloop
  endfacet
  facet normal 0 0 1
    outer loop
      vertex 41.6542 101.421 1
      vertex 40.5092 101.497 1
      vertex 40.4887 101.421 1
    endloop
  endfacet
  facet normal 0 0 1
    outer loop
      vertex 41.148 97.3013 1
      vertex 40.8987 97.3474 1
      vertex 41.112 97.2947 1
    endloop
  endfacet
  facet normal 0 0 1
    outer loop
      vertex 41.6728 101.34 1
      vertex 40.4887 101.421 1
      vertex 40.4692 101.34 1
    endloop
  endfacet
  facet normal 0 0 1
    outer loop
      vertex 41.0026 97.3013 1
      vertex 40.8987 97.3474 1
      vertex 40.9673 97.3123 1
    endloop
  endfacet
  facet normal 0 0 1
    outer loop
      vertex 41.6728 101.34 1
      vertex 40.4692 101.34 1
      vertex 40.4508 101.257 1
    endloop
  endfacet
  facet normal 0 0 1
    outer loop
      vertex 41.112 97.2947 1
      vertex 40.8987 97.3474 1
      vertex 41.0753 97.2925 1
    endloop
  endfacet
  facet normal 0 0 1
    outer loop
      vertex 41.6904 101.257 1
      vertex 40.4508 101.257 1
      vertex 40.4335 101.17 1
    endloop
  endfacet
  facet normal 0 0 1
    outer loop
      vertex 40.9673 97.3123 1
      vertex 40.8987 97.3474 1
      vertex 40.9327 97.3276 1
    endloop
  endfacet
  facet normal 0 0 1
    outer loop
      vertex 41.7071 101.17 1
      vertex 40.4335 101.17 1
      vertex 40.4173 101.079 1
    endloop
  endfacet
  facet normal 0 0 1
    outer loop
      vertex 41.0386 97.2947 1
      vertex 40.8987 97.3474 1
      vertex 41.0026 97.3013 1
    endloop
  endfacet
  facet normal 0 0 1
    outer loop
      vertex 41.7228 101.079 1
      vertex 40.4173 101.079 1
      vertex 40.4022 100.985 1
    endloop
  endfacet
  facet normal 0 0 1
    outer loop
      vertex 41.0753 97.2925 1
      vertex 40.8987 97.3474 1
      vertex 41.0386 97.2947 1
    endloop
  endfacet
  facet normal 0 0 1
    outer loop
      vertex 41.7375 100.985 1
      vertex 40.4022 100.985 1
      vertex 40.3882 100.888 1
    endloop
  endfacet
  facet normal 0 0 1
    outer loop
      vertex 41.1833 97.3123 1
      vertex 40.8987 97.3474 1
      vertex 41.148 97.3013 1
    endloop
  endfacet
  facet normal 0 0 1
    outer loop
      vertex 41.7513 100.888 1
      vertex 40.3882 100.888 1
      vertex 40.3753 100.787 1
    endloop
  endfacet
  facet normal 0 0 1
    outer loop
      vertex 41.218 97.3276 1
      vertex 40.8987 97.3474 1
      vertex 41.1833 97.3123 1
    endloop
  endfacet
  facet normal 0 0 1
    outer loop
      vertex 41.7641 100.787 1
      vertex 40.3753 100.787 1
      vertex 40.3637 100.684 1
    endloop
  endfacet
  facet normal 0 0 1
    outer loop
      vertex 41.2519 97.3474 1
      vertex 40.8987 97.3474 1
      vertex 41.218 97.3276 1
    endloop
  endfacet
  facet normal 0 0 1
    outer loop
      vertex 41.7758 100.684 1
      vertex 40.3637 100.684 1
      vertex 40.3534 100.578 1
    endloop
  endfacet
  facet normal 0 -0 1
    outer loop
      vertex 40.8987 97.3474 1
      vertex 41.2519 97.3474 1
      vertex 40.8655 97.3715 1
    endloop
  endfacet
  facet normal 0 0 1
    outer loop
      vertex 41.7861 100.578 1
      vertex 40.3534 100.578 1
      vertex 40.3445 100.469 1
    endloop
  endfacet
  facet normal 0 0 1
    outer loop
      vertex 41.2852 97.3715 1
      vertex 40.8655 97.3715 1
      vertex 41.2519 97.3474 1
    endloop
  endfacet
  facet normal 0 0 1
    outer loop
      vertex 41.795 100.469 1
      vertex 40.3445 100.469 1
      vertex 40.3369 100.359 1
    endloop
  endfacet
  facet normal 0 -0 1
    outer loop
      vertex 40.8655 97.3715 1
      vertex 41.2852 97.3715 1
      vertex 40.8329 97.4001 1
    endloop
  endfacet
  facet normal 0 0 1
    outer loop
      vertex 41.8026 100.359 1
      vertex 40.3369 100.359 1
      vertex 40.3308 100.246 1
    endloop
  endfacet
  facet normal 0 0 1
    outer loop
      vertex 41.3177 97.4001 1
      vertex 40.8329 97.4001 1
      vertex 41.2852 97.3715 1
    endloop
  endfacet
  facet normal 0 0 1
    outer loop
      vertex 41.8087 100.246 1
      vertex 40.3308 100.246 1
      vertex 40.326 100.131 1
    endloop
  endfacet
  facet normal 0 -0 1
    outer loop
      vertex 40.8329 97.4001 1
      vertex 41.3177 97.4001 1
      vertex 40.801 97.433 1
    endloop
  endfacet
  facet normal 0 0 1
    outer loop
      vertex 41.8135 100.131 1
      vertex 40.326 100.131 1
      vertex 40.3225 100.013 1
    endloop
  endfacet
  facet normal 0 0 1
    outer loop
      vertex 41.3496 97.433 1
      vertex 40.801 97.433 1
      vertex 41.3177 97.4001 1
    endloop
  endfacet
  facet normal 0 -0 1
    outer loop
      vertex 40.7394 97.5117 1
      vertex 41.4111 97.5117 1
      vertex 40.71 97.5567 1
    endloop
  endfacet
  facet normal 0 -0 1
    outer loop
      vertex 40.801 97.433 1
      vertex 41.3496 97.433 1
      vertex 40.7698 97.4703 1
    endloop
  endfacet
  facet normal 0 0 1
    outer loop
      vertex 41.4111 97.5117 1
      vertex 40.7394 97.5117 1
      vertex 41.3808 97.4703 1
    endloop
  endfacet
  facet normal 0 0 1
    outer loop
      vertex 41.3808 97.4703 1
      vertex 40.7698 97.4703 1
      vertex 41.3496 97.433 1
    endloop
  endfacet
  facet normal 0 -0 1
    outer loop
      vertex 40.7698 97.4703 1
      vertex 41.3808 97.4703 1
      vertex 40.7394 97.5117 1
    endloop
  endfacet
  facet normal 0 0 1
    outer loop
      vertex 41.4404 97.5567 1
      vertex 40.71 97.5567 1
      vertex 41.4111 97.5117 1
    endloop
  endfacet
  facet normal 0 0 1
    outer loop
      vertex 41.5462 97.774 1
      vertex 40.6275 97.7142 1
      vertex 41.5214 97.7142 1
    endloop
  endfacet
  facet normal 0 0 1
    outer loop
      vertex 34.5882 102.313 1.5
      vertex 33.2569 101.793 1.5
      vertex 34.621 102.211 1.5
    endloop
  endfacet
  facet normal 0 0 1
    outer loop
      vertex 32.9615 102.189 1.5
      vertex 33.8587 103.335 1.5
      vertex 33.7907 103.381 1.5
    endloop
  endfacet
  facet normal 0 0 1
    outer loop
      vertex 32.9615 102.189 1.5
      vertex 33.7907 103.381 1.5
      vertex 33.721 103.424 1.5
    endloop
  endfacet
  facet normal 0 0 1
    outer loop
      vertex 32.9241 102.214 1.5
      vertex 33.721 103.424 1.5
      vertex 33.6494 103.463 1.5
    endloop
  endfacet
  facet normal 0 0 1
    outer loop
      vertex 32.9241 102.214 1.5
      vertex 33.6494 103.463 1.5
      vertex 33.5761 103.499 1.5
    endloop
  endfacet
  facet normal 0 0 1
    outer loop
      vertex 32.8847 102.238 1.5
      vertex 33.5761 103.499 1.5
      vertex 33.501 103.531 1.5
    endloop
  endfacet
  facet normal 0 0 1
    outer loop
      vertex 33.9741 98.9715 1.5
      vertex 33.4742 95.905 1.5
      vertex 34.8963 95.905 1.5
    endloop
  endfacet
  facet normal 0 0 1
    outer loop
      vertex 34.7009 101.876 1.5
      vertex 33.3765 101.254 1.5
      vertex 33.3803 101.203 1.5
    endloop
  endfacet
  facet normal 0 0 1
    outer loop
      vertex 32.8847 102.238 1.5
      vertex 33.501 103.531 1.5
      vertex 33.4241 103.56 1.5
    endloop
  endfacet
  facet normal 0 0 1
    outer loop
      vertex 33.3831 100.95 1.5
      vertex 34.7009 101.876 1.5
      vertex 33.3847 100.998 1.5
    endloop
  endfacet
  facet normal 0 0 1
    outer loop
      vertex 33.3803 100.901 1.5
      vertex 34.7009 101.876 1.5
      vertex 33.3831 100.95 1.5
    endloop
  endfacet
  facet normal 0 0 1
    outer loop
      vertex 33.3765 100.852 1.5
      vertex 34.7009 101.876 1.5
      vertex 33.3803 100.901 1.5
    endloop
  endfacet
  facet normal 0 0 1
    outer loop
      vertex 33.3715 100.804 1.5
      vertex 34.7009 101.876 1.5
      vertex 33.3765 100.852 1.5
    endloop
  endfacet
  facet normal 0 0 1
    outer loop
      vertex 33.3655 100.756 1.5
      vertex 34.7009 101.876 1.5
      vertex 33.3715 100.804 1.5
    endloop
  endfacet
  facet normal 0 0 1
    outer loop
      vertex 33.3583 100.709 1.5
      vertex 34.7009 101.876 1.5
      vertex 33.3655 100.756 1.5
    endloop
  endfacet
  facet normal 0 0 1
    outer loop
      vertex 33.3501 100.661 1.5
      vertex 34.7009 101.876 1.5
      vertex 33.3583 100.709 1.5
    endloop
  endfacet
  facet normal 0 0 1
    outer loop
      vertex 33.3408 100.614 1.5
      vertex 34.7009 101.876 1.5
      vertex 33.3501 100.661 1.5
    endloop
  endfacet
  facet normal 0 0 1
    outer loop
      vertex 34.7009 101.876 1.5
      vertex 33.3408 100.614 1.5
      vertex 33.9741 98.9715 1.5
    endloop
  endfacet
  facet normal -0 0 1
    outer loop
      vertex 33.3301 100.568 1.5
      vertex 33.9741 98.9715 1.5
      vertex 33.3408 100.614 1.5
    endloop
  endfacet
  facet normal -0 0 1
    outer loop
      vertex 33.3177 100.523 1.5
      vertex 33.9741 98.9715 1.5
      vertex 33.3301 100.568 1.5
    endloop
  endfacet
  facet normal -0 0 1
    outer loop
      vertex 33.3038 100.479 1.5
      vertex 33.9741 98.9715 1.5
      vertex 33.3177 100.523 1.5
    endloop
  endfacet
  facet normal -0 0 1
    outer loop
      vertex 33.2881 100.436 1.5
      vertex 33.9741 98.9715 1.5
      vertex 33.3038 100.479 1.5
    endloop
  endfacet
  facet normal -0 0 1
    outer loop
      vertex 33.2708 100.394 1.5
      vertex 33.9741 98.9715 1.5
      vertex 33.2881 100.436 1.5
    endloop
  endfacet
  facet normal -0 0 1
    outer loop
      vertex 33.2519 100.353 1.5
      vertex 33.9741 98.9715 1.5
      vertex 33.2708 100.394 1.5
    endloop
  endfacet
  facet normal -0 0 1
    outer loop
      vertex 33.2313 100.313 1.5
      vertex 33.9741 98.9715 1.5
      vertex 33.2519 100.353 1.5
    endloop
  endfacet
  facet normal -0 0 1
    outer loop
      vertex 33.2091 100.274 1.5
      vertex 33.9741 98.9715 1.5
      vertex 33.2313 100.313 1.5
    endloop
  endfacet
  facet normal -0 0 1
    outer loop
      vertex 33.1853 100.237 1.5
      vertex 33.9741 98.9715 1.5
      vertex 33.2091 100.274 1.5
    endloop
  endfacet
  facet normal -0 0 1
    outer loop
      vertex 33.1599 100.2 1.5
      vertex 33.9741 98.9715 1.5
      vertex 33.1853 100.237 1.5
    endloop
  endfacet
  facet normal -0 0 1
    outer loop
      vertex 33.1331 100.166 1.5
      vertex 33.9741 98.9715 1.5
      vertex 33.1599 100.2 1.5
    endloop
  endfacet
  facet normal -0 0 1
    outer loop
      vertex 33.105 100.132 1.5
      vertex 33.9741 98.9715 1.5
      vertex 33.1331 100.166 1.5
    endloop
  endfacet
  facet normal -0 0 1
    outer loop
      vertex 33.0755 100.101 1.5
      vertex 33.9741 98.9715 1.5
      vertex 33.105 100.132 1.5
    endloop
  endfacet
  facet normal -0 0 1
    outer loop
      vertex 33.0446 100.07 1.5
      vertex 33.9741 98.9715 1.5
      vertex 33.0755 100.101 1.5
    endloop
  endfacet
  facet normal -0 0 1
    outer loop
      vertex 33.0124 100.042 1.5
      vertex 33.9741 98.9715 1.5
      vertex 33.0446 100.07 1.5
    endloop
  endfacet
  facet normal -0 0 1
    outer loop
      vertex 32.9788 100.014 1.5
      vertex 33.9741 98.9715 1.5
      vertex 33.0124 100.042 1.5
    endloop
  endfacet
  facet normal -0 0 1
    outer loop
      vertex 32.9438 99.9887 1.5
      vertex 33.9741 98.9715 1.5
      vertex 32.9788 100.014 1.5
    endloop
  endfacet
  facet normal -0 0 1
    outer loop
      vertex 32.9075 99.9644 1.5
      vertex 33.9741 98.9715 1.5
      vertex 32.9438 99.9887 1.5
    endloop
  endfacet
  facet normal -0 0 1
    outer loop
      vertex 32.8694 99.942 1.5
      vertex 33.9741 98.9715 1.5
      vertex 32.9075 99.9644 1.5
    endloop
  endfacet
  facet normal 0 0 1
    outer loop
      vertex 33.9741 98.9715 1.5
      vertex 32.8694 99.942 1.5
      vertex 32.7964 98.516 1.5
    endloop
  endfacet
  facet normal 0 0 1
    outer loop
      vertex 32.7964 98.516 1.5
      vertex 32.8694 99.942 1.5
      vertex 32.829 99.9217 1.5
    endloop
  endfacet
  facet normal 0 0 1
    outer loop
      vertex 33.9741 98.9715 1.5
      vertex 32.7964 98.516 1.5
      vertex 33.4742 95.905 1.5
    endloop
  endfacet
  facet normal -0 0 1
    outer loop
      vertex 32.7865 99.9034 1.5
      vertex 32.7964 98.516 1.5
      vertex 32.829 99.9217 1.5
    endloop
  endfacet
  facet normal -0 0 1
    outer loop
      vertex 32.7418 99.8871 1.5
      vertex 32.7964 98.516 1.5
      vertex 32.7865 99.9034 1.5
    endloop
  endfacet
  facet normal -0 0 1
    outer loop
      vertex 32.6949 99.8729 1.5
      vertex 32.7964 98.516 1.5
      vertex 32.7418 99.8871 1.5
    endloop
  endfacet
  facet normal -0 0 1
    outer loop
      vertex 32.6458 99.8608 1.5
      vertex 32.7964 98.516 1.5
      vertex 32.6949 99.8729 1.5
    endloop
  endfacet
  facet normal -0 0 1
    outer loop
      vertex 32.5945 99.8507 1.5
      vertex 32.7964 98.516 1.5
      vertex 32.6458 99.8608 1.5
    endloop
  endfacet
  facet normal -0 0 1
    outer loop
      vertex 32.541 99.8427 1.5
      vertex 32.7964 98.516 1.5
      vertex 32.5945 99.8507 1.5
    endloop
  endfacet
  facet normal -0 0 1
    outer loop
      vertex 32.4853 99.8368 1.5
      vertex 32.7964 98.516 1.5
      vertex 32.541 99.8427 1.5
    endloop
  endfacet
  facet normal 0 0 1
    outer loop
      vertex 32.7964 98.516 1.5
      vertex 32.4853 99.8368 1.5
      vertex 32.4853 98.4604 1.5
    endloop
  endfacet
  facet normal 0 0 1
    outer loop
      vertex 33.3847 100.998 1.5
      vertex 34.7009 101.876 1.5
      vertex 33.3853 101.048 1.5
    endloop
  endfacet
  facet normal 0 -0 1
    outer loop
      vertex 33.3853 101.048 1.5
      vertex 34.7009 101.876 1.5
      vertex 33.3847 101.1 1.5
    endloop
  endfacet
  facet normal 0 -0 1
    outer loop
      vertex 33.3847 101.1 1.5
      vertex 34.7009 101.876 1.5
      vertex 33.3831 101.151 1.5
    endloop
  endfacet
  facet normal 0 0 1
    outer loop
      vertex 34.7009 101.876 1.5
      vertex 33.3803 101.203 1.5
      vertex 33.3831 101.151 1.5
    endloop
  endfacet
  facet normal 0 0 1
    outer loop
      vertex 34.7009 101.876 1.5
      vertex 33.3715 101.305 1.5
      vertex 33.3765 101.254 1.5
    endloop
  endfacet
  facet normal 0 0 1
    outer loop
      vertex 34.7009 101.876 1.5
      vertex 33.3655 101.356 1.5
      vertex 33.3715 101.305 1.5
    endloop
  endfacet
  facet normal 0 0 1
    outer loop
      vertex 34.7009 101.876 1.5
      vertex 33.3583 101.407 1.5
      vertex 33.3655 101.356 1.5
    endloop
  endfacet
  facet normal 0 0 1
    outer loop
      vertex 34.7009 101.876 1.5
      vertex 33.3501 101.458 1.5
      vertex 33.3583 101.407 1.5
    endloop
  endfacet
  facet normal 0 0 1
    outer loop
      vertex 32.843 102.258 1.5
      vertex 33.4241 103.56 1.5
      vertex 33.3459 103.586 1.5
    endloop
  endfacet
  facet normal 0 0 1
    outer loop
      vertex 34.7009 101.876 1.5
      vertex 33.3408 101.509 1.5
      vertex 33.3501 101.458 1.5
    endloop
  endfacet
  facet normal 0 0 1
    outer loop
      vertex 34.7009 101.876 1.5
      vertex 33.3302 101.559 1.5
      vertex 33.3408 101.509 1.5
    endloop
  endfacet
  facet normal 0 0 1
    outer loop
      vertex 34.7009 101.876 1.5
      vertex 33.3183 101.608 1.5
      vertex 33.3302 101.559 1.5
    endloop
  endfacet
  facet normal 0 0 1
    outer loop
      vertex 34.7007 101.877 1.5
      vertex 33.3183 101.608 1.5
      vertex 34.7009 101.876 1.5
    endloop
  endfacet
  facet normal 0 0 1
    outer loop
      vertex 34.6773 101.993 1.5
      vertex 33.3183 101.608 1.5
      vertex 34.7007 101.877 1.5
    endloop
  endfacet
  facet normal 0 -0 1
    outer loop
      vertex 33.3183 101.608 1.5
      vertex 34.6773 101.993 1.5
      vertex 33.305 101.656 1.5
    endloop
  endfacet
  facet normal 0 0 1
    outer loop
      vertex 32.843 102.258 1.5
      vertex 33.3459 103.586 1.5
      vertex 33.2667 103.608 1.5
    endloop
  endfacet
  facet normal 0 0 1
    outer loop
      vertex 34.6507 102.104 1.5
      vertex 33.305 101.656 1.5
      vertex 34.6773 101.993 1.5
    endloop
  endfacet
  facet normal 0 -0 1
    outer loop
      vertex 33.305 101.656 1.5
      vertex 34.6507 102.104 1.5
      vertex 33.2903 101.703 1.5
    endloop
  endfacet
  facet normal 0 -0 1
    outer loop
      vertex 33.2903 101.703 1.5
      vertex 34.6507 102.104 1.5
      vertex 33.2743 101.748 1.5
    endloop
  endfacet
  facet normal 0 0 1
    outer loop
      vertex 34.621 102.211 1.5
      vertex 33.2743 101.748 1.5
      vertex 34.6507 102.104 1.5
    endloop
  endfacet
  facet normal 0 0 1
    outer loop
      vertex 32.7989 102.276 1.5
      vertex 33.2667 103.608 1.5
      vertex 33.1865 103.628 1.5
    endloop
  endfacet
  facet normal 0 -0 1
    outer loop
      vertex 33.2743 101.748 1.5
      vertex 34.621 102.211 1.5
      vertex 33.2569 101.793 1.5
    endloop
  endfacet
  facet normal 0 0 1
    outer loop
      vertex 33.8587 103.335 1.5
      vertex 33.1484 101.998 1.5
      vertex 33.1733 101.96 1.5
    endloop
  endfacet
  facet normal 0 0 1
    outer loop
      vertex 33.8587 103.335 1.5
      vertex 33.1217 102.034 1.5
      vertex 33.1484 101.998 1.5
    endloop
  endfacet
  facet normal 0 0 1
    outer loop
      vertex 32.7989 102.276 1.5
      vertex 33.1865 103.628 1.5
      vertex 33.1054 103.645 1.5
    endloop
  endfacet
  facet normal 0 0 1
    outer loop
      vertex 33.8587 103.335 1.5
      vertex 33.0932 102.069 1.5
      vertex 33.1217 102.034 1.5
    endloop
  endfacet
  facet normal 0 0 1
    outer loop
      vertex 33.8587 103.335 1.5
      vertex 33.063 102.101 1.5
      vertex 33.0932 102.069 1.5
    endloop
  endfacet
  facet normal 0 0 1
    outer loop
      vertex 33.8587 103.335 1.5
      vertex 33.0309 102.132 1.5
      vertex 33.063 102.101 1.5
    endloop
  endfacet
  facet normal 0 0 1
    outer loop
      vertex 32.7524 102.291 1.5
      vertex 33.1054 103.645 1.5
      vertex 33.0233 103.658 1.5
    endloop
  endfacet
  facet normal 0 0 1
    outer loop
      vertex 33.8587 103.335 1.5
      vertex 32.9971 102.161 1.5
      vertex 33.0309 102.132 1.5
    endloop
  endfacet
  facet normal 0 0 1
    outer loop
      vertex 33.8587 103.335 1.5
      vertex 32.9615 102.189 1.5
      vertex 32.9971 102.161 1.5
    endloop
  endfacet
  facet normal 0 0 1
    outer loop
      vertex 32.7524 102.291 1.5
      vertex 33.0233 103.658 1.5
      vertex 32.9403 103.669 1.5
    endloop
  endfacet
  facet normal 0 0 1
    outer loop
      vertex 33.721 103.424 1.5
      vertex 32.9241 102.214 1.5
      vertex 32.9615 102.189 1.5
    endloop
  endfacet
  facet normal 0 0 1
    outer loop
      vertex 33.5761 103.499 1.5
      vertex 32.8847 102.238 1.5
      vertex 32.9241 102.214 1.5
    endloop
  endfacet
  facet normal 0 0 1
    outer loop
      vertex 32.7037 102.304 1.5
      vertex 32.9403 103.669 1.5
      vertex 32.8562 103.676 1.5
    endloop
  endfacet
  facet normal 0 0 1
    outer loop
      vertex 33.4241 103.56 1.5
      vertex 32.843 102.258 1.5
      vertex 32.8847 102.238 1.5
    endloop
  endfacet
  facet normal 0 0 1
    outer loop
      vertex 33.2667 103.608 1.5
      vertex 32.7989 102.276 1.5
      vertex 32.843 102.258 1.5
    endloop
  endfacet
  facet normal 0 0 1
    outer loop
      vertex 32.6526 102.313 1.5
      vertex 32.8562 103.676 1.5
      vertex 32.7713 103.681 1.5
    endloop
  endfacet
  facet normal 0 0 1
    outer loop
      vertex 33.1054 103.645 1.5
      vertex 32.7524 102.291 1.5
      vertex 32.7989 102.276 1.5
    endloop
  endfacet
  facet normal 0 0 1
    outer loop
      vertex 32.9403 103.669 1.5
      vertex 32.7037 102.304 1.5
      vertex 32.7524 102.291 1.5
    endloop
  endfacet
  facet normal 0 0 1
    outer loop
      vertex 32.6526 102.313 1.5
      vertex 32.7713 103.681 1.5
      vertex 32.6853 103.682 1.5
    endloop
  endfacet
  facet normal 0 0 1
    outer loop
      vertex 32.8562 103.676 1.5
      vertex 32.6526 102.313 1.5
      vertex 32.7037 102.304 1.5
    endloop
  endfacet
  facet normal 0 0 1
    outer loop
      vertex 32.6853 103.682 1.5
      vertex 32.5992 102.32 1.5
      vertex 32.6526 102.313 1.5
    endloop
  endfacet
  facet normal 0 0 1
    outer loop
      vertex 32.6853 103.682 1.5
      vertex 32.5434 102.324 1.5
      vertex 32.5992 102.32 1.5
    endloop
  endfacet
  facet normal 0 0 1
    outer loop
      vertex 32.6853 103.682 1.5
      vertex 32.4853 102.325 1.5
      vertex 32.5434 102.324 1.5
    endloop
  endfacet
  facet normal 0 0 1
    outer loop
      vertex 31.0965 103.682 1.5
      vertex 32.4853 99.8368 1.5
      vertex 32.4853 102.325 1.5
    endloop
  endfacet
  facet normal 0 0 1
    outer loop
      vertex 31.0854 95.905 1.5
      vertex 32.4853 99.8368 1.5
      vertex 31.0965 103.682 1.5
    endloop
  endfacet
  facet normal -0 0 1
    outer loop
      vertex 31.0965 103.682 1.5
      vertex 32.4853 102.325 1.5
      vertex 32.6853 103.682 1.5
    endloop
  endfacet
  facet normal 0 0 1
    outer loop
      vertex 32.4853 99.8368 1.5
      vertex 31.0854 95.905 1.5
      vertex 32.4853 98.4604 1.5
    endloop
  endfacet
  facet normal 0 0 1
    outer loop
      vertex 32.4853 98.4604 1.5
      vertex 31.0854 95.905 1.5
      vertex 32.4853 95.905 1.5
    endloop
  endfacet
  facet normal -0 0 1
    outer loop
      vertex 37.2943 99.8929 1.5
      vertex 38.6949 99.7936 1.5
      vertex 38.6929 99.9867 1.5
    endloop
  endfacet
  facet normal -0 0 1
    outer loop
      vertex 37.2922 100.013 1.5
      vertex 38.6929 99.9867 1.5
      vertex 38.6872 100.176 1.5
    endloop
  endfacet
  facet normal 0 0 1
    outer loop
      vertex 38.6949 99.7936 1.5
      vertex 37.2943 99.8929 1.5
      vertex 37.295 99.7706 1.5
    endloop
  endfacet
  facet normal -0 0 1
    outer loop
      vertex 37.284 100.246 1.5
      vertex 38.6872 100.176 1.5
      vertex 38.6776 100.361 1.5
    endloop
  endfacet
  facet normal 0 0 1
    outer loop
      vertex 38.6949 99.7936 1.5
      vertex 37.295 99.7706 1.5
      vertex 38.6929 99.6006 1.5
    endloop
  endfacet
  facet normal 0 0 1
    outer loop
      vertex 37.2778 100.359 1.5
      vertex 38.6776 100.361 1.5
      vertex 38.6641 100.542 1.5
    endloop
  endfacet
  facet normal -0 0 1
    outer loop
      vertex 37.2943 99.6484 1.5
      vertex 38.6929 99.6006 1.5
      vertex 37.295 99.7706 1.5
    endloop
  endfacet
  facet normal 0 0 1
    outer loop
      vertex 37.2702 100.469 1.5
      vertex 38.6641 100.542 1.5
      vertex 38.6469 100.719 1.5
    endloop
  endfacet
  facet normal 0 0 1
    outer loop
      vertex 37.2922 99.5286 1.5
      vertex 38.6929 99.6006 1.5
      vertex 37.2943 99.6484 1.5
    endloop
  endfacet
  facet normal 0 0 1
    outer loop
      vertex 37.251 100.684 1.5
      vertex 38.6469 100.719 1.5
      vertex 38.6257 100.892 1.5
    endloop
  endfacet
  facet normal 0 0 1
    outer loop
      vertex 38.6929 99.6006 1.5
      vertex 37.2922 99.5286 1.5
      vertex 38.6872 99.4115 1.5
    endloop
  endfacet
  facet normal 0 0 1
    outer loop
      vertex 37.2394 100.787 1.5
      vertex 38.6257 100.892 1.5
      vertex 38.6007 101.062 1.5
    endloop
  endfacet
  facet normal 0 0 1
    outer loop
      vertex 37.2888 99.4113 1.5
      vertex 38.6872 99.4115 1.5
      vertex 37.2922 99.5286 1.5
    endloop
  endfacet
  facet normal 0 0 1
    outer loop
      vertex 37.2265 100.888 1.5
      vertex 38.6007 101.062 1.5
      vertex 38.5719 101.227 1.5
    endloop
  endfacet
  facet normal 0 0 1
    outer loop
      vertex 38.6872 99.4115 1.5
      vertex 37.2888 99.4113 1.5
      vertex 38.6776 99.2264 1.5
    endloop
  endfacet
  facet normal 0 0 1
    outer loop
      vertex 37.198 101.079 1.5
      vertex 38.5719 101.227 1.5
      vertex 38.5393 101.388 1.5
    endloop
  endfacet
  facet normal -0 0 1
    outer loop
      vertex 37.284 99.2965 1.5
      vertex 38.6776 99.2264 1.5
      vertex 37.2888 99.4113 1.5
    endloop
  endfacet
  facet normal 0 0 1
    outer loop
      vertex 37.1823 101.17 1.5
      vertex 38.5393 101.388 1.5
      vertex 38.5032 101.545 1.5
    endloop
  endfacet
  facet normal 0 0 1
    outer loop
      vertex 37.2778 99.1841 1.5
      vertex 38.6776 99.2264 1.5
      vertex 37.284 99.2965 1.5
    endloop
  endfacet
  facet normal 0 0 1
    outer loop
      vertex 37.148 101.34 1.5
      vertex 38.5032 101.545 1.5
      vertex 38.4641 101.696 1.5
    endloop
  endfacet
  facet normal 0 0 1
    outer loop
      vertex 38.6776 99.2264 1.5
      vertex 37.2778 99.1841 1.5
      vertex 38.6641 99.0452 1.5
    endloop
  endfacet
  facet normal 0 0 1
    outer loop
      vertex 37.1294 101.421 1.5
      vertex 38.4641 101.696 1.5
      vertex 38.422 101.843 1.5
    endloop
  endfacet
  facet normal -0 0 1
    outer loop
      vertex 37.2702 99.0742 1.5
      vertex 38.6641 99.0452 1.5
      vertex 37.2778 99.1841 1.5
    endloop
  endfacet
  facet normal 0 0 1
    outer loop
      vertex 37.1099 101.497 1.5
      vertex 38.422 101.843 1.5
      vertex 38.3769 101.984 1.5
    endloop
  endfacet
  facet normal 0 0 1
    outer loop
      vertex 38.6641 99.0452 1.5
      vertex 37.2702 99.0742 1.5
      vertex 38.6469 98.8681 1.5
    endloop
  endfacet
  facet normal 0 0 1
    outer loop
      vertex 37.0678 101.641 1.5
      vertex 38.3769 101.984 1.5
      vertex 38.3287 102.121 1.5
    endloop
  endfacet
  facet normal -0 0 1
    outer loop
      vertex 37.2613 98.9668 1.5
      vertex 38.6469 98.8681 1.5
      vertex 37.2702 99.0742 1.5
    endloop
  endfacet
  facet normal 0 0 1
    outer loop
      vertex 37.0452 101.707 1.5
      vertex 38.3287 102.121 1.5
      vertex 38.2776 102.252 1.5
    endloop
  endfacet
  facet normal 0 0 1
    outer loop
      vertex 38.6469 98.8681 1.5
      vertex 37.2613 98.9668 1.5
      vertex 38.6257 98.6949 1.5
    endloop
  endfacet
  facet normal 0 0 1
    outer loop
      vertex 37.0215 101.77 1.5
      vertex 38.2776 102.252 1.5
      vertex 38.2234 102.378 1.5
    endloop
  endfacet
  facet normal -0 0 1
    outer loop
      vertex 37.2394 98.7593 1.5
      vertex 38.6257 98.6949 1.5
      vertex 37.251 98.8618 1.5
    endloop
  endfacet
  facet normal 0 0 1
    outer loop
      vertex 36.9707 101.884 1.5
      vertex 38.2234 102.378 1.5
      vertex 38.1662 102.5 1.5
    endloop
  endfacet
  facet normal 0 0 1
    outer loop
      vertex 38.6257 98.6949 1.5
      vertex 37.2394 98.7593 1.5
      vertex 38.6007 98.5257 1.5
    endloop
  endfacet
  facet normal 0 0 1
    outer loop
      vertex 36.9437 101.936 1.5
      vertex 38.1662 102.5 1.5
      vertex 38.106 102.616 1.5
    endloop
  endfacet
  facet normal -0 0 1
    outer loop
      vertex 37.2265 98.6597 1.5
      vertex 38.6007 98.5257 1.5
      vertex 37.2394 98.7593 1.5
    endloop
  endfacet
  facet normal 0 0 1
    outer loop
      vertex 36.9156 101.985 1.5
      vertex 38.106 102.616 1.5
      vertex 38.0428 102.726 1.5
    endloop
  endfacet
  facet normal 0 0 1
    outer loop
      vertex 38.6007 98.5257 1.5
      vertex 37.2265 98.6597 1.5
      vertex 38.5719 98.3605 1.5
    endloop
  endfacet
  facet normal 0 0 1
    outer loop
      vertex 36.8864 102.03 1.5
      vertex 38.0428 102.726 1.5
      vertex 37.9768 102.831 1.5
    endloop
  endfacet
  facet normal -0 0 1
    outer loop
      vertex 37.2128 98.5631 1.5
      vertex 38.5719 98.3605 1.5
      vertex 37.2265 98.6597 1.5
    endloop
  endfacet
  facet normal 0 0 1
    outer loop
      vertex 36.8561 102.071 1.5
      vertex 37.9768 102.831 1.5
      vertex 37.9079 102.93 1.5
    endloop
  endfacet
  facet normal 0 0 1
    outer loop
      vertex 38.5719 98.3605 1.5
      vertex 37.2128 98.5631 1.5
      vertex 38.5393 98.1992 1.5
    endloop
  endfacet
  facet normal 0 0 1
    outer loop
      vertex 36.8249 102.108 1.5
      vertex 37.9079 102.93 1.5
      vertex 37.836 103.024 1.5
    endloop
  endfacet
  facet normal -0 0 1
    outer loop
      vertex 37.198 98.4698 1.5
      vertex 38.5393 98.1992 1.5
      vertex 37.2128 98.5631 1.5
    endloop
  endfacet
  facet normal 0 0 1
    outer loop
      vertex 36.793 102.141 1.5
      vertex 37.836 103.024 1.5
      vertex 37.7614 103.112 1.5
    endloop
  endfacet
  facet normal -0 0 1
    outer loop
      vertex 37.1823 98.3796 1.5
      vertex 38.5393 98.1992 1.5
      vertex 37.198 98.4698 1.5
    endloop
  endfacet
  facet normal 0 0 1
    outer loop
      vertex 36.7604 102.17 1.5
      vertex 37.7614 103.112 1.5
      vertex 37.6838 103.193 1.5
    endloop
  endfacet
  facet normal 0 0 1
    outer loop
      vertex 38.5393 98.1992 1.5
      vertex 37.1823 98.3796 1.5
      vertex 38.5032 98.0425 1.5
    endloop
  endfacet
  facet normal 0 0 1
    outer loop
      vertex 36.7604 102.17 1.5
      vertex 37.6838 103.193 1.5
      vertex 37.6034 103.27 1.5
    endloop
  endfacet
  facet normal -0 0 1
    outer loop
      vertex 37.1656 98.2925 1.5
      vertex 38.5032 98.0425 1.5
      vertex 37.1823 98.3796 1.5
    endloop
  endfacet
  facet normal 0 0 1
    outer loop
      vertex 36.7272 102.194 1.5
      vertex 37.6034 103.27 1.5
      vertex 37.52 103.34 1.5
    endloop
  endfacet
  facet normal 0 0 1
    outer loop
      vertex 38.5032 98.0425 1.5
      vertex 37.1656 98.2925 1.5
      vertex 38.4641 97.8909 1.5
    endloop
  endfacet
  facet normal 0 0 1
    outer loop
      vertex 36.7272 102.194 1.5
      vertex 37.52 103.34 1.5
      vertex 37.4338 103.405 1.5
    endloop
  endfacet
  facet normal -0 0 1
    outer loop
      vertex 37.148 98.2086 1.5
      vertex 38.4641 97.8909 1.5
      vertex 37.1656 98.2925 1.5
    endloop
  endfacet
  facet normal 0 0 1
    outer loop
      vertex 36.6932 102.214 1.5
      vertex 37.4338 103.405 1.5
      vertex 37.3452 103.463 1.5
    endloop
  endfacet
  facet normal -0 0 1
    outer loop
      vertex 37.1294 98.1279 1.5
      vertex 38.4641 97.8909 1.5
      vertex 37.148 98.2086 1.5
    endloop
  endfacet
  facet normal 0 0 1
    outer loop
      vertex 38.4641 97.8909 1.5
      vertex 37.1294 98.1279 1.5
      vertex 38.422 97.7444 1.5
    endloop
  endfacet
  facet normal -0 0 1
    outer loop
      vertex 37.251 98.8618 1.5
      vertex 38.6257 98.6949 1.5
      vertex 37.2613 98.9668 1.5
    endloop
  endfacet
  facet normal 0 0 1
    outer loop
      vertex 38.6929 99.9867 1.5
      vertex 37.2922 100.013 1.5
      vertex 37.2943 99.8929 1.5
    endloop
  endfacet
  facet normal 0 0 1
    outer loop
      vertex 38.6872 100.176 1.5
      vertex 37.2888 100.131 1.5
      vertex 37.2922 100.013 1.5
    endloop
  endfacet
  facet normal 0 0 1
    outer loop
      vertex 38.6872 100.176 1.5
      vertex 37.284 100.246 1.5
      vertex 37.2888 100.131 1.5
    endloop
  endfacet
  facet normal 0 0 1
    outer loop
      vertex 38.6776 100.361 1.5
      vertex 37.2778 100.359 1.5
      vertex 37.284 100.246 1.5
    endloop
  endfacet
  facet normal 0 0 1
    outer loop
      vertex 38.6641 100.542 1.5
      vertex 37.2702 100.469 1.5
      vertex 37.2778 100.359 1.5
    endloop
  endfacet
  facet normal 0 0 1
    outer loop
      vertex 38.6469 100.719 1.5
      vertex 37.2613 100.578 1.5
      vertex 37.2702 100.469 1.5
    endloop
  endfacet
  facet normal 0 0 1
    outer loop
      vertex 36.6586 102.229 1.5
      vertex 37.3452 103.463 1.5
      vertex 37.2544 103.514 1.5
    endloop
  endfacet
  facet normal 0 0 1
    outer loop
      vertex 38.6469 100.719 1.5
      vertex 37.251 100.684 1.5
      vertex 37.2613 100.578 1.5
    endloop
  endfacet
  facet normal 0 0 1
    outer loop
      vertex 38.6257 100.892 1.5
      vertex 37.2394 100.787 1.5
      vertex 37.251 100.684 1.5
    endloop
  endfacet
  facet normal 0 0 1
    outer loop
      vertex 38.6007 101.062 1.5
      vertex 37.2265 100.888 1.5
      vertex 37.2394 100.787 1.5
    endloop
  endfacet
  facet normal 0 0 1
    outer loop
      vertex 38.5719 101.227 1.5
      vertex 37.2128 100.985 1.5
      vertex 37.2265 100.888 1.5
    endloop
  endfacet
  facet normal 0 0 1
    outer loop
      vertex 38.5719 101.227 1.5
      vertex 37.198 101.079 1.5
      vertex 37.2128 100.985 1.5
    endloop
  endfacet
  facet normal 0 0 1
    outer loop
      vertex 38.5393 101.388 1.5
      vertex 37.1823 101.17 1.5
      vertex 37.198 101.079 1.5
    endloop
  endfacet
  facet normal 0 0 1
    outer loop
      vertex 38.5032 101.545 1.5
      vertex 37.1656 101.257 1.5
      vertex 37.1823 101.17 1.5
    endloop
  endfacet
  facet normal 0 0 1
    outer loop
      vertex 36.6586 102.229 1.5
      vertex 37.2544 103.514 1.5
      vertex 37.1617 103.559 1.5
    endloop
  endfacet
  facet normal 0 0 1
    outer loop
      vertex 38.5032 101.545 1.5
      vertex 37.148 101.34 1.5
      vertex 37.1656 101.257 1.5
    endloop
  endfacet
  facet normal 0 0 1
    outer loop
      vertex 38.4641 101.696 1.5
      vertex 37.1294 101.421 1.5
      vertex 37.148 101.34 1.5
    endloop
  endfacet
  facet normal 0 0 1
    outer loop
      vertex 38.422 101.843 1.5
      vertex 37.1099 101.497 1.5
      vertex 37.1294 101.421 1.5
    endloop
  endfacet
  facet normal 0 0 1
    outer loop
      vertex 38.3769 101.984 1.5
      vertex 37.0894 101.571 1.5
      vertex 37.1099 101.497 1.5
    endloop
  endfacet
  facet normal 0 0 1
    outer loop
      vertex 38.3769 101.984 1.5
      vertex 37.0678 101.641 1.5
      vertex 37.0894 101.571 1.5
    endloop
  endfacet
  facet normal 0 0 1
    outer loop
      vertex 36.6586 102.229 1.5
      vertex 37.1617 103.559 1.5
      vertex 37.0668 103.597 1.5
    endloop
  endfacet
  facet normal 0 0 1
    outer loop
      vertex 38.3287 102.121 1.5
      vertex 37.0452 101.707 1.5
      vertex 37.0678 101.641 1.5
    endloop
  endfacet
  facet normal 0 0 1
    outer loop
      vertex 38.2776 102.252 1.5
      vertex 37.0215 101.77 1.5
      vertex 37.0452 101.707 1.5
    endloop
  endfacet
  facet normal 0 0 1
    outer loop
      vertex 38.2234 102.378 1.5
      vertex 36.9967 101.829 1.5
      vertex 37.0215 101.77 1.5
    endloop
  endfacet
  facet normal 0 0 1
    outer loop
      vertex 38.2234 102.378 1.5
      vertex 36.9707 101.884 1.5
      vertex 36.9967 101.829 1.5
    endloop
  endfacet
  facet normal 0 0 1
    outer loop
      vertex 36.6233 102.24 1.5
      vertex 37.0668 103.597 1.5
      vertex 36.9699 103.627 1.5
    endloop
  endfacet
  facet normal 0 0 1
    outer loop
      vertex 38.1662 102.5 1.5
      vertex 36.9437 101.936 1.5
      vertex 36.9707 101.884 1.5
    endloop
  endfacet
  facet normal 0 0 1
    outer loop
      vertex 38.106 102.616 1.5
      vertex 36.9156 101.985 1.5
      vertex 36.9437 101.936 1.5
    endloop
  endfacet
  facet normal 0 0 1
    outer loop
      vertex 38.0428 102.726 1.5
      vertex 36.8864 102.03 1.5
      vertex 36.9156 101.985 1.5
    endloop
  endfacet
  facet normal 0 0 1
    outer loop
      vertex 36.6233 102.24 1.5
      vertex 36.9699 103.627 1.5
      vertex 36.8709 103.651 1.5
    endloop
  endfacet
  facet normal 0 0 1
    outer loop
      vertex 37.9768 102.831 1.5
      vertex 36.8561 102.071 1.5
      vertex 36.8864 102.03 1.5
    endloop
  endfacet
  facet normal 0 0 1
    outer loop
      vertex 37.9079 102.93 1.5
      vertex 36.8249 102.108 1.5
      vertex 36.8561 102.071 1.5
    endloop
  endfacet
  facet normal 0 0 1
    outer loop
      vertex 37.836 103.024 1.5
      vertex 36.793 102.141 1.5
      vertex 36.8249 102.108 1.5
    endloop
  endfacet
  facet normal 0 0 1
    outer loop
      vertex 36.5872 102.246 1.5
      vertex 36.8709 103.651 1.5
      vertex 36.7699 103.669 1.5
    endloop
  endfacet
  facet normal 0 0 1
    outer loop
      vertex 37.7614 103.112 1.5
      vertex 36.7604 102.17 1.5
      vertex 36.793 102.141 1.5
    endloop
  endfacet
  facet normal 0 0 1
    outer loop
      vertex 37.6034 103.27 1.5
      vertex 36.7272 102.194 1.5
      vertex 36.7604 102.17 1.5
    endloop
  endfacet
  facet normal 0 0 1
    outer loop
      vertex 37.4338 103.405 1.5
      vertex 36.6932 102.214 1.5
      vertex 36.7272 102.194 1.5
    endloop
  endfacet
  facet normal 0 0 1
    outer loop
      vertex 36.5872 102.246 1.5
      vertex 36.7699 103.669 1.5
      vertex 36.6668 103.679 1.5
    endloop
  endfacet
  facet normal 0 0 1
    outer loop
      vertex 37.3452 103.463 1.5
      vertex 36.6586 102.229 1.5
      vertex 36.6932 102.214 1.5
    endloop
  endfacet
  facet normal 0 0 1
    outer loop
      vertex 37.0668 103.597 1.5
      vertex 36.6233 102.24 1.5
      vertex 36.6586 102.229 1.5
    endloop
  endfacet
  facet normal 0 0 1
    outer loop
      vertex 36.8709 103.651 1.5
      vertex 36.5872 102.246 1.5
      vertex 36.6233 102.24 1.5
    endloop
  endfacet
  facet normal 0 0 1
    outer loop
      vertex 36.5506 102.249 1.5
      vertex 36.6668 103.679 1.5
      vertex 36.5617 103.682 1.5
    endloop
  endfacet
  facet normal 0 0 1
    outer loop
      vertex 36.6668 103.679 1.5
      vertex 36.5506 102.249 1.5
      vertex 36.5872 102.246 1.5
    endloop
  endfacet
  facet normal -0 0 1
    outer loop
      vertex 36.4565 103.679 1.5
      vertex 36.5506 102.249 1.5
      vertex 36.5617 103.682 1.5
    endloop
  endfacet
  facet normal 0 0 1
    outer loop
      vertex 36.5506 102.249 1.5
      vertex 36.4565 103.679 1.5
      vertex 36.5139 102.246 1.5
    endloop
  endfacet
  facet normal -0 0 1
    outer loop
      vertex 36.3532 103.669 1.5
      vertex 36.5139 102.246 1.5
      vertex 36.4565 103.679 1.5
    endloop
  endfacet
  facet normal -0 0 1
    outer loop
      vertex 36.2518 103.651 1.5
      vertex 36.5139 102.246 1.5
      vertex 36.3532 103.669 1.5
    endloop
  endfacet
  facet normal 0 0 1
    outer loop
      vertex 36.5139 102.246 1.5
      vertex 36.2518 103.651 1.5
      vertex 36.4779 102.24 1.5
    endloop
  endfacet
  facet normal -0 0 1
    outer loop
      vertex 36.1524 103.627 1.5
      vertex 36.4779 102.24 1.5
      vertex 36.2518 103.651 1.5
    endloop
  endfacet
  facet normal -0 0 1
    outer loop
      vertex 36.0548 103.597 1.5
      vertex 36.4779 102.24 1.5
      vertex 36.1524 103.627 1.5
    endloop
  endfacet
  facet normal -0 0 1
    outer loop
      vertex 35.9592 103.559 1.5
      vertex 36.4779 102.24 1.5
      vertex 36.0548 103.597 1.5
    endloop
  endfacet
  facet normal 0 0 1
    outer loop
      vertex 36.4779 102.24 1.5
      vertex 35.9592 103.559 1.5
      vertex 36.4426 102.229 1.5
    endloop
  endfacet
  facet normal -0 0 1
    outer loop
      vertex 35.8655 103.514 1.5
      vertex 36.4426 102.229 1.5
      vertex 35.9592 103.559 1.5
    endloop
  endfacet
  facet normal -0 0 1
    outer loop
      vertex 35.7738 103.463 1.5
      vertex 36.4426 102.229 1.5
      vertex 35.8655 103.514 1.5
    endloop
  endfacet
  facet normal 0 0 1
    outer loop
      vertex 36.4426 102.229 1.5
      vertex 35.7738 103.463 1.5
      vertex 36.4079 102.214 1.5
    endloop
  endfacet
  facet normal -0 0 1
    outer loop
      vertex 35.6839 103.405 1.5
      vertex 36.4079 102.214 1.5
      vertex 35.7738 103.463 1.5
    endloop
  endfacet
  facet normal -0 0 1
    outer loop
      vertex 35.5966 103.34 1.5
      vertex 36.4079 102.214 1.5
      vertex 35.6839 103.405 1.5
    endloop
  endfacet
  facet normal 0 0 1
    outer loop
      vertex 36.4079 102.214 1.5
      vertex 35.5966 103.34 1.5
      vertex 36.374 102.194 1.5
    endloop
  endfacet
  facet normal -0 0 1
    outer loop
      vertex 35.5122 103.27 1.5
      vertex 36.374 102.194 1.5
      vertex 35.5966 103.34 1.5
    endloop
  endfacet
  facet normal 0 0 1
    outer loop
      vertex 36.374 102.194 1.5
      vertex 35.5122 103.27 1.5
      vertex 36.3407 102.17 1.5
    endloop
  endfacet
  facet normal -0 0 1
    outer loop
      vertex 35.4309 103.193 1.5
      vertex 36.3407 102.17 1.5
      vertex 35.5122 103.27 1.5
    endloop
  endfacet
  facet normal -0 0 1
    outer loop
      vertex 35.3526 103.112 1.5
      vertex 36.3407 102.17 1.5
      vertex 35.4309 103.193 1.5
    endloop
  endfacet
  facet normal 0 0 1
    outer loop
      vertex 36.3407 102.17 1.5
      vertex 35.3526 103.112 1.5
      vertex 36.3081 102.141 1.5
    endloop
  endfacet
  facet normal -0 0 1
    outer loop
      vertex 35.2773 103.024 1.5
      vertex 36.3081 102.141 1.5
      vertex 35.3526 103.112 1.5
    endloop
  endfacet
  facet normal 0 0 1
    outer loop
      vertex 36.3081 102.141 1.5
      vertex 35.2773 103.024 1.5
      vertex 36.2762 102.108 1.5
    endloop
  endfacet
  facet normal -0 0 1
    outer loop
      vertex 35.205 102.93 1.5
      vertex 36.2762 102.108 1.5
      vertex 35.2773 103.024 1.5
    endloop
  endfacet
  facet normal 0 0 1
    outer loop
      vertex 36.2762 102.108 1.5
      vertex 35.205 102.93 1.5
      vertex 36.245 102.071 1.5
    endloop
  endfacet
  facet normal -0 0 1
    outer loop
      vertex 35.1357 102.831 1.5
      vertex 36.245 102.071 1.5
      vertex 35.205 102.93 1.5
    endloop
  endfacet
  facet normal 0 0 1
    outer loop
      vertex 36.245 102.071 1.5
      vertex 35.1357 102.831 1.5
      vertex 36.2147 102.03 1.5
    endloop
  endfacet
  facet normal -0 0 1
    outer loop
      vertex 35.0695 102.726 1.5
      vertex 36.2147 102.03 1.5
      vertex 35.1357 102.831 1.5
    endloop
  endfacet
  facet normal 0 0 1
    outer loop
      vertex 36.2147 102.03 1.5
      vertex 35.0695 102.726 1.5
      vertex 36.1852 101.985 1.5
    endloop
  endfacet
  facet normal -0 0 1
    outer loop
      vertex 35.0062 102.616 1.5
      vertex 36.1852 101.985 1.5
      vertex 35.0695 102.726 1.5
    endloop
  endfacet
  facet normal 0 0 1
    outer loop
      vertex 36.1852 101.985 1.5
      vertex 35.0062 102.616 1.5
      vertex 36.1568 101.936 1.5
    endloop
  endfacet
  facet normal -0 0 1
    outer loop
      vertex 34.946 102.5 1.5
      vertex 36.1568 101.936 1.5
      vertex 35.0062 102.616 1.5
    endloop
  endfacet
  facet normal 0 0 1
    outer loop
      vertex 36.1568 101.936 1.5
      vertex 34.946 102.5 1.5
      vertex 36.1293 101.884 1.5
    endloop
  endfacet
  facet normal -0 0 1
    outer loop
      vertex 34.8888 102.378 1.5
      vertex 36.1293 101.884 1.5
      vertex 34.946 102.5 1.5
    endloop
  endfacet
  facet normal 0 0 1
    outer loop
      vertex 36.1027 101.829 1.5
      vertex 34.8888 102.378 1.5
      vertex 36.0771 101.77 1.5
    endloop
  endfacet
  facet normal -0 0 1
    outer loop
      vertex 34.8346 102.252 1.5
      vertex 36.0771 101.77 1.5
      vertex 34.8888 102.378 1.5
    endloop
  endfacet
  facet normal -0 0 1
    outer loop
      vertex 34.7835 102.121 1.5
      vertex 36.0525 101.707 1.5
      vertex 34.8346 102.252 1.5
    endloop
  endfacet
  facet normal 0 0 1
    outer loop
      vertex 36.0525 101.707 1.5
      vertex 34.7835 102.121 1.5
      vertex 36.0289 101.641 1.5
    endloop
  endfacet
  facet normal -0 0 1
    outer loop
      vertex 34.7353 101.984 1.5
      vertex 36.0289 101.641 1.5
      vertex 34.7835 102.121 1.5
    endloop
  endfacet
  facet normal 0 0 1
    outer loop
      vertex 36.0289 101.641 1.5
      vertex 34.7353 101.984 1.5
      vertex 36.0062 101.571 1.5
    endloop
  endfacet
  facet normal 0 0 1
    outer loop
      vertex 36.0062 101.571 1.5
      vertex 34.7353 101.984 1.5
      vertex 35.9845 101.497 1.5
    endloop
  endfacet
  facet normal 0 0 1
    outer loop
      vertex 36.1293 101.884 1.5
      vertex 34.8888 102.378 1.5
      vertex 36.1027 101.829 1.5
    endloop
  endfacet
  facet normal 0 0 1
    outer loop
      vertex 35.8389 100.684 1.5
      vertex 34.7009 101.876 1.5
      vertex 35.8286 100.578 1.5
    endloop
  endfacet
  facet normal 0 0 1
    outer loop
      vertex 35.8506 100.787 1.5
      vertex 34.7009 101.876 1.5
      vertex 35.8389 100.684 1.5
    endloop
  endfacet
  facet normal 0 0 1
    outer loop
      vertex 36.0771 101.77 1.5
      vertex 34.8346 102.252 1.5
      vertex 36.0525 101.707 1.5
    endloop
  endfacet
  facet normal -0 0 1
    outer loop
      vertex 37.1099 98.0503 1.5
      vertex 38.422 97.7444 1.5
      vertex 37.1294 98.1279 1.5
    endloop
  endfacet
  facet normal 0 0 1
    outer loop
      vertex 38.422 97.7444 1.5
      vertex 37.1099 98.0503 1.5
      vertex 38.3769 97.6029 1.5
    endloop
  endfacet
  facet normal -0 0 1
    outer loop
      vertex 37.0894 97.9759 1.5
      vertex 38.3769 97.6029 1.5
      vertex 37.1099 98.0503 1.5
    endloop
  endfacet
  facet normal 0 0 1
    outer loop
      vertex 38.3769 97.6029 1.5
      vertex 37.0894 97.9759 1.5
      vertex 38.3287 97.4665 1.5
    endloop
  endfacet
  facet normal -0 0 1
    outer loop
      vertex 37.0678 97.9049 1.5
      vertex 38.3287 97.4665 1.5
      vertex 37.0894 97.9759 1.5
    endloop
  endfacet
  facet normal -0 0 1
    outer loop
      vertex 37.0452 97.8376 1.5
      vertex 38.3287 97.4665 1.5
      vertex 37.0678 97.9049 1.5
    endloop
  endfacet
  facet normal 0 0 1
    outer loop
      vertex 38.3287 97.4665 1.5
      vertex 37.0452 97.8376 1.5
      vertex 38.2776 97.3351 1.5
    endloop
  endfacet
  facet normal -0 0 1
    outer loop
      vertex 37.0215 97.774 1.5
      vertex 38.2776 97.3351 1.5
      vertex 37.0452 97.8376 1.5
    endloop
  endfacet
  facet normal 0 0 1
    outer loop
      vertex 38.2776 97.3351 1.5
      vertex 37.0215 97.774 1.5
      vertex 38.2234 97.2089 1.5
    endloop
  endfacet
  facet normal -0 0 1
    outer loop
      vertex 36.9967 97.7142 1.5
      vertex 38.2234 97.2089 1.5
      vertex 37.0215 97.774 1.5
    endloop
  endfacet
  facet normal 0 0 1
    outer loop
      vertex 38.2234 97.2089 1.5
      vertex 36.9967 97.7142 1.5
      vertex 38.1662 97.0877 1.5
    endloop
  endfacet
  facet normal -0 0 1
    outer loop
      vertex 36.9707 97.658 1.5
      vertex 38.1662 97.0877 1.5
      vertex 36.9967 97.7142 1.5
    endloop
  endfacet
  facet normal 0 0 1
    outer loop
      vertex 38.1662 97.0877 1.5
      vertex 36.9707 97.658 1.5
      vertex 38.106 96.9716 1.5
    endloop
  endfacet
  facet normal -0 0 1
    outer loop
      vertex 36.9437 97.6055 1.5
      vertex 38.106 96.9716 1.5
      vertex 36.9707 97.658 1.5
    endloop
  endfacet
  facet normal -0 0 1
    outer loop
      vertex 36.9156 97.5567 1.5
      vertex 38.106 96.9716 1.5
      vertex 36.9437 97.6055 1.5
    endloop
  endfacet
  facet normal 0 0 1
    outer loop
      vertex 38.106 96.9716 1.5
      vertex 36.9156 97.5567 1.5
      vertex 38.0428 96.8609 1.5
    endloop
  endfacet
  facet normal -0 0 1
    outer loop
      vertex 36.8864 97.5117 1.5
      vertex 38.0428 96.8609 1.5
      vertex 36.9156 97.5567 1.5
    endloop
  endfacet
  facet normal 0 0 1
    outer loop
      vertex 38.0428 96.8609 1.5
      vertex 36.8864 97.5117 1.5
      vertex 37.9768 96.756 1.5
    endloop
  endfacet
  facet normal -0 0 1
    outer loop
      vertex 36.8561 97.4703 1.5
      vertex 37.9768 96.756 1.5
      vertex 36.8864 97.5117 1.5
    endloop
  endfacet
  facet normal 0 0 1
    outer loop
      vertex 37.9768 96.756 1.5
      vertex 36.8561 97.4703 1.5
      vertex 37.9079 96.6568 1.5
    endloop
  endfacet
  facet normal -0 0 1
    outer loop
      vertex 36.8249 97.433 1.5
      vertex 37.9079 96.6568 1.5
      vertex 36.8561 97.4703 1.5
    endloop
  endfacet
  facet normal 0 0 1
    outer loop
      vertex 37.9079 96.6568 1.5
      vertex 36.8249 97.433 1.5
      vertex 37.836 96.5634 1.5
    endloop
  endfacet
  facet normal 0 0 1
    outer loop
      vertex 37.836 96.5634 1.5
      vertex 36.8249 97.433 1.5
      vertex 37.7614 96.4757 1.5
    endloop
  endfacet
  facet normal -0 0 1
    outer loop
      vertex 36.793 97.4001 1.5
      vertex 37.7614 96.4757 1.5
      vertex 36.8249 97.433 1.5
    endloop
  endfacet
  facet normal 0 0 1
    outer loop
      vertex 37.7614 96.4757 1.5
      vertex 36.793 97.4001 1.5
      vertex 37.6838 96.3939 1.5
    endloop
  endfacet
  facet normal -0 0 1
    outer loop
      vertex 36.7604 97.3715 1.5
      vertex 37.6838 96.3939 1.5
      vertex 36.793 97.4001 1.5
    endloop
  endfacet
  facet normal 0 0 1
    outer loop
      vertex 37.6838 96.3939 1.5
      vertex 36.7604 97.3715 1.5
      vertex 37.6034 96.3177 1.5
    endloop
  endfacet
  facet normal -0 0 1
    outer loop
      vertex 36.7272 97.3474 1.5
      vertex 37.6034 96.3177 1.5
      vertex 36.7604 97.3715 1.5
    endloop
  endfacet
  facet normal 0 0 1
    outer loop
      vertex 37.6034 96.3177 1.5
      vertex 36.7272 97.3474 1.5
      vertex 37.52 96.2474 1.5
    endloop
  endfacet
  facet normal 0 0 1
    outer loop
      vertex 37.52 96.2474 1.5
      vertex 36.7272 97.3474 1.5
      vertex 37.4338 96.1828 1.5
    endloop
  endfacet
  facet normal -0 0 1
    outer loop
      vertex 36.6932 97.3276 1.5
      vertex 37.4338 96.1828 1.5
      vertex 36.7272 97.3474 1.5
    endloop
  endfacet
  facet normal 0 0 1
    outer loop
      vertex 37.4338 96.1828 1.5
      vertex 36.6932 97.3276 1.5
      vertex 37.3452 96.1245 1.5
    endloop
  endfacet
  facet normal 0 0 1
    outer loop
      vertex 37.3452 96.1245 1.5
      vertex 36.6932 97.3276 1.5
      vertex 37.2544 96.073 1.5
    endloop
  endfacet
  facet normal -0 0 1
    outer loop
      vertex 36.6586 97.3123 1.5
      vertex 37.2544 96.073 1.5
      vertex 36.6932 97.3276 1.5
    endloop
  endfacet
  facet normal 0 0 1
    outer loop
      vertex 37.2544 96.073 1.5
      vertex 36.6586 97.3123 1.5
      vertex 37.1617 96.0285 1.5
    endloop
  endfacet
  facet normal 0 0 1
    outer loop
      vertex 37.1617 96.0285 1.5
      vertex 36.6586 97.3123 1.5
      vertex 37.0668 95.9907 1.5
    endloop
  endfacet
  facet normal -0 0 1
    outer loop
      vertex 36.6233 97.3013 1.5
      vertex 37.0668 95.9907 1.5
      vertex 36.6586 97.3123 1.5
    endloop
  endfacet
  facet normal 0 0 1
    outer loop
      vertex 37.0668 95.9907 1.5
      vertex 36.6233 97.3013 1.5
      vertex 36.9699 95.9599 1.5
    endloop
  endfacet
  facet normal 0 0 1
    outer loop
      vertex 36.9699 95.9599 1.5
      vertex 36.6233 97.3013 1.5
      vertex 36.8709 95.9359 1.5
    endloop
  endfacet
  facet normal -0 0 1
    outer loop
      vertex 36.5872 97.2947 1.5
      vertex 36.8709 95.9359 1.5
      vertex 36.6233 97.3013 1.5
    endloop
  endfacet
  facet normal 0 0 1
    outer loop
      vertex 36.8709 95.9359 1.5
      vertex 36.5872 97.2947 1.5
      vertex 36.7699 95.9187 1.5
    endloop
  endfacet
  facet normal 0 0 1
    outer loop
      vertex 36.7699 95.9187 1.5
      vertex 36.5872 97.2947 1.5
      vertex 36.6668 95.9084 1.5
    endloop
  endfacet
  facet normal -0 0 1
    outer loop
      vertex 36.5506 97.2925 1.5
      vertex 36.6668 95.9084 1.5
      vertex 36.5872 97.2947 1.5
    endloop
  endfacet
  facet normal 0 0 1
    outer loop
      vertex 36.6668 95.9084 1.5
      vertex 36.5506 97.2925 1.5
      vertex 36.5617 95.905 1.5
    endloop
  endfacet
  facet normal 0 0 1
    outer loop
      vertex 36.4565 95.9084 1.5
      vertex 36.5506 97.2925 1.5
      vertex 36.5139 97.2947 1.5
    endloop
  endfacet
  facet normal 0 0 1
    outer loop
      vertex 36.2518 95.9359 1.5
      vertex 36.5139 97.2947 1.5
      vertex 36.4779 97.3013 1.5
    endloop
  endfacet
  facet normal 0 0 1
    outer loop
      vertex 36.5506 97.2925 1.5
      vertex 36.4565 95.9084 1.5
      vertex 36.5617 95.905 1.5
    endloop
  endfacet
  facet normal 0 0 1
    outer loop
      vertex 36.0548 95.9907 1.5
      vertex 36.4779 97.3013 1.5
      vertex 36.4426 97.3123 1.5
    endloop
  endfacet
  facet normal 0 0 1
    outer loop
      vertex 35.8655 96.073 1.5
      vertex 36.4426 97.3123 1.5
      vertex 36.4079 97.3276 1.5
    endloop
  endfacet
  facet normal 0 0 1
    outer loop
      vertex 35.6839 96.1828 1.5
      vertex 36.4079 97.3276 1.5
      vertex 36.374 97.3474 1.5
    endloop
  endfacet
  facet normal 0 0 1
    outer loop
      vertex 36.5139 97.2947 1.5
      vertex 36.3532 95.9187 1.5
      vertex 36.4565 95.9084 1.5
    endloop
  endfacet
  facet normal 0 0 1
    outer loop
      vertex 35.5122 96.3177 1.5
      vertex 36.374 97.3474 1.5
      vertex 36.3407 97.3715 1.5
    endloop
  endfacet
  facet normal 0 0 1
    outer loop
      vertex 35.4309 96.3939 1.5
      vertex 36.3407 97.3715 1.5
      vertex 36.3081 97.4001 1.5
    endloop
  endfacet
  facet normal 0 0 1
    outer loop
      vertex 35.3526 96.4757 1.5
      vertex 36.3081 97.4001 1.5
      vertex 36.2762 97.433 1.5
    endloop
  endfacet
  facet normal 0 0 1
    outer loop
      vertex 36.5139 97.2947 1.5
      vertex 36.2518 95.9359 1.5
      vertex 36.3532 95.9187 1.5
    endloop
  endfacet
  facet normal 0 0 1
    outer loop
      vertex 35.205 96.6568 1.5
      vertex 36.2762 97.433 1.5
      vertex 36.245 97.4703 1.5
    endloop
  endfacet
  facet normal 0 0 1
    outer loop
      vertex 35.1357 96.756 1.5
      vertex 36.245 97.4703 1.5
      vertex 36.2147 97.5117 1.5
    endloop
  endfacet
  facet normal 0 0 1
    outer loop
      vertex 35.0695 96.8609 1.5
      vertex 36.2147 97.5117 1.5
      vertex 36.1852 97.5567 1.5
    endloop
  endfacet
  facet normal 0 0 1
    outer loop
      vertex 35.0062 96.9716 1.5
      vertex 36.1852 97.5567 1.5
      vertex 36.1568 97.6055 1.5
    endloop
  endfacet
  facet normal 0 0 1
    outer loop
      vertex 36.4779 97.3013 1.5
      vertex 36.1524 95.9599 1.5
      vertex 36.2518 95.9359 1.5
    endloop
  endfacet
  facet normal 0 0 1
    outer loop
      vertex 35.0062 96.9716 1.5
      vertex 36.1568 97.6055 1.5
      vertex 36.1293 97.658 1.5
    endloop
  endfacet
  facet normal 0 0 1
    outer loop
      vertex 34.946 97.0877 1.5
      vertex 36.1293 97.658 1.5
      vertex 36.1027 97.7142 1.5
    endloop
  endfacet
  facet normal 0 0 1
    outer loop
      vertex 34.8888 97.2089 1.5
      vertex 36.1027 97.7142 1.5
      vertex 36.0771 97.774 1.5
    endloop
  endfacet
  facet normal 0 0 1
    outer loop
      vertex 36.4779 97.3013 1.5
      vertex 36.0548 95.9907 1.5
      vertex 36.1524 95.9599 1.5
    endloop
  endfacet
  facet normal 0 0 1
    outer loop
      vertex 34.8346 97.3351 1.5
      vertex 36.0771 97.774 1.5
      vertex 36.0525 97.8376 1.5
    endloop
  endfacet
  facet normal 0 0 1
    outer loop
      vertex 34.7835 97.4665 1.5
      vertex 36.0525 97.8376 1.5
      vertex 36.0289 97.9049 1.5
    endloop
  endfacet
  facet normal 0 0 1
    outer loop
      vertex 34.7835 97.4665 1.5
      vertex 36.0289 97.9049 1.5
      vertex 36.0062 97.9759 1.5
    endloop
  endfacet
  facet normal 0 0 1
    outer loop
      vertex 34.7353 97.6029 1.5
      vertex 36.0062 97.9759 1.5
      vertex 35.9845 98.0503 1.5
    endloop
  endfacet
  facet normal 0 0 1
    outer loop
      vertex 34.6902 97.7444 1.5
      vertex 35.9845 98.0503 1.5
      vertex 35.9639 98.1279 1.5
    endloop
  endfacet
  facet normal 0 0 1
    outer loop
      vertex 36.4426 97.3123 1.5
      vertex 35.9592 96.0285 1.5
      vertex 36.0548 95.9907 1.5
    endloop
  endfacet
  facet normal 0 0 1
    outer loop
      vertex 34.6481 97.8909 1.5
      vertex 35.9639 98.1279 1.5
      vertex 35.9444 98.2086 1.5
    endloop
  endfacet
  facet normal 0 0 1
    outer loop
      vertex 34.6481 97.8909 1.5
      vertex 35.9444 98.2086 1.5
      vertex 35.926 98.2925 1.5
    endloop
  endfacet
  facet normal 0 0 1
    outer loop
      vertex 34.609 98.0425 1.5
      vertex 35.926 98.2925 1.5
      vertex 35.9088 98.3796 1.5
    endloop
  endfacet
  facet normal 0 0 1
    outer loop
      vertex 34.5729 98.1992 1.5
      vertex 35.9088 98.3796 1.5
      vertex 35.8926 98.4698 1.5
    endloop
  endfacet
  facet normal 0 0 1
    outer loop
      vertex 34.5729 98.1992 1.5
      vertex 35.8926 98.4698 1.5
      vertex 35.8775 98.5631 1.5
    endloop
  endfacet
  facet normal 0 0 1
    outer loop
      vertex 36.4426 97.3123 1.5
      vertex 35.8655 96.073 1.5
      vertex 35.9592 96.0285 1.5
    endloop
  endfacet
  facet normal 0 0 1
    outer loop
      vertex 34.5402 98.3605 1.5
      vertex 35.8775 98.5631 1.5
      vertex 35.8635 98.6597 1.5
    endloop
  endfacet
  facet normal 0 0 1
    outer loop
      vertex 34.5114 98.5257 1.5
      vertex 35.8635 98.6597 1.5
      vertex 35.8506 98.7593 1.5
    endloop
  endfacet
  facet normal 0 0 1
    outer loop
      vertex 34.4865 98.6949 1.5
      vertex 35.8506 98.7593 1.5
      vertex 35.8389 98.8618 1.5
    endloop
  endfacet
  facet normal 0 0 1
    outer loop
      vertex 34.4865 98.6949 1.5
      vertex 35.8389 98.8618 1.5
      vertex 35.8286 98.9668 1.5
    endloop
  endfacet
  facet normal 0 0 1
    outer loop
      vertex 34.4654 98.8681 1.5
      vertex 35.8286 98.9668 1.5
      vertex 35.8197 99.0742 1.5
    endloop
  endfacet
  facet normal 0 0 1
    outer loop
      vertex 34.4481 99.0452 1.5
      vertex 35.8197 99.0742 1.5
      vertex 35.8122 99.1841 1.5
    endloop
  endfacet
  facet normal -0 0 1
    outer loop
      vertex 34.4346 99.2264 1.5
      vertex 35.8122 99.1841 1.5
      vertex 35.806 99.2965 1.5
    endloop
  endfacet
  facet normal 0 0 1
    outer loop
      vertex 34.4346 99.2264 1.5
      vertex 35.806 99.2965 1.5
      vertex 35.8012 99.4113 1.5
    endloop
  endfacet
  facet normal -0 0 1
    outer loop
      vertex 34.425 99.4115 1.5
      vertex 35.8012 99.4113 1.5
      vertex 35.7978 99.5286 1.5
    endloop
  endfacet
  facet normal 0 0 1
    outer loop
      vertex 34.422 99.5132 1.5
      vertex 35.8286 100.578 1.5
      vertex 34.7009 101.876 1.5
    endloop
  endfacet
  facet normal 0 0 1
    outer loop
      vertex 36.2147 97.5117 1.5
      vertex 35.0695 96.8609 1.5
      vertex 35.1357 96.756 1.5
    endloop
  endfacet
  facet normal 0 0 1
    outer loop
      vertex 34.422 99.5132 1.5
      vertex 35.7978 99.5286 1.5
      vertex 35.7957 99.6484 1.5
    endloop
  endfacet
  facet normal 0 0 1
    outer loop
      vertex 35.8286 100.578 1.5
      vertex 34.422 99.5132 1.5
      vertex 35.8197 100.469 1.5
    endloop
  endfacet
  facet normal -0 0 1
    outer loop
      vertex 34.7009 101.876 1.5
      vertex 35.9845 101.497 1.5
      vertex 34.7353 101.984 1.5
    endloop
  endfacet
  facet normal 0 0 1
    outer loop
      vertex 35.7978 99.5286 1.5
      vertex 34.422 99.5132 1.5
      vertex 34.425 99.4115 1.5
    endloop
  endfacet
  facet normal 0 0 1
    outer loop
      vertex 35.9845 101.497 1.5
      vertex 34.7009 101.876 1.5
      vertex 35.9639 101.421 1.5
    endloop
  endfacet
  facet normal 0 0 1
    outer loop
      vertex 35.8122 99.1841 1.5
      vertex 34.4346 99.2264 1.5
      vertex 34.4481 99.0452 1.5
    endloop
  endfacet
  facet normal 0 0 1
    outer loop
      vertex 35.9639 101.421 1.5
      vertex 34.7009 101.876 1.5
      vertex 35.9444 101.34 1.5
    endloop
  endfacet
  facet normal 0 0 1
    outer loop
      vertex 35.8197 99.0742 1.5
      vertex 34.4481 99.0452 1.5
      vertex 34.4654 98.8681 1.5
    endloop
  endfacet
  facet normal 0 0 1
    outer loop
      vertex 35.9444 101.34 1.5
      vertex 34.7009 101.876 1.5
      vertex 35.926 101.257 1.5
    endloop
  endfacet
  facet normal 0 0 1
    outer loop
      vertex 35.8286 98.9668 1.5
      vertex 34.4654 98.8681 1.5
      vertex 34.4865 98.6949 1.5
    endloop
  endfacet
  facet normal 0 0 1
    outer loop
      vertex 35.926 101.257 1.5
      vertex 34.7009 101.876 1.5
      vertex 35.9088 101.17 1.5
    endloop
  endfacet
  facet normal 0 0 1
    outer loop
      vertex 35.8506 98.7593 1.5
      vertex 34.4865 98.6949 1.5
      vertex 34.5114 98.5257 1.5
    endloop
  endfacet
  facet normal 0 0 1
    outer loop
      vertex 35.9088 101.17 1.5
      vertex 34.7009 101.876 1.5
      vertex 35.8926 101.079 1.5
    endloop
  endfacet
  facet normal 0 0 1
    outer loop
      vertex 35.8635 98.6597 1.5
      vertex 34.5114 98.5257 1.5
      vertex 34.5402 98.3605 1.5
    endloop
  endfacet
  facet normal 0 0 1
    outer loop
      vertex 35.8926 101.079 1.5
      vertex 34.7009 101.876 1.5
      vertex 35.8775 100.985 1.5
    endloop
  endfacet
  facet normal 0 0 1
    outer loop
      vertex 35.8775 98.5631 1.5
      vertex 34.5402 98.3605 1.5
      vertex 34.5729 98.1992 1.5
    endloop
  endfacet
  facet normal 0 0 1
    outer loop
      vertex 35.8775 100.985 1.5
      vertex 34.7009 101.876 1.5
      vertex 35.8635 100.888 1.5
    endloop
  endfacet
  facet normal 0 0 1
    outer loop
      vertex 35.9088 98.3796 1.5
      vertex 34.5729 98.1992 1.5
      vertex 34.609 98.0425 1.5
    endloop
  endfacet
  facet normal 0 0 1
    outer loop
      vertex 35.8635 100.888 1.5
      vertex 34.7009 101.876 1.5
      vertex 35.8506 100.787 1.5
    endloop
  endfacet
  facet normal 0 0 1
    outer loop
      vertex 35.9639 98.1279 1.5
      vertex 34.6481 97.8909 1.5
      vertex 34.6902 97.7444 1.5
    endloop
  endfacet
  facet normal 0 0 1
    outer loop
      vertex 35.8197 100.469 1.5
      vertex 34.422 99.5132 1.5
      vertex 35.8122 100.359 1.5
    endloop
  endfacet
  facet normal 0 0 1
    outer loop
      vertex 35.9845 98.0503 1.5
      vertex 34.6902 97.7444 1.5
      vertex 34.7353 97.6029 1.5
    endloop
  endfacet
  facet normal 0 0 1
    outer loop
      vertex 35.8122 100.359 1.5
      vertex 34.422 99.5132 1.5
      vertex 35.806 100.246 1.5
    endloop
  endfacet
  facet normal 0 0 1
    outer loop
      vertex 36.0062 97.9759 1.5
      vertex 34.7353 97.6029 1.5
      vertex 34.7835 97.4665 1.5
    endloop
  endfacet
  facet normal 0 0 1
    outer loop
      vertex 35.806 100.246 1.5
      vertex 34.422 99.5132 1.5
      vertex 35.8012 100.131 1.5
    endloop
  endfacet
  facet normal 0 0 1
    outer loop
      vertex 36.0525 97.8376 1.5
      vertex 34.7835 97.4665 1.5
      vertex 34.8346 97.3351 1.5
    endloop
  endfacet
  facet normal 0 0 1
    outer loop
      vertex 35.8012 100.131 1.5
      vertex 34.422 99.5132 1.5
      vertex 35.7978 100.013 1.5
    endloop
  endfacet
  facet normal 0 0 1
    outer loop
      vertex 36.1027 97.7142 1.5
      vertex 34.8888 97.2089 1.5
      vertex 34.946 97.0877 1.5
    endloop
  endfacet
  facet normal 0 0 1
    outer loop
      vertex 35.7978 100.013 1.5
      vertex 34.422 99.5132 1.5
      vertex 35.7957 99.8929 1.5
    endloop
  endfacet
  facet normal 0 0 1
    outer loop
      vertex 36.4079 97.3276 1.5
      vertex 35.7738 96.1245 1.5
      vertex 35.8655 96.073 1.5
    endloop
  endfacet
  facet normal 0 0 1
    outer loop
      vertex 35.7957 99.8929 1.5
      vertex 34.422 99.5132 1.5
      vertex 35.795 99.7706 1.5
    endloop
  endfacet
  facet normal 0 0 1
    outer loop
      vertex 36.374 97.3474 1.5
      vertex 35.5966 96.2474 1.5
      vertex 35.6839 96.1828 1.5
    endloop
  endfacet
  facet normal 0 0 1
    outer loop
      vertex 35.795 99.7706 1.5
      vertex 34.422 99.5132 1.5
      vertex 35.7957 99.6484 1.5
    endloop
  endfacet
  facet normal 0 0 1
    outer loop
      vertex 34.5522 102.411 1.5
      vertex 33.2381 101.836 1.5
      vertex 34.5882 102.313 1.5
    endloop
  endfacet
  facet normal 0 0 1
    outer loop
      vertex 36.4079 97.3276 1.5
      vertex 35.6839 96.1828 1.5
      vertex 35.7738 96.1245 1.5
    endloop
  endfacet
  facet normal 0 -0 1
    outer loop
      vertex 33.2381 101.836 1.5
      vertex 34.5522 102.411 1.5
      vertex 33.2179 101.879 1.5
    endloop
  endfacet
  facet normal 0 0 1
    outer loop
      vertex 34.513 102.505 1.5
      vertex 33.2179 101.879 1.5
      vertex 34.5522 102.411 1.5
    endloop
  endfacet
  facet normal 0 0 1
    outer loop
      vertex 36.374 97.3474 1.5
      vertex 35.5122 96.3177 1.5
      vertex 35.5966 96.2474 1.5
    endloop
  endfacet
  facet normal 0 -0 1
    outer loop
      vertex 33.2179 101.879 1.5
      vertex 34.513 102.505 1.5
      vertex 33.1964 101.92 1.5
    endloop
  endfacet
  facet normal 0 0 1
    outer loop
      vertex 36.3407 97.3715 1.5
      vertex 35.4309 96.3939 1.5
      vertex 35.5122 96.3177 1.5
    endloop
  endfacet
  facet normal 0 0 1
    outer loop
      vertex 34.4711 102.594 1.5
      vertex 33.1964 101.92 1.5
      vertex 34.513 102.505 1.5
    endloop
  endfacet
  facet normal 0 0 1
    outer loop
      vertex 36.2762 97.433 1.5
      vertex 35.205 96.6568 1.5
      vertex 35.2773 96.5634 1.5
    endloop
  endfacet
  facet normal 0 -0 1
    outer loop
      vertex 33.1964 101.92 1.5
      vertex 34.4711 102.594 1.5
      vertex 33.1733 101.96 1.5
    endloop
  endfacet
  facet normal 0 0 1
    outer loop
      vertex 36.3081 97.4001 1.5
      vertex 35.3526 96.4757 1.5
      vertex 35.4309 96.3939 1.5
    endloop
  endfacet
  facet normal 0 0 1
    outer loop
      vertex 34.4268 102.68 1.5
      vertex 33.1733 101.96 1.5
      vertex 34.4711 102.594 1.5
    endloop
  endfacet
  facet normal 0 0 1
    outer loop
      vertex 36.2762 97.433 1.5
      vertex 35.2773 96.5634 1.5
      vertex 35.3526 96.4757 1.5
    endloop
  endfacet
  facet normal 0 0 1
    outer loop
      vertex 36.245 97.4703 1.5
      vertex 35.1357 96.756 1.5
      vertex 35.205 96.6568 1.5
    endloop
  endfacet
  facet normal 0 0 1
    outer loop
      vertex 34.3803 102.762 1.5
      vertex 33.1733 101.96 1.5
      vertex 34.4268 102.68 1.5
    endloop
  endfacet
  facet normal 0 0 1
    outer loop
      vertex 36.1852 97.5567 1.5
      vertex 35.0062 96.9716 1.5
      vertex 35.0695 96.8609 1.5
    endloop
  endfacet
  facet normal 0 0 1
    outer loop
      vertex 36.1293 97.658 1.5
      vertex 34.946 97.0877 1.5
      vertex 35.0062 96.9716 1.5
    endloop
  endfacet
  facet normal 0 0 1
    outer loop
      vertex 36.0771 97.774 1.5
      vertex 34.8346 97.3351 1.5
      vertex 34.8888 97.2089 1.5
    endloop
  endfacet
  facet normal 0 0 1
    outer loop
      vertex 34.3314 102.84 1.5
      vertex 33.1733 101.96 1.5
      vertex 34.3803 102.762 1.5
    endloop
  endfacet
  facet normal 0 0 1
    outer loop
      vertex 35.926 98.2925 1.5
      vertex 34.609 98.0425 1.5
      vertex 34.6481 97.8909 1.5
    endloop
  endfacet
  facet normal 0 0 1
    outer loop
      vertex 35.8012 99.4113 1.5
      vertex 34.425 99.4115 1.5
      vertex 34.4346 99.2264 1.5
    endloop
  endfacet
  facet normal 0 0 1
    outer loop
      vertex 34.7009 101.876 1.5
      vertex 33.9741 98.9715 1.5
      vertex 34.422 99.5132 1.5
    endloop
  endfacet
  facet normal 0 0 1
    outer loop
      vertex 33.1733 101.96 1.5
      vertex 33.9249 103.286 1.5
      vertex 33.8587 103.335 1.5
    endloop
  endfacet
  facet normal 0 0 1
    outer loop
      vertex 34.422 99.5132 1.5
      vertex 33.9741 98.9715 1.5
      vertex 34.3867 99.4499 1.5
    endloop
  endfacet
  facet normal 0 0 1
    outer loop
      vertex 34.2801 102.915 1.5
      vertex 33.1733 101.96 1.5
      vertex 34.3314 102.84 1.5
    endloop
  endfacet
  facet normal 0 0 1
    outer loop
      vertex 34.3867 99.4499 1.5
      vertex 33.9741 98.9715 1.5
      vertex 34.3419 99.3767 1.5
    endloop
  endfacet
  facet normal 0 0 1
    outer loop
      vertex 34.2266 102.986 1.5
      vertex 33.1733 101.96 1.5
      vertex 34.2801 102.915 1.5
    endloop
  endfacet
  facet normal 0 0 1
    outer loop
      vertex 34.3419 99.3767 1.5
      vertex 33.9741 98.9715 1.5
      vertex 34.2951 99.3073 1.5
    endloop
  endfacet
  facet normal 0 0 1
    outer loop
      vertex 34.1707 103.053 1.5
      vertex 33.1733 101.96 1.5
      vertex 34.2266 102.986 1.5
    endloop
  endfacet
  facet normal 0 0 1
    outer loop
      vertex 34.2951 99.3073 1.5
      vertex 33.9741 98.9715 1.5
      vertex 34.2464 99.2417 1.5
    endloop
  endfacet
  facet normal 0 0 1
    outer loop
      vertex 34.1124 103.117 1.5
      vertex 33.1733 101.96 1.5
      vertex 34.1707 103.053 1.5
    endloop
  endfacet
  facet normal 0 0 1
    outer loop
      vertex 34.2464 99.2417 1.5
      vertex 33.9741 98.9715 1.5
      vertex 34.1958 99.18 1.5
    endloop
  endfacet
  facet normal 0 0 1
    outer loop
      vertex 34.0519 103.177 1.5
      vertex 33.1733 101.96 1.5
      vertex 34.1124 103.117 1.5
    endloop
  endfacet
  facet normal 0 0 1
    outer loop
      vertex 34.1958 99.18 1.5
      vertex 33.9741 98.9715 1.5
      vertex 34.1432 99.1221 1.5
    endloop
  endfacet
  facet normal 0 0 1
    outer loop
      vertex 33.9893 103.233 1.5
      vertex 33.1733 101.96 1.5
      vertex 34.0519 103.177 1.5
    endloop
  endfacet
  facet normal 0 0 1
    outer loop
      vertex 34.1432 99.1221 1.5
      vertex 33.9741 98.9715 1.5
      vertex 34.0888 99.0681 1.5
    endloop
  endfacet
  facet normal 0 0 1
    outer loop
      vertex 33.1733 101.96 1.5
      vertex 33.9893 103.233 1.5
      vertex 33.9249 103.286 1.5
    endloop
  endfacet
  facet normal 0 0 1
    outer loop
      vertex 34.0888 99.0681 1.5
      vertex 33.9741 98.9715 1.5
      vertex 34.0324 99.0179 1.5
    endloop
  endfacet
  facet normal 0 -0 1
    outer loop
      vertex 33.2569 101.793 1.5
      vertex 34.5882 102.313 1.5
      vertex 33.2381 101.836 1.5
    endloop
  endfacet
  facet normal -0 0 1
    outer loop
      vertex 41.819 99.8929 1.5
      vertex 43.2196 99.7936 1.5
      vertex 43.2177 99.9867 1.5
    endloop
  endfacet
  facet normal -0 0 1
    outer loop
      vertex 41.817 100.013 1.5
      vertex 43.2177 99.9867 1.5
      vertex 43.2119 100.176 1.5
    endloop
  endfacet
  facet normal 0 0 1
    outer loop
      vertex 43.2196 99.7936 1.5
      vertex 41.819 99.8929 1.5
      vertex 41.8197 99.7706 1.5
    endloop
  endfacet
  facet normal -0 0 1
    outer loop
      vertex 41.8087 100.246 1.5
      vertex 43.2119 100.176 1.5
      vertex 43.2023 100.361 1.5
    endloop
  endfacet
  facet normal 0 0 1
    outer loop
      vertex 43.2196 99.7936 1.5
      vertex 41.8197 99.7706 1.5
      vertex 43.2177 99.6006 1.5
    endloop
  endfacet
  facet normal 0 0 1
    outer loop
      vertex 41.8026 100.359 1.5
      vertex 43.2023 100.361 1.5
      vertex 43.1889 100.542 1.5
    endloop
  endfacet
  facet normal -0 0 1
    outer loop
      vertex 41.819 99.6484 1.5
      vertex 43.2177 99.6006 1.5
      vertex 41.8197 99.7706 1.5
    endloop
  endfacet
  facet normal 0 0 1
    outer loop
      vertex 41.795 100.469 1.5
      vertex 43.1889 100.542 1.5
      vertex 43.1716 100.719 1.5
    endloop
  endfacet
  facet normal 0 0 1
    outer loop
      vertex 41.817 99.5286 1.5
      vertex 43.2177 99.6006 1.5
      vertex 41.819 99.6484 1.5
    endloop
  endfacet
  facet normal 0 0 1
    outer loop
      vertex 41.7758 100.684 1.5
      vertex 43.1716 100.719 1.5
      vertex 43.1505 100.892 1.5
    endloop
  endfacet
  facet normal 0 0 1
    outer loop
      vertex 43.2177 99.6006 1.5
      vertex 41.817 99.5286 1.5
      vertex 43.2119 99.4115 1.5
    endloop
  endfacet
  facet normal 0 0 1
    outer loop
      vertex 41.7641 100.787 1.5
      vertex 43.1505 100.892 1.5
      vertex 43.1255 101.062 1.5
    endloop
  endfacet
  facet normal 0 0 1
    outer loop
      vertex 41.8135 99.4113 1.5
      vertex 43.2119 99.4115 1.5
      vertex 41.817 99.5286 1.5
    endloop
  endfacet
  facet normal 0 0 1
    outer loop
      vertex 41.7513 100.888 1.5
      vertex 43.1255 101.062 1.5
      vertex 43.0967 101.227 1.5
    endloop
  endfacet
  facet normal 0 0 1
    outer loop
      vertex 43.2119 99.4115 1.5
      vertex 41.8135 99.4113 1.5
      vertex 43.2023 99.2264 1.5
    endloop
  endfacet
  facet normal 0 0 1
    outer loop
      vertex 41.7228 101.079 1.5
      vertex 43.0967 101.227 1.5
      vertex 43.064 101.388 1.5
    endloop
  endfacet
  facet normal -0 0 1
    outer loop
      vertex 41.8087 99.2965 1.5
      vertex 43.2023 99.2264 1.5
      vertex 41.8135 99.4113 1.5
    endloop
  endfacet
  facet normal 0 0 1
    outer loop
      vertex 41.7071 101.17 1.5
      vertex 43.064 101.388 1.5
      vertex 43.028 101.545 1.5
    endloop
  endfacet
  facet normal 0 0 1
    outer loop
      vertex 41.8026 99.1841 1.5
      vertex 43.2023 99.2264 1.5
      vertex 41.8087 99.2965 1.5
    endloop
  endfacet
  facet normal 0 0 1
    outer loop
      vertex 41.6728 101.34 1.5
      vertex 43.028 101.545 1.5
      vertex 42.9889 101.696 1.5
    endloop
  endfacet
  facet normal 0 0 1
    outer loop
      vertex 43.2023 99.2264 1.5
      vertex 41.8026 99.1841 1.5
      vertex 43.1889 99.0452 1.5
    endloop
  endfacet
  facet normal 0 0 1
    outer loop
      vertex 41.6542 101.421 1.5
      vertex 42.9889 101.696 1.5
      vertex 42.9468 101.843 1.5
    endloop
  endfacet
  facet normal -0 0 1
    outer loop
      vertex 41.795 99.0742 1.5
      vertex 43.1889 99.0452 1.5
      vertex 41.8026 99.1841 1.5
    endloop
  endfacet
  facet normal 0 0 1
    outer loop
      vertex 41.6346 101.497 1.5
      vertex 42.9468 101.843 1.5
      vertex 42.9016 101.984 1.5
    endloop
  endfacet
  facet normal 0 0 1
    outer loop
      vertex 43.1889 99.0452 1.5
      vertex 41.795 99.0742 1.5
      vertex 43.1716 98.8681 1.5
    endloop
  endfacet
  facet normal 0 0 1
    outer loop
      vertex 41.5926 101.641 1.5
      vertex 42.9016 101.984 1.5
      vertex 42.8535 102.121 1.5
    endloop
  endfacet
  facet normal -0 0 1
    outer loop
      vertex 41.7861 98.9668 1.5
      vertex 43.1716 98.8681 1.5
      vertex 41.795 99.0742 1.5
    endloop
  endfacet
  facet normal 0 0 1
    outer loop
      vertex 41.57 101.707 1.5
      vertex 42.8535 102.121 1.5
      vertex 42.8024 102.252 1.5
    endloop
  endfacet
  facet normal 0 0 1
    outer loop
      vertex 43.1716 98.8681 1.5
      vertex 41.7861 98.9668 1.5
      vertex 43.1505 98.6949 1.5
    endloop
  endfacet
  facet normal 0 0 1
    outer loop
      vertex 41.5462 101.77 1.5
      vertex 42.8024 102.252 1.5
      vertex 42.7482 102.378 1.5
    endloop
  endfacet
  facet normal -0 0 1
    outer loop
      vertex 41.7641 98.7593 1.5
      vertex 43.1505 98.6949 1.5
      vertex 41.7758 98.8618 1.5
    endloop
  endfacet
  facet normal 0 0 1
    outer loop
      vertex 41.4955 101.884 1.5
      vertex 42.7482 102.378 1.5
      vertex 42.691 102.5 1.5
    endloop
  endfacet
  facet normal 0 0 1
    outer loop
      vertex 43.1505 98.6949 1.5
      vertex 41.7641 98.7593 1.5
      vertex 43.1255 98.5257 1.5
    endloop
  endfacet
  facet normal 0 0 1
    outer loop
      vertex 41.4685 101.936 1.5
      vertex 42.691 102.5 1.5
      vertex 42.6308 102.616 1.5
    endloop
  endfacet
  facet normal -0 0 1
    outer loop
      vertex 41.7513 98.6597 1.5
      vertex 43.1255 98.5257 1.5
      vertex 41.7641 98.7593 1.5
    endloop
  endfacet
  facet normal 0 0 1
    outer loop
      vertex 41.4404 101.985 1.5
      vertex 42.6308 102.616 1.5
      vertex 42.5676 102.726 1.5
    endloop
  endfacet
  facet normal 0 0 1
    outer loop
      vertex 43.1255 98.5257 1.5
      vertex 41.7513 98.6597 1.5
      vertex 43.0967 98.3605 1.5
    endloop
  endfacet
  facet normal 0 0 1
    outer loop
      vertex 41.4111 102.03 1.5
      vertex 42.5676 102.726 1.5
      vertex 42.5015 102.831 1.5
    endloop
  endfacet
  facet normal -0 0 1
    outer loop
      vertex 41.7375 98.5631 1.5
      vertex 43.0967 98.3605 1.5
      vertex 41.7513 98.6597 1.5
    endloop
  endfacet
  facet normal 0 0 1
    outer loop
      vertex 41.3808 102.071 1.5
      vertex 42.5015 102.831 1.5
      vertex 42.4326 102.93 1.5
    endloop
  endfacet
  facet normal 0 0 1
    outer loop
      vertex 43.0967 98.3605 1.5
      vertex 41.7375 98.5631 1.5
      vertex 43.064 98.1992 1.5
    endloop
  endfacet
  facet normal 0 0 1
    outer loop
      vertex 41.3496 102.108 1.5
      vertex 42.4326 102.93 1.5
      vertex 42.3608 103.024 1.5
    endloop
  endfacet
  facet normal -0 0 1
    outer loop
      vertex 41.7228 98.4698 1.5
      vertex 43.064 98.1992 1.5
      vertex 41.7375 98.5631 1.5
    endloop
  endfacet
  facet normal 0 0 1
    outer loop
      vertex 41.3177 102.141 1.5
      vertex 42.3608 103.024 1.5
      vertex 42.2861 103.112 1.5
    endloop
  endfacet
  facet normal -0 0 1
    outer loop
      vertex 41.7071 98.3796 1.5
      vertex 43.064 98.1992 1.5
      vertex 41.7228 98.4698 1.5
    endloop
  endfacet
  facet normal 0 0 1
    outer loop
      vertex 41.2852 102.17 1.5
      vertex 42.2861 103.112 1.5
      vertex 42.2086 103.193 1.5
    endloop
  endfacet
  facet normal 0 0 1
    outer loop
      vertex 43.064 98.1992 1.5
      vertex 41.7071 98.3796 1.5
      vertex 43.028 98.0425 1.5
    endloop
  endfacet
  facet normal 0 0 1
    outer loop
      vertex 41.2852 102.17 1.5
      vertex 42.2086 103.193 1.5
      vertex 42.1281 103.27 1.5
    endloop
  endfacet
  facet normal -0 0 1
    outer loop
      vertex 41.6904 98.2925 1.5
      vertex 43.028 98.0425 1.5
      vertex 41.7071 98.3796 1.5
    endloop
  endfacet
  facet normal 0 0 1
    outer loop
      vertex 41.2519 102.194 1.5
      vertex 42.1281 103.27 1.5
      vertex 42.0448 103.34 1.5
    endloop
  endfacet
  facet normal 0 0 1
    outer loop
      vertex 43.028 98.0425 1.5
      vertex 41.6904 98.2925 1.5
      vertex 42.9889 97.8909 1.5
    endloop
  endfacet
  facet normal 0 0 1
    outer loop
      vertex 41.2519 102.194 1.5
      vertex 42.0448 103.34 1.5
      vertex 41.9586 103.405 1.5
    endloop
  endfacet
  facet normal -0 0 1
    outer loop
      vertex 41.6728 98.2086 1.5
      vertex 42.9889 97.8909 1.5
      vertex 41.6904 98.2925 1.5
    endloop
  endfacet
  facet normal 0 0 1
    outer loop
      vertex 41.218 102.214 1.5
      vertex 41.9586 103.405 1.5
      vertex 41.8699 103.463 1.5
    endloop
  endfacet
  facet normal -0 0 1
    outer loop
      vertex 41.6542 98.1279 1.5
      vertex 42.9889 97.8909 1.5
      vertex 41.6728 98.2086 1.5
    endloop
  endfacet
  facet normal 0 0 1
    outer loop
      vertex 42.9889 97.8909 1.5
      vertex 41.6542 98.1279 1.5
      vertex 42.9468 97.7444 1.5
    endloop
  endfacet
  facet normal -0 0 1
    outer loop
      vertex 41.7758 98.8618 1.5
      vertex 43.1505 98.6949 1.5
      vertex 41.7861 98.9668 1.5
    endloop
  endfacet
  facet normal 0 0 1
    outer loop
      vertex 43.2177 99.9867 1.5
      vertex 41.817 100.013 1.5
      vertex 41.819 99.8929 1.5
    endloop
  endfacet
  facet normal 0 0 1
    outer loop
      vertex 43.2119 100.176 1.5
      vertex 41.8135 100.131 1.5
      vertex 41.817 100.013 1.5
    endloop
  endfacet
  facet normal 0 0 1
    outer loop
      vertex 43.2119 100.176 1.5
      vertex 41.8087 100.246 1.5
      vertex 41.8135 100.131 1.5
    endloop
  endfacet
  facet normal 0 0 1
    outer loop
      vertex 43.2023 100.361 1.5
      vertex 41.8026 100.359 1.5
      vertex 41.8087 100.246 1.5
    endloop
  endfacet
  facet normal 0 0 1
    outer loop
      vertex 43.1889 100.542 1.5
      vertex 41.795 100.469 1.5
      vertex 41.8026 100.359 1.5
    endloop
  endfacet
  facet normal 0 0 1
    outer loop
      vertex 43.1716 100.719 1.5
      vertex 41.7861 100.578 1.5
      vertex 41.795 100.469 1.5
    endloop
  endfacet
  facet normal 0 0 1
    outer loop
      vertex 41.1833 102.229 1.5
      vertex 41.8699 103.463 1.5
      vertex 41.7792 103.514 1.5
    endloop
  endfacet
  facet normal 0 0 1
    outer loop
      vertex 43.1716 100.719 1.5
      vertex 41.7758 100.684 1.5
      vertex 41.7861 100.578 1.5
    endloop
  endfacet
  facet normal 0 0 1
    outer loop
      vertex 43.1505 100.892 1.5
      vertex 41.7641 100.787 1.5
      vertex 41.7758 100.684 1.5
    endloop
  endfacet
  facet normal 0 0 1
    outer loop
      vertex 43.1255 101.062 1.5
      vertex 41.7513 100.888 1.5
      vertex 41.7641 100.787 1.5
    endloop
  endfacet
  facet normal 0 0 1
    outer loop
      vertex 43.0967 101.227 1.5
      vertex 41.7375 100.985 1.5
      vertex 41.7513 100.888 1.5
    endloop
  endfacet
  facet normal 0 0 1
    outer loop
      vertex 43.0967 101.227 1.5
      vertex 41.7228 101.079 1.5
      vertex 41.7375 100.985 1.5
    endloop
  endfacet
  facet normal 0 0 1
    outer loop
      vertex 43.064 101.388 1.5
      vertex 41.7071 101.17 1.5
      vertex 41.7228 101.079 1.5
    endloop
  endfacet
  facet normal 0 0 1
    outer loop
      vertex 43.028 101.545 1.5
      vertex 41.6904 101.257 1.5
      vertex 41.7071 101.17 1.5
    endloop
  endfacet
  facet normal 0 0 1
    outer loop
      vertex 41.1833 102.229 1.5
      vertex 41.7792 103.514 1.5
      vertex 41.6864 103.559 1.5
    endloop
  endfacet
  facet normal 0 0 1
    outer loop
      vertex 43.028 101.545 1.5
      vertex 41.6728 101.34 1.5
      vertex 41.6904 101.257 1.5
    endloop
  endfacet
  facet normal 0 0 1
    outer loop
      vertex 42.9889 101.696 1.5
      vertex 41.6542 101.421 1.5
      vertex 41.6728 101.34 1.5
    endloop
  endfacet
  facet normal 0 0 1
    outer loop
      vertex 42.9468 101.843 1.5
      vertex 41.6346 101.497 1.5
      vertex 41.6542 101.421 1.5
    endloop
  endfacet
  facet normal 0 0 1
    outer loop
      vertex 42.9016 101.984 1.5
      vertex 41.6141 101.571 1.5
      vertex 41.6346 101.497 1.5
    endloop
  endfacet
  facet normal 0 0 1
    outer loop
      vertex 42.9016 101.984 1.5
      vertex 41.5926 101.641 1.5
      vertex 41.6141 101.571 1.5
    endloop
  endfacet
  facet normal 0 0 1
    outer loop
      vertex 41.1833 102.229 1.5
      vertex 41.6864 103.559 1.5
      vertex 41.5916 103.597 1.5
    endloop
  endfacet
  facet normal 0 0 1
    outer loop
      vertex 42.8535 102.121 1.5
      vertex 41.57 101.707 1.5
      vertex 41.5926 101.641 1.5
    endloop
  endfacet
  facet normal 0 0 1
    outer loop
      vertex 42.8024 102.252 1.5
      vertex 41.5462 101.77 1.5
      vertex 41.57 101.707 1.5
    endloop
  endfacet
  facet normal 0 0 1
    outer loop
      vertex 42.7482 102.378 1.5
      vertex 41.5214 101.829 1.5
      vertex 41.5462 101.77 1.5
    endloop
  endfacet
  facet normal 0 0 1
    outer loop
      vertex 42.7482 102.378 1.5
      vertex 41.4955 101.884 1.5
      vertex 41.5214 101.829 1.5
    endloop
  endfacet
  facet normal 0 0 1
    outer loop
      vertex 41.148 102.24 1.5
      vertex 41.5916 103.597 1.5
      vertex 41.4946 103.627 1.5
    endloop
  endfacet
  facet normal 0 0 1
    outer loop
      vertex 42.691 102.5 1.5
      vertex 41.4685 101.936 1.5
      vertex 41.4955 101.884 1.5
    endloop
  endfacet
  facet normal 0 0 1
    outer loop
      vertex 42.6308 102.616 1.5
      vertex 41.4404 101.985 1.5
      vertex 41.4685 101.936 1.5
    endloop
  endfacet
  facet normal 0 0 1
    outer loop
      vertex 42.5676 102.726 1.5
      vertex 41.4111 102.03 1.5
      vertex 41.4404 101.985 1.5
    endloop
  endfacet
  facet normal 0 0 1
    outer loop
      vertex 41.148 102.24 1.5
      vertex 41.4946 103.627 1.5
      vertex 41.3957 103.651 1.5
    endloop
  endfacet
  facet normal 0 0 1
    outer loop
      vertex 42.5015 102.831 1.5
      vertex 41.3808 102.071 1.5
      vertex 41.4111 102.03 1.5
    endloop
  endfacet
  facet normal 0 0 1
    outer loop
      vertex 42.4326 102.93 1.5
      vertex 41.3496 102.108 1.5
      vertex 41.3808 102.071 1.5
    endloop
  endfacet
  facet normal 0 0 1
    outer loop
      vertex 42.3608 103.024 1.5
      vertex 41.3177 102.141 1.5
      vertex 41.3496 102.108 1.5
    endloop
  endfacet
  facet normal 0 0 1
    outer loop
      vertex 41.112 102.246 1.5
      vertex 41.3957 103.651 1.5
      vertex 41.2947 103.669 1.5
    endloop
  endfacet
  facet normal 0 0 1
    outer loop
      vertex 42.2861 103.112 1.5
      vertex 41.2852 102.17 1.5
      vertex 41.3177 102.141 1.5
    endloop
  endfacet
  facet normal 0 0 1
    outer loop
      vertex 42.1281 103.27 1.5
      vertex 41.2519 102.194 1.5
      vertex 41.2852 102.17 1.5
    endloop
  endfacet
  facet normal 0 0 1
    outer loop
      vertex 41.9586 103.405 1.5
      vertex 41.218 102.214 1.5
      vertex 41.2519 102.194 1.5
    endloop
  endfacet
  facet normal 0 0 1
    outer loop
      vertex 41.112 102.246 1.5
      vertex 41.2947 103.669 1.5
      vertex 41.1916 103.679 1.5
    endloop
  endfacet
  facet normal 0 0 1
    outer loop
      vertex 41.8699 103.463 1.5
      vertex 41.1833 102.229 1.5
      vertex 41.218 102.214 1.5
    endloop
  endfacet
  facet normal 0 0 1
    outer loop
      vertex 41.5916 103.597 1.5
      vertex 41.148 102.24 1.5
      vertex 41.1833 102.229 1.5
    endloop
  endfacet
  facet normal 0 0 1
    outer loop
      vertex 41.3957 103.651 1.5
      vertex 41.112 102.246 1.5
      vertex 41.148 102.24 1.5
    endloop
  endfacet
  facet normal 0 0 1
    outer loop
      vertex 41.0753 102.249 1.5
      vertex 41.1916 103.679 1.5
      vertex 41.0864 103.682 1.5
    endloop
  endfacet
  facet normal 0 0 1
    outer loop
      vertex 41.1916 103.679 1.5
      vertex 41.0753 102.249 1.5
      vertex 41.112 102.246 1.5
    endloop
  endfacet
  facet normal -0 0 1
    outer loop
      vertex 40.9812 103.679 1.5
      vertex 41.0753 102.249 1.5
      vertex 41.0864 103.682 1.5
    endloop
  endfacet
  facet normal 0 0 1
    outer loop
      vertex 41.0753 102.249 1.5
      vertex 40.9812 103.679 1.5
      vertex 41.0386 102.246 1.5
    endloop
  endfacet
  facet normal -0 0 1
    outer loop
      vertex 40.8779 103.669 1.5
      vertex 41.0386 102.246 1.5
      vertex 40.9812 103.679 1.5
    endloop
  endfacet
  facet normal -0 0 1
    outer loop
      vertex 40.7766 103.651 1.5
      vertex 41.0386 102.246 1.5
      vertex 40.8779 103.669 1.5
    endloop
  endfacet
  facet normal 0 0 1
    outer loop
      vertex 41.0386 102.246 1.5
      vertex 40.7766 103.651 1.5
      vertex 41.0026 102.24 1.5
    endloop
  endfacet
  facet normal -0 0 1
    outer loop
      vertex 40.6771 103.627 1.5
      vertex 41.0026 102.24 1.5
      vertex 40.7766 103.651 1.5
    endloop
  endfacet
  facet normal -0 0 1
    outer loop
      vertex 40.5796 103.597 1.5
      vertex 41.0026 102.24 1.5
      vertex 40.6771 103.627 1.5
    endloop
  endfacet
  facet normal -0 0 1
    outer loop
      vertex 40.484 103.559 1.5
      vertex 41.0026 102.24 1.5
      vertex 40.5796 103.597 1.5
    endloop
  endfacet
  facet normal 0 0 1
    outer loop
      vertex 41.0026 102.24 1.5
      vertex 40.484 103.559 1.5
      vertex 40.9673 102.229 1.5
    endloop
  endfacet
  facet normal -0 0 1
    outer loop
      vertex 40.3903 103.514 1.5
      vertex 40.9673 102.229 1.5
      vertex 40.484 103.559 1.5
    endloop
  endfacet
  facet normal -0 0 1
    outer loop
      vertex 40.2985 103.463 1.5
      vertex 40.9673 102.229 1.5
      vertex 40.3903 103.514 1.5
    endloop
  endfacet
  facet normal 0 0 1
    outer loop
      vertex 40.9673 102.229 1.5
      vertex 40.2985 103.463 1.5
      vertex 40.9327 102.214 1.5
    endloop
  endfacet
  facet normal -0 0 1
    outer loop
      vertex 40.2087 103.405 1.5
      vertex 40.9327 102.214 1.5
      vertex 40.2985 103.463 1.5
    endloop
  endfacet
  facet normal -0 0 1
    outer loop
      vertex 40.1213 103.34 1.5
      vertex 40.9327 102.214 1.5
      vertex 40.2087 103.405 1.5
    endloop
  endfacet
  facet normal 0 0 1
    outer loop
      vertex 40.9327 102.214 1.5
      vertex 40.1213 103.34 1.5
      vertex 40.8987 102.194 1.5
    endloop
  endfacet
  facet normal -0 0 1
    outer loop
      vertex 40.037 103.27 1.5
      vertex 40.8987 102.194 1.5
      vertex 40.1213 103.34 1.5
    endloop
  endfacet
  facet normal 0 0 1
    outer loop
      vertex 40.8987 102.194 1.5
      vertex 40.037 103.27 1.5
      vertex 40.8655 102.17 1.5
    endloop
  endfacet
  facet normal -0 0 1
    outer loop
      vertex 39.9556 103.193 1.5
      vertex 40.8655 102.17 1.5
      vertex 40.037 103.27 1.5
    endloop
  endfacet
  facet normal -0 0 1
    outer loop
      vertex 39.8773 103.112 1.5
      vertex 40.8655 102.17 1.5
      vertex 39.9556 103.193 1.5
    endloop
  endfacet
  facet normal 0 0 1
    outer loop
      vertex 40.8655 102.17 1.5
      vertex 39.8773 103.112 1.5
      vertex 40.8329 102.141 1.5
    endloop
  endfacet
  facet normal -0 0 1
    outer loop
      vertex 39.802 103.024 1.5
      vertex 40.8329 102.141 1.5
      vertex 39.8773 103.112 1.5
    endloop
  endfacet
  facet normal 0 0 1
    outer loop
      vertex 40.8329 102.141 1.5
      vertex 39.802 103.024 1.5
      vertex 40.801 102.108 1.5
    endloop
  endfacet
  facet normal -0 0 1
    outer loop
      vertex 39.7297 102.93 1.5
      vertex 40.801 102.108 1.5
      vertex 39.802 103.024 1.5
    endloop
  endfacet
  facet normal 0 0 1
    outer loop
      vertex 40.801 102.108 1.5
      vertex 39.7297 102.93 1.5
      vertex 40.7698 102.071 1.5
    endloop
  endfacet
  facet normal -0 0 1
    outer loop
      vertex 39.6605 102.831 1.5
      vertex 40.7698 102.071 1.5
      vertex 39.7297 102.93 1.5
    endloop
  endfacet
  facet normal 0 0 1
    outer loop
      vertex 40.7698 102.071 1.5
      vertex 39.6605 102.831 1.5
      vertex 40.7394 102.03 1.5
    endloop
  endfacet
  facet normal -0 0 1
    outer loop
      vertex 39.5942 102.726 1.5
      vertex 40.7394 102.03 1.5
      vertex 39.6605 102.831 1.5
    endloop
  endfacet
  facet normal 0 0 1
    outer loop
      vertex 40.7394 102.03 1.5
      vertex 39.5942 102.726 1.5
      vertex 40.71 101.985 1.5
    endloop
  endfacet
  facet normal -0 0 1
    outer loop
      vertex 39.531 102.616 1.5
      vertex 40.71 101.985 1.5
      vertex 39.5942 102.726 1.5
    endloop
  endfacet
  facet normal 0 0 1
    outer loop
      vertex 40.71 101.985 1.5
      vertex 39.531 102.616 1.5
      vertex 40.6815 101.936 1.5
    endloop
  endfacet
  facet normal -0 0 1
    outer loop
      vertex 39.4708 102.5 1.5
      vertex 40.6815 101.936 1.5
      vertex 39.531 102.616 1.5
    endloop
  endfacet
  facet normal 0 0 1
    outer loop
      vertex 40.6815 101.936 1.5
      vertex 39.4708 102.5 1.5
      vertex 40.654 101.884 1.5
    endloop
  endfacet
  facet normal -0 0 1
    outer loop
      vertex 39.4136 102.378 1.5
      vertex 40.654 101.884 1.5
      vertex 39.4708 102.5 1.5
    endloop
  endfacet
  facet normal 0 0 1
    outer loop
      vertex 40.6275 101.829 1.5
      vertex 39.4136 102.378 1.5
      vertex 40.6019 101.77 1.5
    endloop
  endfacet
  facet normal -0 0 1
    outer loop
      vertex 39.3594 102.252 1.5
      vertex 40.6019 101.77 1.5
      vertex 39.4136 102.378 1.5
    endloop
  endfacet
  facet normal -0 0 1
    outer loop
      vertex 39.3082 102.121 1.5
      vertex 40.5773 101.707 1.5
      vertex 39.3594 102.252 1.5
    endloop
  endfacet
  facet normal 0 0 1
    outer loop
      vertex 40.5773 101.707 1.5
      vertex 39.3082 102.121 1.5
      vertex 40.5536 101.641 1.5
    endloop
  endfacet
  facet normal -0 0 1
    outer loop
      vertex 39.2601 101.984 1.5
      vertex 40.5536 101.641 1.5
      vertex 39.3082 102.121 1.5
    endloop
  endfacet
  facet normal 0 0 1
    outer loop
      vertex 40.5536 101.641 1.5
      vertex 39.2601 101.984 1.5
      vertex 40.5309 101.571 1.5
    endloop
  endfacet
  facet normal 0 0 1
    outer loop
      vertex 40.5309 101.571 1.5
      vertex 39.2601 101.984 1.5
      vertex 40.5092 101.497 1.5
    endloop
  endfacet
  facet normal 0 0 1
    outer loop
      vertex 40.654 101.884 1.5
      vertex 39.4136 102.378 1.5
      vertex 40.6275 101.829 1.5
    endloop
  endfacet
  facet normal 0 0 1
    outer loop
      vertex 40.4022 100.985 1.5
      vertex 39.065 101.227 1.5
      vertex 40.3882 100.888 1.5
    endloop
  endfacet
  facet normal 0 0 1
    outer loop
      vertex 40.4173 101.079 1.5
      vertex 39.065 101.227 1.5
      vertex 40.4022 100.985 1.5
    endloop
  endfacet
  facet normal 0 0 1
    outer loop
      vertex 40.6019 101.77 1.5
      vertex 39.3594 102.252 1.5
      vertex 40.5773 101.707 1.5
    endloop
  endfacet
  facet normal -0 0 1
    outer loop
      vertex 41.6346 98.0503 1.5
      vertex 42.9468 97.7444 1.5
      vertex 41.6542 98.1279 1.5
    endloop
  endfacet
  facet normal 0 0 1
    outer loop
      vertex 42.9468 97.7444 1.5
      vertex 41.6346 98.0503 1.5
      vertex 42.9016 97.6029 1.5
    endloop
  endfacet
  facet normal -0 0 1
    outer loop
      vertex 41.6141 97.9759 1.5
      vertex 42.9016 97.6029 1.5
      vertex 41.6346 98.0503 1.5
    endloop
  endfacet
  facet normal 0 0 1
    outer loop
      vertex 42.9016 97.6029 1.5
      vertex 41.6141 97.9759 1.5
      vertex 42.8535 97.4665 1.5
    endloop
  endfacet
  facet normal -0 0 1
    outer loop
      vertex 41.5926 97.9049 1.5
      vertex 42.8535 97.4665 1.5
      vertex 41.6141 97.9759 1.5
    endloop
  endfacet
  facet normal -0 0 1
    outer loop
      vertex 41.57 97.8376 1.5
      vertex 42.8535 97.4665 1.5
      vertex 41.5926 97.9049 1.5
    endloop
  endfacet
  facet normal 0 0 1
    outer loop
      vertex 42.8535 97.4665 1.5
      vertex 41.57 97.8376 1.5
      vertex 42.8024 97.3351 1.5
    endloop
  endfacet
  facet normal -0 0 1
    outer loop
      vertex 41.5462 97.774 1.5
      vertex 42.8024 97.3351 1.5
      vertex 41.57 97.8376 1.5
    endloop
  endfacet
  facet normal 0 0 1
    outer loop
      vertex 42.8024 97.3351 1.5
      vertex 41.5462 97.774 1.5
      vertex 42.7482 97.2089 1.5
    endloop
  endfacet
  facet normal -0 0 1
    outer loop
      vertex 41.5214 97.7142 1.5
      vertex 42.7482 97.2089 1.5
      vertex 41.5462 97.774 1.5
    endloop
  endfacet
  facet normal 0 0 1
    outer loop
      vertex 42.7482 97.2089 1.5
      vertex 41.5214 97.7142 1.5
      vertex 42.691 97.0877 1.5
    endloop
  endfacet
  facet normal -0 0 1
    outer loop
      vertex 41.4955 97.658 1.5
      vertex 42.691 97.0877 1.5
      vertex 41.5214 97.7142 1.5
    endloop
  endfacet
  facet normal 0 0 1
    outer loop
      vertex 42.691 97.0877 1.5
      vertex 41.4955 97.658 1.5
      vertex 42.6308 96.9716 1.5
    endloop
  endfacet
  facet normal -0 0 1
    outer loop
      vertex 41.4685 97.6055 1.5
      vertex 42.6308 96.9716 1.5
      vertex 41.4955 97.658 1.5
    endloop
  endfacet
  facet normal -0 0 1
    outer loop
      vertex 41.4404 97.5567 1.5
      vertex 42.6308 96.9716 1.5
      vertex 41.4685 97.6055 1.5
    endloop
  endfacet
  facet normal 0 0 1
    outer loop
      vertex 42.6308 96.9716 1.5
      vertex 41.4404 97.5567 1.5
      vertex 42.5676 96.8609 1.5
    endloop
  endfacet
  facet normal -0 0 1
    outer loop
      vertex 41.4111 97.5117 1.5
      vertex 42.5676 96.8609 1.5
      vertex 41.4404 97.5567 1.5
    endloop
  endfacet
  facet normal 0 0 1
    outer loop
      vertex 42.5676 96.8609 1.5
      vertex 41.4111 97.5117 1.5
      vertex 42.5015 96.756 1.5
    endloop
  endfacet
  facet normal -0 0 1
    outer loop
      vertex 41.3808 97.4703 1.5
      vertex 42.5015 96.756 1.5
      vertex 41.4111 97.5117 1.5
    endloop
  endfacet
  facet normal 0 0 1
    outer loop
      vertex 42.5015 96.756 1.5
      vertex 41.3808 97.4703 1.5
      vertex 42.4326 96.6568 1.5
    endloop
  endfacet
  facet normal -0 0 1
    outer loop
      vertex 41.3496 97.433 1.5
      vertex 42.4326 96.6568 1.5
      vertex 41.3808 97.4703 1.5
    endloop
  endfacet
  facet normal 0 0 1
    outer loop
      vertex 42.4326 96.6568 1.5
      vertex 41.3496 97.433 1.5
      vertex 42.3608 96.5634 1.5
    endloop
  endfacet
  facet normal 0 0 1
    outer loop
      vertex 42.3608 96.5634 1.5
      vertex 41.3496 97.433 1.5
      vertex 42.2861 96.4757 1.5
    endloop
  endfacet
  facet normal -0 0 1
    outer loop
      vertex 41.3177 97.4001 1.5
      vertex 42.2861 96.4757 1.5
      vertex 41.3496 97.433 1.5
    endloop
  endfacet
  facet normal 0 0 1
    outer loop
      vertex 42.2861 96.4757 1.5
      vertex 41.3177 97.4001 1.5
      vertex 42.2086 96.3939 1.5
    endloop
  endfacet
  facet normal -0 0 1
    outer loop
      vertex 41.2852 97.3715 1.5
      vertex 42.2086 96.3939 1.5
      vertex 41.3177 97.4001 1.5
    endloop
  endfacet
  facet normal 0 0 1
    outer loop
      vertex 42.2086 96.3939 1.5
      vertex 41.2852 97.3715 1.5
      vertex 42.1281 96.3177 1.5
    endloop
  endfacet
  facet normal -0 0 1
    outer loop
      vertex 41.2519 97.3474 1.5
      vertex 42.1281 96.3177 1.5
      vertex 41.2852 97.3715 1.5
    endloop
  endfacet
  facet normal 0 0 1
    outer loop
      vertex 42.1281 96.3177 1.5
      vertex 41.2519 97.3474 1.5
      vertex 42.0448 96.2474 1.5
    endloop
  endfacet
  facet normal 0 0 1
    outer loop
      vertex 42.0448 96.2474 1.5
      vertex 41.2519 97.3474 1.5
      vertex 41.9586 96.1828 1.5
    endloop
  endfacet
  facet normal -0 0 1
    outer loop
      vertex 41.218 97.3276 1.5
      vertex 41.9586 96.1828 1.5
      vertex 41.2519 97.3474 1.5
    endloop
  endfacet
  facet normal 0 0 1
    outer loop
      vertex 41.9586 96.1828 1.5
      vertex 41.218 97.3276 1.5
      vertex 41.8699 96.1245 1.5
    endloop
  endfacet
  facet normal 0 0 1
    outer loop
      vertex 41.8699 96.1245 1.5
      vertex 41.218 97.3276 1.5
      vertex 41.7792 96.073 1.5
    endloop
  endfacet
  facet normal -0 0 1
    outer loop
      vertex 41.1833 97.3123 1.5
      vertex 41.7792 96.073 1.5
      vertex 41.218 97.3276 1.5
    endloop
  endfacet
  facet normal 0 0 1
    outer loop
      vertex 41.7792 96.073 1.5
      vertex 41.1833 97.3123 1.5
      vertex 41.6864 96.0285 1.5
    endloop
  endfacet
  facet normal 0 0 1
    outer loop
      vertex 41.6864 96.0285 1.5
      vertex 41.1833 97.3123 1.5
      vertex 41.5916 95.9907 1.5
    endloop
  endfacet
  facet normal -0 0 1
    outer loop
      vertex 41.148 97.3013 1.5
      vertex 41.5916 95.9907 1.5
      vertex 41.1833 97.3123 1.5
    endloop
  endfacet
  facet normal 0 0 1
    outer loop
      vertex 41.5916 95.9907 1.5
      vertex 41.148 97.3013 1.5
      vertex 41.4946 95.9599 1.5
    endloop
  endfacet
  facet normal 0 0 1
    outer loop
      vertex 41.4946 95.9599 1.5
      vertex 41.148 97.3013 1.5
      vertex 41.3957 95.9359 1.5
    endloop
  endfacet
  facet normal -0 0 1
    outer loop
      vertex 41.112 97.2947 1.5
      vertex 41.3957 95.9359 1.5
      vertex 41.148 97.3013 1.5
    endloop
  endfacet
  facet normal 0 0 1
    outer loop
      vertex 41.3957 95.9359 1.5
      vertex 41.112 97.2947 1.5
      vertex 41.2947 95.9187 1.5
    endloop
  endfacet
  facet normal 0 0 1
    outer loop
      vertex 41.2947 95.9187 1.5
      vertex 41.112 97.2947 1.5
      vertex 41.1916 95.9084 1.5
    endloop
  endfacet
  facet normal -0 0 1
    outer loop
      vertex 41.0753 97.2925 1.5
      vertex 41.1916 95.9084 1.5
      vertex 41.112 97.2947 1.5
    endloop
  endfacet
  facet normal 0 0 1
    outer loop
      vertex 41.1916 95.9084 1.5
      vertex 41.0753 97.2925 1.5
      vertex 41.0864 95.905 1.5
    endloop
  endfacet
  facet normal 0 0 1
    outer loop
      vertex 40.9812 95.9084 1.5
      vertex 41.0753 97.2925 1.5
      vertex 41.0386 97.2947 1.5
    endloop
  endfacet
  facet normal 0 0 1
    outer loop
      vertex 40.7766 95.9359 1.5
      vertex 41.0386 97.2947 1.5
      vertex 41.0026 97.3013 1.5
    endloop
  endfacet
  facet normal 0 0 1
    outer loop
      vertex 41.0753 97.2925 1.5
      vertex 40.9812 95.9084 1.5
      vertex 41.0864 95.905 1.5
    endloop
  endfacet
  facet normal 0 0 1
    outer loop
      vertex 40.5796 95.9907 1.5
      vertex 41.0026 97.3013 1.5
      vertex 40.9673 97.3123 1.5
    endloop
  endfacet
  facet normal 0 0 1
    outer loop
      vertex 40.3903 96.073 1.5
      vertex 40.9673 97.3123 1.5
      vertex 40.9327 97.3276 1.5
    endloop
  endfacet
  facet normal 0 0 1
    outer loop
      vertex 40.2087 96.1828 1.5
      vertex 40.9327 97.3276 1.5
      vertex 40.8987 97.3474 1.5
    endloop
  endfacet
  facet normal 0 0 1
    outer loop
      vertex 41.0386 97.2947 1.5
      vertex 40.8779 95.9187 1.5
      vertex 40.9812 95.9084 1.5
    endloop
  endfacet
  facet normal 0 0 1
    outer loop
      vertex 40.037 96.3177 1.5
      vertex 40.8987 97.3474 1.5
      vertex 40.8655 97.3715 1.5
    endloop
  endfacet
  facet normal 0 0 1
    outer loop
      vertex 39.9556 96.3939 1.5
      vertex 40.8655 97.3715 1.5
      vertex 40.8329 97.4001 1.5
    endloop
  endfacet
  facet normal 0 0 1
    outer loop
      vertex 39.8773 96.4757 1.5
      vertex 40.8329 97.4001 1.5
      vertex 40.801 97.433 1.5
    endloop
  endfacet
  facet normal 0 0 1
    outer loop
      vertex 41.0386 97.2947 1.5
      vertex 40.7766 95.9359 1.5
      vertex 40.8779 95.9187 1.5
    endloop
  endfacet
  facet normal 0 0 1
    outer loop
      vertex 39.7297 96.6568 1.5
      vertex 40.801 97.433 1.5
      vertex 40.7698 97.4703 1.5
    endloop
  endfacet
  facet normal 0 0 1
    outer loop
      vertex 39.6605 96.756 1.5
      vertex 40.7698 97.4703 1.5
      vertex 40.7394 97.5117 1.5
    endloop
  endfacet
  facet normal 0 0 1
    outer loop
      vertex 39.5942 96.8609 1.5
      vertex 40.7394 97.5117 1.5
      vertex 40.71 97.5567 1.5
    endloop
  endfacet
  facet normal 0 0 1
    outer loop
      vertex 39.531 96.9716 1.5
      vertex 40.71 97.5567 1.5
      vertex 40.6815 97.6055 1.5
    endloop
  endfacet
  facet normal 0 0 1
    outer loop
      vertex 41.0026 97.3013 1.5
      vertex 40.6771 95.9599 1.5
      vertex 40.7766 95.9359 1.5
    endloop
  endfacet
  facet normal 0 0 1
    outer loop
      vertex 39.531 96.9716 1.5
      vertex 40.6815 97.6055 1.5
      vertex 40.654 97.658 1.5
    endloop
  endfacet
  facet normal 0 0 1
    outer loop
      vertex 39.4708 97.0877 1.5
      vertex 40.654 97.658 1.5
      vertex 40.6275 97.7142 1.5
    endloop
  endfacet
  facet normal 0 0 1
    outer loop
      vertex 39.4136 97.2089 1.5
      vertex 40.6275 97.7142 1.5
      vertex 40.6019 97.774 1.5
    endloop
  endfacet
  facet normal 0 0 1
    outer loop
      vertex 41.0026 97.3013 1.5
      vertex 40.5796 95.9907 1.5
      vertex 40.6771 95.9599 1.5
    endloop
  endfacet
  facet normal 0 0 1
    outer loop
      vertex 39.3594 97.3351 1.5
      vertex 40.6019 97.774 1.5
      vertex 40.5773 97.8376 1.5
    endloop
  endfacet
  facet normal 0 0 1
    outer loop
      vertex 39.3082 97.4665 1.5
      vertex 40.5773 97.8376 1.5
      vertex 40.5536 97.9049 1.5
    endloop
  endfacet
  facet normal 0 0 1
    outer loop
      vertex 39.3082 97.4665 1.5
      vertex 40.5536 97.9049 1.5
      vertex 40.5309 97.9759 1.5
    endloop
  endfacet
  facet normal 0 0 1
    outer loop
      vertex 39.2601 97.6029 1.5
      vertex 40.5309 97.9759 1.5
      vertex 40.5092 98.0503 1.5
    endloop
  endfacet
  facet normal 0 0 1
    outer loop
      vertex 39.2149 97.7444 1.5
      vertex 40.5092 98.0503 1.5
      vertex 40.4887 98.1279 1.5
    endloop
  endfacet
  facet normal 0 0 1
    outer loop
      vertex 40.9673 97.3123 1.5
      vertex 40.484 96.0285 1.5
      vertex 40.5796 95.9907 1.5
    endloop
  endfacet
  facet normal 0 0 1
    outer loop
      vertex 39.1728 97.8909 1.5
      vertex 40.4887 98.1279 1.5
      vertex 40.4692 98.2086 1.5
    endloop
  endfacet
  facet normal 0 0 1
    outer loop
      vertex 39.1728 97.8909 1.5
      vertex 40.4692 98.2086 1.5
      vertex 40.4508 98.2925 1.5
    endloop
  endfacet
  facet normal 0 0 1
    outer loop
      vertex 39.1337 98.0425 1.5
      vertex 40.4508 98.2925 1.5
      vertex 40.4335 98.3796 1.5
    endloop
  endfacet
  facet normal 0 0 1
    outer loop
      vertex 39.0976 98.1992 1.5
      vertex 40.4335 98.3796 1.5
      vertex 40.4173 98.4698 1.5
    endloop
  endfacet
  facet normal 0 0 1
    outer loop
      vertex 39.0976 98.1992 1.5
      vertex 40.4173 98.4698 1.5
      vertex 40.4022 98.5631 1.5
    endloop
  endfacet
  facet normal 0 0 1
    outer loop
      vertex 40.9673 97.3123 1.5
      vertex 40.3903 96.073 1.5
      vertex 40.484 96.0285 1.5
    endloop
  endfacet
  facet normal 0 0 1
    outer loop
      vertex 39.065 98.3605 1.5
      vertex 40.4022 98.5631 1.5
      vertex 40.3882 98.6597 1.5
    endloop
  endfacet
  facet normal 0 0 1
    outer loop
      vertex 39.0362 98.5257 1.5
      vertex 40.3882 98.6597 1.5
      vertex 40.3753 98.7593 1.5
    endloop
  endfacet
  facet normal 0 0 1
    outer loop
      vertex 39.0112 98.6949 1.5
      vertex 40.3753 98.7593 1.5
      vertex 40.3637 98.8618 1.5
    endloop
  endfacet
  facet normal 0 0 1
    outer loop
      vertex 39.0112 98.6949 1.5
      vertex 40.3637 98.8618 1.5
      vertex 40.3534 98.9668 1.5
    endloop
  endfacet
  facet normal 0 0 1
    outer loop
      vertex 38.9901 98.8681 1.5
      vertex 40.3534 98.9668 1.5
      vertex 40.3445 99.0742 1.5
    endloop
  endfacet
  facet normal 0 0 1
    outer loop
      vertex 38.9728 99.0452 1.5
      vertex 40.3445 99.0742 1.5
      vertex 40.3369 99.1841 1.5
    endloop
  endfacet
  facet normal -0 0 1
    outer loop
      vertex 38.9594 99.2264 1.5
      vertex 40.3369 99.1841 1.5
      vertex 40.3308 99.2965 1.5
    endloop
  endfacet
  facet normal 0 0 1
    outer loop
      vertex 38.9594 99.2264 1.5
      vertex 40.3308 99.2965 1.5
      vertex 40.326 99.4113 1.5
    endloop
  endfacet
  facet normal -0 0 1
    outer loop
      vertex 38.9498 99.4115 1.5
      vertex 40.326 99.4113 1.5
      vertex 40.3225 99.5286 1.5
    endloop
  endfacet
  facet normal -0 0 1
    outer loop
      vertex 39.0362 101.062 1.5
      vertex 40.3882 100.888 1.5
      vertex 39.065 101.227 1.5
    endloop
  endfacet
  facet normal 0 0 1
    outer loop
      vertex 40.8655 97.3715 1.5
      vertex 39.9556 96.3939 1.5
      vertex 40.037 96.3177 1.5
    endloop
  endfacet
  facet normal -0 0 1
    outer loop
      vertex 38.944 99.6006 1.5
      vertex 40.3225 99.5286 1.5
      vertex 40.3205 99.6484 1.5
    endloop
  endfacet
  facet normal 0 0 1
    outer loop
      vertex 40.3882 100.888 1.5
      vertex 39.0362 101.062 1.5
      vertex 40.3753 100.787 1.5
    endloop
  endfacet
  facet normal -0 0 1
    outer loop
      vertex 39.2149 101.843 1.5
      vertex 40.5092 101.497 1.5
      vertex 39.2601 101.984 1.5
    endloop
  endfacet
  facet normal 0 0 1
    outer loop
      vertex 40.3198 99.7706 1.5
      vertex 38.9421 99.7936 1.5
      vertex 40.3205 99.6484 1.5
    endloop
  endfacet
  facet normal 0 0 1
    outer loop
      vertex 40.5092 101.497 1.5
      vertex 39.2149 101.843 1.5
      vertex 40.4887 101.421 1.5
    endloop
  endfacet
  facet normal 0 -0 1
    outer loop
      vertex 38.944 99.6006 1.5
      vertex 40.3205 99.6484 1.5
      vertex 38.9421 99.7936 1.5
    endloop
  endfacet
  facet normal -0 0 1
    outer loop
      vertex 39.1728 101.696 1.5
      vertex 40.4887 101.421 1.5
      vertex 39.2149 101.843 1.5
    endloop
  endfacet
  facet normal 0 0 1
    outer loop
      vertex 40.3225 99.5286 1.5
      vertex 38.944 99.6006 1.5
      vertex 38.9498 99.4115 1.5
    endloop
  endfacet
  facet normal 0 0 1
    outer loop
      vertex 40.4887 101.421 1.5
      vertex 39.1728 101.696 1.5
      vertex 40.4692 101.34 1.5
    endloop
  endfacet
  facet normal 0 0 1
    outer loop
      vertex 40.326 99.4113 1.5
      vertex 38.9498 99.4115 1.5
      vertex 38.9594 99.2264 1.5
    endloop
  endfacet
  facet normal -0 0 1
    outer loop
      vertex 39.1337 101.545 1.5
      vertex 40.4692 101.34 1.5
      vertex 39.1728 101.696 1.5
    endloop
  endfacet
  facet normal 0 0 1
    outer loop
      vertex 40.3369 99.1841 1.5
      vertex 38.9594 99.2264 1.5
      vertex 38.9728 99.0452 1.5
    endloop
  endfacet
  facet normal 0 0 1
    outer loop
      vertex 40.4692 101.34 1.5
      vertex 39.1337 101.545 1.5
      vertex 40.4508 101.257 1.5
    endloop
  endfacet
  facet normal 0 0 1
    outer loop
      vertex 40.3445 99.0742 1.5
      vertex 38.9728 99.0452 1.5
      vertex 38.9901 98.8681 1.5
    endloop
  endfacet
  facet normal 0 0 1
    outer loop
      vertex 40.4508 101.257 1.5
      vertex 39.1337 101.545 1.5
      vertex 40.4335 101.17 1.5
    endloop
  endfacet
  facet normal 0 0 1
    outer loop
      vertex 40.3534 98.9668 1.5
      vertex 38.9901 98.8681 1.5
      vertex 39.0112 98.6949 1.5
    endloop
  endfacet
  facet normal -0 0 1
    outer loop
      vertex 39.0976 101.388 1.5
      vertex 40.4335 101.17 1.5
      vertex 39.1337 101.545 1.5
    endloop
  endfacet
  facet normal 0 0 1
    outer loop
      vertex 40.3882 98.6597 1.5
      vertex 39.0362 98.5257 1.5
      vertex 39.065 98.3605 1.5
    endloop
  endfacet
  facet normal 0 0 1
    outer loop
      vertex 40.4335 101.17 1.5
      vertex 39.0976 101.388 1.5
      vertex 40.4173 101.079 1.5
    endloop
  endfacet
  facet normal 0 0 1
    outer loop
      vertex 40.4022 98.5631 1.5
      vertex 39.065 98.3605 1.5
      vertex 39.0976 98.1992 1.5
    endloop
  endfacet
  facet normal -0 0 1
    outer loop
      vertex 39.065 101.227 1.5
      vertex 40.4173 101.079 1.5
      vertex 39.0976 101.388 1.5
    endloop
  endfacet
  facet normal 0 0 1
    outer loop
      vertex 40.4335 98.3796 1.5
      vertex 39.0976 98.1992 1.5
      vertex 39.1337 98.0425 1.5
    endloop
  endfacet
  facet normal -0 0 1
    outer loop
      vertex 39.0112 100.892 1.5
      vertex 40.3753 100.787 1.5
      vertex 39.0362 101.062 1.5
    endloop
  endfacet
  facet normal 0 0 1
    outer loop
      vertex 40.4508 98.2925 1.5
      vertex 39.1337 98.0425 1.5
      vertex 39.1728 97.8909 1.5
    endloop
  endfacet
  facet normal 0 0 1
    outer loop
      vertex 40.3753 100.787 1.5
      vertex 39.0112 100.892 1.5
      vertex 40.3637 100.684 1.5
    endloop
  endfacet
  facet normal 0 0 1
    outer loop
      vertex 40.3205 99.8929 1.5
      vertex 38.9421 99.7936 1.5
      vertex 40.3198 99.7706 1.5
    endloop
  endfacet
  facet normal -0 0 1
    outer loop
      vertex 38.9901 100.719 1.5
      vertex 40.3637 100.684 1.5
      vertex 39.0112 100.892 1.5
    endloop
  endfacet
  facet normal 0 0 1
    outer loop
      vertex 40.4887 98.1279 1.5
      vertex 39.1728 97.8909 1.5
      vertex 39.2149 97.7444 1.5
    endloop
  endfacet
  facet normal 0 0 1
    outer loop
      vertex 40.3637 100.684 1.5
      vertex 38.9901 100.719 1.5
      vertex 40.3534 100.578 1.5
    endloop
  endfacet
  facet normal 0 0 1
    outer loop
      vertex 40.3534 100.578 1.5
      vertex 38.9901 100.719 1.5
      vertex 40.3445 100.469 1.5
    endloop
  endfacet
  facet normal -0 0 1
    outer loop
      vertex 38.9728 100.542 1.5
      vertex 40.3445 100.469 1.5
      vertex 38.9901 100.719 1.5
    endloop
  endfacet
  facet normal 0 0 1
    outer loop
      vertex 40.9327 97.3276 1.5
      vertex 40.2087 96.1828 1.5
      vertex 40.2985 96.1245 1.5
    endloop
  endfacet
  facet normal 0 0 1
    outer loop
      vertex 40.3445 100.469 1.5
      vertex 38.9728 100.542 1.5
      vertex 40.3369 100.359 1.5
    endloop
  endfacet
  facet normal 0 0 1
    outer loop
      vertex 40.8329 97.4001 1.5
      vertex 39.8773 96.4757 1.5
      vertex 39.9556 96.3939 1.5
    endloop
  endfacet
  facet normal -0 0 1
    outer loop
      vertex 38.9594 100.361 1.5
      vertex 40.3369 100.359 1.5
      vertex 38.9728 100.542 1.5
    endloop
  endfacet
  facet normal 0 0 1
    outer loop
      vertex 40.801 97.433 1.5
      vertex 39.802 96.5634 1.5
      vertex 39.8773 96.4757 1.5
    endloop
  endfacet
  facet normal 0 0 1
    outer loop
      vertex 40.3369 100.359 1.5
      vertex 38.9594 100.361 1.5
      vertex 40.3308 100.246 1.5
    endloop
  endfacet
  facet normal 0 0 1
    outer loop
      vertex 40.8987 97.3474 1.5
      vertex 40.037 96.3177 1.5
      vertex 40.1213 96.2474 1.5
    endloop
  endfacet
  facet normal 0 0 1
    outer loop
      vertex 38.9498 100.176 1.5
      vertex 40.3308 100.246 1.5
      vertex 38.9594 100.361 1.5
    endloop
  endfacet
  facet normal 0 0 1
    outer loop
      vertex 40.801 97.433 1.5
      vertex 39.7297 96.6568 1.5
      vertex 39.802 96.5634 1.5
    endloop
  endfacet
  facet normal 0 0 1
    outer loop
      vertex 40.3308 100.246 1.5
      vertex 38.9498 100.176 1.5
      vertex 40.326 100.131 1.5
    endloop
  endfacet
  facet normal 0 0 1
    outer loop
      vertex 40.7698 97.4703 1.5
      vertex 39.6605 96.756 1.5
      vertex 39.7297 96.6568 1.5
    endloop
  endfacet
  facet normal 0 0 1
    outer loop
      vertex 40.326 100.131 1.5
      vertex 38.9498 100.176 1.5
      vertex 40.3225 100.013 1.5
    endloop
  endfacet
  facet normal 0 0 1
    outer loop
      vertex 40.71 97.5567 1.5
      vertex 39.531 96.9716 1.5
      vertex 39.5942 96.8609 1.5
    endloop
  endfacet
  facet normal 0 0 1
    outer loop
      vertex 38.944 99.9867 1.5
      vertex 40.3225 100.013 1.5
      vertex 38.9498 100.176 1.5
    endloop
  endfacet
  facet normal 0 0 1
    outer loop
      vertex 40.7394 97.5117 1.5
      vertex 39.5942 96.8609 1.5
      vertex 39.6605 96.756 1.5
    endloop
  endfacet
  facet normal 0 0 1
    outer loop
      vertex 40.3225 100.013 1.5
      vertex 38.944 99.9867 1.5
      vertex 40.3205 99.8929 1.5
    endloop
  endfacet
  facet normal 0 0 1
    outer loop
      vertex 40.8987 97.3474 1.5
      vertex 40.1213 96.2474 1.5
      vertex 40.2087 96.1828 1.5
    endloop
  endfacet
  facet normal 0 0 1
    outer loop
      vertex 38.9421 99.7936 1.5
      vertex 40.3205 99.8929 1.5
      vertex 38.944 99.9867 1.5
    endloop
  endfacet
  facet normal 0 0 1
    outer loop
      vertex 40.9327 97.3276 1.5
      vertex 40.2985 96.1245 1.5
      vertex 40.3903 96.073 1.5
    endloop
  endfacet
  facet normal 0 0 1
    outer loop
      vertex 40.5092 98.0503 1.5
      vertex 39.2149 97.7444 1.5
      vertex 39.2601 97.6029 1.5
    endloop
  endfacet
  facet normal 0 0 1
    outer loop
      vertex 40.654 97.658 1.5
      vertex 39.4708 97.0877 1.5
      vertex 39.531 96.9716 1.5
    endloop
  endfacet
  facet normal 0 0 1
    outer loop
      vertex 40.5773 97.8376 1.5
      vertex 39.3082 97.4665 1.5
      vertex 39.3594 97.3351 1.5
    endloop
  endfacet
  facet normal 0 0 1
    outer loop
      vertex 40.6275 97.7142 1.5
      vertex 39.4136 97.2089 1.5
      vertex 39.4708 97.0877 1.5
    endloop
  endfacet
  facet normal 0 0 1
    outer loop
      vertex 40.6019 97.774 1.5
      vertex 39.3594 97.3351 1.5
      vertex 39.4136 97.2089 1.5
    endloop
  endfacet
  facet normal 0 0 1
    outer loop
      vertex 40.5309 97.9759 1.5
      vertex 39.2601 97.6029 1.5
      vertex 39.3082 97.4665 1.5
    endloop
  endfacet
  facet normal 0 0 1
    outer loop
      vertex 40.3753 98.7593 1.5
      vertex 39.0112 98.6949 1.5
      vertex 39.0362 98.5257 1.5
    endloop
  endfacet
  facet normal 0 0 1
    outer loop
      vertex 47.8222 103.682 1.5
      vertex 46.4222 102.269 1.5
      vertex 47.8222 102.269 1.5
    endloop
  endfacet
  facet normal 0 0 1
    outer loop
      vertex 46.4222 102.269 1.5
      vertex 45.0557 102.269 1.5
      vertex 46.4222 95.905 1.5
    endloop
  endfacet
  facet normal 0 0 1
    outer loop
      vertex 47.8222 103.682 1.5
      vertex 45.0557 102.269 1.5
      vertex 46.4222 102.269 1.5
    endloop
  endfacet
  facet normal -0 0 1
    outer loop
      vertex 43.5558 103.682 1.5
      vertex 45.0557 102.269 1.5
      vertex 47.8222 103.682 1.5
    endloop
  endfacet
  facet normal 0 0 1
    outer loop
      vertex 45.0557 102.269 1.5
      vertex 43.5558 103.682 1.5
      vertex 43.5558 102.269 1.5
    endloop
  endfacet
  facet normal 0 0 1
    outer loop
      vertex 46.4222 95.905 1.5
      vertex 45.0557 102.269 1.5
      vertex 45.0557 95.905 1.5
    endloop
  endfacet
  facet normal -0 0 1
    outer loop
      vertex 30.827 102.27 1.5
      vertex 30.8826 102.259 1.5
      vertex 30.8826 103.672 1.5
    endloop
  endfacet
  facet normal -0 -0 1
    outer loop
      vertex 30.8343 102.268 1.5
      vertex 30.8826 102.259 1.5
      vertex 30.827 102.27 1.5
    endloop
  endfacet
  facet normal -0 -0 1
    outer loop
      vertex 30.8481 102.264 1.5
      vertex 30.8826 102.259 1.5
      vertex 30.8413 102.266 1.5
    endloop
  endfacet
  facet normal -0 -0 1
    outer loop
      vertex 30.8545 102.262 1.5
      vertex 30.8826 102.259 1.5
      vertex 30.8481 102.264 1.5
    endloop
  endfacet
  facet normal 0 0 -1
    outer loop
      vertex 30.8722 102.259 1.5
      vertex 30.8607 102.261 1.5
      vertex 30.8666 102.26 1.5
    endloop
  endfacet
  facet normal 0 0 -1
    outer loop
      vertex 30.8722 102.259 1.5
      vertex 30.8545 102.262 1.5
      vertex 30.8607 102.261 1.5
    endloop
  endfacet
  facet normal 0 0 1
    outer loop
      vertex 30.8776 102.259 1.5
      vertex 30.8545 102.262 1.5
      vertex 30.8722 102.259 1.5
    endloop
  endfacet
  facet normal 0 0 1
    outer loop
      vertex 30.827 102.27 1.5
      vertex 30.8826 103.672 1.5
      vertex 30.8382 103.672 1.5
    endloop
  endfacet
  facet normal 0 0 1
    outer loop
      vertex 30.8826 102.259 1.5
      vertex 30.8545 102.262 1.5
      vertex 30.8776 102.259 1.5
    endloop
  endfacet
  facet normal 0 0 1
    outer loop
      vertex 30.8826 102.259 1.5
      vertex 30.8343 102.268 1.5
      vertex 30.8413 102.266 1.5
    endloop
  endfacet
  facet normal -0 0 1
    outer loop
      vertex 30.8109 103.672 1.5
      vertex 30.827 102.27 1.5
      vertex 30.8382 103.672 1.5
    endloop
  endfacet
  facet normal -0 0 1
    outer loop
      vertex 30.7786 103.671 1.5
      vertex 30.827 102.27 1.5
      vertex 30.8109 103.672 1.5
    endloop
  endfacet
  facet normal -0 0 1
    outer loop
      vertex 30.7413 103.669 1.5
      vertex 30.827 102.27 1.5
      vertex 30.7786 103.671 1.5
    endloop
  endfacet
  facet normal -0 0 1
    outer loop
      vertex 30.6988 103.667 1.5
      vertex 30.827 102.27 1.5
      vertex 30.7413 103.669 1.5
    endloop
  endfacet
  facet normal 0 0 1
    outer loop
      vertex 30.6988 103.667 1.5
      vertex 30.6715 102.27 1.5
      vertex 30.827 102.27 1.5
    endloop
  endfacet
  facet normal -0 0 1
    outer loop
      vertex 30.6513 103.663 1.5
      vertex 30.6715 102.27 1.5
      vertex 30.6988 103.667 1.5
    endloop
  endfacet
  facet normal -0 0 1
    outer loop
      vertex 30.5987 103.66 1.5
      vertex 30.6715 102.27 1.5
      vertex 30.6513 103.663 1.5
    endloop
  endfacet
  facet normal 0 0 1
    outer loop
      vertex 30.6715 102.27 1.5
      vertex 30.5987 103.66 1.5
      vertex 30.6202 102.269 1.5
    endloop
  endfacet
  facet normal -0 0 1
    outer loop
      vertex 30.541 103.655 1.5
      vertex 30.6202 102.269 1.5
      vertex 30.5987 103.66 1.5
    endloop
  endfacet
  facet normal 0 0 1
    outer loop
      vertex 30.6202 102.269 1.5
      vertex 30.541 103.655 1.5
      vertex 30.5651 102.267 1.5
    endloop
  endfacet
  facet normal -0 0 1
    outer loop
      vertex 30.4782 103.65 1.5
      vertex 30.5651 102.267 1.5
      vertex 30.541 103.655 1.5
    endloop
  endfacet
  facet normal -0 0 1
    outer loop
      vertex 30.4104 103.644 1.5
      vertex 30.5651 102.267 1.5
      vertex 30.4782 103.65 1.5
    endloop
  endfacet
  facet normal 0 0 1
    outer loop
      vertex 30.5651 102.267 1.5
      vertex 30.4104 103.644 1.5
      vertex 30.5061 102.263 1.5
    endloop
  endfacet
  facet normal -0 0 1
    outer loop
      vertex 30.3387 103.637 1.5
      vertex 30.5061 102.263 1.5
      vertex 30.4104 103.644 1.5
    endloop
  endfacet
  facet normal 0 0 1
    outer loop
      vertex 30.5061 102.263 1.5
      vertex 30.3387 103.637 1.5
      vertex 30.4433 102.257 1.5
    endloop
  endfacet
  facet normal -0 0 1
    outer loop
      vertex 30.2645 103.628 1.5
      vertex 30.4433 102.257 1.5
      vertex 30.3387 103.637 1.5
    endloop
  endfacet
  facet normal 0 0 1
    outer loop
      vertex 30.4433 102.257 1.5
      vertex 30.2645 103.628 1.5
      vertex 30.3766 102.249 1.5
    endloop
  endfacet
  facet normal -0 0 1
    outer loop
      vertex 30.1876 103.617 1.5
      vertex 30.3766 102.249 1.5
      vertex 30.2645 103.628 1.5
    endloop
  endfacet
  facet normal -0 0 1
    outer loop
      vertex 30.1081 103.603 1.5
      vertex 30.3766 102.249 1.5
      vertex 30.1876 103.617 1.5
    endloop
  endfacet
  facet normal 0 0 1
    outer loop
      vertex 30.3766 102.249 1.5
      vertex 30.1081 103.603 1.5
      vertex 30.3061 102.24 1.5
    endloop
  endfacet
  facet normal -0 0 1
    outer loop
      vertex 30.026 103.588 1.5
      vertex 30.3061 102.24 1.5
      vertex 30.1081 103.603 1.5
    endloop
  endfacet
  facet normal 0 0 1
    outer loop
      vertex 30.3061 102.24 1.5
      vertex 30.026 103.588 1.5
      vertex 30.2317 102.23 1.5
    endloop
  endfacet
  facet normal -0 0 1
    outer loop
      vertex 29.9413 103.57 1.5
      vertex 30.2317 102.23 1.5
      vertex 30.026 103.588 1.5
    endloop
  endfacet
  facet normal 0 0 1
    outer loop
      vertex 30.2317 102.23 1.5
      vertex 29.9413 103.57 1.5
      vertex 30.1535 102.217 1.5
    endloop
  endfacet
  facet normal -0 0 1
    outer loop
      vertex 29.854 103.551 1.5
      vertex 30.1535 102.217 1.5
      vertex 29.9413 103.57 1.5
    endloop
  endfacet
  facet normal 0 0 1
    outer loop
      vertex 30.1535 102.217 1.5
      vertex 29.854 103.551 1.5
      vertex 30.0715 102.203 1.5
    endloop
  endfacet
  facet normal -0 0 1
    outer loop
      vertex 29.7641 103.529 1.5
      vertex 30.0715 102.203 1.5
      vertex 29.854 103.551 1.5
    endloop
  endfacet
  facet normal 0 0 1
    outer loop
      vertex 30.0715 102.203 1.5
      vertex 29.7641 103.529 1.5
      vertex 29.9878 102.186 1.5
    endloop
  endfacet
  facet normal -0 0 1
    outer loop
      vertex 29.6715 103.505 1.5
      vertex 29.9878 102.186 1.5
      vertex 29.7641 103.529 1.5
    endloop
  endfacet
  facet normal -0 0 1
    outer loop
      vertex 29.5772 103.479 1.5
      vertex 29.9878 102.186 1.5
      vertex 29.6715 103.505 1.5
    endloop
  endfacet
  facet normal 0 0 1
    outer loop
      vertex 29.9878 102.186 1.5
      vertex 29.5772 103.479 1.5
      vertex 29.9044 102.165 1.5
    endloop
  endfacet
  facet normal -0 0 1
    outer loop
      vertex 29.482 103.45 1.5
      vertex 29.9044 102.165 1.5
      vertex 29.5772 103.479 1.5
    endloop
  endfacet
  facet normal 0 0 1
    outer loop
      vertex 29.9044 102.165 1.5
      vertex 29.482 103.45 1.5
      vertex 29.8215 102.14 1.5
    endloop
  endfacet
  facet normal -0 0 1
    outer loop
      vertex 29.3858 103.417 1.5
      vertex 29.8215 102.14 1.5
      vertex 29.482 103.45 1.5
    endloop
  endfacet
  facet normal -0 0 1
    outer loop
      vertex 29.2886 103.381 1.5
      vertex 29.8215 102.14 1.5
      vertex 29.3858 103.417 1.5
    endloop
  endfacet
  facet normal 0 0 1
    outer loop
      vertex 29.8215 102.14 1.5
      vertex 29.2886 103.381 1.5
      vertex 29.739 102.11 1.5
    endloop
  endfacet
  facet normal -0 0 1
    outer loop
      vertex 29.1904 103.342 1.5
      vertex 29.739 102.11 1.5
      vertex 29.2886 103.381 1.5
    endloop
  endfacet
  facet normal 0 0 1
    outer loop
      vertex 29.739 102.11 1.5
      vertex 29.1904 103.342 1.5
      vertex 29.6569 102.076 1.5
    endloop
  endfacet
  facet normal -0 0 1
    outer loop
      vertex 29.0913 103.3 1.5
      vertex 29.6569 102.076 1.5
      vertex 29.1904 103.342 1.5
    endloop
  endfacet
  facet normal 0 0 1
    outer loop
      vertex 29.6569 102.076 1.5
      vertex 29.0913 103.3 1.5
      vertex 29.5752 102.038 1.5
    endloop
  endfacet
  facet normal -0 0 1
    outer loop
      vertex 28.9913 103.255 1.5
      vertex 29.5752 102.038 1.5
      vertex 29.0913 103.3 1.5
    endloop
  endfacet
  facet normal -0 0 1
    outer loop
      vertex 28.8902 103.207 1.5
      vertex 29.5752 102.038 1.5
      vertex 28.9913 103.255 1.5
    endloop
  endfacet
  facet normal 0 0 1
    outer loop
      vertex 29.5752 102.038 1.5
      vertex 28.8902 103.207 1.5
      vertex 29.494 101.996 1.5
    endloop
  endfacet
  facet normal -0 0 1
    outer loop
      vertex 28.7882 103.155 1.5
      vertex 29.494 101.996 1.5
      vertex 28.8902 103.207 1.5
    endloop
  endfacet
  facet normal 0 0 1
    outer loop
      vertex 29.494 101.996 1.5
      vertex 28.7882 103.155 1.5
      vertex 29.4131 101.949 1.5
    endloop
  endfacet
  facet normal -0 0 1
    outer loop
      vertex 28.6868 103.1 1.5
      vertex 29.4131 101.949 1.5
      vertex 28.7882 103.155 1.5
    endloop
  endfacet
  facet normal 0 0 1
    outer loop
      vertex 29.4131 101.949 1.5
      vertex 28.6868 103.1 1.5
      vertex 29.3326 101.898 1.5
    endloop
  endfacet
  facet normal -0 0 1
    outer loop
      vertex 28.5872 103.04 1.5
      vertex 29.3326 101.898 1.5
      vertex 28.6868 103.1 1.5
    endloop
  endfacet
  facet normal -0 0 1
    outer loop
      vertex 28.4895 102.976 1.5
      vertex 29.3326 101.898 1.5
      vertex 28.5872 103.04 1.5
    endloop
  endfacet
  facet normal 0 0 1
    outer loop
      vertex 29.3326 101.898 1.5
      vertex 28.4895 102.976 1.5
      vertex 29.2536 101.842 1.5
    endloop
  endfacet
  facet normal -0 0 1
    outer loop
      vertex 28.3938 102.908 1.5
      vertex 29.2536 101.842 1.5
      vertex 28.4895 102.976 1.5
    endloop
  endfacet
  facet normal 0 0 1
    outer loop
      vertex 29.2536 101.842 1.5
      vertex 28.3938 102.908 1.5
      vertex 29.1768 101.78 1.5
    endloop
  endfacet
  facet normal -0 0 1
    outer loop
      vertex 28.3 102.835 1.5
      vertex 29.1768 101.78 1.5
      vertex 28.3938 102.908 1.5
    endloop
  endfacet
  facet normal -0 0 1
    outer loop
      vertex 28.2081 102.758 1.5
      vertex 29.1768 101.78 1.5
      vertex 28.3 102.835 1.5
    endloop
  endfacet
  facet normal 0 0 1
    outer loop
      vertex 29.1768 101.78 1.5
      vertex 28.2081 102.758 1.5
      vertex 29.1024 101.712 1.5
    endloop
  endfacet
  facet normal -0 0 1
    outer loop
      vertex 28.1181 102.676 1.5
      vertex 29.1024 101.712 1.5
      vertex 28.2081 102.758 1.5
    endloop
  endfacet
  facet normal 0 0 1
    outer loop
      vertex 29.1024 101.712 1.5
      vertex 28.1181 102.676 1.5
      vertex 29.0304 101.639 1.5
    endloop
  endfacet
  facet normal -0 0 1
    outer loop
      vertex 28.0301 102.59 1.5
      vertex 29.0304 101.639 1.5
      vertex 28.1181 102.676 1.5
    endloop
  endfacet
  facet normal -0 0 1
    outer loop
      vertex 27.9439 102.5 1.5
      vertex 29.0304 101.639 1.5
      vertex 28.0301 102.59 1.5
    endloop
  endfacet
  facet normal 0 0 1
    outer loop
      vertex 29.0304 101.639 1.5
      vertex 27.9439 102.5 1.5
      vertex 28.9606 101.559 1.5
    endloop
  endfacet
  facet normal -0 0 1
    outer loop
      vertex 27.8604 102.404 1.5
      vertex 28.9606 101.559 1.5
      vertex 27.9439 102.5 1.5
    endloop
  endfacet
  facet normal 0 0 1
    outer loop
      vertex 28.9606 101.559 1.5
      vertex 27.8604 102.404 1.5
      vertex 28.8932 101.474 1.5
    endloop
  endfacet
  facet normal -0 0 1
    outer loop
      vertex 27.7802 102.304 1.5
      vertex 28.8932 101.474 1.5
      vertex 27.8604 102.404 1.5
    endloop
  endfacet
  facet normal -0 0 1
    outer loop
      vertex 27.7032 102.197 1.5
      vertex 28.8932 101.474 1.5
      vertex 27.7802 102.304 1.5
    endloop
  endfacet
  facet normal 0 0 1
    outer loop
      vertex 28.8932 101.474 1.5
      vertex 27.7032 102.197 1.5
      vertex 28.8281 101.382 1.5
    endloop
  endfacet
  facet normal -0 0 1
    outer loop
      vertex 27.6296 102.085 1.5
      vertex 28.8281 101.382 1.5
      vertex 27.7032 102.197 1.5
    endloop
  endfacet
  facet normal 0 0 1
    outer loop
      vertex 28.8281 101.382 1.5
      vertex 27.6296 102.085 1.5
      vertex 28.7654 101.285 1.5
    endloop
  endfacet
  facet normal -0 0 1
    outer loop
      vertex 27.5592 101.968 1.5
      vertex 28.7654 101.285 1.5
      vertex 27.6296 102.085 1.5
    endloop
  endfacet
  facet normal 0 0 1
    outer loop
      vertex 30.8604 99.8935 1.5
      vertex 30.8589 95.8969 1.5
      vertex 30.8604 95.8948 1.5
    endloop
  endfacet
  facet normal -0 0 1
    outer loop
      vertex 29.6271 97.5178 1.5
      vertex 30.8589 95.8969 1.5
      vertex 30.8604 99.8935 1.5
    endloop
  endfacet
  facet normal 0 0 1
    outer loop
      vertex 30.8589 95.8969 1.5
      vertex 29.6271 97.5178 1.5
      vertex 30.8544 95.8988 1.5
    endloop
  endfacet
  facet normal 0 0 1
    outer loop
      vertex 30.8544 95.8988 1.5
      vertex 29.6271 97.5178 1.5
      vertex 30.8468 95.9005 1.5
    endloop
  endfacet
  facet normal 0 0 1
    outer loop
      vertex 30.8468 95.9005 1.5
      vertex 29.6271 97.5178 1.5
      vertex 30.8363 95.9018 1.5
    endloop
  endfacet
  facet normal 0 0 1
    outer loop
      vertex 30.8363 95.9018 1.5
      vertex 29.6271 97.5178 1.5
      vertex 30.8227 95.903 1.5
    endloop
  endfacet
  facet normal 0 0 1
    outer loop
      vertex 30.8227 95.903 1.5
      vertex 29.6271 97.5178 1.5
      vertex 30.8061 95.9039 1.5
    endloop
  endfacet
  facet normal 0 0 1
    outer loop
      vertex 30.8061 95.9039 1.5
      vertex 29.6271 97.5178 1.5
      vertex 30.7865 95.9045 1.5
    endloop
  endfacet
  facet normal 0 0 1
    outer loop
      vertex 30.7865 95.9045 1.5
      vertex 29.6271 97.5178 1.5
      vertex 30.7638 95.9049 1.5
    endloop
  endfacet
  facet normal 0 0 1
    outer loop
      vertex 30.7638 95.9049 1.5
      vertex 29.6271 97.5178 1.5
      vertex 30.7382 95.905 1.5
    endloop
  endfacet
  facet normal 0 0 1
    outer loop
      vertex 30.7382 95.905 1.5
      vertex 29.6271 97.5178 1.5
      vertex 30.5382 95.905 1.5
    endloop
  endfacet
  facet normal 0 0 1
    outer loop
      vertex 30.5382 95.905 1.5
      vertex 29.6271 97.5178 1.5
      vertex 30.485 95.9053 1.5
    endloop
  endfacet
  facet normal 0 0 1
    outer loop
      vertex 30.485 95.9053 1.5
      vertex 29.6271 97.5178 1.5
      vertex 30.429 95.9064 1.5
    endloop
  endfacet
  facet normal 0 0 1
    outer loop
      vertex 30.429 95.9064 1.5
      vertex 29.6271 97.5178 1.5
      vertex 30.3703 95.9081 1.5
    endloop
  endfacet
  facet normal 0 0 1
    outer loop
      vertex 30.3703 95.9081 1.5
      vertex 29.6271 97.5178 1.5
      vertex 30.3088 95.9105 1.5
    endloop
  endfacet
  facet normal 0 0 1
    outer loop
      vertex 30.3088 95.9105 1.5
      vertex 29.6271 97.5178 1.5
      vertex 30.2446 95.9136 1.5
    endloop
  endfacet
  facet normal 0 0 1
    outer loop
      vertex 30.2446 95.9136 1.5
      vertex 29.6271 97.5178 1.5
      vertex 30.1777 95.9173 1.5
    endloop
  endfacet
  facet normal 0 0 1
    outer loop
      vertex 30.1777 95.9173 1.5
      vertex 29.6271 97.5178 1.5
      vertex 30.108 95.9218 1.5
    endloop
  endfacet
  facet normal 0 0 1
    outer loop
      vertex 30.108 95.9218 1.5
      vertex 29.6271 97.5178 1.5
      vertex 30.0356 95.9269 1.5
    endloop
  endfacet
  facet normal 0 0 1
    outer loop
      vertex 30.0356 95.9269 1.5
      vertex 29.6271 97.5178 1.5
      vertex 29.9604 95.9328 1.5
    endloop
  endfacet
  facet normal 0 0 1
    outer loop
      vertex 29.9604 95.9328 1.5
      vertex 29.6271 97.5178 1.5
      vertex 29.8833 95.9401 1.5
    endloop
  endfacet
  facet normal 0 0 1
    outer loop
      vertex 29.8833 95.9401 1.5
      vertex 29.6271 97.5178 1.5
      vertex 29.8051 95.9498 1.5
    endloop
  endfacet
  facet normal 0 0 1
    outer loop
      vertex 29.8051 95.9498 1.5
      vertex 29.6271 97.5178 1.5
      vertex 29.7259 95.9618 1.5
    endloop
  endfacet
  facet normal 0 0 1
    outer loop
      vertex 29.6271 97.5178 1.5
      vertex 30.8604 99.8935 1.5
      vertex 29.6271 98.7159 1.5
    endloop
  endfacet
  facet normal -0 0 1
    outer loop
      vertex 28.9716 99.8935 1.5
      vertex 29.6271 98.7159 1.5
      vertex 30.8604 99.8935 1.5
    endloop
  endfacet
  facet normal 0 0 1
    outer loop
      vertex 29.6271 98.7159 1.5
      vertex 28.9716 99.8935 1.5
      vertex 28.9716 98.7159 1.5
    endloop
  endfacet
  facet normal 0 0 1
    outer loop
      vertex 29.7259 95.9618 1.5
      vertex 29.6271 97.5178 1.5
      vertex 29.6455 95.9761 1.5
    endloop
  endfacet
  facet normal 0 0 1
    outer loop
      vertex 29.3978 96.0331 1.5
      vertex 29.6271 97.5178 1.5
      vertex 29.5755 97.5199 1.5
    endloop
  endfacet
  facet normal 0 0 1
    outer loop
      vertex 29.6271 97.5178 1.5
      vertex 29.564 95.9928 1.5
      vertex 29.6455 95.9761 1.5
    endloop
  endfacet
  facet normal 0 0 1
    outer loop
      vertex 29.2271 96.0828 1.5
      vertex 29.5755 97.5199 1.5
      vertex 29.5243 97.5263 1.5
    endloop
  endfacet
  facet normal 0 0 1
    outer loop
      vertex 29.6271 97.5178 1.5
      vertex 29.4814 96.0118 1.5
      vertex 29.564 95.9928 1.5
    endloop
  endfacet
  facet normal 0 0 1
    outer loop
      vertex 29.1408 96.1116 1.5
      vertex 29.5243 97.5263 1.5
      vertex 29.4734 97.5369 1.5
    endloop
  endfacet
  facet normal 0 0 1
    outer loop
      vertex 28.9685 96.1791 1.5
      vertex 29.4734 97.5369 1.5
      vertex 29.423 97.5518 1.5
    endloop
  endfacet
  facet normal 0 0 1
    outer loop
      vertex 29.6271 97.5178 1.5
      vertex 29.3978 96.0331 1.5
      vertex 29.4814 96.0118 1.5
    endloop
  endfacet
  facet normal 0 0 1
    outer loop
      vertex 28.7968 96.2597 1.5
      vertex 29.423 97.5518 1.5
      vertex 29.373 97.5709 1.5
    endloop
  endfacet
  facet normal 0 0 1
    outer loop
      vertex 28.7111 96.305 1.5
      vertex 29.373 97.5709 1.5
      vertex 29.3234 97.5943 1.5
    endloop
  endfacet
  facet normal 0 0 1
    outer loop
      vertex 29.5755 97.5199 1.5
      vertex 29.313 96.0568 1.5
      vertex 29.3978 96.0331 1.5
    endloop
  endfacet
  facet normal 0 0 1
    outer loop
      vertex 28.6256 96.3535 1.5
      vertex 29.3234 97.5943 1.5
      vertex 29.2743 97.6219 1.5
    endloop
  endfacet
  facet normal 0 0 1
    outer loop
      vertex 29.5755 97.5199 1.5
      vertex 29.2271 96.0828 1.5
      vertex 29.313 96.0568 1.5
    endloop
  endfacet
  facet normal 0 0 1
    outer loop
      vertex 28.455 96.4605 1.5
      vertex 29.2743 97.6219 1.5
      vertex 29.2255 97.6538 1.5
    endloop
  endfacet
  facet normal 0 0 1
    outer loop
      vertex 28.3707 96.5196 1.5
      vertex 29.2255 97.6538 1.5
      vertex 29.1771 97.6899 1.5
    endloop
  endfacet
  facet normal 0 0 1
    outer loop
      vertex 29.5243 97.5263 1.5
      vertex 29.1408 96.1116 1.5
      vertex 29.2271 96.0828 1.5
    endloop
  endfacet
  facet normal 0 0 1
    outer loop
      vertex 28.2075 96.6513 1.5
      vertex 29.1771 97.6899 1.5
      vertex 29.1296 97.7299 1.5
    endloop
  endfacet
  facet normal 0 0 1
    outer loop
      vertex 28.1285 96.7239 1.5
      vertex 29.1296 97.7299 1.5
      vertex 29.0833 97.7733 1.5
    endloop
  endfacet
  facet normal 0 0 1
    outer loop
      vertex 29.4734 97.5369 1.5
      vertex 29.0546 96.1437 1.5
      vertex 29.1408 96.1116 1.5
    endloop
  endfacet
  facet normal 0 0 1
    outer loop
      vertex 28.0514 96.8011 1.5
      vertex 29.0833 97.7733 1.5
      vertex 29.0383 97.8201 1.5
    endloop
  endfacet
  facet normal 0 0 1
    outer loop
      vertex 27.976 96.8828 1.5
      vertex 29.0383 97.8201 1.5
      vertex 28.9944 97.8703 1.5
    endloop
  endfacet
  facet normal 0 0 1
    outer loop
      vertex 29.4734 97.5369 1.5
      vertex 28.9685 96.1791 1.5
      vertex 29.0546 96.1437 1.5
    endloop
  endfacet
  facet normal 0 0 1
    outer loop
      vertex 27.9024 96.969 1.5
      vertex 28.9944 97.8703 1.5
      vertex 28.9518 97.924 1.5
    endloop
  endfacet
  facet normal 0 0 1
    outer loop
      vertex 27.7606 97.155 1.5
      vertex 28.9518 97.924 1.5
      vertex 28.9105 97.9811 1.5
    endloop
  endfacet
  facet normal 0 0 1
    outer loop
      vertex 29.423 97.5518 1.5
      vertex 28.8826 96.2178 1.5
      vertex 28.9685 96.1791 1.5
    endloop
  endfacet
  facet normal 0 0 1
    outer loop
      vertex 27.6929 97.2554 1.5
      vertex 28.9105 97.9811 1.5
      vertex 28.8704 98.0416 1.5
    endloop
  endfacet
  facet normal 0 0 1
    outer loop
      vertex 27.6281 97.3613 1.5
      vertex 28.8704 98.0416 1.5
      vertex 28.8315 98.1056 1.5
    endloop
  endfacet
  facet normal 0 0 1
    outer loop
      vertex 29.423 97.5518 1.5
      vertex 28.7968 96.2597 1.5
      vertex 28.8826 96.2178 1.5
    endloop
  endfacet
  facet normal 0 0 1
    outer loop
      vertex 27.5662 97.473 1.5
      vertex 28.8315 98.1056 1.5
      vertex 28.7938 98.1729 1.5
    endloop
  endfacet
  facet normal 0 0 1
    outer loop
      vertex 27.5071 97.5902 1.5
      vertex 28.7938 98.1729 1.5
      vertex 28.7577 98.2436 1.5
    endloop
  endfacet
  facet normal 0 0 1
    outer loop
      vertex 27.4509 97.713 1.5
      vertex 28.7577 98.2436 1.5
      vertex 28.7233 98.3174 1.5
    endloop
  endfacet
  facet normal 0 0 1
    outer loop
      vertex 29.373 97.5709 1.5
      vertex 28.7111 96.305 1.5
      vertex 28.7968 96.2597 1.5
    endloop
  endfacet
  facet normal 0 0 1
    outer loop
      vertex 27.3976 97.8415 1.5
      vertex 28.7233 98.3174 1.5
      vertex 28.6908 98.3944 1.5
    endloop
  endfacet
  facet normal 0 0 1
    outer loop
      vertex 27.3472 97.9756 1.5
      vertex 28.6908 98.3944 1.5
      vertex 28.66 98.4745 1.5
    endloop
  endfacet
  facet normal 0 0 1
    outer loop
      vertex 27.2997 98.1153 1.5
      vertex 28.66 98.4745 1.5
      vertex 28.631 98.5578 1.5
    endloop
  endfacet
  facet normal 0 0 1
    outer loop
      vertex 29.3234 97.5943 1.5
      vertex 28.6256 96.3535 1.5
      vertex 28.7111 96.305 1.5
    endloop
  endfacet
  facet normal 0 0 1
    outer loop
      vertex 27.2997 98.1153 1.5
      vertex 28.631 98.5578 1.5
      vertex 28.6037 98.6442 1.5
    endloop
  endfacet
  facet normal 0 0 1
    outer loop
      vertex 27.2551 98.2607 1.5
      vertex 28.6037 98.6442 1.5
      vertex 28.5783 98.7338 1.5
    endloop
  endfacet
  facet normal 0 0 1
    outer loop
      vertex 27.2142 98.4124 1.5
      vertex 28.5783 98.7338 1.5
      vertex 28.5546 98.8265 1.5
    endloop
  endfacet
  facet normal 0 0 1
    outer loop
      vertex 29.2743 97.6219 1.5
      vertex 28.5402 96.4054 1.5
      vertex 28.6256 96.3535 1.5
    endloop
  endfacet
  facet normal 0 0 1
    outer loop
      vertex 27.1782 98.5713 1.5
      vertex 28.5546 98.8265 1.5
      vertex 28.5327 98.9224 1.5
    endloop
  endfacet
  facet normal 0 0 1
    outer loop
      vertex 27.147 98.7373 1.5
      vertex 28.5327 98.9224 1.5
      vertex 28.5129 99.0209 1.5
    endloop
  endfacet
  facet normal 0 0 1
    outer loop
      vertex 27.1207 98.9104 1.5
      vertex 28.5129 99.0209 1.5
      vertex 28.4954 99.1214 1.5
    endloop
  endfacet
  facet normal 0 0 1
    outer loop
      vertex 27.1207 98.9104 1.5
      vertex 28.4954 99.1214 1.5
      vertex 28.4803 99.224 1.5
    endloop
  endfacet
  facet normal 0 0 1
    outer loop
      vertex 27.099 99.0907 1.5
      vertex 28.4803 99.224 1.5
      vertex 28.4675 99.3287 1.5
    endloop
  endfacet
  facet normal 0 0 1
    outer loop
      vertex 27.0822 99.278 1.5
      vertex 28.4675 99.3287 1.5
      vertex 28.457 99.4354 1.5
    endloop
  endfacet
  facet normal 0 0 1
    outer loop
      vertex 29.2743 97.6219 1.5
      vertex 28.455 96.4605 1.5
      vertex 28.5402 96.4054 1.5
    endloop
  endfacet
  facet normal -0 0 1
    outer loop
      vertex 27.0703 99.4726 1.5
      vertex 28.457 99.4354 1.5
      vertex 28.4488 99.5442 1.5
    endloop
  endfacet
  facet normal 0 0 1
    outer loop
      vertex 27.0703 99.4726 1.5
      vertex 28.4488 99.5442 1.5
      vertex 28.443 99.655 1.5
    endloop
  endfacet
  facet normal -0 0 1
    outer loop
      vertex 27.063 99.6742 1.5
      vertex 28.443 99.655 1.5
      vertex 28.4395 99.7679 1.5
    endloop
  endfacet
  facet normal 0 0 1
    outer loop
      vertex 27.0606 99.883 1.5
      vertex 28.4395 99.7679 1.5
      vertex 28.4383 99.8828 1.5
    endloop
  endfacet
  facet normal 0 0 1
    outer loop
      vertex 28.7654 101.285 1.5
      vertex 27.5592 101.968 1.5
      vertex 28.705 101.182 1.5
    endloop
  endfacet
  facet normal 0 0 1
    outer loop
      vertex 28.457 99.4354 1.5
      vertex 27.0703 99.4726 1.5
      vertex 27.0822 99.278 1.5
    endloop
  endfacet
  facet normal -0 0 1
    outer loop
      vertex 27.4921 101.845 1.5
      vertex 28.705 101.182 1.5
      vertex 27.5592 101.968 1.5
    endloop
  endfacet
  facet normal 0 0 1
    outer loop
      vertex 28.4675 99.3287 1.5
      vertex 27.0822 99.278 1.5
      vertex 27.099 99.0907 1.5
    endloop
  endfacet
  facet normal -0 0 1
    outer loop
      vertex 27.4283 101.717 1.5
      vertex 28.705 101.182 1.5
      vertex 27.4921 101.845 1.5
    endloop
  endfacet
  facet normal 0 0 1
    outer loop
      vertex 28.4803 99.224 1.5
      vertex 27.099 99.0907 1.5
      vertex 27.1207 98.9104 1.5
    endloop
  endfacet
  facet normal 0 0 1
    outer loop
      vertex 28.5327 98.9224 1.5
      vertex 27.147 98.7373 1.5
      vertex 27.1782 98.5713 1.5
    endloop
  endfacet
  facet normal 0 0 1
    outer loop
      vertex 28.705 101.182 1.5
      vertex 27.4283 101.717 1.5
      vertex 28.649 101.072 1.5
    endloop
  endfacet
  facet normal 0 0 1
    outer loop
      vertex 28.6037 98.6442 1.5
      vertex 27.2551 98.2607 1.5
      vertex 27.2997 98.1153 1.5
    endloop
  endfacet
  facet normal -0 0 1
    outer loop
      vertex 27.3678 101.583 1.5
      vertex 28.649 101.072 1.5
      vertex 27.4283 101.717 1.5
    endloop
  endfacet
  facet normal 0 0 1
    outer loop
      vertex 28.66 98.4745 1.5
      vertex 27.2997 98.1153 1.5
      vertex 27.3472 97.9756 1.5
    endloop
  endfacet
  facet normal 0 0 1
    outer loop
      vertex 28.649 101.072 1.5
      vertex 27.3678 101.583 1.5
      vertex 28.5996 100.953 1.5
    endloop
  endfacet
  facet normal 0 0 1
    outer loop
      vertex 28.6908 98.3944 1.5
      vertex 27.3472 97.9756 1.5
      vertex 27.3976 97.8415 1.5
    endloop
  endfacet
  facet normal -0 0 1
    outer loop
      vertex 27.3106 101.444 1.5
      vertex 28.5996 100.953 1.5
      vertex 27.3678 101.583 1.5
    endloop
  endfacet
  facet normal 0 0 1
    outer loop
      vertex 28.7233 98.3174 1.5
      vertex 27.3976 97.8415 1.5
      vertex 27.4509 97.713 1.5
    endloop
  endfacet
  facet normal -0 0 1
    outer loop
      vertex 27.2582 101.299 1.5
      vertex 28.5996 100.953 1.5
      vertex 27.3106 101.444 1.5
    endloop
  endfacet
  facet normal 0 0 1
    outer loop
      vertex 29.1771 97.6899 1.5
      vertex 28.2882 96.5832 1.5
      vertex 28.3707 96.5196 1.5
    endloop
  endfacet
  facet normal 0 0 1
    outer loop
      vertex 28.5996 100.953 1.5
      vertex 27.2582 101.299 1.5
      vertex 28.5568 100.825 1.5
    endloop
  endfacet
  facet normal 0 0 1
    outer loop
      vertex 29.1771 97.6899 1.5
      vertex 28.2075 96.6513 1.5
      vertex 28.2882 96.5832 1.5
    endloop
  endfacet
  facet normal -0 0 1
    outer loop
      vertex 27.2119 101.146 1.5
      vertex 28.5568 100.825 1.5
      vertex 27.2582 101.299 1.5
    endloop
  endfacet
  facet normal 0 0 1
    outer loop
      vertex 29.1296 97.7299 1.5
      vertex 28.1285 96.7239 1.5
      vertex 28.2075 96.6513 1.5
    endloop
  endfacet
  facet normal 0 0 1
    outer loop
      vertex 29.0833 97.7733 1.5
      vertex 28.0514 96.8011 1.5
      vertex 28.1285 96.7239 1.5
    endloop
  endfacet
  facet normal 0 0 1
    outer loop
      vertex 28.5568 100.825 1.5
      vertex 27.2119 101.146 1.5
      vertex 28.5206 100.69 1.5
    endloop
  endfacet
  facet normal 0 0 1
    outer loop
      vertex 28.9518 97.924 1.5
      vertex 27.8306 97.0597 1.5
      vertex 27.9024 96.969 1.5
    endloop
  endfacet
  facet normal -0 0 1
    outer loop
      vertex 27.1718 100.987 1.5
      vertex 28.5206 100.69 1.5
      vertex 27.2119 101.146 1.5
    endloop
  endfacet
  facet normal 0 0 1
    outer loop
      vertex 28.8704 98.0416 1.5
      vertex 27.6281 97.3613 1.5
      vertex 27.6929 97.2554 1.5
    endloop
  endfacet
  facet normal -0 0 1
    outer loop
      vertex 27.1378 100.82 1.5
      vertex 28.5206 100.69 1.5
      vertex 27.1718 100.987 1.5
    endloop
  endfacet
  facet normal 0 0 1
    outer loop
      vertex 28.8315 98.1056 1.5
      vertex 27.5662 97.473 1.5
      vertex 27.6281 97.3613 1.5
    endloop
  endfacet
  facet normal 0 0 1
    outer loop
      vertex 28.5206 100.69 1.5
      vertex 27.1378 100.82 1.5
      vertex 28.491 100.545 1.5
    endloop
  endfacet
  facet normal 0 0 1
    outer loop
      vertex 28.7938 98.1729 1.5
      vertex 27.5071 97.5902 1.5
      vertex 27.5662 97.473 1.5
    endloop
  endfacet
  facet normal -0 0 1
    outer loop
      vertex 27.11 100.647 1.5
      vertex 28.491 100.545 1.5
      vertex 27.1378 100.82 1.5
    endloop
  endfacet
  facet normal 0 0 1
    outer loop
      vertex 28.9105 97.9811 1.5
      vertex 27.6929 97.2554 1.5
      vertex 27.7606 97.155 1.5
    endloop
  endfacet
  facet normal 0 0 1
    outer loop
      vertex 28.491 100.545 1.5
      vertex 27.11 100.647 1.5
      vertex 28.468 100.392 1.5
    endloop
  endfacet
  facet normal 0 0 1
    outer loop
      vertex 28.9518 97.924 1.5
      vertex 27.7606 97.155 1.5
      vertex 27.8306 97.0597 1.5
    endloop
  endfacet
  facet normal 0 0 1
    outer loop
      vertex 28.9944 97.8703 1.5
      vertex 27.9024 96.969 1.5
      vertex 27.976 96.8828 1.5
    endloop
  endfacet
  facet normal -0 0 1
    outer loop
      vertex 27.0884 100.466 1.5
      vertex 28.468 100.392 1.5
      vertex 27.11 100.647 1.5
    endloop
  endfacet
  facet normal 0 0 1
    outer loop
      vertex 28.5783 98.7338 1.5
      vertex 27.2142 98.4124 1.5
      vertex 27.2551 98.2607 1.5
    endloop
  endfacet
  facet normal 0 0 1
    outer loop
      vertex 28.468 100.392 1.5
      vertex 27.0884 100.466 1.5
      vertex 28.4515 100.231 1.5
    endloop
  endfacet
  facet normal 0 0 1
    outer loop
      vertex 28.5546 98.8265 1.5
      vertex 27.1782 98.5713 1.5
      vertex 27.2142 98.4124 1.5
    endloop
  endfacet
  facet normal -0 0 1
    outer loop
      vertex 27.073 100.279 1.5
      vertex 28.4515 100.231 1.5
      vertex 27.0884 100.466 1.5
    endloop
  endfacet
  facet normal 0 0 1
    outer loop
      vertex 28.7577 98.2436 1.5
      vertex 27.4509 97.713 1.5
      vertex 27.5071 97.5902 1.5
    endloop
  endfacet
  facet normal 0 0 1
    outer loop
      vertex 28.4515 100.231 1.5
      vertex 27.073 100.279 1.5
      vertex 28.4416 100.061 1.5
    endloop
  endfacet
  facet normal 0 0 1
    outer loop
      vertex 29.2255 97.6538 1.5
      vertex 28.3707 96.5196 1.5
      vertex 28.455 96.4605 1.5
    endloop
  endfacet
  facet normal -0 0 1
    outer loop
      vertex 27.0637 100.084 1.5
      vertex 28.4416 100.061 1.5
      vertex 27.073 100.279 1.5
    endloop
  endfacet
  facet normal 0 0 1
    outer loop
      vertex 29.0383 97.8201 1.5
      vertex 27.976 96.8828 1.5
      vertex 28.0514 96.8011 1.5
    endloop
  endfacet
  facet normal 0 0 1
    outer loop
      vertex 28.4416 100.061 1.5
      vertex 27.0637 100.084 1.5
      vertex 28.4383 99.8828 1.5
    endloop
  endfacet
  facet normal 0 0 1
    outer loop
      vertex 28.5129 99.0209 1.5
      vertex 27.1207 98.9104 1.5
      vertex 27.147 98.7373 1.5
    endloop
  endfacet
  facet normal 0 0 1
    outer loop
      vertex 28.4383 99.8828 1.5
      vertex 27.0637 100.084 1.5
      vertex 27.0606 99.883 1.5
    endloop
  endfacet
  facet normal 0 0 1
    outer loop
      vertex 28.443 99.655 1.5
      vertex 27.063 99.6742 1.5
      vertex 27.0703 99.4726 1.5
    endloop
  endfacet
  facet normal 0 0 1
    outer loop
      vertex 28.4395 99.7679 1.5
      vertex 27.0606 99.883 1.5
      vertex 27.063 99.6742 1.5
    endloop
  endfacet
  facet normal 0.175933 -0.984402 0
    outer loop
      vertex 32.4853 98.4604 1
      vertex 32.7964 98.516 1.5
      vertex 32.4853 98.4604 1.5
    endloop
  endfacet
  facet normal 0.175933 -0.984402 0
    outer loop
      vertex 32.7964 98.516 1.5
      vertex 32.4853 98.4604 1
      vertex 32.7964 98.516 1
    endloop
  endfacet
  facet normal -0.967918 -0.251266 0
    outer loop
      vertex 33.4742 95.905 1
      vertex 32.7964 98.516 1.5
      vertex 32.7964 98.516 1
    endloop
  endfacet
  facet normal -0.967918 -0.251266 0
    outer loop
      vertex 32.7964 98.516 1.5
      vertex 33.4742 95.905 1
      vertex 33.4742 95.905 1.5
    endloop
  endfacet
  facet normal 0 -1 0
    outer loop
      vertex 33.4742 95.905 1
      vertex 34.8963 95.905 1.5
      vertex 33.4742 95.905 1.5
    endloop
  endfacet
  facet normal 0 -1 -0
    outer loop
      vertex 34.8963 95.905 1.5
      vertex 33.4742 95.905 1
      vertex 34.8963 95.905 1
    endloop
  endfacet
  facet normal 0.957633 0.287992 0
    outer loop
      vertex 34.8963 95.905 1.5
      vertex 33.9741 98.9715 1
      vertex 33.9741 98.9715 1.5
    endloop
  endfacet
  facet normal 0.957633 0.287992 0
    outer loop
      vertex 33.9741 98.9715 1
      vertex 34.8963 95.905 1.5
      vertex 34.8963 95.905 1
    endloop
  endfacet
  facet normal 0.622729 -0.782438 0
    outer loop
      vertex 33.9741 98.9715 1
      vertex 34.0324 99.0179 1.5
      vertex 33.9741 98.9715 1.5
    endloop
  endfacet
  facet normal 0.622729 -0.782438 0
    outer loop
      vertex 34.0324 99.0179 1.5
      vertex 33.9741 98.9715 1
      vertex 34.0324 99.0179 1
    endloop
  endfacet
  facet normal 0.664857 -0.746971 0
    outer loop
      vertex 34.0324 99.0179 1
      vertex 34.0888 99.0681 1.5
      vertex 34.0324 99.0179 1.5
    endloop
  endfacet
  facet normal 0.664857 -0.746971 0
    outer loop
      vertex 34.0888 99.0681 1.5
      vertex 34.0324 99.0179 1
      vertex 34.0888 99.0681 1
    endloop
  endfacet
  facet normal 0.704493 -0.709711 0
    outer loop
      vertex 34.0888 99.0681 1
      vertex 34.1432 99.1221 1.5
      vertex 34.0888 99.0681 1.5
    endloop
  endfacet
  facet normal 0.704493 -0.709711 0
    outer loop
      vertex 34.1432 99.1221 1.5
      vertex 34.0888 99.0681 1
      vertex 34.1432 99.1221 1
    endloop
  endfacet
  facet normal 0.740171 -0.672418 0
    outer loop
      vertex 34.1432 99.1221 1.5
      vertex 34.1958 99.18 1
      vertex 34.1958 99.18 1.5
    endloop
  endfacet
  facet normal 0.740171 -0.672418 0
    outer loop
      vertex 34.1958 99.18 1
      vertex 34.1432 99.1221 1.5
      vertex 34.1432 99.1221 1
    endloop
  endfacet
  facet normal 0.773231 -0.634125 0
    outer loop
      vertex 34.1958 99.18 1.5
      vertex 34.2464 99.2417 1
      vertex 34.2464 99.2417 1.5
    endloop
  endfacet
  facet normal 0.773231 -0.634125 0
    outer loop
      vertex 34.2464 99.2417 1
      vertex 34.1958 99.18 1.5
      vertex 34.1958 99.18 1
    endloop
  endfacet
  facet normal 0.802928 -0.596076 0
    outer loop
      vertex 34.2464 99.2417 1.5
      vertex 34.2951 99.3073 1
      vertex 34.2951 99.3073 1.5
    endloop
  endfacet
  facet normal 0.802928 -0.596076 0
    outer loop
      vertex 34.2951 99.3073 1
      vertex 34.2464 99.2417 1.5
      vertex 34.2464 99.2417 1
    endloop
  endfacet
  facet normal 0.829098 -0.559103 0
    outer loop
      vertex 34.2951 99.3073 1.5
      vertex 34.3419 99.3767 1
      vertex 34.3419 99.3767 1.5
    endloop
  endfacet
  facet normal 0.829098 -0.559103 0
    outer loop
      vertex 34.3419 99.3767 1
      vertex 34.2951 99.3073 1.5
      vertex 34.2951 99.3073 1
    endloop
  endfacet
  facet normal 0.852936 -0.522015 0
    outer loop
      vertex 34.3419 99.3767 1.5
      vertex 34.3867 99.4499 1
      vertex 34.3867 99.4499 1.5
    endloop
  endfacet
  facet normal 0.852936 -0.522015 0
    outer loop
      vertex 34.3867 99.4499 1
      vertex 34.3419 99.3767 1.5
      vertex 34.3419 99.3767 1
    endloop
  endfacet
  facet normal 0.873375 -0.487048 0
    outer loop
      vertex 34.3867 99.4499 1.5
      vertex 34.422 99.5132 1
      vertex 34.422 99.5132 1.5
    endloop
  endfacet
  facet normal 0.873375 -0.487048 0
    outer loop
      vertex 34.422 99.5132 1
      vertex 34.3867 99.4499 1.5
      vertex 34.3867 99.4499 1
    endloop
  endfacet
  facet normal -0.999565 -0.0294857 0
    outer loop
      vertex 34.425 99.4115 1
      vertex 34.422 99.5132 1.5
      vertex 34.422 99.5132 1
    endloop
  endfacet
  facet normal -0.999565 -0.0294857 0
    outer loop
      vertex 34.422 99.5132 1.5
      vertex 34.425 99.4115 1
      vertex 34.425 99.4115 1.5
    endloop
  endfacet
  facet normal -0.998658 -0.0517942 0
    outer loop
      vertex 34.4346 99.2264 1
      vertex 34.425 99.4115 1.5
      vertex 34.425 99.4115 1
    endloop
  endfacet
  facet normal -0.998658 -0.0517942 0
    outer loop
      vertex 34.425 99.4115 1.5
      vertex 34.4346 99.2264 1
      vertex 34.4346 99.2264 1.5
    endloop
  endfacet
  facet normal -0.997236 -0.0742974 0
    outer loop
      vertex 34.4481 99.0452 1
      vertex 34.4346 99.2264 1.5
      vertex 34.4346 99.2264 1
    endloop
  endfacet
  facet normal -0.997236 -0.0742974 0
    outer loop
      vertex 34.4346 99.2264 1.5
      vertex 34.4481 99.0452 1
      vertex 34.4481 99.0452 1.5
    endloop
  endfacet
  facet normal -0.995263 -0.0972222 0
    outer loop
      vertex 34.4654 98.8681 1
      vertex 34.4481 99.0452 1.5
      vertex 34.4481 99.0452 1
    endloop
  endfacet
  facet normal -0.995263 -0.0972222 0
    outer loop
      vertex 34.4481 99.0452 1.5
      vertex 34.4654 98.8681 1
      vertex 34.4654 98.8681 1.5
    endloop
  endfacet
  facet normal -0.992661 -0.12093 0
    outer loop
      vertex 34.4865 98.6949 1
      vertex 34.4654 98.8681 1.5
      vertex 34.4654 98.8681 1
    endloop
  endfacet
  facet normal -0.992661 -0.12093 0
    outer loop
      vertex 34.4654 98.8681 1.5
      vertex 34.4865 98.6949 1
      vertex 34.4865 98.6949 1.5
    endloop
  endfacet
  facet normal -0.989344 -0.145595 0
    outer loop
      vertex 34.5114 98.5257 1
      vertex 34.4865 98.6949 1.5
      vertex 34.4865 98.6949 1
    endloop
  endfacet
  facet normal -0.989344 -0.145595 0
    outer loop
      vertex 34.4865 98.6949 1.5
      vertex 34.5114 98.5257 1
      vertex 34.5114 98.5257 1.5
    endloop
  endfacet
  facet normal -0.985142 -0.171744 0
    outer loop
      vertex 34.5402 98.3605 1
      vertex 34.5114 98.5257 1.5
      vertex 34.5114 98.5257 1
    endloop
  endfacet
  facet normal -0.985142 -0.171744 0
    outer loop
      vertex 34.5114 98.5257 1.5
      vertex 34.5402 98.3605 1
      vertex 34.5402 98.3605 1.5
    endloop
  endfacet
  facet normal -0.980063 -0.198686 0
    outer loop
      vertex 34.5729 98.1992 1
      vertex 34.5402 98.3605 1.5
      vertex 34.5402 98.3605 1
    endloop
  endfacet
  facet normal -0.980063 -0.198686 0
    outer loop
      vertex 34.5402 98.3605 1.5
      vertex 34.5729 98.1992 1
      vertex 34.5729 98.1992 1.5
    endloop
  endfacet
  facet normal -0.974475 -0.224496 0
    outer loop
      vertex 34.609 98.0425 1
      vertex 34.5729 98.1992 1.5
      vertex 34.5729 98.1992 1
    endloop
  endfacet
  facet normal -0.974475 -0.224496 0
    outer loop
      vertex 34.5729 98.1992 1.5
      vertex 34.609 98.0425 1
      vertex 34.609 98.0425 1.5
    endloop
  endfacet
  facet normal -0.968312 -0.249743 0
    outer loop
      vertex 34.6481 97.8909 1
      vertex 34.609 98.0425 1.5
      vertex 34.609 98.0425 1
    endloop
  endfacet
  facet normal -0.968312 -0.249743 0
    outer loop
      vertex 34.609 98.0425 1.5
      vertex 34.6481 97.8909 1
      vertex 34.6481 97.8909 1.5
    endloop
  endfacet
  facet normal -0.961102 -0.276194 0
    outer loop
      vertex 34.6902 97.7444 1
      vertex 34.6481 97.8909 1.5
      vertex 34.6481 97.8909 1
    endloop
  endfacet
  facet normal -0.961102 -0.276194 0
    outer loop
      vertex 34.6481 97.8909 1.5
      vertex 34.6902 97.7444 1
      vertex 34.6902 97.7444 1.5
    endloop
  endfacet
  facet normal -0.952775 -0.303676 0
    outer loop
      vertex 34.7353 97.6029 1
      vertex 34.6902 97.7444 1.5
      vertex 34.6902 97.7444 1
    endloop
  endfacet
  facet normal -0.952775 -0.303676 0
    outer loop
      vertex 34.6902 97.7444 1.5
      vertex 34.7353 97.6029 1
      vertex 34.7353 97.6029 1.5
    endloop
  endfacet
  facet normal -0.942863 -0.333182 0
    outer loop
      vertex 34.7835 97.4665 1
      vertex 34.7353 97.6029 1.5
      vertex 34.7353 97.6029 1
    endloop
  endfacet
  facet normal -0.942863 -0.333182 0
    outer loop
      vertex 34.7353 97.6029 1.5
      vertex 34.7835 97.4665 1
      vertex 34.7835 97.4665 1.5
    endloop
  endfacet
  facet normal -0.932005 -0.362446 0
    outer loop
      vertex 34.8346 97.3351 1
      vertex 34.7835 97.4665 1.5
      vertex 34.7835 97.4665 1
    endloop
  endfacet
  facet normal -0.932005 -0.362446 0
    outer loop
      vertex 34.7835 97.4665 1.5
      vertex 34.8346 97.3351 1
      vertex 34.8346 97.3351 1.5
    endloop
  endfacet
  facet normal -0.918843 -0.394622 0
    outer loop
      vertex 34.8888 97.2089 1
      vertex 34.8346 97.3351 1.5
      vertex 34.8346 97.3351 1
    endloop
  endfacet
  facet normal -0.918843 -0.394622 0
    outer loop
      vertex 34.8346 97.3351 1.5
      vertex 34.8888 97.2089 1
      vertex 34.8888 97.2089 1.5
    endloop
  endfacet
  facet normal -0.904345 -0.426803 0
    outer loop
      vertex 34.946 97.0877 1
      vertex 34.8888 97.2089 1.5
      vertex 34.8888 97.2089 1
    endloop
  endfacet
  facet normal -0.904345 -0.426803 0
    outer loop
      vertex 34.8888 97.2089 1.5
      vertex 34.946 97.0877 1
      vertex 34.946 97.0877 1.5
    endloop
  endfacet
  facet normal -0.887755 -0.460317 0
    outer loop
      vertex 35.0062 96.9716 1
      vertex 34.946 97.0877 1.5
      vertex 34.946 97.0877 1
    endloop
  endfacet
  facet normal -0.887755 -0.460317 0
    outer loop
      vertex 34.946 97.0877 1.5
      vertex 35.0062 96.9716 1
      vertex 35.0062 96.9716 1.5
    endloop
  endfacet
  facet normal -0.868098 -0.496392 0
    outer loop
      vertex 35.0695 96.8609 1
      vertex 35.0062 96.9716 1.5
      vertex 35.0062 96.9716 1
    endloop
  endfacet
  facet normal -0.868098 -0.496392 0
    outer loop
      vertex 35.0062 96.9716 1.5
      vertex 35.0695 96.8609 1
      vertex 35.0695 96.8609 1.5
    endloop
  endfacet
  facet normal -0.84568 -0.53369 0
    outer loop
      vertex 35.1357 96.756 1
      vertex 35.0695 96.8609 1.5
      vertex 35.0695 96.8609 1
    endloop
  endfacet
  facet normal -0.84568 -0.53369 0
    outer loop
      vertex 35.0695 96.8609 1.5
      vertex 35.1357 96.756 1
      vertex 35.1357 96.756 1.5
    endloop
  endfacet
  facet normal -0.819775 -0.572686 0
    outer loop
      vertex 35.205 96.6568 1
      vertex 35.1357 96.756 1.5
      vertex 35.1357 96.756 1
    endloop
  endfacet
  facet normal -0.819775 -0.572686 0
    outer loop
      vertex 35.1357 96.756 1.5
      vertex 35.205 96.6568 1
      vertex 35.205 96.6568 1.5
    endloop
  endfacet
  facet normal -0.790763 -0.612122 0
    outer loop
      vertex 35.2773 96.5634 1
      vertex 35.205 96.6568 1.5
      vertex 35.205 96.6568 1
    endloop
  endfacet
  facet normal -0.790763 -0.612122 0
    outer loop
      vertex 35.205 96.6568 1.5
      vertex 35.2773 96.5634 1
      vertex 35.2773 96.5634 1.5
    endloop
  endfacet
  facet normal -0.758707 -0.651432 0
    outer loop
      vertex 35.3526 96.4757 1
      vertex 35.2773 96.5634 1.5
      vertex 35.2773 96.5634 1
    endloop
  endfacet
  facet normal -0.758707 -0.651432 0
    outer loop
      vertex 35.2773 96.5634 1.5
      vertex 35.3526 96.4757 1
      vertex 35.3526 96.4757 1.5
    endloop
  endfacet
  facet normal -0.722392 -0.691483 0
    outer loop
      vertex 35.4309 96.3939 1
      vertex 35.3526 96.4757 1.5
      vertex 35.3526 96.4757 1
    endloop
  endfacet
  facet normal -0.722392 -0.691483 0
    outer loop
      vertex 35.3526 96.4757 1.5
      vertex 35.4309 96.3939 1
      vertex 35.4309 96.3939 1.5
    endloop
  endfacet
  facet normal -0.683852 -0.729621 0
    outer loop
      vertex 35.4309 96.3939 1
      vertex 35.5122 96.3177 1.5
      vertex 35.4309 96.3939 1.5
    endloop
  endfacet
  facet normal -0.683852 -0.729621 -0
    outer loop
      vertex 35.5122 96.3177 1.5
      vertex 35.4309 96.3939 1
      vertex 35.5122 96.3177 1
    endloop
  endfacet
  facet normal -0.640005 -0.768371 0
    outer loop
      vertex 35.5122 96.3177 1
      vertex 35.5966 96.2474 1.5
      vertex 35.5122 96.3177 1.5
    endloop
  endfacet
  facet normal -0.640005 -0.768371 -0
    outer loop
      vertex 35.5966 96.2474 1.5
      vertex 35.5122 96.3177 1
      vertex 35.5966 96.2474 1
    endloop
  endfacet
  facet normal -0.594831 -0.803851 0
    outer loop
      vertex 35.5966 96.2474 1
      vertex 35.6839 96.1828 1.5
      vertex 35.5966 96.2474 1.5
    endloop
  endfacet
  facet normal -0.594831 -0.803851 -0
    outer loop
      vertex 35.6839 96.1828 1.5
      vertex 35.5966 96.2474 1
      vertex 35.6839 96.1828 1
    endloop
  endfacet
  facet normal -0.544102 -0.839019 0
    outer loop
      vertex 35.6839 96.1828 1
      vertex 35.7738 96.1245 1.5
      vertex 35.6839 96.1828 1.5
    endloop
  endfacet
  facet normal -0.544102 -0.839019 -0
    outer loop
      vertex 35.7738 96.1245 1.5
      vertex 35.6839 96.1828 1
      vertex 35.7738 96.1245 1
    endloop
  endfacet
  facet normal -0.489674 -0.871905 0
    outer loop
      vertex 35.7738 96.1245 1
      vertex 35.8655 96.073 1.5
      vertex 35.7738 96.1245 1.5
    endloop
  endfacet
  facet normal -0.489674 -0.871905 -0
    outer loop
      vertex 35.8655 96.073 1.5
      vertex 35.7738 96.1245 1
      vertex 35.8655 96.073 1
    endloop
  endfacet
  facet normal -0.428998 -0.903306 0
    outer loop
      vertex 35.8655 96.073 1
      vertex 35.9592 96.0285 1.5
      vertex 35.8655 96.073 1.5
    endloop
  endfacet
  facet normal -0.428998 -0.903306 -0
    outer loop
      vertex 35.9592 96.0285 1.5
      vertex 35.8655 96.073 1
      vertex 35.9592 96.0285 1
    endloop
  endfacet
  facet normal -0.367698 -0.929945 0
    outer loop
      vertex 35.9592 96.0285 1
      vertex 36.0548 95.9907 1.5
      vertex 35.9592 96.0285 1.5
    endloop
  endfacet
  facet normal -0.367698 -0.929945 -0
    outer loop
      vertex 36.0548 95.9907 1.5
      vertex 35.9592 96.0285 1
      vertex 36.0548 95.9907 1
    endloop
  endfacet
  facet normal -0.300944 -0.953642 0
    outer loop
      vertex 36.0548 95.9907 1
      vertex 36.1524 95.9599 1.5
      vertex 36.0548 95.9907 1.5
    endloop
  endfacet
  facet normal -0.300944 -0.953642 -0
    outer loop
      vertex 36.1524 95.9599 1.5
      vertex 36.0548 95.9907 1
      vertex 36.1524 95.9599 1
    endloop
  endfacet
  facet normal -0.234704 -0.972067 0
    outer loop
      vertex 36.1524 95.9599 1
      vertex 36.2518 95.9359 1.5
      vertex 36.1524 95.9599 1.5
    endloop
  endfacet
  facet normal -0.234704 -0.972067 -0
    outer loop
      vertex 36.2518 95.9359 1.5
      vertex 36.1524 95.9599 1
      vertex 36.2518 95.9359 1
    endloop
  endfacet
  facet normal -0.167236 -0.985917 0
    outer loop
      vertex 36.2518 95.9359 1
      vertex 36.3532 95.9187 1.5
      vertex 36.2518 95.9359 1.5
    endloop
  endfacet
  facet normal -0.167236 -0.985917 -0
    outer loop
      vertex 36.3532 95.9187 1.5
      vertex 36.2518 95.9359 1
      vertex 36.3532 95.9187 1
    endloop
  endfacet
  facet normal -0.0992176 -0.995066 0
    outer loop
      vertex 36.3532 95.9187 1
      vertex 36.4565 95.9084 1.5
      vertex 36.3532 95.9187 1.5
    endloop
  endfacet
  facet normal -0.0992176 -0.995066 -0
    outer loop
      vertex 36.4565 95.9084 1.5
      vertex 36.3532 95.9187 1
      vertex 36.4565 95.9084 1
    endloop
  endfacet
  facet normal -0.0323025 -0.999478 0
    outer loop
      vertex 36.4565 95.9084 1
      vertex 36.5617 95.905 1.5
      vertex 36.4565 95.9084 1.5
    endloop
  endfacet
  facet normal -0.0323025 -0.999478 -0
    outer loop
      vertex 36.5617 95.905 1.5
      vertex 36.4565 95.9084 1
      vertex 36.5617 95.905 1
    endloop
  endfacet
  facet normal 0.0323332 -0.999477 0
    outer loop
      vertex 36.5617 95.905 1
      vertex 36.6668 95.9084 1.5
      vertex 36.5617 95.905 1.5
    endloop
  endfacet
  facet normal 0.0323332 -0.999477 0
    outer loop
      vertex 36.6668 95.9084 1.5
      vertex 36.5617 95.905 1
      vertex 36.6668 95.9084 1
    endloop
  endfacet
  facet normal 0.0994082 -0.995047 0
    outer loop
      vertex 36.6668 95.9084 1
      vertex 36.7699 95.9187 1.5
      vertex 36.6668 95.9084 1.5
    endloop
  endfacet
  facet normal 0.0994082 -0.995047 0
    outer loop
      vertex 36.7699 95.9187 1.5
      vertex 36.6668 95.9084 1
      vertex 36.7699 95.9187 1
    endloop
  endfacet
  facet normal 0.16788 -0.985807 0
    outer loop
      vertex 36.7699 95.9187 1
      vertex 36.8709 95.9359 1.5
      vertex 36.7699 95.9187 1.5
    endloop
  endfacet
  facet normal 0.16788 -0.985807 0
    outer loop
      vertex 36.8709 95.9359 1.5
      vertex 36.7699 95.9187 1
      vertex 36.8709 95.9359 1
    endloop
  endfacet
  facet normal 0.2356 -0.97185 0
    outer loop
      vertex 36.8709 95.9359 1
      vertex 36.9699 95.9599 1.5
      vertex 36.8709 95.9359 1.5
    endloop
  endfacet
  facet normal 0.2356 -0.97185 0
    outer loop
      vertex 36.9699 95.9599 1.5
      vertex 36.8709 95.9359 1
      vertex 36.9699 95.9599 1
    endloop
  endfacet
  facet normal 0.302919 -0.953016 0
    outer loop
      vertex 36.9699 95.9599 1
      vertex 37.0668 95.9907 1.5
      vertex 36.9699 95.9599 1.5
    endloop
  endfacet
  facet normal 0.302919 -0.953016 0
    outer loop
      vertex 37.0668 95.9907 1.5
      vertex 36.9699 95.9599 1
      vertex 37.0668 95.9907 1
    endloop
  endfacet
  facet normal 0.37004 -0.929016 0
    outer loop
      vertex 37.0668 95.9907 1
      vertex 37.1617 96.0285 1.5
      vertex 37.0668 95.9907 1.5
    endloop
  endfacet
  facet normal 0.37004 -0.929016 0
    outer loop
      vertex 37.1617 96.0285 1.5
      vertex 37.0668 95.9907 1
      vertex 37.1617 96.0285 1
    endloop
  endfacet
  facet normal 0.432763 -0.901508 0
    outer loop
      vertex 37.1617 96.0285 1
      vertex 37.2544 96.073 1.5
      vertex 37.1617 96.0285 1.5
    endloop
  endfacet
  facet normal 0.432763 -0.901508 0
    outer loop
      vertex 37.2544 96.073 1.5
      vertex 37.1617 96.0285 1
      vertex 37.2544 96.073 1
    endloop
  endfacet
  facet normal 0.493351 -0.86983 0
    outer loop
      vertex 37.2544 96.073 1
      vertex 37.3452 96.1245 1.5
      vertex 37.2544 96.073 1.5
    endloop
  endfacet
  facet normal 0.493351 -0.86983 0
    outer loop
      vertex 37.3452 96.1245 1.5
      vertex 37.2544 96.073 1
      vertex 37.3452 96.1245 1
    endloop
  endfacet
  facet normal 0.549686 -0.835372 0
    outer loop
      vertex 37.3452 96.1245 1
      vertex 37.4338 96.1828 1.5
      vertex 37.3452 96.1245 1.5
    endloop
  endfacet
  facet normal 0.549686 -0.835372 0
    outer loop
      vertex 37.4338 96.1828 1.5
      vertex 37.3452 96.1245 1
      vertex 37.4338 96.1828 1
    endloop
  endfacet
  facet normal 0.599703 -0.800223 0
    outer loop
      vertex 37.4338 96.1828 1
      vertex 37.52 96.2474 1.5
      vertex 37.4338 96.1828 1.5
    endloop
  endfacet
  facet normal 0.599703 -0.800223 0
    outer loop
      vertex 37.52 96.2474 1.5
      vertex 37.4338 96.1828 1
      vertex 37.52 96.2474 1
    endloop
  endfacet
  facet normal 0.644503 -0.764602 0
    outer loop
      vertex 37.52 96.2474 1
      vertex 37.6034 96.3177 1.5
      vertex 37.52 96.2474 1.5
    endloop
  endfacet
  facet normal 0.644503 -0.764602 0
    outer loop
      vertex 37.6034 96.3177 1.5
      vertex 37.52 96.2474 1
      vertex 37.6034 96.3177 1
    endloop
  endfacet
  facet normal 0.687895 -0.72581 0
    outer loop
      vertex 37.6034 96.3177 1
      vertex 37.6838 96.3939 1.5
      vertex 37.6034 96.3177 1.5
    endloop
  endfacet
  facet normal 0.687895 -0.72581 0
    outer loop
      vertex 37.6838 96.3939 1.5
      vertex 37.6034 96.3177 1
      vertex 37.6838 96.3939 1
    endloop
  endfacet
  facet normal 0.725486 -0.688236 0
    outer loop
      vertex 37.6838 96.3939 1.5
      vertex 37.7614 96.4757 1
      vertex 37.7614 96.4757 1.5
    endloop
  endfacet
  facet normal 0.725486 -0.688236 0
    outer loop
      vertex 37.7614 96.4757 1
      vertex 37.6838 96.3939 1.5
      vertex 37.6838 96.3939 1
    endloop
  endfacet
  facet normal 0.761704 -0.647926 0
    outer loop
      vertex 37.7614 96.4757 1.5
      vertex 37.836 96.5634 1
      vertex 37.836 96.5634 1.5
    endloop
  endfacet
  facet normal 0.761704 -0.647926 0
    outer loop
      vertex 37.836 96.5634 1
      vertex 37.7614 96.4757 1.5
      vertex 37.7614 96.4757 1
    endloop
  endfacet
  facet normal 0.792403 -0.609998 0
    outer loop
      vertex 37.836 96.5634 1.5
      vertex 37.9079 96.6568 1
      vertex 37.9079 96.6568 1.5
    endloop
  endfacet
  facet normal 0.792403 -0.609998 0
    outer loop
      vertex 37.9079 96.6568 1
      vertex 37.836 96.5634 1.5
      vertex 37.836 96.5634 1
    endloop
  endfacet
  facet normal 0.821327 -0.570458 0
    outer loop
      vertex 37.9079 96.6568 1.5
      vertex 37.9768 96.756 1
      vertex 37.9768 96.756 1.5
    endloop
  endfacet
  facet normal 0.821327 -0.570458 0
    outer loop
      vertex 37.9768 96.756 1
      vertex 37.9079 96.6568 1.5
      vertex 37.9079 96.6568 1
    endloop
  endfacet
  facet normal 0.846408 -0.532535 0
    outer loop
      vertex 37.9768 96.756 1.5
      vertex 38.0428 96.8609 1
      vertex 38.0428 96.8609 1.5
    endloop
  endfacet
  facet normal 0.846408 -0.532535 0
    outer loop
      vertex 38.0428 96.8609 1
      vertex 37.9768 96.756 1.5
      vertex 37.9768 96.756 1
    endloop
  endfacet
  facet normal 0.868436 -0.495801 0
    outer loop
      vertex 38.0428 96.8609 1.5
      vertex 38.106 96.9716 1
      vertex 38.106 96.9716 1.5
    endloop
  endfacet
  facet normal 0.868436 -0.495801 0
    outer loop
      vertex 38.106 96.9716 1
      vertex 38.0428 96.8609 1.5
      vertex 38.0428 96.8609 1
    endloop
  endfacet
  facet normal 0.887755 -0.460317 0
    outer loop
      vertex 38.106 96.9716 1.5
      vertex 38.1662 97.0877 1
      vertex 38.1662 97.0877 1.5
    endloop
  endfacet
  facet normal 0.887755 -0.460317 0
    outer loop
      vertex 38.1662 97.0877 1
      vertex 38.106 96.9716 1.5
      vertex 38.106 96.9716 1
    endloop
  endfacet
  facet normal 0.904345 -0.426803 0
    outer loop
      vertex 38.1662 97.0877 1.5
      vertex 38.2234 97.2089 1
      vertex 38.2234 97.2089 1.5
    endloop
  endfacet
  facet normal 0.904345 -0.426803 0
    outer loop
      vertex 38.2234 97.2089 1
      vertex 38.1662 97.0877 1.5
      vertex 38.1662 97.0877 1
    endloop
  endfacet
  facet normal 0.918843 -0.394622 0
    outer loop
      vertex 38.2234 97.2089 1.5
      vertex 38.2776 97.3351 1
      vertex 38.2776 97.3351 1.5
    endloop
  endfacet
  facet normal 0.918843 -0.394622 0
    outer loop
      vertex 38.2776 97.3351 1
      vertex 38.2234 97.2089 1.5
      vertex 38.2234 97.2089 1
    endloop
  endfacet
  facet normal 0.932005 -0.362446 0
    outer loop
      vertex 38.2776 97.3351 1.5
      vertex 38.3287 97.4665 1
      vertex 38.3287 97.4665 1.5
    endloop
  endfacet
  facet normal 0.932005 -0.362446 0
    outer loop
      vertex 38.3287 97.4665 1
      vertex 38.2776 97.3351 1.5
      vertex 38.2776 97.3351 1
    endloop
  endfacet
  facet normal 0.942863 -0.333182 0
    outer loop
      vertex 38.3287 97.4665 1.5
      vertex 38.3769 97.6029 1
      vertex 38.3769 97.6029 1.5
    endloop
  endfacet
  facet normal 0.942863 -0.333182 0
    outer loop
      vertex 38.3769 97.6029 1
      vertex 38.3287 97.4665 1.5
      vertex 38.3287 97.4665 1
    endloop
  endfacet
  facet normal 0.952775 -0.303676 0
    outer loop
      vertex 38.3769 97.6029 1.5
      vertex 38.422 97.7444 1
      vertex 38.422 97.7444 1.5
    endloop
  endfacet
  facet normal 0.952775 -0.303676 0
    outer loop
      vertex 38.422 97.7444 1
      vertex 38.3769 97.6029 1.5
      vertex 38.3769 97.6029 1
    endloop
  endfacet
  facet normal 0.961102 -0.276194 0
    outer loop
      vertex 38.422 97.7444 1.5
      vertex 38.4641 97.8909 1
      vertex 38.4641 97.8909 1.5
    endloop
  endfacet
  facet normal 0.961102 -0.276194 0
    outer loop
      vertex 38.4641 97.8909 1
      vertex 38.422 97.7444 1.5
      vertex 38.422 97.7444 1
    endloop
  endfacet
  facet normal 0.968312 -0.249743 0
    outer loop
      vertex 38.4641 97.8909 1.5
      vertex 38.5032 98.0425 1
      vertex 38.5032 98.0425 1.5
    endloop
  endfacet
  facet normal 0.968312 -0.249743 0
    outer loop
      vertex 38.5032 98.0425 1
      vertex 38.4641 97.8909 1.5
      vertex 38.4641 97.8909 1
    endloop
  endfacet
  facet normal 0.974475 -0.224496 0
    outer loop
      vertex 38.5032 98.0425 1.5
      vertex 38.5393 98.1992 1
      vertex 38.5393 98.1992 1.5
    endloop
  endfacet
  facet normal 0.974475 -0.224496 0
    outer loop
      vertex 38.5393 98.1992 1
      vertex 38.5032 98.0425 1.5
      vertex 38.5032 98.0425 1
    endloop
  endfacet
  facet normal 0.980181 -0.198102 0
    outer loop
      vertex 38.5393 98.1992 1.5
      vertex 38.5719 98.3605 1
      vertex 38.5719 98.3605 1.5
    endloop
  endfacet
  facet normal 0.980181 -0.198102 0
    outer loop
      vertex 38.5719 98.3605 1
      vertex 38.5393 98.1992 1.5
      vertex 38.5393 98.1992 1
    endloop
  endfacet
  facet normal 0.985142 -0.171744 0
    outer loop
      vertex 38.5719 98.3605 1.5
      vertex 38.6007 98.5257 1
      vertex 38.6007 98.5257 1.5
    endloop
  endfacet
  facet normal 0.985142 -0.171744 0
    outer loop
      vertex 38.6007 98.5257 1
      vertex 38.5719 98.3605 1.5
      vertex 38.5719 98.3605 1
    endloop
  endfacet
  facet normal 0.98926 -0.146167 0
    outer loop
      vertex 38.6007 98.5257 1.5
      vertex 38.6257 98.6949 1
      vertex 38.6257 98.6949 1.5
    endloop
  endfacet
  facet normal 0.98926 -0.146167 0
    outer loop
      vertex 38.6257 98.6949 1
      vertex 38.6007 98.5257 1.5
      vertex 38.6007 98.5257 1
    endloop
  endfacet
  facet normal 0.992592 -0.121495 0
    outer loop
      vertex 38.6257 98.6949 1.5
      vertex 38.6469 98.8681 1
      vertex 38.6469 98.8681 1.5
    endloop
  endfacet
  facet normal 0.992592 -0.121495 0
    outer loop
      vertex 38.6469 98.8681 1
      vertex 38.6257 98.6949 1.5
      vertex 38.6257 98.6949 1
    endloop
  endfacet
  facet normal 0.995317 -0.0966654 0
    outer loop
      vertex 38.6469 98.8681 1.5
      vertex 38.6641 99.0452 1
      vertex 38.6641 99.0452 1.5
    endloop
  endfacet
  facet normal 0.995317 -0.0966654 0
    outer loop
      vertex 38.6641 99.0452 1
      vertex 38.6469 98.8681 1.5
      vertex 38.6469 98.8681 1
    endloop
  endfacet
  facet normal 0.997236 -0.0742974 0
    outer loop
      vertex 38.6641 99.0452 1.5
      vertex 38.6776 99.2264 1
      vertex 38.6776 99.2264 1.5
    endloop
  endfacet
  facet normal 0.997236 -0.0742974 0
    outer loop
      vertex 38.6776 99.2264 1
      vertex 38.6641 99.0452 1.5
      vertex 38.6641 99.0452 1
    endloop
  endfacet
  facet normal 0.998658 -0.0517942 0
    outer loop
      vertex 38.6776 99.2264 1.5
      vertex 38.6872 99.4115 1
      vertex 38.6872 99.4115 1.5
    endloop
  endfacet
  facet normal 0.998658 -0.0517942 0
    outer loop
      vertex 38.6872 99.4115 1
      vertex 38.6776 99.2264 1.5
      vertex 38.6776 99.2264 1
    endloop
  endfacet
  facet normal 0.999546 -0.0301291 0
    outer loop
      vertex 38.6872 99.4115 1.5
      vertex 38.6929 99.6006 1
      vertex 38.6929 99.6006 1.5
    endloop
  endfacet
  facet normal 0.999546 -0.0301291 0
    outer loop
      vertex 38.6929 99.6006 1
      vertex 38.6872 99.4115 1.5
      vertex 38.6872 99.4115 1
    endloop
  endfacet
  facet normal 0.999946 -0.0103621 0
    outer loop
      vertex 38.6929 99.6006 1.5
      vertex 38.6949 99.7936 1
      vertex 38.6949 99.7936 1.5
    endloop
  endfacet
  facet normal 0.999946 -0.0103621 0
    outer loop
      vertex 38.6949 99.7936 1
      vertex 38.6929 99.6006 1.5
      vertex 38.6929 99.6006 1
    endloop
  endfacet
  facet normal 0.999946 0.0103568 0
    outer loop
      vertex 38.6949 99.7936 1.5
      vertex 38.6929 99.9867 1
      vertex 38.6929 99.9867 1.5
    endloop
  endfacet
  facet normal 0.999946 0.0103568 0
    outer loop
      vertex 38.6929 99.9867 1
      vertex 38.6949 99.7936 1.5
      vertex 38.6949 99.7936 1
    endloop
  endfacet
  facet normal 0.999547 0.0300973 0
    outer loop
      vertex 38.6929 99.9867 1.5
      vertex 38.6872 100.176 1
      vertex 38.6872 100.176 1.5
    endloop
  endfacet
  facet normal 0.999547 0.0300973 0
    outer loop
      vertex 38.6872 100.176 1
      vertex 38.6929 99.9867 1.5
      vertex 38.6929 99.9867 1
    endloop
  endfacet
  facet normal 0.998656 0.0518222 0
    outer loop
      vertex 38.6872 100.176 1.5
      vertex 38.6776 100.361 1
      vertex 38.6776 100.361 1.5
    endloop
  endfacet
  facet normal 0.998656 0.0518222 0
    outer loop
      vertex 38.6776 100.361 1
      vertex 38.6872 100.176 1.5
      vertex 38.6872 100.176 1
    endloop
  endfacet
  facet normal 0.99723 0.074379 0
    outer loop
      vertex 38.6776 100.361 1.5
      vertex 38.6641 100.542 1
      vertex 38.6641 100.542 1.5
    endloop
  endfacet
  facet normal 0.99723 0.074379 0
    outer loop
      vertex 38.6641 100.542 1
      vertex 38.6776 100.361 1.5
      vertex 38.6776 100.361 1
    endloop
  endfacet
  facet normal 0.995312 0.0967196 0
    outer loop
      vertex 38.6641 100.542 1.5
      vertex 38.6469 100.719 1
      vertex 38.6469 100.719 1.5
    endloop
  endfacet
  facet normal 0.995312 0.0967196 0
    outer loop
      vertex 38.6469 100.719 1
      vertex 38.6641 100.542 1.5
      vertex 38.6641 100.542 1
    endloop
  endfacet
  facet normal 0.992575 0.121633 0
    outer loop
      vertex 38.6469 100.719 1.5
      vertex 38.6257 100.892 1
      vertex 38.6257 100.892 1.5
    endloop
  endfacet
  facet normal 0.992575 0.121633 0
    outer loop
      vertex 38.6257 100.892 1
      vertex 38.6469 100.719 1.5
      vertex 38.6469 100.719 1
    endloop
  endfacet
  facet normal 0.989359 0.145494 0
    outer loop
      vertex 38.6257 100.892 1.5
      vertex 38.6007 101.062 1
      vertex 38.6007 101.062 1.5
    endloop
  endfacet
  facet normal 0.989359 0.145494 0
    outer loop
      vertex 38.6007 101.062 1
      vertex 38.6257 100.892 1.5
      vertex 38.6257 100.892 1
    endloop
  endfacet
  facet normal 0.985106 0.171946 0
    outer loop
      vertex 38.6007 101.062 1.5
      vertex 38.5719 101.227 1
      vertex 38.5719 101.227 1.5
    endloop
  endfacet
  facet normal 0.985106 0.171946 0
    outer loop
      vertex 38.5719 101.227 1
      vertex 38.6007 101.062 1.5
      vertex 38.6007 101.062 1
    endloop
  endfacet
  facet normal 0.98011 0.198457 0
    outer loop
      vertex 38.5719 101.227 1.5
      vertex 38.5393 101.388 1
      vertex 38.5393 101.388 1.5
    endloop
  endfacet
  facet normal 0.98011 0.198457 0
    outer loop
      vertex 38.5393 101.388 1
      vertex 38.5719 101.227 1.5
      vertex 38.5719 101.227 1
    endloop
  endfacet
  facet normal 0.974569 0.224089 0
    outer loop
      vertex 38.5393 101.388 1.5
      vertex 38.5032 101.545 1
      vertex 38.5032 101.545 1.5
    endloop
  endfacet
  facet normal 0.974569 0.224089 0
    outer loop
      vertex 38.5032 101.545 1
      vertex 38.5393 101.388 1.5
      vertex 38.5393 101.388 1
    endloop
  endfacet
  facet normal 0.968072 0.250673 0
    outer loop
      vertex 38.5032 101.545 1.5
      vertex 38.4641 101.696 1
      vertex 38.4641 101.696 1.5
    endloop
  endfacet
  facet normal 0.968072 0.250673 0
    outer loop
      vertex 38.4641 101.696 1
      vertex 38.5032 101.545 1.5
      vertex 38.5032 101.545 1
    endloop
  endfacet
  facet normal 0.961351 0.275326 0
    outer loop
      vertex 38.4641 101.696 1.5
      vertex 38.422 101.843 1
      vertex 38.422 101.843 1.5
    endloop
  endfacet
  facet normal 0.961351 0.275326 0
    outer loop
      vertex 38.422 101.843 1
      vertex 38.4641 101.696 1.5
      vertex 38.4641 101.696 1
    endloop
  endfacet
  facet normal 0.952463 0.304653 0
    outer loop
      vertex 38.422 101.843 1.5
      vertex 38.3769 101.984 1
      vertex 38.3769 101.984 1.5
    endloop
  endfacet
  facet normal 0.952463 0.304653 0
    outer loop
      vertex 38.3769 101.984 1
      vertex 38.422 101.843 1.5
      vertex 38.422 101.843 1
    endloop
  endfacet
  facet normal 0.94332 0.331884 0
    outer loop
      vertex 38.3769 101.984 1.5
      vertex 38.3287 102.121 1
      vertex 38.3287 102.121 1.5
    endloop
  endfacet
  facet normal 0.94332 0.331884 0
    outer loop
      vertex 38.3287 102.121 1
      vertex 38.3769 101.984 1.5
      vertex 38.3769 101.984 1
    endloop
  endfacet
  facet normal 0.93163 0.363407 0
    outer loop
      vertex 38.3287 102.121 1.5
      vertex 38.2776 102.252 1
      vertex 38.2776 102.252 1.5
    endloop
  endfacet
  facet normal 0.93163 0.363407 0
    outer loop
      vertex 38.2776 102.252 1
      vertex 38.3287 102.121 1.5
      vertex 38.3287 102.121 1
    endloop
  endfacet
  facet normal 0.918616 0.395151 0
    outer loop
      vertex 38.2776 102.252 1.5
      vertex 38.2234 102.378 1
      vertex 38.2234 102.378 1.5
    endloop
  endfacet
  facet normal 0.918616 0.395151 0
    outer loop
      vertex 38.2234 102.378 1
      vertex 38.2776 102.252 1.5
      vertex 38.2776 102.252 1
    endloop
  endfacet
  facet normal 0.905423 0.42451 0
    outer loop
      vertex 38.2234 102.378 1.5
      vertex 38.1662 102.5 1
      vertex 38.1662 102.5 1.5
    endloop
  endfacet
  facet normal 0.905423 0.42451 0
    outer loop
      vertex 38.1662 102.5 1
      vertex 38.2234 102.378 1.5
      vertex 38.2234 102.378 1
    endloop
  endfacet
  facet normal 0.887592 0.46063 0
    outer loop
      vertex 38.1662 102.5 1.5
      vertex 38.106 102.616 1
      vertex 38.106 102.616 1.5
    endloop
  endfacet
  facet normal 0.887592 0.46063 0
    outer loop
      vertex 38.106 102.616 1
      vertex 38.1662 102.5 1.5
      vertex 38.1662 102.5 1
    endloop
  endfacet
  facet normal 0.867077 0.498175 0
    outer loop
      vertex 38.106 102.616 1.5
      vertex 38.0428 102.726 1
      vertex 38.0428 102.726 1.5
    endloop
  endfacet
  facet normal 0.867077 0.498175 0
    outer loop
      vertex 38.0428 102.726 1
      vertex 38.106 102.616 1.5
      vertex 38.106 102.616 1
    endloop
  endfacet
  facet normal 0.846637 0.532172 0
    outer loop
      vertex 38.0428 102.726 1.5
      vertex 37.9768 102.831 1
      vertex 37.9768 102.831 1.5
    endloop
  endfacet
  facet normal 0.846637 0.532172 0
    outer loop
      vertex 37.9768 102.831 1
      vertex 38.0428 102.726 1.5
      vertex 38.0428 102.726 1
    endloop
  endfacet
  facet normal 0.820787 0.571235 0
    outer loop
      vertex 37.9768 102.831 1.5
      vertex 37.9079 102.93 1
      vertex 37.9079 102.93 1.5
    endloop
  endfacet
  facet normal 0.820787 0.571235 0
    outer loop
      vertex 37.9079 102.93 1
      vertex 37.9768 102.831 1.5
      vertex 37.9768 102.831 1
    endloop
  endfacet
  facet normal 0.794286 0.607544 0
    outer loop
      vertex 37.9079 102.93 1.5
      vertex 37.836 103.024 1
      vertex 37.836 103.024 1.5
    endloop
  endfacet
  facet normal 0.794286 0.607544 0
    outer loop
      vertex 37.836 103.024 1
      vertex 37.9079 102.93 1.5
      vertex 37.9079 102.93 1
    endloop
  endfacet
  facet normal 0.762794 0.646641 0
    outer loop
      vertex 37.836 103.024 1.5
      vertex 37.7614 103.112 1
      vertex 37.7614 103.112 1.5
    endloop
  endfacet
  facet normal 0.762794 0.646641 0
    outer loop
      vertex 37.7614 103.112 1
      vertex 37.836 103.024 1.5
      vertex 37.836 103.024 1
    endloop
  endfacet
  facet normal 0.7221 0.691789 0
    outer loop
      vertex 37.7614 103.112 1.5
      vertex 37.6838 103.193 1
      vertex 37.6838 103.193 1.5
    endloop
  endfacet
  facet normal 0.7221 0.691789 0
    outer loop
      vertex 37.6838 103.193 1
      vertex 37.7614 103.112 1.5
      vertex 37.7614 103.112 1
    endloop
  endfacet
  facet normal 0.691671 0.722213 -0
    outer loop
      vertex 37.6838 103.193 1
      vertex 37.6034 103.27 1.5
      vertex 37.6838 103.193 1.5
    endloop
  endfacet
  facet normal 0.691671 0.722213 0
    outer loop
      vertex 37.6034 103.27 1.5
      vertex 37.6838 103.193 1
      vertex 37.6034 103.27 1
    endloop
  endfacet
  facet normal 0.64289 0.765958 -0
    outer loop
      vertex 37.6034 103.27 1
      vertex 37.52 103.34 1.5
      vertex 37.6034 103.27 1.5
    endloop
  endfacet
  facet normal 0.64289 0.765958 0
    outer loop
      vertex 37.52 103.34 1.5
      vertex 37.6034 103.27 1
      vertex 37.52 103.34 1
    endloop
  endfacet
  facet normal 0.602073 0.798441 -0
    outer loop
      vertex 37.52 103.34 1
      vertex 37.4338 103.405 1.5
      vertex 37.52 103.34 1.5
    endloop
  endfacet
  facet normal 0.602073 0.798441 0
    outer loop
      vertex 37.4338 103.405 1.5
      vertex 37.52 103.34 1
      vertex 37.4338 103.405 1
    endloop
  endfacet
  facet normal 0.547707 0.83667 -0
    outer loop
      vertex 37.4338 103.405 1
      vertex 37.3452 103.463 1.5
      vertex 37.4338 103.405 1.5
    endloop
  endfacet
  facet normal 0.547707 0.83667 0
    outer loop
      vertex 37.3452 103.463 1.5
      vertex 37.4338 103.405 1
      vertex 37.3452 103.463 1
    endloop
  endfacet
  facet normal 0.489714 0.871883 -0
    outer loop
      vertex 37.3452 103.463 1
      vertex 37.2544 103.514 1.5
      vertex 37.3452 103.463 1.5
    endloop
  endfacet
  facet normal 0.489714 0.871883 0
    outer loop
      vertex 37.2544 103.514 1.5
      vertex 37.3452 103.463 1
      vertex 37.2544 103.514 1
    endloop
  endfacet
  facet normal 0.436702 0.899606 -0
    outer loop
      vertex 37.2544 103.514 1
      vertex 37.1617 103.559 1.5
      vertex 37.2544 103.514 1.5
    endloop
  endfacet
  facet normal 0.436702 0.899606 0
    outer loop
      vertex 37.1617 103.559 1.5
      vertex 37.2544 103.514 1
      vertex 37.1617 103.559 1
    endloop
  endfacet
  facet normal 0.371728 0.928342 -0
    outer loop
      vertex 37.1617 103.559 1
      vertex 37.0668 103.597 1.5
      vertex 37.1617 103.559 1.5
    endloop
  endfacet
  facet normal 0.371728 0.928342 0
    outer loop
      vertex 37.0668 103.597 1.5
      vertex 37.1617 103.559 1
      vertex 37.0668 103.597 1
    endloop
  endfacet
  facet normal 0.295748 0.955266 -0
    outer loop
      vertex 37.0668 103.597 1
      vertex 36.9699 103.627 1.5
      vertex 37.0668 103.597 1.5
    endloop
  endfacet
  facet normal 0.295748 0.955266 0
    outer loop
      vertex 36.9699 103.627 1.5
      vertex 37.0668 103.597 1
      vertex 36.9699 103.627 1
    endloop
  endfacet
  facet normal 0.2356 0.97185 -0
    outer loop
      vertex 36.9699 103.627 1
      vertex 36.8709 103.651 1.5
      vertex 36.9699 103.627 1.5
    endloop
  endfacet
  facet normal 0.2356 0.97185 0
    outer loop
      vertex 36.8709 103.651 1.5
      vertex 36.9699 103.627 1
      vertex 36.8709 103.651 1
    endloop
  endfacet
  facet normal 0.175453 0.984488 -0
    outer loop
      vertex 36.8709 103.651 1
      vertex 36.7699 103.669 1.5
      vertex 36.8709 103.651 1.5
    endloop
  endfacet
  facet normal 0.175453 0.984488 0
    outer loop
      vertex 36.7699 103.669 1.5
      vertex 36.8709 103.651 1
      vertex 36.7699 103.669 1
    endloop
  endfacet
  facet normal 0.0965402 0.995329 -0
    outer loop
      vertex 36.7699 103.669 1
      vertex 36.6668 103.679 1.5
      vertex 36.7699 103.669 1.5
    endloop
  endfacet
  facet normal 0.0965402 0.995329 0
    outer loop
      vertex 36.6668 103.679 1.5
      vertex 36.7699 103.669 1
      vertex 36.6668 103.679 1
    endloop
  endfacet
  facet normal 0.0285326 0.999593 -0
    outer loop
      vertex 36.6668 103.679 1
      vertex 36.5617 103.682 1.5
      vertex 36.6668 103.679 1.5
    endloop
  endfacet
  facet normal 0.0285326 0.999593 0
    outer loop
      vertex 36.5617 103.682 1.5
      vertex 36.6668 103.679 1
      vertex 36.5617 103.682 1
    endloop
  endfacet
  facet normal -0.0285055 0.999594 0
    outer loop
      vertex 36.5617 103.682 1
      vertex 36.4565 103.679 1.5
      vertex 36.5617 103.682 1.5
    endloop
  endfacet
  facet normal -0.0285055 0.999594 0
    outer loop
      vertex 36.4565 103.679 1.5
      vertex 36.5617 103.682 1
      vertex 36.4565 103.679 1
    endloop
  endfacet
  facet normal -0.096355 0.995347 0
    outer loop
      vertex 36.4565 103.679 1
      vertex 36.3532 103.669 1.5
      vertex 36.4565 103.679 1.5
    endloop
  endfacet
  facet normal -0.096355 0.995347 0
    outer loop
      vertex 36.3532 103.669 1.5
      vertex 36.4565 103.679 1
      vertex 36.3532 103.669 1
    endloop
  endfacet
  facet normal -0.174782 0.984607 0
    outer loop
      vertex 36.3532 103.669 1
      vertex 36.2518 103.651 1.5
      vertex 36.3532 103.669 1.5
    endloop
  endfacet
  facet normal -0.174782 0.984607 0
    outer loop
      vertex 36.2518 103.651 1.5
      vertex 36.3532 103.669 1
      vertex 36.2518 103.651 1
    endloop
  endfacet
  facet normal -0.234704 0.972067 0
    outer loop
      vertex 36.2518 103.651 1
      vertex 36.1524 103.627 1.5
      vertex 36.2518 103.651 1.5
    endloop
  endfacet
  facet normal -0.234704 0.972067 0
    outer loop
      vertex 36.1524 103.627 1.5
      vertex 36.2518 103.651 1
      vertex 36.1524 103.627 1
    endloop
  endfacet
  facet normal -0.293811 0.955864 0
    outer loop
      vertex 36.1524 103.627 1
      vertex 36.0548 103.597 1.5
      vertex 36.1524 103.627 1.5
    endloop
  endfacet
  facet normal -0.293811 0.955864 0
    outer loop
      vertex 36.0548 103.597 1.5
      vertex 36.1524 103.627 1
      vertex 36.0548 103.597 1
    endloop
  endfacet
  facet normal -0.369379 0.929279 0
    outer loop
      vertex 36.0548 103.597 1
      vertex 35.9592 103.559 1.5
      vertex 36.0548 103.597 1.5
    endloop
  endfacet
  facet normal -0.369379 0.929279 0
    outer loop
      vertex 35.9592 103.559 1.5
      vertex 36.0548 103.597 1
      vertex 35.9592 103.559 1
    endloop
  endfacet
  facet normal -0.432919 0.901433 0
    outer loop
      vertex 35.9592 103.559 1
      vertex 35.8655 103.514 1.5
      vertex 35.9592 103.559 1.5
    endloop
  endfacet
  facet normal -0.432919 0.901433 0
    outer loop
      vertex 35.8655 103.514 1.5
      vertex 35.9592 103.559 1
      vertex 35.8655 103.514 1
    endloop
  endfacet
  facet normal -0.486047 0.873932 0
    outer loop
      vertex 35.8655 103.514 1
      vertex 35.7738 103.463 1.5
      vertex 35.8655 103.514 1.5
    endloop
  endfacet
  facet normal -0.486047 0.873932 0
    outer loop
      vertex 35.7738 103.463 1.5
      vertex 35.8655 103.514 1
      vertex 35.7738 103.463 1
    endloop
  endfacet
  facet normal -0.542127 0.840297 0
    outer loop
      vertex 35.7738 103.463 1
      vertex 35.6839 103.405 1.5
      vertex 35.7738 103.463 1.5
    endloop
  endfacet
  facet normal -0.542127 0.840297 0
    outer loop
      vertex 35.6839 103.405 1.5
      vertex 35.7738 103.463 1
      vertex 35.6839 103.405 1
    endloop
  endfacet
  facet normal -0.597203 0.80209 0
    outer loop
      vertex 35.6839 103.405 1
      vertex 35.5966 103.34 1.5
      vertex 35.6839 103.405 1.5
    endloop
  endfacet
  facet normal -0.597203 0.80209 0
    outer loop
      vertex 35.5966 103.34 1.5
      vertex 35.6839 103.405 1
      vertex 35.5966 103.34 1
    endloop
  endfacet
  facet normal -0.638389 0.769714 0
    outer loop
      vertex 35.5966 103.34 1
      vertex 35.5122 103.27 1.5
      vertex 35.5966 103.34 1.5
    endloop
  endfacet
  facet normal -0.638389 0.769714 0
    outer loop
      vertex 35.5122 103.27 1.5
      vertex 35.5966 103.34 1
      vertex 35.5122 103.27 1
    endloop
  endfacet
  facet normal -0.687646 0.726047 0
    outer loop
      vertex 35.5122 103.27 1
      vertex 35.4309 103.193 1.5
      vertex 35.5122 103.27 1.5
    endloop
  endfacet
  facet normal -0.687646 0.726047 0
    outer loop
      vertex 35.4309 103.193 1.5
      vertex 35.5122 103.27 1
      vertex 35.4309 103.193 1
    endloop
  endfacet
  facet normal -0.718988 0.695022 0
    outer loop
      vertex 35.3526 103.112 1
      vertex 35.4309 103.193 1.5
      vertex 35.4309 103.193 1
    endloop
  endfacet
  facet normal -0.718988 0.695022 0
    outer loop
      vertex 35.4309 103.193 1.5
      vertex 35.3526 103.112 1
      vertex 35.3526 103.112 1.5
    endloop
  endfacet
  facet normal -0.759805 0.650151 0
    outer loop
      vertex 35.2773 103.024 1
      vertex 35.3526 103.112 1.5
      vertex 35.3526 103.112 1
    endloop
  endfacet
  facet normal -0.759805 0.650151 0
    outer loop
      vertex 35.3526 103.112 1.5
      vertex 35.2773 103.024 1
      vertex 35.2773 103.024 1.5
    endloop
  endfacet
  facet normal -0.792655 0.60967 0
    outer loop
      vertex 35.205 102.93 1
      vertex 35.2773 103.024 1.5
      vertex 35.2773 103.024 1
    endloop
  endfacet
  facet normal -0.792655 0.60967 0
    outer loop
      vertex 35.2773 103.024 1.5
      vertex 35.205 102.93 1
      vertex 35.205 102.93 1.5
    endloop
  endfacet
  facet normal -0.819232 0.573462 0
    outer loop
      vertex 35.1357 102.831 1
      vertex 35.205 102.93 1.5
      vertex 35.205 102.93 1
    endloop
  endfacet
  facet normal -0.819232 0.573462 0
    outer loop
      vertex 35.205 102.93 1.5
      vertex 35.1357 102.831 1
      vertex 35.1357 102.831 1.5
    endloop
  endfacet
  facet normal -0.84591 0.533326 0
    outer loop
      vertex 35.0695 102.726 1
      vertex 35.1357 102.831 1.5
      vertex 35.1357 102.831 1
    endloop
  endfacet
  facet normal -0.84591 0.533326 0
    outer loop
      vertex 35.1357 102.831 1.5
      vertex 35.0695 102.726 1
      vertex 35.0695 102.726 1.5
    endloop
  endfacet
  facet normal -0.866736 0.498767 0
    outer loop
      vertex 35.0062 102.616 1
      vertex 35.0695 102.726 1.5
      vertex 35.0695 102.726 1
    endloop
  endfacet
  facet normal -0.866736 0.498767 0
    outer loop
      vertex 35.0695 102.726 1.5
      vertex 35.0062 102.616 1
      vertex 35.0062 102.616 1.5
    endloop
  endfacet
  facet normal -0.887592 0.46063 0
    outer loop
      vertex 34.946 102.5 1
      vertex 35.0062 102.616 1.5
      vertex 35.0062 102.616 1
    endloop
  endfacet
  facet normal -0.887592 0.46063 0
    outer loop
      vertex 35.0062 102.616 1.5
      vertex 34.946 102.5 1
      vertex 34.946 102.5 1.5
    endloop
  endfacet
  facet normal -0.905423 0.42451 0
    outer loop
      vertex 34.8888 102.378 1
      vertex 34.946 102.5 1.5
      vertex 34.946 102.5 1
    endloop
  endfacet
  facet normal -0.905423 0.42451 0
    outer loop
      vertex 34.946 102.5 1.5
      vertex 34.8888 102.378 1
      vertex 34.8888 102.378 1.5
    endloop
  endfacet
  facet normal -0.918616 0.395151 0
    outer loop
      vertex 34.8346 102.252 1
      vertex 34.8888 102.378 1.5
      vertex 34.8888 102.378 1
    endloop
  endfacet
  facet normal -0.918616 0.395151 0
    outer loop
      vertex 34.8888 102.378 1.5
      vertex 34.8346 102.252 1
      vertex 34.8346 102.252 1.5
    endloop
  endfacet
  facet normal -0.93163 0.363407 0
    outer loop
      vertex 34.7835 102.121 1
      vertex 34.8346 102.252 1.5
      vertex 34.8346 102.252 1
    endloop
  endfacet
  facet normal -0.93163 0.363407 0
    outer loop
      vertex 34.8346 102.252 1.5
      vertex 34.7835 102.121 1
      vertex 34.7835 102.121 1.5
    endloop
  endfacet
  facet normal -0.94332 0.331884 0
    outer loop
      vertex 34.7353 101.984 1
      vertex 34.7835 102.121 1.5
      vertex 34.7835 102.121 1
    endloop
  endfacet
  facet normal -0.94332 0.331884 0
    outer loop
      vertex 34.7835 102.121 1.5
      vertex 34.7353 101.984 1
      vertex 34.7353 101.984 1.5
    endloop
  endfacet
  facet normal -0.952833 0.303495 0
    outer loop
      vertex 34.7009 101.876 1
      vertex 34.7353 101.984 1.5
      vertex 34.7353 101.984 1
    endloop
  endfacet
  facet normal -0.952833 0.303495 0
    outer loop
      vertex 34.7353 101.984 1.5
      vertex 34.7009 101.876 1
      vertex 34.7009 101.876 1.5
    endloop
  endfacet
  facet normal 0.980581 0.196116 0
    outer loop
      vertex 34.7009 101.876 1.5
      vertex 34.7007 101.877 1
      vertex 34.7007 101.877 1.5
    endloop
  endfacet
  facet normal 0.980581 0.196116 0
    outer loop
      vertex 34.7007 101.877 1
      vertex 34.7009 101.876 1.5
      vertex 34.7009 101.876 1
    endloop
  endfacet
  facet normal 0.980254 0.197741 0
    outer loop
      vertex 34.7007 101.877 1.5
      vertex 34.6773 101.993 1
      vertex 34.6773 101.993 1.5
    endloop
  endfacet
  facet normal 0.980254 0.197741 0
    outer loop
      vertex 34.6773 101.993 1
      vertex 34.7007 101.877 1.5
      vertex 34.7007 101.877 1
    endloop
  endfacet
  facet normal 0.972467 0.233042 0
    outer loop
      vertex 34.6773 101.993 1.5
      vertex 34.6507 102.104 1
      vertex 34.6507 102.104 1.5
    endloop
  endfacet
  facet normal 0.972467 0.233042 0
    outer loop
      vertex 34.6507 102.104 1
      vertex 34.6773 101.993 1.5
      vertex 34.6773 101.993 1
    endloop
  endfacet
  facet normal 0.963569 0.267458 0
    outer loop
      vertex 34.6507 102.104 1.5
      vertex 34.621 102.211 1
      vertex 34.621 102.211 1.5
    endloop
  endfacet
  facet normal 0.963569 0.267458 0
    outer loop
      vertex 34.621 102.211 1
      vertex 34.6507 102.104 1.5
      vertex 34.6507 102.104 1
    endloop
  endfacet
  facet normal 0.95199 0.30613 0
    outer loop
      vertex 34.621 102.211 1.5
      vertex 34.5882 102.313 1
      vertex 34.5882 102.313 1.5
    endloop
  endfacet
  facet normal 0.95199 0.30613 0
    outer loop
      vertex 34.5882 102.313 1
      vertex 34.621 102.211 1.5
      vertex 34.621 102.211 1
    endloop
  endfacet
  facet normal 0.93867 0.344817 0
    outer loop
      vertex 34.5882 102.313 1.5
      vertex 34.5522 102.411 1
      vertex 34.5522 102.411 1.5
    endloop
  endfacet
  facet normal 0.93867 0.344817 0
    outer loop
      vertex 34.5522 102.411 1
      vertex 34.5882 102.313 1.5
      vertex 34.5882 102.313 1
    endloop
  endfacet
  facet normal 0.922961 0.384894 0
    outer loop
      vertex 34.5522 102.411 1.5
      vertex 34.513 102.505 1
      vertex 34.513 102.505 1.5
    endloop
  endfacet
  facet normal 0.922961 0.384894 0
    outer loop
      vertex 34.513 102.505 1
      vertex 34.5522 102.411 1.5
      vertex 34.5522 102.411 1
    endloop
  endfacet
  facet normal 0.90475 0.425944 0
    outer loop
      vertex 34.513 102.505 1.5
      vertex 34.4711 102.594 1
      vertex 34.4711 102.594 1.5
    endloop
  endfacet
  facet normal 0.90475 0.425944 0
    outer loop
      vertex 34.4711 102.594 1
      vertex 34.513 102.505 1.5
      vertex 34.513 102.505 1
    endloop
  endfacet
  facet normal 0.888987 0.457932 0
    outer loop
      vertex 34.4711 102.594 1.5
      vertex 34.4268 102.68 1
      vertex 34.4268 102.68 1.5
    endloop
  endfacet
  facet normal 0.888987 0.457932 0
    outer loop
      vertex 34.4268 102.68 1
      vertex 34.4711 102.594 1.5
      vertex 34.4711 102.594 1
    endloop
  endfacet
  facet normal 0.86987 0.49328 0
    outer loop
      vertex 34.4268 102.68 1.5
      vertex 34.3803 102.762 1
      vertex 34.3803 102.762 1.5
    endloop
  endfacet
  facet normal 0.86987 0.49328 0
    outer loop
      vertex 34.3803 102.762 1
      vertex 34.4268 102.68 1.5
      vertex 34.4268 102.68 1
    endloop
  endfacet
  facet normal 0.847265 0.53117 0
    outer loop
      vertex 34.3803 102.762 1.5
      vertex 34.3314 102.84 1
      vertex 34.3314 102.84 1.5
    endloop
  endfacet
  facet normal 0.847265 0.53117 0
    outer loop
      vertex 34.3314 102.84 1
      vertex 34.3803 102.762 1.5
      vertex 34.3803 102.762 1
    endloop
  endfacet
  facet normal 0.825388 0.564566 0
    outer loop
      vertex 34.3314 102.84 1.5
      vertex 34.2801 102.915 1
      vertex 34.2801 102.915 1.5
    endloop
  endfacet
  facet normal 0.825388 0.564566 0
    outer loop
      vertex 34.2801 102.915 1
      vertex 34.3314 102.84 1.5
      vertex 34.3314 102.84 1
    endloop
  endfacet
  facet normal 0.798648 0.601798 0
    outer loop
      vertex 34.2801 102.915 1.5
      vertex 34.2266 102.986 1
      vertex 34.2266 102.986 1.5
    endloop
  endfacet
  facet normal 0.798648 0.601798 0
    outer loop
      vertex 34.2266 102.986 1
      vertex 34.2801 102.915 1.5
      vertex 34.2801 102.915 1
    endloop
  endfacet
  facet normal 0.767845 0.640635 0
    outer loop
      vertex 34.2266 102.986 1.5
      vertex 34.1707 103.053 1
      vertex 34.1707 103.053 1.5
    endloop
  endfacet
  facet normal 0.767845 0.640635 0
    outer loop
      vertex 34.1707 103.053 1
      vertex 34.2266 102.986 1.5
      vertex 34.2266 102.986 1
    endloop
  endfacet
  facet normal 0.73926 0.67342 0
    outer loop
      vertex 34.1707 103.053 1.5
      vertex 34.1124 103.117 1
      vertex 34.1124 103.117 1.5
    endloop
  endfacet
  facet normal 0.73926 0.67342 0
    outer loop
      vertex 34.1124 103.117 1
      vertex 34.1707 103.053 1.5
      vertex 34.1707 103.053 1
    endloop
  endfacet
  facet normal 0.704167 0.710035 -0
    outer loop
      vertex 34.1124 103.117 1
      vertex 34.0519 103.177 1.5
      vertex 34.1124 103.117 1.5
    endloop
  endfacet
  facet normal 0.704167 0.710035 0
    outer loop
      vertex 34.0519 103.177 1.5
      vertex 34.1124 103.117 1
      vertex 34.0519 103.177 1
    endloop
  endfacet
  facet normal 0.666725 0.745304 -0
    outer loop
      vertex 34.0519 103.177 1
      vertex 33.9893 103.233 1.5
      vertex 34.0519 103.177 1.5
    endloop
  endfacet
  facet normal 0.666725 0.745304 0
    outer loop
      vertex 33.9893 103.233 1.5
      vertex 34.0519 103.177 1
      vertex 33.9893 103.233 1
    endloop
  endfacet
  facet normal 0.635455 0.772138 -0
    outer loop
      vertex 33.9893 103.233 1
      vertex 33.9249 103.286 1.5
      vertex 33.9893 103.233 1.5
    endloop
  endfacet
  facet normal 0.635455 0.772138 0
    outer loop
      vertex 33.9249 103.286 1.5
      vertex 33.9893 103.233 1
      vertex 33.9249 103.286 1
    endloop
  endfacet
  facet normal 0.594937 0.803772 -0
    outer loop
      vertex 33.9249 103.286 1
      vertex 33.8587 103.335 1.5
      vertex 33.9249 103.286 1.5
    endloop
  endfacet
  facet normal 0.594937 0.803772 0
    outer loop
      vertex 33.8587 103.335 1.5
      vertex 33.9249 103.286 1
      vertex 33.8587 103.335 1
    endloop
  endfacet
  facet normal 0.560309 0.828283 -0
    outer loop
      vertex 33.8587 103.335 1
      vertex 33.7907 103.381 1.5
      vertex 33.8587 103.335 1.5
    endloop
  endfacet
  facet normal 0.560309 0.828283 0
    outer loop
      vertex 33.7907 103.381 1.5
      vertex 33.8587 103.335 1
      vertex 33.7907 103.381 1
    endloop
  endfacet
  facet normal 0.525051 0.851071 -0
    outer loop
      vertex 33.7907 103.381 1
      vertex 33.721 103.424 1.5
      vertex 33.7907 103.381 1.5
    endloop
  endfacet
  facet normal 0.525051 0.851071 0
    outer loop
      vertex 33.721 103.424 1.5
      vertex 33.7907 103.381 1
      vertex 33.721 103.424 1
    endloop
  endfacet
  facet normal 0.478336 0.878177 -0
    outer loop
      vertex 33.721 103.424 1
      vertex 33.6494 103.463 1.5
      vertex 33.721 103.424 1.5
    endloop
  endfacet
  facet normal 0.478336 0.878177 0
    outer loop
      vertex 33.6494 103.463 1.5
      vertex 33.721 103.424 1
      vertex 33.6494 103.463 1
    endloop
  endfacet
  facet normal 0.440835 0.897588 -0
    outer loop
      vertex 33.6494 103.463 1
      vertex 33.5761 103.499 1.5
      vertex 33.6494 103.463 1.5
    endloop
  endfacet
  facet normal 0.440835 0.897588 0
    outer loop
      vertex 33.5761 103.499 1.5
      vertex 33.6494 103.463 1
      vertex 33.5761 103.499 1
    endloop
  endfacet
  facet normal 0.391996 0.919967 -0
    outer loop
      vertex 33.5761 103.499 1
      vertex 33.501 103.531 1.5
      vertex 33.5761 103.499 1.5
    endloop
  endfacet
  facet normal 0.391996 0.919967 0
    outer loop
      vertex 33.501 103.531 1.5
      vertex 33.5761 103.499 1
      vertex 33.501 103.531 1
    endloop
  endfacet
  facet normal 0.352856 0.935678 -0
    outer loop
      vertex 33.501 103.531 1
      vertex 33.4241 103.56 1.5
      vertex 33.501 103.531 1.5
    endloop
  endfacet
  facet normal 0.352856 0.935678 0
    outer loop
      vertex 33.4241 103.56 1.5
      vertex 33.501 103.531 1
      vertex 33.4241 103.56 1
    endloop
  endfacet
  facet normal 0.3155 0.948926 -0
    outer loop
      vertex 33.4241 103.56 1
      vertex 33.3459 103.586 1.5
      vertex 33.4241 103.56 1.5
    endloop
  endfacet
  facet normal 0.3155 0.948926 0
    outer loop
      vertex 33.3459 103.586 1.5
      vertex 33.4241 103.56 1
      vertex 33.3459 103.586 1
    endloop
  endfacet
  facet normal 0.267644 0.963518 -0
    outer loop
      vertex 33.3459 103.586 1
      vertex 33.2667 103.608 1.5
      vertex 33.3459 103.586 1.5
    endloop
  endfacet
  facet normal 0.267644 0.963518 0
    outer loop
      vertex 33.2667 103.608 1.5
      vertex 33.3459 103.586 1
      vertex 33.2667 103.608 1
    endloop
  endfacet
  facet normal 0.241966 0.970285 -0
    outer loop
      vertex 33.2667 103.608 1
      vertex 33.1865 103.628 1.5
      vertex 33.2667 103.608 1.5
    endloop
  endfacet
  facet normal 0.241966 0.970285 0
    outer loop
      vertex 33.1865 103.628 1.5
      vertex 33.2667 103.608 1
      vertex 33.1865 103.628 1
    endloop
  endfacet
  facet normal 0.205159 0.978729 -0
    outer loop
      vertex 33.1865 103.628 1
      vertex 33.1054 103.645 1.5
      vertex 33.1865 103.628 1.5
    endloop
  endfacet
  facet normal 0.205159 0.978729 0
    outer loop
      vertex 33.1054 103.645 1.5
      vertex 33.1865 103.628 1
      vertex 33.1054 103.645 1
    endloop
  endfacet
  facet normal 0.156395 0.987695 -0
    outer loop
      vertex 33.1054 103.645 1
      vertex 33.0233 103.658 1.5
      vertex 33.1054 103.645 1.5
    endloop
  endfacet
  facet normal 0.156395 0.987695 0
    outer loop
      vertex 33.0233 103.658 1.5
      vertex 33.1054 103.645 1
      vertex 33.0233 103.658 1
    endloop
  endfacet
  facet normal 0.131381 0.991332 -0
    outer loop
      vertex 33.0233 103.658 1
      vertex 32.9403 103.669 1.5
      vertex 33.0233 103.658 1.5
    endloop
  endfacet
  facet normal 0.131381 0.991332 0
    outer loop
      vertex 32.9403 103.669 1.5
      vertex 33.0233 103.658 1
      vertex 32.9403 103.669 1
    endloop
  endfacet
  facet normal 0.0829474 0.996554 -0
    outer loop
      vertex 32.9403 103.669 1
      vertex 32.8562 103.676 1.5
      vertex 32.9403 103.669 1.5
    endloop
  endfacet
  facet normal 0.0829474 0.996554 0
    outer loop
      vertex 32.8562 103.676 1.5
      vertex 32.9403 103.669 1
      vertex 32.8562 103.676 1
    endloop
  endfacet
  facet normal 0.0587909 0.99827 -0
    outer loop
      vertex 32.8562 103.676 1
      vertex 32.7713 103.681 1.5
      vertex 32.8562 103.676 1.5
    endloop
  endfacet
  facet normal 0.0587909 0.99827 0
    outer loop
      vertex 32.7713 103.681 1.5
      vertex 32.8562 103.676 1
      vertex 32.7713 103.681 1
    endloop
  endfacet
  facet normal 0.0116271 0.999932 -0
    outer loop
      vertex 32.7713 103.681 1
      vertex 32.6853 103.682 1.5
      vertex 32.7713 103.681 1.5
    endloop
  endfacet
  facet normal 0.0116271 0.999932 0
    outer loop
      vertex 32.6853 103.682 1.5
      vertex 32.7713 103.681 1
      vertex 32.6853 103.682 1
    endloop
  endfacet
  facet normal 0 1 -0
    outer loop
      vertex 32.6853 103.682 1
      vertex 31.0965 103.682 1.5
      vertex 32.6853 103.682 1.5
    endloop
  endfacet
  facet normal 0 1 0
    outer loop
      vertex 31.0965 103.682 1.5
      vertex 32.6853 103.682 1
      vertex 31.0965 103.682 1
    endloop
  endfacet
  facet normal -0.999999 0.00142728 0
    outer loop
      vertex 31.0854 95.905 1
      vertex 31.0965 103.682 1.5
      vertex 31.0965 103.682 1
    endloop
  endfacet
  facet normal -0.999999 0.00142728 0
    outer loop
      vertex 31.0965 103.682 1.5
      vertex 31.0854 95.905 1
      vertex 31.0854 95.905 1.5
    endloop
  endfacet
  facet normal 0 -1 0
    outer loop
      vertex 31.0854 95.905 1
      vertex 32.4853 95.905 1.5
      vertex 31.0854 95.905 1.5
    endloop
  endfacet
  facet normal 0 -1 -0
    outer loop
      vertex 32.4853 95.905 1.5
      vertex 31.0854 95.905 1
      vertex 32.4853 95.905 1
    endloop
  endfacet
  facet normal 1 -0 0
    outer loop
      vertex 32.4853 95.905 1.5
      vertex 32.4853 98.4604 1
      vertex 32.4853 98.4604 1.5
    endloop
  endfacet
  facet normal 1 0 0
    outer loop
      vertex 32.4853 98.4604 1
      vertex 32.4853 95.905 1.5
      vertex 32.4853 95.905 1
    endloop
  endfacet
  facet normal -0.0172092 -0.999852 0
    outer loop
      vertex 32.4853 102.325 1
      vertex 32.5434 102.324 1.5
      vertex 32.4853 102.325 1.5
    endloop
  endfacet
  facet normal -0.0172092 -0.999852 -0
    outer loop
      vertex 32.5434 102.324 1.5
      vertex 32.4853 102.325 1
      vertex 32.5434 102.324 1
    endloop
  endfacet
  facet normal -0.0715011 -0.997441 0
    outer loop
      vertex 32.5434 102.324 1
      vertex 32.5992 102.32 1.5
      vertex 32.5434 102.324 1.5
    endloop
  endfacet
  facet normal -0.0715011 -0.997441 -0
    outer loop
      vertex 32.5992 102.32 1.5
      vertex 32.5434 102.324 1
      vertex 32.5992 102.32 1
    endloop
  endfacet
  facet normal -0.129974 -0.991517 0
    outer loop
      vertex 32.5992 102.32 1
      vertex 32.6526 102.313 1.5
      vertex 32.5992 102.32 1.5
    endloop
  endfacet
  facet normal -0.129974 -0.991517 -0
    outer loop
      vertex 32.6526 102.313 1.5
      vertex 32.5992 102.32 1
      vertex 32.6526 102.313 1
    endloop
  endfacet
  facet normal -0.173455 -0.984842 0
    outer loop
      vertex 32.6526 102.313 1
      vertex 32.7037 102.304 1.5
      vertex 32.6526 102.313 1.5
    endloop
  endfacet
  facet normal -0.173455 -0.984842 -0
    outer loop
      vertex 32.7037 102.304 1.5
      vertex 32.6526 102.313 1
      vertex 32.7037 102.304 1
    endloop
  endfacet
  facet normal -0.25791 -0.966169 0
    outer loop
      vertex 32.7037 102.304 1
      vertex 32.7524 102.291 1.5
      vertex 32.7037 102.304 1.5
    endloop
  endfacet
  facet normal -0.25791 -0.966169 -0
    outer loop
      vertex 32.7524 102.291 1.5
      vertex 32.7037 102.304 1
      vertex 32.7524 102.291 1
    endloop
  endfacet
  facet normal -0.307003 -0.951709 0
    outer loop
      vertex 32.7524 102.291 1
      vertex 32.7989 102.276 1.5
      vertex 32.7524 102.291 1.5
    endloop
  endfacet
  facet normal -0.307003 -0.951709 -0
    outer loop
      vertex 32.7989 102.276 1.5
      vertex 32.7524 102.291 1
      vertex 32.7989 102.276 1
    endloop
  endfacet
  facet normal -0.377897 -0.925848 0
    outer loop
      vertex 32.7989 102.276 1
      vertex 32.843 102.258 1.5
      vertex 32.7989 102.276 1.5
    endloop
  endfacet
  facet normal -0.377897 -0.925848 -0
    outer loop
      vertex 32.843 102.258 1.5
      vertex 32.7989 102.276 1
      vertex 32.843 102.258 1
    endloop
  endfacet
  facet normal -0.43245 -0.901658 0
    outer loop
      vertex 32.843 102.258 1
      vertex 32.8847 102.238 1.5
      vertex 32.843 102.258 1.5
    endloop
  endfacet
  facet normal -0.43245 -0.901658 -0
    outer loop
      vertex 32.8847 102.238 1.5
      vertex 32.843 102.258 1
      vertex 32.8847 102.238 1
    endloop
  endfacet
  facet normal -0.520222 -0.854031 0
    outer loop
      vertex 32.8847 102.238 1
      vertex 32.9241 102.214 1.5
      vertex 32.8847 102.238 1.5
    endloop
  endfacet
  facet normal -0.520222 -0.854031 -0
    outer loop
      vertex 32.9241 102.214 1.5
      vertex 32.8847 102.238 1
      vertex 32.9241 102.214 1
    endloop
  endfacet
  facet normal -0.555726 -0.831366 0
    outer loop
      vertex 32.9241 102.214 1
      vertex 32.9615 102.189 1.5
      vertex 32.9241 102.214 1.5
    endloop
  endfacet
  facet normal -0.555726 -0.831366 -0
    outer loop
      vertex 32.9615 102.189 1.5
      vertex 32.9241 102.214 1
      vertex 32.9615 102.189 1
    endloop
  endfacet
  facet normal -0.618212 -0.786012 0
    outer loop
      vertex 32.9615 102.189 1
      vertex 32.9971 102.161 1.5
      vertex 32.9615 102.189 1.5
    endloop
  endfacet
  facet normal -0.618212 -0.786012 -0
    outer loop
      vertex 32.9971 102.161 1.5
      vertex 32.9615 102.189 1
      vertex 32.9971 102.161 1
    endloop
  endfacet
  facet normal -0.651161 -0.75894 0
    outer loop
      vertex 32.9971 102.161 1
      vertex 33.0309 102.132 1.5
      vertex 32.9971 102.161 1.5
    endloop
  endfacet
  facet normal -0.651161 -0.75894 -0
    outer loop
      vertex 33.0309 102.132 1.5
      vertex 32.9971 102.161 1
      vertex 33.0309 102.132 1
    endloop
  endfacet
  facet normal -0.694674 -0.719324 0
    outer loop
      vertex 33.0309 102.132 1
      vertex 33.063 102.101 1.5
      vertex 33.0309 102.132 1.5
    endloop
  endfacet
  facet normal -0.694674 -0.719324 -0
    outer loop
      vertex 33.063 102.101 1.5
      vertex 33.0309 102.132 1
      vertex 33.063 102.101 1
    endloop
  endfacet
  facet normal -0.727265 -0.686357 0
    outer loop
      vertex 33.0932 102.069 1
      vertex 33.063 102.101 1.5
      vertex 33.063 102.101 1
    endloop
  endfacet
  facet normal -0.727265 -0.686357 0
    outer loop
      vertex 33.063 102.101 1.5
      vertex 33.0932 102.069 1
      vertex 33.0932 102.069 1.5
    endloop
  endfacet
  facet normal -0.775436 -0.631426 0
    outer loop
      vertex 33.1217 102.034 1
      vertex 33.0932 102.069 1.5
      vertex 33.0932 102.069 1
    endloop
  endfacet
  facet normal -0.775436 -0.631426 0
    outer loop
      vertex 33.0932 102.069 1.5
      vertex 33.1217 102.034 1
      vertex 33.1217 102.034 1.5
    endloop
  endfacet
  facet normal -0.803201 -0.595708 0
    outer loop
      vertex 33.1484 101.998 1
      vertex 33.1217 102.034 1.5
      vertex 33.1217 102.034 1
    endloop
  endfacet
  facet normal -0.803201 -0.595708 0
    outer loop
      vertex 33.1217 102.034 1.5
      vertex 33.1484 101.998 1
      vertex 33.1484 101.998 1.5
    endloop
  endfacet
  facet normal -0.836426 -0.548079 0
    outer loop
      vertex 33.1733 101.96 1
      vertex 33.1484 101.998 1.5
      vertex 33.1484 101.998 1
    endloop
  endfacet
  facet normal -0.836426 -0.548079 0
    outer loop
      vertex 33.1484 101.998 1.5
      vertex 33.1733 101.96 1
      vertex 33.1733 101.96 1.5
    endloop
  endfacet
  facet normal -0.865969 -0.500097 0
    outer loop
      vertex 33.1964 101.92 1
      vertex 33.1733 101.96 1.5
      vertex 33.1733 101.96 1
    endloop
  endfacet
  facet normal -0.865969 -0.500097 0
    outer loop
      vertex 33.1733 101.96 1.5
      vertex 33.1964 101.92 1
      vertex 33.1964 101.92 1.5
    endloop
  endfacet
  facet normal -0.88562 -0.464411 0
    outer loop
      vertex 33.2179 101.879 1
      vertex 33.1964 101.92 1.5
      vertex 33.1964 101.92 1
    endloop
  endfacet
  facet normal -0.88562 -0.464411 0
    outer loop
      vertex 33.1964 101.92 1.5
      vertex 33.2179 101.879 1
      vertex 33.2179 101.879 1.5
    endloop
  endfacet
  facet normal -0.905105 -0.425189 0
    outer loop
      vertex 33.2381 101.836 1
      vertex 33.2179 101.879 1.5
      vertex 33.2179 101.879 1
    endloop
  endfacet
  facet normal -0.905105 -0.425189 0
    outer loop
      vertex 33.2179 101.879 1.5
      vertex 33.2381 101.836 1
      vertex 33.2381 101.836 1.5
    endloop
  endfacet
  facet normal -0.916255 -0.400595 0
    outer loop
      vertex 33.2569 101.793 1
      vertex 33.2381 101.836 1.5
      vertex 33.2381 101.836 1
    endloop
  endfacet
  facet normal -0.916255 -0.400595 0
    outer loop
      vertex 33.2381 101.836 1.5
      vertex 33.2569 101.793 1
      vertex 33.2569 101.793 1.5
    endloop
  endfacet
  facet normal -0.932703 -0.360645 0
    outer loop
      vertex 33.2743 101.748 1
      vertex 33.2569 101.793 1.5
      vertex 33.2569 101.793 1
    endloop
  endfacet
  facet normal -0.932703 -0.360645 0
    outer loop
      vertex 33.2569 101.793 1.5
      vertex 33.2743 101.748 1
      vertex 33.2743 101.748 1.5
    endloop
  endfacet
  facet normal -0.942215 -0.33501 0
    outer loop
      vertex 33.2903 101.703 1
      vertex 33.2743 101.748 1.5
      vertex 33.2743 101.748 1
    endloop
  endfacet
  facet normal -0.942215 -0.33501 0
    outer loop
      vertex 33.2743 101.748 1.5
      vertex 33.2903 101.703 1
      vertex 33.2903 101.703 1.5
    endloop
  endfacet
  facet normal -0.954408 -0.298506 0
    outer loop
      vertex 33.305 101.656 1
      vertex 33.2903 101.703 1.5
      vertex 33.2903 101.703 1
    endloop
  endfacet
  facet normal -0.954408 -0.298506 0
    outer loop
      vertex 33.2903 101.703 1.5
      vertex 33.305 101.656 1
      vertex 33.305 101.656 1.5
    endloop
  endfacet
  facet normal -0.96369 -0.267023 0
    outer loop
      vertex 33.3183 101.608 1
      vertex 33.305 101.656 1.5
      vertex 33.305 101.656 1
    endloop
  endfacet
  facet normal -0.96369 -0.267023 0
    outer loop
      vertex 33.305 101.656 1.5
      vertex 33.3183 101.608 1
      vertex 33.3183 101.608 1.5
    endloop
  endfacet
  facet normal -0.971754 -0.235997 0
    outer loop
      vertex 33.3302 101.559 1
      vertex 33.3183 101.608 1.5
      vertex 33.3183 101.608 1
    endloop
  endfacet
  facet normal -0.971754 -0.235997 0
    outer loop
      vertex 33.3183 101.608 1.5
      vertex 33.3302 101.559 1
      vertex 33.3302 101.559 1.5
    endloop
  endfacet
  facet normal -0.978258 -0.207391 0
    outer loop
      vertex 33.3408 101.509 1
      vertex 33.3302 101.559 1.5
      vertex 33.3302 101.559 1
    endloop
  endfacet
  facet normal -0.978258 -0.207391 0
    outer loop
      vertex 33.3302 101.559 1.5
      vertex 33.3408 101.509 1
      vertex 33.3408 101.509 1.5
    endloop
  endfacet
  facet normal -0.983777 -0.179395 0
    outer loop
      vertex 33.3501 101.458 1
      vertex 33.3408 101.509 1.5
      vertex 33.3408 101.509 1
    endloop
  endfacet
  facet normal -0.983777 -0.179395 0
    outer loop
      vertex 33.3408 101.509 1.5
      vertex 33.3501 101.458 1
      vertex 33.3501 101.458 1.5
    endloop
  endfacet
  facet normal -0.98732 -0.158745 0
    outer loop
      vertex 33.3583 101.407 1
      vertex 33.3501 101.458 1.5
      vertex 33.3501 101.458 1
    endloop
  endfacet
  facet normal -0.98732 -0.158745 0
    outer loop
      vertex 33.3501 101.458 1.5
      vertex 33.3583 101.407 1
      vertex 33.3583 101.407 1.5
    endloop
  endfacet
  facet normal -0.990181 -0.13979 0
    outer loop
      vertex 33.3655 101.356 1
      vertex 33.3583 101.407 1.5
      vertex 33.3583 101.407 1
    endloop
  endfacet
  facet normal -0.990181 -0.13979 0
    outer loop
      vertex 33.3583 101.407 1.5
      vertex 33.3655 101.356 1
      vertex 33.3655 101.356 1.5
    endloop
  endfacet
  facet normal -0.993151 -0.116841 0
    outer loop
      vertex 33.3715 101.305 1
      vertex 33.3655 101.356 1.5
      vertex 33.3655 101.356 1
    endloop
  endfacet
  facet normal -0.993151 -0.116841 0
    outer loop
      vertex 33.3655 101.356 1.5
      vertex 33.3715 101.305 1
      vertex 33.3715 101.305 1.5
    endloop
  endfacet
  facet normal -0.995229 -0.0975714 0
    outer loop
      vertex 33.3765 101.254 1
      vertex 33.3715 101.305 1.5
      vertex 33.3715 101.305 1
    endloop
  endfacet
  facet normal -0.995229 -0.0975714 0
    outer loop
      vertex 33.3715 101.305 1.5
      vertex 33.3765 101.254 1
      vertex 33.3765 101.254 1.5
    endloop
  endfacet
  facet normal -0.997236 -0.0743038 0
    outer loop
      vertex 33.3803 101.203 1
      vertex 33.3765 101.254 1.5
      vertex 33.3765 101.254 1
    endloop
  endfacet
  facet normal -0.997236 -0.0743038 0
    outer loop
      vertex 33.3765 101.254 1.5
      vertex 33.3803 101.203 1
      vertex 33.3803 101.203 1.5
    endloop
  endfacet
  facet normal -0.998553 -0.0537683 0
    outer loop
      vertex 33.3831 101.151 1
      vertex 33.3803 101.203 1.5
      vertex 33.3803 101.203 1
    endloop
  endfacet
  facet normal -0.998553 -0.0537683 0
    outer loop
      vertex 33.3803 101.203 1.5
      vertex 33.3831 101.151 1
      vertex 33.3831 101.151 1.5
    endloop
  endfacet
  facet normal -0.999508 -0.0313571 0
    outer loop
      vertex 33.3847 101.1 1
      vertex 33.3831 101.151 1.5
      vertex 33.3831 101.151 1
    endloop
  endfacet
  facet normal -0.999508 -0.0313571 0
    outer loop
      vertex 33.3831 101.151 1.5
      vertex 33.3847 101.1 1
      vertex 33.3847 101.1 1.5
    endloop
  endfacet
  facet normal -0.999933 -0.0115377 0
    outer loop
      vertex 33.3853 101.048 1
      vertex 33.3847 101.1 1.5
      vertex 33.3847 101.1 1
    endloop
  endfacet
  facet normal -0.999933 -0.0115377 0
    outer loop
      vertex 33.3847 101.1 1.5
      vertex 33.3853 101.048 1
      vertex 33.3853 101.048 1.5
    endloop
  endfacet
  facet normal -0.999928 0.0119991 0
    outer loop
      vertex 33.3847 100.998 1
      vertex 33.3853 101.048 1.5
      vertex 33.3853 101.048 1
    endloop
  endfacet
  facet normal -0.999928 0.0119991 0
    outer loop
      vertex 33.3853 101.048 1.5
      vertex 33.3847 100.998 1
      vertex 33.3847 100.998 1.5
    endloop
  endfacet
  facet normal -0.999445 0.0333148 0
    outer loop
      vertex 33.3831 100.95 1
      vertex 33.3847 100.998 1.5
      vertex 33.3847 100.998 1
    endloop
  endfacet
  facet normal -0.999445 0.0333148 0
    outer loop
      vertex 33.3847 100.998 1.5
      vertex 33.3831 100.95 1
      vertex 33.3831 100.95 1.5
    endloop
  endfacet
  facet normal -0.998371 0.0570498 0
    outer loop
      vertex 33.3803 100.901 1
      vertex 33.3831 100.95 1.5
      vertex 33.3831 100.95 1
    endloop
  endfacet
  facet normal -0.998371 0.0570498 0
    outer loop
      vertex 33.3831 100.95 1.5
      vertex 33.3803 100.901 1
      vertex 33.3803 100.901 1.5
    endloop
  endfacet
  facet normal -0.997006 0.0773189 0
    outer loop
      vertex 33.3765 100.852 1
      vertex 33.3803 100.901 1.5
      vertex 33.3803 100.901 1
    endloop
  endfacet
  facet normal -0.997006 0.0773189 0
    outer loop
      vertex 33.3803 100.901 1.5
      vertex 33.3765 100.852 1
      vertex 33.3765 100.852 1.5
    endloop
  endfacet
  facet normal -0.994618 0.103606 0
    outer loop
      vertex 33.3715 100.804 1
      vertex 33.3765 100.852 1.5
      vertex 33.3765 100.852 1
    endloop
  endfacet
  facet normal -0.994618 0.103606 0
    outer loop
      vertex 33.3765 100.852 1.5
      vertex 33.3715 100.804 1
      vertex 33.3715 100.804 1.5
    endloop
  endfacet
  facet normal -0.992278 0.124035 0
    outer loop
      vertex 33.3655 100.756 1
      vertex 33.3715 100.804 1.5
      vertex 33.3715 100.804 1
    endloop
  endfacet
  facet normal -0.992278 0.124035 0
    outer loop
      vertex 33.3715 100.804 1.5
      vertex 33.3655 100.756 1
      vertex 33.3655 100.756 1.5
    endloop
  endfacet
  facet normal -0.988469 0.151425 0
    outer loop
      vertex 33.3583 100.709 1
      vertex 33.3655 100.756 1.5
      vertex 33.3655 100.756 1
    endloop
  endfacet
  facet normal -0.988469 0.151425 0
    outer loop
      vertex 33.3655 100.756 1.5
      vertex 33.3583 100.709 1
      vertex 33.3583 100.709 1.5
    endloop
  endfacet
  facet normal -0.98572 0.168394 0
    outer loop
      vertex 33.3501 100.661 1
      vertex 33.3583 100.709 1.5
      vertex 33.3583 100.709 1
    endloop
  endfacet
  facet normal -0.98572 0.168394 0
    outer loop
      vertex 33.3583 100.709 1.5
      vertex 33.3501 100.661 1
      vertex 33.3501 100.661 1.5
    endloop
  endfacet
  facet normal -0.98098 0.194109 0
    outer loop
      vertex 33.3408 100.614 1
      vertex 33.3501 100.661 1.5
      vertex 33.3501 100.661 1
    endloop
  endfacet
  facet normal -0.98098 0.194109 0
    outer loop
      vertex 33.3501 100.661 1.5
      vertex 33.3408 100.614 1
      vertex 33.3408 100.614 1.5
    endloop
  endfacet
  facet normal -0.973997 0.22656 0
    outer loop
      vertex 33.3301 100.568 1
      vertex 33.3408 100.614 1.5
      vertex 33.3408 100.614 1
    endloop
  endfacet
  facet normal -0.973997 0.22656 0
    outer loop
      vertex 33.3408 100.614 1.5
      vertex 33.3301 100.568 1
      vertex 33.3301 100.568 1.5
    endloop
  endfacet
  facet normal -0.964068 0.265654 0
    outer loop
      vertex 33.3177 100.523 1
      vertex 33.3301 100.568 1.5
      vertex 33.3301 100.568 1
    endloop
  endfacet
  facet normal -0.964068 0.265654 0
    outer loop
      vertex 33.3301 100.568 1.5
      vertex 33.3177 100.523 1
      vertex 33.3177 100.523 1.5
    endloop
  endfacet
  facet normal -0.95355 0.301235 0
    outer loop
      vertex 33.3038 100.479 1
      vertex 33.3177 100.523 1.5
      vertex 33.3177 100.523 1
    endloop
  endfacet
  facet normal -0.95355 0.301235 0
    outer loop
      vertex 33.3177 100.523 1.5
      vertex 33.3038 100.479 1
      vertex 33.3038 100.479 1.5
    endloop
  endfacet
  facet normal -0.939346 0.342971 0
    outer loop
      vertex 33.2881 100.436 1
      vertex 33.3038 100.479 1.5
      vertex 33.3038 100.479 1
    endloop
  endfacet
  facet normal -0.939346 0.342971 0
    outer loop
      vertex 33.3038 100.479 1.5
      vertex 33.2881 100.436 1
      vertex 33.2881 100.436 1.5
    endloop
  endfacet
  facet normal -0.924632 0.380861 0
    outer loop
      vertex 33.2708 100.394 1
      vertex 33.2881 100.436 1.5
      vertex 33.2881 100.436 1
    endloop
  endfacet
  facet normal -0.924632 0.380861 0
    outer loop
      vertex 33.2881 100.436 1.5
      vertex 33.2708 100.394 1
      vertex 33.2708 100.394 1.5
    endloop
  endfacet
  facet normal -0.908154 0.418637 0
    outer loop
      vertex 33.2519 100.353 1
      vertex 33.2708 100.394 1.5
      vertex 33.2708 100.394 1
    endloop
  endfacet
  facet normal -0.908154 0.418637 0
    outer loop
      vertex 33.2708 100.394 1.5
      vertex 33.2519 100.353 1
      vertex 33.2519 100.353 1.5
    endloop
  endfacet
  facet normal -0.889029 0.45785 0
    outer loop
      vertex 33.2313 100.313 1
      vertex 33.2519 100.353 1.5
      vertex 33.2519 100.353 1
    endloop
  endfacet
  facet normal -0.889029 0.45785 0
    outer loop
      vertex 33.2519 100.353 1.5
      vertex 33.2313 100.313 1
      vertex 33.2313 100.313 1.5
    endloop
  endfacet
  facet normal -0.869065 0.494698 0
    outer loop
      vertex 33.2091 100.274 1
      vertex 33.2313 100.313 1.5
      vertex 33.2313 100.313 1
    endloop
  endfacet
  facet normal -0.869065 0.494698 0
    outer loop
      vertex 33.2313 100.313 1.5
      vertex 33.2091 100.274 1
      vertex 33.2091 100.274 1.5
    endloop
  endfacet
  facet normal -0.841031 0.540987 0
    outer loop
      vertex 33.1853 100.237 1
      vertex 33.2091 100.274 1.5
      vertex 33.2091 100.274 1
    endloop
  endfacet
  facet normal -0.841031 0.540987 0
    outer loop
      vertex 33.2091 100.274 1.5
      vertex 33.1853 100.237 1
      vertex 33.1853 100.237 1.5
    endloop
  endfacet
  facet normal -0.824432 0.565961 0
    outer loop
      vertex 33.1599 100.2 1
      vertex 33.1853 100.237 1.5
      vertex 33.1853 100.237 1
    endloop
  endfacet
  facet normal -0.824432 0.565961 0
    outer loop
      vertex 33.1853 100.237 1.5
      vertex 33.1599 100.2 1
      vertex 33.1599 100.2 1.5
    endloop
  endfacet
  facet normal -0.785356 0.619045 0
    outer loop
      vertex 33.1331 100.166 1
      vertex 33.1599 100.2 1.5
      vertex 33.1599 100.2 1
    endloop
  endfacet
  facet normal -0.785356 0.619045 0
    outer loop
      vertex 33.1599 100.2 1.5
      vertex 33.1331 100.166 1
      vertex 33.1331 100.166 1.5
    endloop
  endfacet
  facet normal -0.770817 0.637057 0
    outer loop
      vertex 33.105 100.132 1
      vertex 33.1331 100.166 1.5
      vertex 33.1331 100.166 1
    endloop
  endfacet
  facet normal -0.770817 0.637057 0
    outer loop
      vertex 33.1331 100.166 1.5
      vertex 33.105 100.132 1
      vertex 33.105 100.132 1.5
    endloop
  endfacet
  facet normal -0.724416 0.689363 0
    outer loop
      vertex 33.0755 100.101 1
      vertex 33.105 100.132 1.5
      vertex 33.105 100.132 1
    endloop
  endfacet
  facet normal -0.724416 0.689363 0
    outer loop
      vertex 33.105 100.132 1.5
      vertex 33.0755 100.101 1
      vertex 33.0755 100.101 1.5
    endloop
  endfacet
  facet normal -0.708248 0.705964 0
    outer loop
      vertex 33.0755 100.101 1
      vertex 33.0446 100.07 1.5
      vertex 33.0755 100.101 1.5
    endloop
  endfacet
  facet normal -0.708248 0.705964 0
    outer loop
      vertex 33.0446 100.07 1.5
      vertex 33.0755 100.101 1
      vertex 33.0446 100.07 1
    endloop
  endfacet
  facet normal -0.656179 0.754606 0
    outer loop
      vertex 33.0446 100.07 1
      vertex 33.0124 100.042 1.5
      vertex 33.0446 100.07 1.5
    endloop
  endfacet
  facet normal -0.656179 0.754606 0
    outer loop
      vertex 33.0124 100.042 1.5
      vertex 33.0446 100.07 1
      vertex 33.0124 100.042 1
    endloop
  endfacet
  facet normal -0.640184 0.768221 0
    outer loop
      vertex 33.0124 100.042 1
      vertex 32.9788 100.014 1.5
      vertex 33.0124 100.042 1.5
    endloop
  endfacet
  facet normal -0.640184 0.768221 0
    outer loop
      vertex 32.9788 100.014 1.5
      vertex 33.0124 100.042 1
      vertex 32.9788 100.014 1
    endloop
  endfacet
  facet normal -0.585829 0.810435 0
    outer loop
      vertex 32.9788 100.014 1
      vertex 32.9438 99.9887 1.5
      vertex 32.9788 100.014 1.5
    endloop
  endfacet
  facet normal -0.585829 0.810435 0
    outer loop
      vertex 32.9438 99.9887 1.5
      vertex 32.9788 100.014 1
      vertex 32.9438 99.9887 1
    endloop
  endfacet
  facet normal -0.556284 0.830992 0
    outer loop
      vertex 32.9438 99.9887 1
      vertex 32.9075 99.9644 1.5
      vertex 32.9438 99.9887 1.5
    endloop
  endfacet
  facet normal -0.556284 0.830992 0
    outer loop
      vertex 32.9075 99.9644 1.5
      vertex 32.9438 99.9887 1
      vertex 32.9075 99.9644 1
    endloop
  endfacet
  facet normal -0.506822 0.862051 0
    outer loop
      vertex 32.9075 99.9644 1
      vertex 32.8694 99.942 1.5
      vertex 32.9075 99.9644 1.5
    endloop
  endfacet
  facet normal -0.506822 0.862051 0
    outer loop
      vertex 32.8694 99.942 1.5
      vertex 32.9075 99.9644 1
      vertex 32.8694 99.942 1
    endloop
  endfacet
  facet normal -0.448982 0.893541 0
    outer loop
      vertex 32.8694 99.942 1
      vertex 32.829 99.9217 1.5
      vertex 32.8694 99.942 1.5
    endloop
  endfacet
  facet normal -0.448982 0.893541 0
    outer loop
      vertex 32.829 99.9217 1.5
      vertex 32.8694 99.942 1
      vertex 32.829 99.9217 1
    endloop
  endfacet
  facet normal -0.395484 0.918473 0
    outer loop
      vertex 32.829 99.9217 1
      vertex 32.7865 99.9034 1.5
      vertex 32.829 99.9217 1.5
    endloop
  endfacet
  facet normal -0.395484 0.918473 0
    outer loop
      vertex 32.7865 99.9034 1.5
      vertex 32.829 99.9217 1
      vertex 32.7865 99.9034 1
    endloop
  endfacet
  facet normal -0.342587 0.939486 0
    outer loop
      vertex 32.7865 99.9034 1
      vertex 32.7418 99.8871 1.5
      vertex 32.7865 99.9034 1.5
    endloop
  endfacet
  facet normal -0.342587 0.939486 0
    outer loop
      vertex 32.7418 99.8871 1.5
      vertex 32.7865 99.9034 1
      vertex 32.7418 99.8871 1
    endloop
  endfacet
  facet normal -0.289781 0.957093 0
    outer loop
      vertex 32.7418 99.8871 1
      vertex 32.6949 99.8729 1.5
      vertex 32.7418 99.8871 1.5
    endloop
  endfacet
  facet normal -0.289781 0.957093 0
    outer loop
      vertex 32.6949 99.8729 1.5
      vertex 32.7418 99.8871 1
      vertex 32.6949 99.8729 1
    endloop
  endfacet
  facet normal -0.239277 0.970951 0
    outer loop
      vertex 32.6949 99.8729 1
      vertex 32.6458 99.8608 1.5
      vertex 32.6949 99.8729 1.5
    endloop
  endfacet
  facet normal -0.239277 0.970951 0
    outer loop
      vertex 32.6458 99.8608 1.5
      vertex 32.6949 99.8729 1
      vertex 32.6458 99.8608 1
    endloop
  endfacet
  facet normal -0.193173 0.981165 0
    outer loop
      vertex 32.6458 99.8608 1
      vertex 32.5945 99.8507 1.5
      vertex 32.6458 99.8608 1.5
    endloop
  endfacet
  facet normal -0.193173 0.981165 0
    outer loop
      vertex 32.5945 99.8507 1.5
      vertex 32.6458 99.8608 1
      vertex 32.5945 99.8507 1
    endloop
  endfacet
  facet normal -0.147888 0.989004 0
    outer loop
      vertex 32.5945 99.8507 1
      vertex 32.541 99.8427 1.5
      vertex 32.5945 99.8507 1.5
    endloop
  endfacet
  facet normal -0.147888 0.989004 0
    outer loop
      vertex 32.541 99.8427 1.5
      vertex 32.5945 99.8507 1
      vertex 32.541 99.8427 1
    endloop
  endfacet
  facet normal -0.105335 0.994437 0
    outer loop
      vertex 32.541 99.8427 1
      vertex 32.4853 99.8368 1.5
      vertex 32.541 99.8427 1.5
    endloop
  endfacet
  facet normal -0.105335 0.994437 0
    outer loop
      vertex 32.4853 99.8368 1.5
      vertex 32.541 99.8427 1
      vertex 32.4853 99.8368 1
    endloop
  endfacet
  facet normal 1 -0 0
    outer loop
      vertex 32.4853 99.8368 1.5
      vertex 32.4853 102.325 1
      vertex 32.4853 102.325 1.5
    endloop
  endfacet
  facet normal 1 0 0
    outer loop
      vertex 32.4853 102.325 1
      vertex 32.4853 99.8368 1.5
      vertex 32.4853 99.8368 1
    endloop
  endfacet
  facet normal 0.180328 0.983607 -0
    outer loop
      vertex 36.5139 97.2947 1
      vertex 36.4779 97.3013 1.5
      vertex 36.5139 97.2947 1.5
    endloop
  endfacet
  facet normal 0.180328 0.983607 0
    outer loop
      vertex 36.4779 97.3013 1.5
      vertex 36.5139 97.2947 1
      vertex 36.4779 97.3013 1
    endloop
  endfacet
  facet normal 0.297505 0.95472 -0
    outer loop
      vertex 36.4779 97.3013 1
      vertex 36.4426 97.3123 1.5
      vertex 36.4779 97.3013 1.5
    endloop
  endfacet
  facet normal 0.297505 0.95472 0
    outer loop
      vertex 36.4426 97.3123 1.5
      vertex 36.4779 97.3013 1
      vertex 36.4426 97.3123 1
    endloop
  endfacet
  facet normal 0.403445 0.915004 -0
    outer loop
      vertex 36.4426 97.3123 1
      vertex 36.4079 97.3276 1.5
      vertex 36.4426 97.3123 1.5
    endloop
  endfacet
  facet normal 0.403445 0.915004 0
    outer loop
      vertex 36.4079 97.3276 1.5
      vertex 36.4426 97.3123 1
      vertex 36.4079 97.3276 1
    endloop
  endfacet
  facet normal 0.504346 0.863502 -0
    outer loop
      vertex 36.4079 97.3276 1
      vertex 36.374 97.3474 1.5
      vertex 36.4079 97.3276 1.5
    endloop
  endfacet
  facet normal 0.504346 0.863502 0
    outer loop
      vertex 36.374 97.3474 1.5
      vertex 36.4079 97.3276 1
      vertex 36.374 97.3474 1
    endloop
  endfacet
  facet normal 0.58629 0.810101 -0
    outer loop
      vertex 36.374 97.3474 1
      vertex 36.3407 97.3715 1.5
      vertex 36.374 97.3474 1.5
    endloop
  endfacet
  facet normal 0.58629 0.810101 0
    outer loop
      vertex 36.3407 97.3715 1.5
      vertex 36.374 97.3474 1
      vertex 36.3407 97.3715 1
    endloop
  endfacet
  facet normal 0.659484 0.751719 -0
    outer loop
      vertex 36.3407 97.3715 1
      vertex 36.3081 97.4001 1.5
      vertex 36.3407 97.3715 1.5
    endloop
  endfacet
  facet normal 0.659484 0.751719 0
    outer loop
      vertex 36.3081 97.4001 1.5
      vertex 36.3407 97.3715 1
      vertex 36.3081 97.4001 1
    endloop
  endfacet
  facet normal 0.717933 0.696112 0
    outer loop
      vertex 36.3081 97.4001 1.5
      vertex 36.2762 97.433 1
      vertex 36.2762 97.433 1.5
    endloop
  endfacet
  facet normal 0.717933 0.696112 0
    outer loop
      vertex 36.2762 97.433 1
      vertex 36.3081 97.4001 1.5
      vertex 36.3081 97.4001 1
    endloop
  endfacet
  facet normal 0.76704 0.641599 0
    outer loop
      vertex 36.2762 97.433 1.5
      vertex 36.245 97.4703 1
      vertex 36.245 97.4703 1.5
    endloop
  endfacet
  facet normal 0.76704 0.641599 0
    outer loop
      vertex 36.245 97.4703 1
      vertex 36.2762 97.433 1.5
      vertex 36.2762 97.433 1
    endloop
  endfacet
  facet normal 0.806962 0.590603 0
    outer loop
      vertex 36.245 97.4703 1.5
      vertex 36.2147 97.5117 1
      vertex 36.2147 97.5117 1.5
    endloop
  endfacet
  facet normal 0.806962 0.590603 0
    outer loop
      vertex 36.2147 97.5117 1
      vertex 36.245 97.4703 1.5
      vertex 36.245 97.4703 1
    endloop
  endfacet
  facet normal 0.836314 0.54825 0
    outer loop
      vertex 36.2147 97.5117 1.5
      vertex 36.1852 97.5567 1
      vertex 36.1852 97.5567 1.5
    endloop
  endfacet
  facet normal 0.836314 0.54825 0
    outer loop
      vertex 36.1852 97.5567 1
      vertex 36.2147 97.5117 1.5
      vertex 36.2147 97.5117 1
    endloop
  endfacet
  facet normal 0.864292 0.50299 0
    outer loop
      vertex 36.1852 97.5567 1.5
      vertex 36.1568 97.6055 1
      vertex 36.1568 97.6055 1.5
    endloop
  endfacet
  facet normal 0.864292 0.50299 0
    outer loop
      vertex 36.1568 97.6055 1
      vertex 36.1852 97.5567 1.5
      vertex 36.1852 97.5567 1
    endloop
  endfacet
  facet normal 0.885832 0.464007 0
    outer loop
      vertex 36.1568 97.6055 1.5
      vertex 36.1293 97.658 1
      vertex 36.1293 97.658 1.5
    endloop
  endfacet
  facet normal 0.885832 0.464007 0
    outer loop
      vertex 36.1293 97.658 1
      vertex 36.1568 97.6055 1.5
      vertex 36.1568 97.6055 1
    endloop
  endfacet
  facet normal 0.903869 0.42781 0
    outer loop
      vertex 36.1293 97.658 1.5
      vertex 36.1027 97.7142 1
      vertex 36.1027 97.7142 1.5
    endloop
  endfacet
  facet normal 0.903869 0.42781 0
    outer loop
      vertex 36.1027 97.7142 1
      vertex 36.1293 97.658 1.5
      vertex 36.1293 97.658 1
    endloop
  endfacet
  facet normal 0.919304 0.393548 0
    outer loop
      vertex 36.1027 97.7142 1.5
      vertex 36.0771 97.774 1
      vertex 36.0771 97.774 1.5
    endloop
  endfacet
  facet normal 0.919304 0.393548 0
    outer loop
      vertex 36.0771 97.774 1
      vertex 36.1027 97.7142 1.5
      vertex 36.1027 97.7142 1
    endloop
  endfacet
  facet normal 0.932664 0.360747 0
    outer loop
      vertex 36.0771 97.774 1.5
      vertex 36.0525 97.8376 1
      vertex 36.0525 97.8376 1.5
    endloop
  endfacet
  facet normal 0.932664 0.360747 0
    outer loop
      vertex 36.0525 97.8376 1
      vertex 36.0771 97.774 1.5
      vertex 36.0771 97.774 1
    endloop
  endfacet
  facet normal 0.943661 0.330912 0
    outer loop
      vertex 36.0525 97.8376 1.5
      vertex 36.0289 97.9049 1
      vertex 36.0289 97.9049 1.5
    endloop
  endfacet
  facet normal 0.943661 0.330912 0
    outer loop
      vertex 36.0289 97.9049 1
      vertex 36.0525 97.8376 1.5
      vertex 36.0525 97.8376 1
    endloop
  endfacet
  facet normal 0.952502 0.304532 0
    outer loop
      vertex 36.0289 97.9049 1.5
      vertex 36.0062 97.9759 1
      vertex 36.0062 97.9759 1.5
    endloop
  endfacet
  facet normal 0.952502 0.304532 0
    outer loop
      vertex 36.0062 97.9759 1
      vertex 36.0289 97.9049 1.5
      vertex 36.0289 97.9049 1
    endloop
  endfacet
  facet normal 0.96 0.28 0
    outer loop
      vertex 36.0062 97.9759 1.5
      vertex 35.9845 98.0503 1
      vertex 35.9845 98.0503 1.5
    endloop
  endfacet
  facet normal 0.96 0.28 0
    outer loop
      vertex 35.9845 98.0503 1
      vertex 36.0062 97.9759 1.5
      vertex 36.0062 97.9759 1
    endloop
  endfacet
  facet normal 0.966524 0.256577 0
    outer loop
      vertex 35.9845 98.0503 1.5
      vertex 35.9639 98.1279 1
      vertex 35.9639 98.1279 1.5
    endloop
  endfacet
  facet normal 0.966524 0.256577 0
    outer loop
      vertex 35.9639 98.1279 1
      vertex 35.9845 98.0503 1.5
      vertex 35.9845 98.0503 1
    endloop
  endfacet
  facet normal 0.972025 0.234876 0
    outer loop
      vertex 35.9639 98.1279 1.5
      vertex 35.9444 98.2086 1
      vertex 35.9444 98.2086 1.5
    endloop
  endfacet
  facet normal 0.972025 0.234876 0
    outer loop
      vertex 35.9444 98.2086 1
      vertex 35.9639 98.1279 1.5
      vertex 35.9639 98.1279 1
    endloop
  endfacet
  facet normal 0.976786 0.214218 0
    outer loop
      vertex 35.9444 98.2086 1.5
      vertex 35.926 98.2925 1
      vertex 35.926 98.2925 1.5
    endloop
  endfacet
  facet normal 0.976786 0.214218 0
    outer loop
      vertex 35.926 98.2925 1
      vertex 35.9444 98.2086 1.5
      vertex 35.9444 98.2086 1
    endloop
  endfacet
  facet normal 0.981054 0.193733 0
    outer loop
      vertex 35.926 98.2925 1.5
      vertex 35.9088 98.3796 1
      vertex 35.9088 98.3796 1.5
    endloop
  endfacet
  facet normal 0.981054 0.193733 0
    outer loop
      vertex 35.9088 98.3796 1
      vertex 35.926 98.2925 1.5
      vertex 35.926 98.2925 1
    endloop
  endfacet
  facet normal 0.984252 0.176772 0
    outer loop
      vertex 35.9088 98.3796 1.5
      vertex 35.8926 98.4698 1
      vertex 35.8926 98.4698 1.5
    endloop
  endfacet
  facet normal 0.984252 0.176772 0
    outer loop
      vertex 35.8926 98.4698 1
      vertex 35.9088 98.3796 1.5
      vertex 35.9088 98.3796 1
    endloop
  endfacet
  facet normal 0.987155 0.159765 0
    outer loop
      vertex 35.8926 98.4698 1.5
      vertex 35.8775 98.5631 1
      vertex 35.8775 98.5631 1.5
    endloop
  endfacet
  facet normal 0.987155 0.159765 0
    outer loop
      vertex 35.8775 98.5631 1
      vertex 35.8926 98.4698 1.5
      vertex 35.8926 98.4698 1
    endloop
  endfacet
  facet normal 0.989661 0.143429 0
    outer loop
      vertex 35.8775 98.5631 1.5
      vertex 35.8635 98.6597 1
      vertex 35.8635 98.6597 1.5
    endloop
  endfacet
  facet normal 0.989661 0.143429 0
    outer loop
      vertex 35.8635 98.6597 1
      vertex 35.8775 98.5631 1.5
      vertex 35.8775 98.5631 1
    endloop
  endfacet
  facet normal 0.991717 0.128445 0
    outer loop
      vertex 35.8635 98.6597 1.5
      vertex 35.8506 98.7593 1
      vertex 35.8506 98.7593 1.5
    endloop
  endfacet
  facet normal 0.991717 0.128445 0
    outer loop
      vertex 35.8506 98.7593 1
      vertex 35.8635 98.6597 1.5
      vertex 35.8635 98.6597 1
    endloop
  endfacet
  facet normal 0.993548 0.11341 0
    outer loop
      vertex 35.8506 98.7593 1.5
      vertex 35.8389 98.8618 1
      vertex 35.8389 98.8618 1.5
    endloop
  endfacet
  facet normal 0.993548 0.11341 0
    outer loop
      vertex 35.8389 98.8618 1
      vertex 35.8506 98.7593 1.5
      vertex 35.8506 98.7593 1
    endloop
  endfacet
  facet normal 0.995223 0.0976266 0
    outer loop
      vertex 35.8389 98.8618 1.5
      vertex 35.8286 98.9668 1
      vertex 35.8286 98.9668 1.5
    endloop
  endfacet
  facet normal 0.995223 0.0976266 0
    outer loop
      vertex 35.8286 98.9668 1
      vertex 35.8389 98.8618 1.5
      vertex 35.8389 98.8618 1
    endloop
  endfacet
  facet normal 0.996584 0.0825847 0
    outer loop
      vertex 35.8286 98.9668 1.5
      vertex 35.8197 99.0742 1
      vertex 35.8197 99.0742 1.5
    endloop
  endfacet
  facet normal 0.996584 0.0825847 0
    outer loop
      vertex 35.8197 99.0742 1
      vertex 35.8286 98.9668 1.5
      vertex 35.8286 98.9668 1
    endloop
  endfacet
  facet normal 0.997679 0.0680855 0
    outer loop
      vertex 35.8197 99.0742 1.5
      vertex 35.8122 99.1841 1
      vertex 35.8122 99.1841 1.5
    endloop
  endfacet
  facet normal 0.997679 0.0680855 0
    outer loop
      vertex 35.8122 99.1841 1
      vertex 35.8197 99.0742 1.5
      vertex 35.8197 99.0742 1
    endloop
  endfacet
  facet normal 0.998482 0.0550764 0
    outer loop
      vertex 35.8122 99.1841 1.5
      vertex 35.806 99.2965 1
      vertex 35.806 99.2965 1.5
    endloop
  endfacet
  facet normal 0.998482 0.0550764 0
    outer loop
      vertex 35.806 99.2965 1
      vertex 35.8122 99.1841 1.5
      vertex 35.8122 99.1841 1
    endloop
  endfacet
  facet normal 0.999127 0.0417753 0
    outer loop
      vertex 35.806 99.2965 1.5
      vertex 35.8012 99.4113 1
      vertex 35.8012 99.4113 1.5
    endloop
  endfacet
  facet normal 0.999127 0.0417753 0
    outer loop
      vertex 35.8012 99.4113 1
      vertex 35.806 99.2965 1.5
      vertex 35.806 99.2965 1
    endloop
  endfacet
  facet normal 0.99958 0.0289733 0
    outer loop
      vertex 35.8012 99.4113 1.5
      vertex 35.7978 99.5286 1
      vertex 35.7978 99.5286 1.5
    endloop
  endfacet
  facet normal 0.99958 0.0289733 0
    outer loop
      vertex 35.7978 99.5286 1
      vertex 35.8012 99.4113 1.5
      vertex 35.8012 99.4113 1
    endloop
  endfacet
  facet normal 0.999846 0.0175265 0
    outer loop
      vertex 35.7978 99.5286 1.5
      vertex 35.7957 99.6484 1
      vertex 35.7957 99.6484 1.5
    endloop
  endfacet
  facet normal 0.999846 0.0175265 0
    outer loop
      vertex 35.7957 99.6484 1
      vertex 35.7978 99.5286 1.5
      vertex 35.7978 99.5286 1
    endloop
  endfacet
  facet normal 0.999984 0.00572822 0
    outer loop
      vertex 35.7957 99.6484 1.5
      vertex 35.795 99.7706 1
      vertex 35.795 99.7706 1.5
    endloop
  endfacet
  facet normal 0.999984 0.00572822 0
    outer loop
      vertex 35.795 99.7706 1
      vertex 35.7957 99.6484 1.5
      vertex 35.7957 99.6484 1
    endloop
  endfacet
  facet normal 0.999984 -0.00572354 0
    outer loop
      vertex 35.795 99.7706 1.5
      vertex 35.7957 99.8929 1
      vertex 35.7957 99.8929 1.5
    endloop
  endfacet
  facet normal 0.999984 -0.00572354 0
    outer loop
      vertex 35.7957 99.8929 1
      vertex 35.795 99.7706 1.5
      vertex 35.795 99.7706 1
    endloop
  endfacet
  facet normal 0.999847 -0.0174828 0
    outer loop
      vertex 35.7957 99.8929 1.5
      vertex 35.7978 100.013 1
      vertex 35.7978 100.013 1.5
    endloop
  endfacet
  facet normal 0.999847 -0.0174828 0
    outer loop
      vertex 35.7978 100.013 1
      vertex 35.7957 99.8929 1.5
      vertex 35.7957 99.8929 1
    endloop
  endfacet
  facet normal 0.999585 -0.0288016 0
    outer loop
      vertex 35.7978 100.013 1.5
      vertex 35.8012 100.131 1
      vertex 35.8012 100.131 1.5
    endloop
  endfacet
  facet normal 0.999585 -0.0288016 0
    outer loop
      vertex 35.8012 100.131 1
      vertex 35.7978 100.013 1.5
      vertex 35.7978 100.013 1
    endloop
  endfacet
  facet normal 0.99913 -0.0417028 0
    outer loop
      vertex 35.8012 100.131 1.5
      vertex 35.806 100.246 1
      vertex 35.806 100.246 1.5
    endloop
  endfacet
  facet normal 0.99913 -0.0417028 0
    outer loop
      vertex 35.806 100.246 1
      vertex 35.8012 100.131 1.5
      vertex 35.8012 100.131 1
    endloop
  endfacet
  facet normal 0.998498 -0.0547849 0
    outer loop
      vertex 35.806 100.246 1.5
      vertex 35.8122 100.359 1
      vertex 35.8122 100.359 1.5
    endloop
  endfacet
  facet normal 0.998498 -0.0547849 0
    outer loop
      vertex 35.8122 100.359 1
      vertex 35.806 100.246 1.5
      vertex 35.806 100.246 1
    endloop
  endfacet
  facet normal 0.997684 -0.0680239 0
    outer loop
      vertex 35.8122 100.359 1.5
      vertex 35.8197 100.469 1
      vertex 35.8197 100.469 1.5
    endloop
  endfacet
  facet normal 0.997684 -0.0680239 0
    outer loop
      vertex 35.8197 100.469 1
      vertex 35.8122 100.359 1.5
      vertex 35.8122 100.359 1
    endloop
  endfacet
  facet normal 0.996683 -0.0813805 0
    outer loop
      vertex 35.8197 100.469 1.5
      vertex 35.8286 100.578 1
      vertex 35.8286 100.578 1.5
    endloop
  endfacet
  facet normal 0.996683 -0.0813805 0
    outer loop
      vertex 35.8286 100.578 1
      vertex 35.8197 100.469 1.5
      vertex 35.8197 100.469 1
    endloop
  endfacet
  facet normal 0.995312 -0.0967143 0
    outer loop
      vertex 35.8286 100.578 1.5
      vertex 35.8389 100.684 1
      vertex 35.8389 100.684 1.5
    endloop
  endfacet
  facet normal 0.995312 -0.0967143 0
    outer loop
      vertex 35.8389 100.684 1
      vertex 35.8286 100.578 1.5
      vertex 35.8286 100.578 1
    endloop
  endfacet
  facet normal 0.99361 -0.112866 0
    outer loop
      vertex 35.8389 100.684 1.5
      vertex 35.8506 100.787 1
      vertex 35.8506 100.787 1.5
    endloop
  endfacet
  facet normal 0.99361 -0.112866 0
    outer loop
      vertex 35.8506 100.787 1
      vertex 35.8389 100.684 1.5
      vertex 35.8389 100.684 1
    endloop
  endfacet
  facet normal 0.991942 -0.126694 0
    outer loop
      vertex 35.8506 100.787 1.5
      vertex 35.8635 100.888 1
      vertex 35.8635 100.888 1.5
    endloop
  endfacet
  facet normal 0.991942 -0.126694 0
    outer loop
      vertex 35.8635 100.888 1
      vertex 35.8506 100.787 1.5
      vertex 35.8506 100.787 1
    endloop
  endfacet
  facet normal 0.989744 -0.14285 0
    outer loop
      vertex 35.8635 100.888 1.5
      vertex 35.8775 100.985 1
      vertex 35.8775 100.985 1.5
    endloop
  endfacet
  facet normal 0.989744 -0.14285 0
    outer loop
      vertex 35.8775 100.985 1
      vertex 35.8635 100.888 1.5
      vertex 35.8635 100.888 1
    endloop
  endfacet
  facet normal 0.987342 -0.158605 0
    outer loop
      vertex 35.8775 100.985 1.5
      vertex 35.8926 101.079 1
      vertex 35.8926 101.079 1.5
    endloop
  endfacet
  facet normal 0.987342 -0.158605 0
    outer loop
      vertex 35.8926 101.079 1
      vertex 35.8775 100.985 1.5
      vertex 35.8775 100.985 1
    endloop
  endfacet
  facet normal 0.984521 -0.175266 0
    outer loop
      vertex 35.8926 101.079 1.5
      vertex 35.9088 101.17 1
      vertex 35.9088 101.17 1.5
    endloop
  endfacet
  facet normal 0.984521 -0.175266 0
    outer loop
      vertex 35.9088 101.17 1
      vertex 35.8926 101.079 1.5
      vertex 35.8926 101.079 1
    endloop
  endfacet
  facet normal 0.981012 -0.193947 0
    outer loop
      vertex 35.9088 101.17 1.5
      vertex 35.926 101.257 1
      vertex 35.926 101.257 1.5
    endloop
  endfacet
  facet normal 0.981012 -0.193947 0
    outer loop
      vertex 35.926 101.257 1
      vertex 35.9088 101.17 1.5
      vertex 35.9088 101.17 1
    endloop
  endfacet
  facet normal 0.976298 -0.216432 0
    outer loop
      vertex 35.926 101.257 1.5
      vertex 35.9444 101.34 1
      vertex 35.9444 101.34 1.5
    endloop
  endfacet
  facet normal 0.976298 -0.216432 0
    outer loop
      vertex 35.9444 101.34 1
      vertex 35.926 101.257 1.5
      vertex 35.926 101.257 1
    endloop
  endfacet
  facet normal 0.972224 -0.234054 0
    outer loop
      vertex 35.9444 101.34 1.5
      vertex 35.9639 101.421 1
      vertex 35.9639 101.421 1.5
    endloop
  endfacet
  facet normal 0.972224 -0.234054 0
    outer loop
      vertex 35.9639 101.421 1
      vertex 35.9444 101.34 1.5
      vertex 35.9444 101.34 1
    endloop
  endfacet
  facet normal 0.965173 -0.261613 0
    outer loop
      vertex 35.9639 101.421 1.5
      vertex 35.9845 101.497 1
      vertex 35.9845 101.497 1.5
    endloop
  endfacet
  facet normal 0.965173 -0.261613 0
    outer loop
      vertex 35.9845 101.497 1
      vertex 35.9639 101.421 1.5
      vertex 35.9639 101.421 1
    endloop
  endfacet
  facet normal 0.959592 -0.281394 0
    outer loop
      vertex 35.9845 101.497 1.5
      vertex 36.0062 101.571 1
      vertex 36.0062 101.571 1.5
    endloop
  endfacet
  facet normal 0.959592 -0.281394 0
    outer loop
      vertex 36.0062 101.571 1
      vertex 35.9845 101.497 1.5
      vertex 35.9845 101.497 1
    endloop
  endfacet
  facet normal 0.951234 -0.308471 0
    outer loop
      vertex 36.0062 101.571 1.5
      vertex 36.0289 101.641 1
      vertex 36.0289 101.641 1.5
    endloop
  endfacet
  facet normal 0.951234 -0.308471 0
    outer loop
      vertex 36.0289 101.641 1
      vertex 36.0062 101.571 1.5
      vertex 36.0062 101.571 1
    endloop
  endfacet
  facet normal 0.941613 -0.336698 0
    outer loop
      vertex 36.0289 101.641 1.5
      vertex 36.0525 101.707 1
      vertex 36.0525 101.707 1.5
    endloop
  endfacet
  facet normal 0.941613 -0.336698 0
    outer loop
      vertex 36.0525 101.707 1
      vertex 36.0289 101.641 1.5
      vertex 36.0289 101.641 1
    endloop
  endfacet
  facet normal 0.931504 -0.36373 0
    outer loop
      vertex 36.0525 101.707 1.5
      vertex 36.0771 101.77 1
      vertex 36.0771 101.77 1.5
    endloop
  endfacet
  facet normal 0.931504 -0.36373 0
    outer loop
      vertex 36.0771 101.77 1
      vertex 36.0525 101.707 1.5
      vertex 36.0525 101.707 1
    endloop
  endfacet
  facet normal 0.917366 -0.398044 0
    outer loop
      vertex 36.0771 101.77 1.5
      vertex 36.1027 101.829 1
      vertex 36.1027 101.829 1.5
    endloop
  endfacet
  facet normal 0.917366 -0.398044 0
    outer loop
      vertex 36.1027 101.829 1
      vertex 36.0771 101.77 1.5
      vertex 36.0771 101.77 1
    endloop
  endfacet
  facet normal 0.900242 -0.43539 0
    outer loop
      vertex 36.1027 101.829 1.5
      vertex 36.1293 101.884 1
      vertex 36.1293 101.884 1.5
    endloop
  endfacet
  facet normal 0.900242 -0.43539 0
    outer loop
      vertex 36.1293 101.884 1
      vertex 36.1027 101.829 1.5
      vertex 36.1027 101.829 1
    endloop
  endfacet
  facet normal 0.883995 -0.467497 0
    outer loop
      vertex 36.1293 101.884 1.5
      vertex 36.1568 101.936 1
      vertex 36.1568 101.936 1.5
    endloop
  endfacet
  facet normal 0.883995 -0.467497 0
    outer loop
      vertex 36.1568 101.936 1
      vertex 36.1293 101.884 1.5
      vertex 36.1293 101.884 1
    endloop
  endfacet
  facet normal 0.865184 -0.501454 0
    outer loop
      vertex 36.1568 101.936 1.5
      vertex 36.1852 101.985 1
      vertex 36.1852 101.985 1.5
    endloop
  endfacet
  facet normal 0.865184 -0.501454 0
    outer loop
      vertex 36.1852 101.985 1
      vertex 36.1568 101.936 1.5
      vertex 36.1568 101.936 1
    endloop
  endfacet
  facet normal 0.836314 -0.54825 0
    outer loop
      vertex 36.1852 101.985 1.5
      vertex 36.2147 102.03 1
      vertex 36.2147 102.03 1.5
    endloop
  endfacet
  facet normal 0.836314 -0.54825 0
    outer loop
      vertex 36.2147 102.03 1
      vertex 36.1852 101.985 1.5
      vertex 36.1852 101.985 1
    endloop
  endfacet
  facet normal 0.804217 -0.594336 0
    outer loop
      vertex 36.2147 102.03 1.5
      vertex 36.245 102.071 1
      vertex 36.245 102.071 1.5
    endloop
  endfacet
  facet normal 0.804217 -0.594336 0
    outer loop
      vertex 36.245 102.071 1
      vertex 36.2147 102.03 1.5
      vertex 36.2147 102.03 1
    endloop
  endfacet
  facet normal 0.764482 -0.644645 0
    outer loop
      vertex 36.245 102.071 1.5
      vertex 36.2762 102.108 1
      vertex 36.2762 102.108 1.5
    endloop
  endfacet
  facet normal 0.764482 -0.644645 0
    outer loop
      vertex 36.2762 102.108 1
      vertex 36.245 102.071 1.5
      vertex 36.245 102.071 1
    endloop
  endfacet
  facet normal 0.718988 -0.695022 0
    outer loop
      vertex 36.2762 102.108 1.5
      vertex 36.3081 102.141 1
      vertex 36.3081 102.141 1.5
    endloop
  endfacet
  facet normal 0.718988 -0.695022 0
    outer loop
      vertex 36.3081 102.141 1
      vertex 36.2762 102.108 1.5
      vertex 36.2762 102.108 1
    endloop
  endfacet
  facet normal 0.664648 -0.747156 0
    outer loop
      vertex 36.3081 102.141 1
      vertex 36.3407 102.17 1.5
      vertex 36.3081 102.141 1.5
    endloop
  endfacet
  facet normal 0.664648 -0.747156 0
    outer loop
      vertex 36.3407 102.17 1.5
      vertex 36.3081 102.141 1
      vertex 36.3407 102.17 1
    endloop
  endfacet
  facet normal 0.58469 -0.811257 0
    outer loop
      vertex 36.3407 102.17 1
      vertex 36.374 102.194 1.5
      vertex 36.3407 102.17 1.5
    endloop
  endfacet
  facet normal 0.58469 -0.811257 0
    outer loop
      vertex 36.374 102.194 1.5
      vertex 36.3407 102.17 1
      vertex 36.374 102.194 1
    endloop
  endfacet
  facet normal 0.50813 -0.86128 0
    outer loop
      vertex 36.374 102.194 1
      vertex 36.4079 102.214 1.5
      vertex 36.374 102.194 1.5
    endloop
  endfacet
  facet normal 0.50813 -0.86128 0
    outer loop
      vertex 36.4079 102.214 1.5
      vertex 36.374 102.194 1
      vertex 36.4079 102.214 1
    endloop
  endfacet
  facet normal 0.396791 -0.917909 0
    outer loop
      vertex 36.4079 102.214 1
      vertex 36.4426 102.229 1.5
      vertex 36.4079 102.214 1.5
    endloop
  endfacet
  facet normal 0.396791 -0.917909 0
    outer loop
      vertex 36.4426 102.229 1.5
      vertex 36.4079 102.214 1
      vertex 36.4426 102.229 1
    endloop
  endfacet
  facet normal 0.297505 -0.95472 0
    outer loop
      vertex 36.4426 102.229 1
      vertex 36.4779 102.24 1.5
      vertex 36.4426 102.229 1.5
    endloop
  endfacet
  facet normal 0.297505 -0.95472 0
    outer loop
      vertex 36.4779 102.24 1.5
      vertex 36.4426 102.229 1
      vertex 36.4779 102.24 1
    endloop
  endfacet
  facet normal 0.164399 -0.986394 0
    outer loop
      vertex 36.4779 102.24 1
      vertex 36.5139 102.246 1.5
      vertex 36.4779 102.24 1.5
    endloop
  endfacet
  facet normal 0.164399 -0.986394 0
    outer loop
      vertex 36.5139 102.246 1.5
      vertex 36.4779 102.24 1
      vertex 36.5139 102.246 1
    endloop
  endfacet
  facet normal 0.0814721 -0.996676 0
    outer loop
      vertex 36.5139 102.246 1
      vertex 36.5506 102.249 1.5
      vertex 36.5139 102.246 1.5
    endloop
  endfacet
  facet normal 0.0814721 -0.996676 0
    outer loop
      vertex 36.5506 102.249 1.5
      vertex 36.5139 102.246 1
      vertex 36.5506 102.249 1
    endloop
  endfacet
  facet normal -0.0816932 -0.996658 0
    outer loop
      vertex 36.5506 102.249 1
      vertex 36.5872 102.246 1.5
      vertex 36.5506 102.249 1.5
    endloop
  endfacet
  facet normal -0.0816932 -0.996658 -0
    outer loop
      vertex 36.5872 102.246 1.5
      vertex 36.5506 102.249 1
      vertex 36.5872 102.246 1
    endloop
  endfacet
  facet normal -0.163956 -0.986468 0
    outer loop
      vertex 36.5872 102.246 1
      vertex 36.6233 102.24 1.5
      vertex 36.5872 102.246 1.5
    endloop
  endfacet
  facet normal -0.163956 -0.986468 -0
    outer loop
      vertex 36.6233 102.24 1.5
      vertex 36.5872 102.246 1
      vertex 36.6233 102.24 1
    endloop
  endfacet
  facet normal -0.297505 -0.95472 0
    outer loop
      vertex 36.6233 102.24 1
      vertex 36.6586 102.229 1.5
      vertex 36.6233 102.24 1.5
    endloop
  endfacet
  facet normal -0.297505 -0.95472 -0
    outer loop
      vertex 36.6586 102.229 1.5
      vertex 36.6233 102.24 1
      vertex 36.6586 102.229 1
    endloop
  endfacet
  facet normal -0.397756 -0.917491 0
    outer loop
      vertex 36.6586 102.229 1
      vertex 36.6932 102.214 1.5
      vertex 36.6586 102.229 1.5
    endloop
  endfacet
  facet normal -0.397756 -0.917491 -0
    outer loop
      vertex 36.6932 102.214 1.5
      vertex 36.6586 102.229 1
      vertex 36.6932 102.214 1
    endloop
  endfacet
  facet normal -0.50702 -0.861934 0
    outer loop
      vertex 36.6932 102.214 1
      vertex 36.7272 102.194 1.5
      vertex 36.6932 102.214 1.5
    endloop
  endfacet
  facet normal -0.50702 -0.861934 -0
    outer loop
      vertex 36.7272 102.194 1.5
      vertex 36.6932 102.214 1
      vertex 36.7272 102.194 1
    endloop
  endfacet
  facet normal -0.585847 -0.810422 0
    outer loop
      vertex 36.7272 102.194 1
      vertex 36.7604 102.17 1.5
      vertex 36.7272 102.194 1.5
    endloop
  endfacet
  facet normal -0.585847 -0.810422 -0
    outer loop
      vertex 36.7604 102.17 1.5
      vertex 36.7272 102.194 1
      vertex 36.7604 102.17 1
    endloop
  endfacet
  facet normal -0.664648 -0.747156 0
    outer loop
      vertex 36.7604 102.17 1
      vertex 36.793 102.141 1.5
      vertex 36.7604 102.17 1.5
    endloop
  endfacet
  facet normal -0.664648 -0.747156 -0
    outer loop
      vertex 36.793 102.141 1.5
      vertex 36.7604 102.17 1
      vertex 36.793 102.141 1
    endloop
  endfacet
  facet normal -0.718988 -0.695022 0
    outer loop
      vertex 36.8249 102.108 1
      vertex 36.793 102.141 1.5
      vertex 36.793 102.141 1
    endloop
  endfacet
  facet normal -0.718988 -0.695022 0
    outer loop
      vertex 36.793 102.141 1.5
      vertex 36.8249 102.108 1
      vertex 36.8249 102.108 1.5
    endloop
  endfacet
  facet normal -0.764482 -0.644645 0
    outer loop
      vertex 36.8561 102.071 1
      vertex 36.8249 102.108 1.5
      vertex 36.8249 102.108 1
    endloop
  endfacet
  facet normal -0.764482 -0.644645 0
    outer loop
      vertex 36.8249 102.108 1.5
      vertex 36.8561 102.071 1
      vertex 36.8561 102.071 1.5
    endloop
  endfacet
  facet normal -0.804217 -0.594336 0
    outer loop
      vertex 36.8864 102.03 1
      vertex 36.8561 102.071 1.5
      vertex 36.8561 102.071 1
    endloop
  endfacet
  facet normal -0.804217 -0.594336 0
    outer loop
      vertex 36.8561 102.071 1.5
      vertex 36.8864 102.03 1
      vertex 36.8864 102.03 1.5
    endloop
  endfacet
  facet normal -0.838869 -0.544333 0
    outer loop
      vertex 36.9156 101.985 1
      vertex 36.8864 102.03 1.5
      vertex 36.8864 102.03 1
    endloop
  endfacet
  facet normal -0.838869 -0.544333 0
    outer loop
      vertex 36.8864 102.03 1.5
      vertex 36.9156 101.985 1
      vertex 36.9156 101.985 1.5
    endloop
  endfacet
  facet normal -0.867479 -0.497473 0
    outer loop
      vertex 36.9437 101.936 1
      vertex 36.9156 101.985 1.5
      vertex 36.9156 101.985 1
    endloop
  endfacet
  facet normal -0.867479 -0.497473 0
    outer loop
      vertex 36.9156 101.985 1.5
      vertex 36.9437 101.936 1
      vertex 36.9437 101.936 1.5
    endloop
  endfacet
  facet normal -0.887496 -0.460815 0
    outer loop
      vertex 36.9707 101.884 1
      vertex 36.9437 101.936 1.5
      vertex 36.9437 101.936 1
    endloop
  endfacet
  facet normal -0.887496 -0.460815 0
    outer loop
      vertex 36.9437 101.936 1.5
      vertex 36.9707 101.884 1
      vertex 36.9707 101.884 1.5
    endloop
  endfacet
  facet normal -0.904072 -0.42738 0
    outer loop
      vertex 36.9967 101.829 1
      vertex 36.9707 101.884 1.5
      vertex 36.9707 101.884 1
    endloop
  endfacet
  facet normal -0.904072 -0.42738 0
    outer loop
      vertex 36.9707 101.884 1.5
      vertex 36.9967 101.829 1
      vertex 36.9967 101.829 1.5
    endloop
  endfacet
  facet normal -0.92187 -0.387498 0
    outer loop
      vertex 37.0215 101.77 1
      vertex 36.9967 101.829 1.5
      vertex 36.9967 101.829 1
    endloop
  endfacet
  facet normal -0.92187 -0.387498 0
    outer loop
      vertex 36.9967 101.829 1.5
      vertex 37.0215 101.77 1
      vertex 37.0215 101.77 1.5
    endloop
  endfacet
  facet normal -0.935962 -0.3521 0
    outer loop
      vertex 37.0452 101.707 1
      vertex 37.0215 101.77 1.5
      vertex 37.0215 101.77 1
    endloop
  endfacet
  facet normal -0.935962 -0.3521 0
    outer loop
      vertex 37.0215 101.77 1.5
      vertex 37.0452 101.707 1
      vertex 37.0452 101.707 1.5
    endloop
  endfacet
  facet normal -0.946072 -0.323958 0
    outer loop
      vertex 37.0678 101.641 1
      vertex 37.0452 101.707 1.5
      vertex 37.0452 101.707 1
    endloop
  endfacet
  facet normal -0.946072 -0.323958 0
    outer loop
      vertex 37.0452 101.707 1.5
      vertex 37.0678 101.641 1
      vertex 37.0678 101.641 1.5
    endloop
  endfacet
  facet normal -0.955543 -0.294853 0
    outer loop
      vertex 37.0894 101.571 1
      vertex 37.0678 101.641 1.5
      vertex 37.0678 101.641 1
    endloop
  endfacet
  facet normal -0.955543 -0.294853 0
    outer loop
      vertex 37.0678 101.641 1.5
      vertex 37.0894 101.571 1
      vertex 37.0894 101.571 1.5
    endloop
  endfacet
  facet normal -0.963704 -0.266972 0
    outer loop
      vertex 37.1099 101.497 1
      vertex 37.0894 101.571 1.5
      vertex 37.0894 101.571 1
    endloop
  endfacet
  facet normal -0.963704 -0.266972 0
    outer loop
      vertex 37.0894 101.571 1.5
      vertex 37.1099 101.497 1
      vertex 37.1099 101.497 1.5
    endloop
  endfacet
  facet normal -0.968625 -0.248529 0
    outer loop
      vertex 37.1294 101.421 1
      vertex 37.1099 101.497 1.5
      vertex 37.1099 101.497 1
    endloop
  endfacet
  facet normal -0.968625 -0.248529 0
    outer loop
      vertex 37.1099 101.497 1.5
      vertex 37.1294 101.421 1
      vertex 37.1294 101.421 1.5
    endloop
  endfacet
  facet normal -0.974634 -0.223805 0
    outer loop
      vertex 37.148 101.34 1
      vertex 37.1294 101.421 1.5
      vertex 37.1294 101.421 1
    endloop
  endfacet
  facet normal -0.974634 -0.223805 0
    outer loop
      vertex 37.1294 101.421 1.5
      vertex 37.148 101.34 1
      vertex 37.148 101.34 1.5
    endloop
  endfacet
  facet normal -0.978249 -0.207436 0
    outer loop
      vertex 37.1656 101.257 1
      vertex 37.148 101.34 1.5
      vertex 37.148 101.34 1
    endloop
  endfacet
  facet normal -0.978249 -0.207436 0
    outer loop
      vertex 37.148 101.34 1.5
      vertex 37.1656 101.257 1
      vertex 37.1656 101.257 1.5
    endloop
  endfacet
  facet normal -0.982071 -0.188512 0
    outer loop
      vertex 37.1823 101.17 1
      vertex 37.1656 101.257 1.5
      vertex 37.1656 101.257 1
    endloop
  endfacet
  facet normal -0.982071 -0.188512 0
    outer loop
      vertex 37.1656 101.257 1.5
      vertex 37.1823 101.17 1
      vertex 37.1823 101.17 1.5
    endloop
  endfacet
  facet normal -0.985441 -0.170016 0
    outer loop
      vertex 37.198 101.079 1
      vertex 37.1823 101.17 1.5
      vertex 37.1823 101.17 1
    endloop
  endfacet
  facet normal -0.985441 -0.170016 0
    outer loop
      vertex 37.1823 101.17 1.5
      vertex 37.198 101.079 1
      vertex 37.198 101.079 1.5
    endloop
  endfacet
  facet normal -0.987831 -0.155531 0
    outer loop
      vertex 37.2128 100.985 1
      vertex 37.198 101.079 1.5
      vertex 37.198 101.079 1
    endloop
  endfacet
  facet normal -0.987831 -0.155531 0
    outer loop
      vertex 37.198 101.079 1.5
      vertex 37.2128 100.985 1
      vertex 37.2128 100.985 1.5
    endloop
  endfacet
  facet normal -0.990173 -0.139849 0
    outer loop
      vertex 37.2265 100.888 1
      vertex 37.2128 100.985 1.5
      vertex 37.2128 100.985 1
    endloop
  endfacet
  facet normal -0.990173 -0.139849 0
    outer loop
      vertex 37.2128 100.985 1.5
      vertex 37.2265 100.888 1
      vertex 37.2265 100.888 1.5
    endloop
  endfacet
  facet normal -0.991942 -0.126694 0
    outer loop
      vertex 37.2394 100.787 1
      vertex 37.2265 100.888 1.5
      vertex 37.2265 100.888 1
    endloop
  endfacet
  facet normal -0.991942 -0.126694 0
    outer loop
      vertex 37.2265 100.888 1.5
      vertex 37.2394 100.787 1
      vertex 37.2394 100.787 1.5
    endloop
  endfacet
  facet normal -0.993718 -0.111914 0
    outer loop
      vertex 37.251 100.684 1
      vertex 37.2394 100.787 1.5
      vertex 37.2394 100.787 1
    endloop
  endfacet
  facet normal -0.993718 -0.111914 0
    outer loop
      vertex 37.2394 100.787 1.5
      vertex 37.251 100.684 1
      vertex 37.251 100.684 1.5
    endloop
  endfacet
  facet normal -0.995312 -0.0967143 0
    outer loop
      vertex 37.2613 100.578 1
      vertex 37.251 100.684 1.5
      vertex 37.251 100.684 1
    endloop
  endfacet
  facet normal -0.995312 -0.0967143 0
    outer loop
      vertex 37.251 100.684 1.5
      vertex 37.2613 100.578 1
      vertex 37.2613 100.578 1.5
    endloop
  endfacet
  facet normal -0.996683 -0.0813805 0
    outer loop
      vertex 37.2702 100.469 1
      vertex 37.2613 100.578 1.5
      vertex 37.2613 100.578 1
    endloop
  endfacet
  facet normal -0.996683 -0.0813805 0
    outer loop
      vertex 37.2613 100.578 1.5
      vertex 37.2702 100.469 1
      vertex 37.2702 100.469 1.5
    endloop
  endfacet
  facet normal -0.997622 -0.0689266 0
    outer loop
      vertex 37.2778 100.359 1
      vertex 37.2702 100.469 1.5
      vertex 37.2702 100.469 1
    endloop
  endfacet
  facet normal -0.997622 -0.0689266 0
    outer loop
      vertex 37.2702 100.469 1.5
      vertex 37.2778 100.359 1
      vertex 37.2778 100.359 1.5
    endloop
  endfacet
  facet normal -0.998498 -0.0547849 0
    outer loop
      vertex 37.284 100.246 1
      vertex 37.2778 100.359 1.5
      vertex 37.2778 100.359 1
    endloop
  endfacet
  facet normal -0.998498 -0.0547849 0
    outer loop
      vertex 37.2778 100.359 1.5
      vertex 37.284 100.246 1
      vertex 37.284 100.246 1.5
    endloop
  endfacet
  facet normal -0.99913 -0.0417028 0
    outer loop
      vertex 37.2888 100.131 1
      vertex 37.284 100.246 1.5
      vertex 37.284 100.246 1
    endloop
  endfacet
  facet normal -0.99913 -0.0417028 0
    outer loop
      vertex 37.284 100.246 1.5
      vertex 37.2888 100.131 1
      vertex 37.2888 100.131 1.5
    endloop
  endfacet
  facet normal -0.999585 -0.0288016 0
    outer loop
      vertex 37.2922 100.013 1
      vertex 37.2888 100.131 1.5
      vertex 37.2888 100.131 1
    endloop
  endfacet
  facet normal -0.999585 -0.0288016 0
    outer loop
      vertex 37.2888 100.131 1.5
      vertex 37.2922 100.013 1
      vertex 37.2922 100.013 1.5
    endloop
  endfacet
  facet normal -0.999847 -0.0174828 0
    outer loop
      vertex 37.2943 99.8929 1
      vertex 37.2922 100.013 1.5
      vertex 37.2922 100.013 1
    endloop
  endfacet
  facet normal -0.999847 -0.0174828 0
    outer loop
      vertex 37.2922 100.013 1.5
      vertex 37.2943 99.8929 1
      vertex 37.2943 99.8929 1.5
    endloop
  endfacet
  facet normal -0.999984 -0.00572354 0
    outer loop
      vertex 37.295 99.7706 1
      vertex 37.2943 99.8929 1.5
      vertex 37.2943 99.8929 1
    endloop
  endfacet
  facet normal -0.999984 -0.00572354 0
    outer loop
      vertex 37.2943 99.8929 1.5
      vertex 37.295 99.7706 1
      vertex 37.295 99.7706 1.5
    endloop
  endfacet
  facet normal -0.999984 0.00572822 0
    outer loop
      vertex 37.2943 99.6484 1
      vertex 37.295 99.7706 1.5
      vertex 37.295 99.7706 1
    endloop
  endfacet
  facet normal -0.999984 0.00572822 0
    outer loop
      vertex 37.295 99.7706 1.5
      vertex 37.2943 99.6484 1
      vertex 37.2943 99.6484 1.5
    endloop
  endfacet
  facet normal -0.999846 0.0175265 0
    outer loop
      vertex 37.2922 99.5286 1
      vertex 37.2943 99.6484 1.5
      vertex 37.2943 99.6484 1
    endloop
  endfacet
  facet normal -0.999846 0.0175265 0
    outer loop
      vertex 37.2943 99.6484 1.5
      vertex 37.2922 99.5286 1
      vertex 37.2922 99.5286 1.5
    endloop
  endfacet
  facet normal -0.99958 0.0289733 0
    outer loop
      vertex 37.2888 99.4113 1
      vertex 37.2922 99.5286 1.5
      vertex 37.2922 99.5286 1
    endloop
  endfacet
  facet normal -0.99958 0.0289733 0
    outer loop
      vertex 37.2922 99.5286 1.5
      vertex 37.2888 99.4113 1
      vertex 37.2888 99.4113 1.5
    endloop
  endfacet
  facet normal -0.999127 0.0417753 0
    outer loop
      vertex 37.284 99.2965 1
      vertex 37.2888 99.4113 1.5
      vertex 37.2888 99.4113 1
    endloop
  endfacet
  facet normal -0.999127 0.0417753 0
    outer loop
      vertex 37.2888 99.4113 1.5
      vertex 37.284 99.2965 1
      vertex 37.284 99.2965 1.5
    endloop
  endfacet
  facet normal -0.998482 0.0550764 0
    outer loop
      vertex 37.2778 99.1841 1
      vertex 37.284 99.2965 1.5
      vertex 37.284 99.2965 1
    endloop
  endfacet
  facet normal -0.998482 0.0550764 0
    outer loop
      vertex 37.284 99.2965 1.5
      vertex 37.2778 99.1841 1
      vertex 37.2778 99.1841 1.5
    endloop
  endfacet
  facet normal -0.997617 0.068989 0
    outer loop
      vertex 37.2702 99.0742 1
      vertex 37.2778 99.1841 1.5
      vertex 37.2778 99.1841 1
    endloop
  endfacet
  facet normal -0.997617 0.068989 0
    outer loop
      vertex 37.2778 99.1841 1.5
      vertex 37.2702 99.0742 1
      vertex 37.2702 99.0742 1.5
    endloop
  endfacet
  facet normal -0.996584 0.0825847 0
    outer loop
      vertex 37.2613 98.9668 1
      vertex 37.2702 99.0742 1.5
      vertex 37.2702 99.0742 1
    endloop
  endfacet
  facet normal -0.996584 0.0825847 0
    outer loop
      vertex 37.2702 99.0742 1.5
      vertex 37.2613 98.9668 1
      vertex 37.2613 98.9668 1.5
    endloop
  endfacet
  facet normal -0.995223 0.0976266 0
    outer loop
      vertex 37.251 98.8618 1
      vertex 37.2613 98.9668 1.5
      vertex 37.2613 98.9668 1
    endloop
  endfacet
  facet normal -0.995223 0.0976266 0
    outer loop
      vertex 37.2613 98.9668 1.5
      vertex 37.251 98.8618 1
      vertex 37.251 98.8618 1.5
    endloop
  endfacet
  facet normal -0.993657 0.112453 0
    outer loop
      vertex 37.2394 98.7593 1
      vertex 37.251 98.8618 1.5
      vertex 37.251 98.8618 1
    endloop
  endfacet
  facet normal -0.993657 0.112453 0
    outer loop
      vertex 37.251 98.8618 1.5
      vertex 37.2394 98.7593 1
      vertex 37.2394 98.7593 1.5
    endloop
  endfacet
  facet normal -0.991717 0.128445 0
    outer loop
      vertex 37.2265 98.6597 1
      vertex 37.2394 98.7593 1.5
      vertex 37.2394 98.7593 1
    endloop
  endfacet
  facet normal -0.991717 0.128445 0
    outer loop
      vertex 37.2394 98.7593 1.5
      vertex 37.2265 98.6597 1
      vertex 37.2265 98.6597 1.5
    endloop
  endfacet
  facet normal -0.990092 0.140417 0
    outer loop
      vertex 37.2128 98.5631 1
      vertex 37.2265 98.6597 1.5
      vertex 37.2265 98.6597 1
    endloop
  endfacet
  facet normal -0.990092 0.140417 0
    outer loop
      vertex 37.2265 98.6597 1.5
      vertex 37.2128 98.5631 1
      vertex 37.2128 98.5631 1.5
    endloop
  endfacet
  facet normal -0.987651 0.156669 0
    outer loop
      vertex 37.198 98.4698 1
      vertex 37.2128 98.5631 1.5
      vertex 37.2128 98.5631 1
    endloop
  endfacet
  facet normal -0.987651 0.156669 0
    outer loop
      vertex 37.2128 98.5631 1.5
      vertex 37.198 98.4698 1
      vertex 37.198 98.4698 1.5
    endloop
  endfacet
  facet normal -0.985188 0.171479 0
    outer loop
      vertex 37.1823 98.3796 1
      vertex 37.198 98.4698 1.5
      vertex 37.198 98.4698 1
    endloop
  endfacet
  facet normal -0.985188 0.171479 0
    outer loop
      vertex 37.198 98.4698 1.5
      vertex 37.1823 98.3796 1
      vertex 37.1823 98.3796 1.5
    endloop
  endfacet
  facet normal -0.982111 0.188304 0
    outer loop
      vertex 37.1656 98.2925 1
      vertex 37.1823 98.3796 1.5
      vertex 37.1823 98.3796 1
    endloop
  endfacet
  facet normal -0.982111 0.188304 0
    outer loop
      vertex 37.1823 98.3796 1.5
      vertex 37.1656 98.2925 1
      vertex 37.1656 98.2925 1.5
    endloop
  endfacet
  facet normal -0.978698 0.205305 0
    outer loop
      vertex 37.148 98.2086 1
      vertex 37.1656 98.2925 1.5
      vertex 37.1656 98.2925 1
    endloop
  endfacet
  facet normal -0.978698 0.205305 0
    outer loop
      vertex 37.1656 98.2925 1.5
      vertex 37.148 98.2086 1
      vertex 37.148 98.2086 1.5
    endloop
  endfacet
  facet normal -0.974452 0.224595 0
    outer loop
      vertex 37.1294 98.1279 1
      vertex 37.148 98.2086 1.5
      vertex 37.148 98.2086 1
    endloop
  endfacet
  facet normal -0.974452 0.224595 0
    outer loop
      vertex 37.148 98.2086 1.5
      vertex 37.1294 98.1279 1
      vertex 37.1294 98.1279 1.5
    endloop
  endfacet
  facet normal -0.969848 0.243712 0
    outer loop
      vertex 37.1099 98.0503 1
      vertex 37.1294 98.1279 1.5
      vertex 37.1294 98.1279 1
    endloop
  endfacet
  facet normal -0.969848 0.243712 0
    outer loop
      vertex 37.1294 98.1279 1.5
      vertex 37.1099 98.0503 1
      vertex 37.1099 98.0503 1.5
    endloop
  endfacet
  facet normal -0.964073 0.265638 0
    outer loop
      vertex 37.0894 97.9759 1
      vertex 37.1099 98.0503 1.5
      vertex 37.1099 98.0503 1
    endloop
  endfacet
  facet normal -0.964073 0.265638 0
    outer loop
      vertex 37.1099 98.0503 1.5
      vertex 37.0894 97.9759 1
      vertex 37.0894 97.9759 1.5
    endloop
  endfacet
  facet normal -0.956707 0.291054 0
    outer loop
      vertex 37.0678 97.9049 1
      vertex 37.0894 97.9759 1.5
      vertex 37.0894 97.9759 1
    endloop
  endfacet
  facet normal -0.956707 0.291054 0
    outer loop
      vertex 37.0894 97.9759 1.5
      vertex 37.0678 97.9049 1
      vertex 37.0678 97.9049 1.5
    endloop
  endfacet
  facet normal -0.947977 0.31834 0
    outer loop
      vertex 37.0452 97.8376 1
      vertex 37.0678 97.9049 1.5
      vertex 37.0678 97.9049 1
    endloop
  endfacet
  facet normal -0.947977 0.31834 0
    outer loop
      vertex 37.0678 97.9049 1.5
      vertex 37.0452 97.8376 1
      vertex 37.0452 97.8376 1.5
    endloop
  endfacet
  facet normal -0.937054 0.349185 0
    outer loop
      vertex 37.0215 97.774 1
      vertex 37.0452 97.8376 1.5
      vertex 37.0452 97.8376 1
    endloop
  endfacet
  facet normal -0.937054 0.349185 0
    outer loop
      vertex 37.0452 97.8376 1.5
      vertex 37.0215 97.774 1
      vertex 37.0215 97.774 1.5
    endloop
  endfacet
  facet normal -0.923715 0.383079 0
    outer loop
      vertex 36.9967 97.7142 1
      vertex 37.0215 97.774 1.5
      vertex 37.0215 97.774 1
    endloop
  endfacet
  facet normal -0.923715 0.383079 0
    outer loop
      vertex 37.0215 97.774 1.5
      vertex 36.9967 97.7142 1
      vertex 36.9967 97.7142 1.5
    endloop
  endfacet
  facet normal -0.907581 0.419877 0
    outer loop
      vertex 36.9707 97.658 1
      vertex 36.9967 97.7142 1.5
      vertex 36.9967 97.7142 1
    endloop
  endfacet
  facet normal -0.907581 0.419877 0
    outer loop
      vertex 36.9967 97.7142 1.5
      vertex 36.9707 97.658 1
      vertex 36.9707 97.658 1.5
    endloop
  endfacet
  facet normal -0.889288 0.457348 0
    outer loop
      vertex 36.9437 97.6055 1
      vertex 36.9707 97.658 1.5
      vertex 36.9707 97.658 1
    endloop
  endfacet
  facet normal -0.889288 0.457348 0
    outer loop
      vertex 36.9707 97.658 1.5
      vertex 36.9437 97.6055 1
      vertex 36.9437 97.6055 1.5
    endloop
  endfacet
  facet normal -0.866599 0.499005 0
    outer loop
      vertex 36.9156 97.5567 1
      vertex 36.9437 97.6055 1.5
      vertex 36.9437 97.6055 1
    endloop
  endfacet
  facet normal -0.866599 0.499005 0
    outer loop
      vertex 36.9437 97.6055 1.5
      vertex 36.9156 97.5567 1
      vertex 36.9156 97.5567 1.5
    endloop
  endfacet
  facet normal -0.838869 0.544333 0
    outer loop
      vertex 36.8864 97.5117 1
      vertex 36.9156 97.5567 1.5
      vertex 36.9156 97.5567 1
    endloop
  endfacet
  facet normal -0.838869 0.544333 0
    outer loop
      vertex 36.9156 97.5567 1.5
      vertex 36.8864 97.5117 1
      vertex 36.8864 97.5117 1.5
    endloop
  endfacet
  facet normal -0.806962 0.590603 0
    outer loop
      vertex 36.8561 97.4703 1
      vertex 36.8864 97.5117 1.5
      vertex 36.8864 97.5117 1
    endloop
  endfacet
  facet normal -0.806962 0.590603 0
    outer loop
      vertex 36.8864 97.5117 1.5
      vertex 36.8561 97.4703 1
      vertex 36.8561 97.4703 1.5
    endloop
  endfacet
  facet normal -0.76704 0.641599 0
    outer loop
      vertex 36.8249 97.433 1
      vertex 36.8561 97.4703 1.5
      vertex 36.8561 97.4703 1
    endloop
  endfacet
  facet normal -0.76704 0.641599 0
    outer loop
      vertex 36.8561 97.4703 1.5
      vertex 36.8249 97.433 1
      vertex 36.8249 97.433 1.5
    endloop
  endfacet
  facet normal -0.717933 0.696112 0
    outer loop
      vertex 36.793 97.4001 1
      vertex 36.8249 97.433 1.5
      vertex 36.8249 97.433 1
    endloop
  endfacet
  facet normal -0.717933 0.696112 0
    outer loop
      vertex 36.8249 97.433 1.5
      vertex 36.793 97.4001 1
      vertex 36.793 97.4001 1.5
    endloop
  endfacet
  facet normal -0.659484 0.751719 0
    outer loop
      vertex 36.793 97.4001 1
      vertex 36.7604 97.3715 1.5
      vertex 36.793 97.4001 1.5
    endloop
  endfacet
  facet normal -0.659484 0.751719 0
    outer loop
      vertex 36.7604 97.3715 1.5
      vertex 36.793 97.4001 1
      vertex 36.7604 97.3715 1
    endloop
  endfacet
  facet normal -0.587447 0.809263 0
    outer loop
      vertex 36.7604 97.3715 1
      vertex 36.7272 97.3474 1.5
      vertex 36.7604 97.3715 1.5
    endloop
  endfacet
  facet normal -0.587447 0.809263 0
    outer loop
      vertex 36.7272 97.3474 1.5
      vertex 36.7604 97.3715 1
      vertex 36.7272 97.3474 1
    endloop
  endfacet
  facet normal -0.503239 0.864147 0
    outer loop
      vertex 36.7272 97.3474 1
      vertex 36.6932 97.3276 1.5
      vertex 36.7272 97.3474 1.5
    endloop
  endfacet
  facet normal -0.503239 0.864147 0
    outer loop
      vertex 36.6932 97.3276 1.5
      vertex 36.7272 97.3474 1
      vertex 36.6932 97.3276 1
    endloop
  endfacet
  facet normal -0.404421 0.914573 0
    outer loop
      vertex 36.6932 97.3276 1
      vertex 36.6586 97.3123 1.5
      vertex 36.6932 97.3276 1.5
    endloop
  endfacet
  facet normal -0.404421 0.914573 0
    outer loop
      vertex 36.6586 97.3123 1.5
      vertex 36.6932 97.3276 1
      vertex 36.6586 97.3123 1
    endloop
  endfacet
  facet normal -0.297505 0.95472 0
    outer loop
      vertex 36.6586 97.3123 1
      vertex 36.6233 97.3013 1.5
      vertex 36.6586 97.3123 1.5
    endloop
  endfacet
  facet normal -0.297505 0.95472 0
    outer loop
      vertex 36.6233 97.3013 1.5
      vertex 36.6586 97.3123 1
      vertex 36.6233 97.3013 1
    endloop
  endfacet
  facet normal -0.179845 0.983695 0
    outer loop
      vertex 36.6233 97.3013 1
      vertex 36.5872 97.2947 1.5
      vertex 36.6233 97.3013 1.5
    endloop
  endfacet
  facet normal -0.179845 0.983695 0
    outer loop
      vertex 36.5872 97.2947 1.5
      vertex 36.6233 97.3013 1
      vertex 36.5872 97.2947 1
    endloop
  endfacet
  facet normal -0.060001 0.998198 0
    outer loop
      vertex 36.5872 97.2947 1
      vertex 36.5506 97.2925 1.5
      vertex 36.5872 97.2947 1.5
    endloop
  endfacet
  facet normal -0.060001 0.998198 0
    outer loop
      vertex 36.5506 97.2925 1.5
      vertex 36.5872 97.2947 1
      vertex 36.5506 97.2925 1
    endloop
  endfacet
  facet normal 0.0598381 0.998208 -0
    outer loop
      vertex 36.5506 97.2925 1
      vertex 36.5139 97.2947 1.5
      vertex 36.5506 97.2925 1.5
    endloop
  endfacet
  facet normal 0.0598381 0.998208 0
    outer loop
      vertex 36.5139 97.2947 1.5
      vertex 36.5506 97.2925 1
      vertex 36.5139 97.2947 1
    endloop
  endfacet
  facet normal 0.0994082 -0.995047 0
    outer loop
      vertex 41.1916 95.9084 1
      vertex 41.2947 95.9187 1.5
      vertex 41.1916 95.9084 1.5
    endloop
  endfacet
  facet normal 0.0994082 -0.995047 0
    outer loop
      vertex 41.2947 95.9187 1.5
      vertex 41.1916 95.9084 1
      vertex 41.2947 95.9187 1
    endloop
  endfacet
  facet normal 0.16788 -0.985807 0
    outer loop
      vertex 41.2947 95.9187 1
      vertex 41.3957 95.9359 1.5
      vertex 41.2947 95.9187 1.5
    endloop
  endfacet
  facet normal 0.16788 -0.985807 0
    outer loop
      vertex 41.3957 95.9359 1.5
      vertex 41.2947 95.9187 1
      vertex 41.3957 95.9359 1
    endloop
  endfacet
  facet normal 0.235825 -0.971796 0
    outer loop
      vertex 41.3957 95.9359 1
      vertex 41.4946 95.9599 1.5
      vertex 41.3957 95.9359 1.5
    endloop
  endfacet
  facet normal 0.235825 -0.971796 0
    outer loop
      vertex 41.4946 95.9599 1.5
      vertex 41.3957 95.9359 1
      vertex 41.4946 95.9599 1
    endloop
  endfacet
  facet normal 0.302636 -0.953106 0
    outer loop
      vertex 41.4946 95.9599 1
      vertex 41.5916 95.9907 1.5
      vertex 41.4946 95.9599 1.5
    endloop
  endfacet
  facet normal 0.302636 -0.953106 0
    outer loop
      vertex 41.5916 95.9907 1.5
      vertex 41.4946 95.9599 1
      vertex 41.5916 95.9907 1
    endloop
  endfacet
  facet normal 0.370377 -0.928882 0
    outer loop
      vertex 41.5916 95.9907 1
      vertex 41.6864 96.0285 1.5
      vertex 41.5916 95.9907 1.5
    endloop
  endfacet
  facet normal 0.370377 -0.928882 0
    outer loop
      vertex 41.6864 96.0285 1.5
      vertex 41.5916 95.9907 1
      vertex 41.6864 96.0285 1
    endloop
  endfacet
  facet normal 0.432384 -0.90169 0
    outer loop
      vertex 41.6864 96.0285 1
      vertex 41.7792 96.073 1.5
      vertex 41.6864 96.0285 1.5
    endloop
  endfacet
  facet normal 0.432384 -0.90169 0
    outer loop
      vertex 41.7792 96.073 1.5
      vertex 41.6864 96.0285 1
      vertex 41.7792 96.073 1
    endloop
  endfacet
  facet normal 0.493762 -0.869597 0
    outer loop
      vertex 41.7792 96.073 1
      vertex 41.8699 96.1245 1.5
      vertex 41.7792 96.073 1.5
    endloop
  endfacet
  facet normal 0.493762 -0.869597 0
    outer loop
      vertex 41.8699 96.1245 1.5
      vertex 41.7792 96.073 1
      vertex 41.8699 96.1245 1
    endloop
  endfacet
  facet normal 0.549253 -0.835656 0
    outer loop
      vertex 41.8699 96.1245 1
      vertex 41.9586 96.1828 1.5
      vertex 41.8699 96.1245 1.5
    endloop
  endfacet
  facet normal 0.549253 -0.835656 0
    outer loop
      vertex 41.9586 96.1828 1.5
      vertex 41.8699 96.1245 1
      vertex 41.9586 96.1828 1
    endloop
  endfacet
  facet normal 0.599703 -0.800223 0
    outer loop
      vertex 41.9586 96.1828 1
      vertex 42.0448 96.2474 1.5
      vertex 41.9586 96.1828 1.5
    endloop
  endfacet
  facet normal 0.599703 -0.800223 0
    outer loop
      vertex 42.0448 96.2474 1.5
      vertex 41.9586 96.1828 1
      vertex 42.0448 96.2474 1
    endloop
  endfacet
  facet normal 0.644955 -0.764221 0
    outer loop
      vertex 42.0448 96.2474 1
      vertex 42.1281 96.3177 1.5
      vertex 42.0448 96.2474 1.5
    endloop
  endfacet
  facet normal 0.644955 -0.764221 0
    outer loop
      vertex 42.1281 96.3177 1.5
      vertex 42.0448 96.2474 1
      vertex 42.1281 96.3177 1
    endloop
  endfacet
  facet normal 0.687444 -0.726237 0
    outer loop
      vertex 42.1281 96.3177 1
      vertex 42.2086 96.3939 1.5
      vertex 42.1281 96.3177 1.5
    endloop
  endfacet
  facet normal 0.687444 -0.726237 0
    outer loop
      vertex 42.2086 96.3939 1.5
      vertex 42.1281 96.3177 1
      vertex 42.2086 96.3939 1
    endloop
  endfacet
  facet normal 0.725929 -0.687769 0
    outer loop
      vertex 42.2086 96.3939 1.5
      vertex 42.2861 96.4757 1
      vertex 42.2861 96.4757 1.5
    endloop
  endfacet
  facet normal 0.725929 -0.687769 0
    outer loop
      vertex 42.2861 96.4757 1
      vertex 42.2086 96.3939 1.5
      vertex 42.2086 96.3939 1
    endloop
  endfacet
  facet normal 0.761275 -0.648429 0
    outer loop
      vertex 42.2861 96.4757 1.5
      vertex 42.3608 96.5634 1
      vertex 42.3608 96.5634 1.5
    endloop
  endfacet
  facet normal 0.761275 -0.648429 0
    outer loop
      vertex 42.3608 96.5634 1
      vertex 42.2861 96.4757 1.5
      vertex 42.2861 96.4757 1
    endloop
  endfacet
  facet normal 0.792813 -0.609465 0
    outer loop
      vertex 42.3608 96.5634 1.5
      vertex 42.4326 96.6568 1
      vertex 42.4326 96.6568 1.5
    endloop
  endfacet
  facet normal 0.792813 -0.609465 0
    outer loop
      vertex 42.4326 96.6568 1
      vertex 42.3608 96.5634 1.5
      vertex 42.3608 96.5634 1
    endloop
  endfacet
  facet normal 0.821327 -0.570458 0
    outer loop
      vertex 42.4326 96.6568 1.5
      vertex 42.5015 96.756 1
      vertex 42.5015 96.756 1.5
    endloop
  endfacet
  facet normal 0.821327 -0.570458 0
    outer loop
      vertex 42.5015 96.756 1
      vertex 42.4326 96.6568 1.5
      vertex 42.4326 96.6568 1
    endloop
  endfacet
  facet normal 0.846044 -0.533113 0
    outer loop
      vertex 42.5015 96.756 1.5
      vertex 42.5676 96.8609 1
      vertex 42.5676 96.8609 1.5
    endloop
  endfacet
  facet normal 0.846044 -0.533113 0
    outer loop
      vertex 42.5676 96.8609 1
      vertex 42.5015 96.756 1.5
      vertex 42.5015 96.756 1
    endloop
  endfacet
  facet normal 0.868436 -0.495801 0
    outer loop
      vertex 42.5676 96.8609 1.5
      vertex 42.6308 96.9716 1
      vertex 42.6308 96.9716 1.5
    endloop
  endfacet
  facet normal 0.868436 -0.495801 0
    outer loop
      vertex 42.6308 96.9716 1
      vertex 42.5676 96.8609 1.5
      vertex 42.5676 96.8609 1
    endloop
  endfacet
  facet normal 0.887755 -0.460317 0
    outer loop
      vertex 42.6308 96.9716 1.5
      vertex 42.691 97.0877 1
      vertex 42.691 97.0877 1.5
    endloop
  endfacet
  facet normal 0.887755 -0.460317 0
    outer loop
      vertex 42.691 97.0877 1
      vertex 42.6308 96.9716 1.5
      vertex 42.6308 96.9716 1
    endloop
  endfacet
  facet normal 0.904345 -0.426803 0
    outer loop
      vertex 42.691 97.0877 1.5
      vertex 42.7482 97.2089 1
      vertex 42.7482 97.2089 1.5
    endloop
  endfacet
  facet normal 0.904345 -0.426803 0
    outer loop
      vertex 42.7482 97.2089 1
      vertex 42.691 97.0877 1.5
      vertex 42.691 97.0877 1
    endloop
  endfacet
  facet normal 0.918843 -0.394622 0
    outer loop
      vertex 42.7482 97.2089 1.5
      vertex 42.8024 97.3351 1
      vertex 42.8024 97.3351 1.5
    endloop
  endfacet
  facet normal 0.918843 -0.394622 0
    outer loop
      vertex 42.8024 97.3351 1
      vertex 42.7482 97.2089 1.5
      vertex 42.7482 97.2089 1
    endloop
  endfacet
  facet normal 0.932005 -0.362446 0
    outer loop
      vertex 42.8024 97.3351 1.5
      vertex 42.8535 97.4665 1
      vertex 42.8535 97.4665 1.5
    endloop
  endfacet
  facet normal 0.932005 -0.362446 0
    outer loop
      vertex 42.8535 97.4665 1
      vertex 42.8024 97.3351 1.5
      vertex 42.8024 97.3351 1
    endloop
  endfacet
  facet normal 0.94308 -0.332567 0
    outer loop
      vertex 42.8535 97.4665 1.5
      vertex 42.9016 97.6029 1
      vertex 42.9016 97.6029 1.5
    endloop
  endfacet
  facet normal 0.94308 -0.332567 0
    outer loop
      vertex 42.9016 97.6029 1
      vertex 42.8535 97.4665 1.5
      vertex 42.8535 97.4665 1
    endloop
  endfacet
  facet normal 0.95258 -0.304287 0
    outer loop
      vertex 42.9016 97.6029 1.5
      vertex 42.9468 97.7444 1
      vertex 42.9468 97.7444 1.5
    endloop
  endfacet
  facet normal 0.95258 -0.304287 0
    outer loop
      vertex 42.9468 97.7444 1
      vertex 42.9016 97.6029 1.5
      vertex 42.9016 97.6029 1
    endloop
  endfacet
  facet normal 0.961102 -0.276194 0
    outer loop
      vertex 42.9468 97.7444 1.5
      vertex 42.9889 97.8909 1
      vertex 42.9889 97.8909 1.5
    endloop
  endfacet
  facet normal 0.961102 -0.276194 0
    outer loop
      vertex 42.9889 97.8909 1
      vertex 42.9468 97.7444 1.5
      vertex 42.9468 97.7444 1
    endloop
  endfacet
  facet normal 0.968312 -0.249743 0
    outer loop
      vertex 42.9889 97.8909 1.5
      vertex 43.028 98.0425 1
      vertex 43.028 98.0425 1.5
    endloop
  endfacet
  facet normal 0.968312 -0.249743 0
    outer loop
      vertex 43.028 98.0425 1
      vertex 42.9889 97.8909 1.5
      vertex 42.9889 97.8909 1
    endloop
  endfacet
  facet normal 0.974611 -0.223905 0
    outer loop
      vertex 43.028 98.0425 1.5
      vertex 43.064 98.1992 1
      vertex 43.064 98.1992 1.5
    endloop
  endfacet
  facet normal 0.974611 -0.223905 0
    outer loop
      vertex 43.064 98.1992 1
      vertex 43.028 98.0425 1.5
      vertex 43.028 98.0425 1
    endloop
  endfacet
  facet normal 0.980063 -0.198686 0
    outer loop
      vertex 43.064 98.1992 1.5
      vertex 43.0967 98.3605 1
      vertex 43.0967 98.3605 1.5
    endloop
  endfacet
  facet normal 0.980063 -0.198686 0
    outer loop
      vertex 43.0967 98.3605 1
      vertex 43.064 98.1992 1.5
      vertex 43.064 98.1992 1
    endloop
  endfacet
  facet normal 0.985142 -0.171744 0
    outer loop
      vertex 43.0967 98.3605 1.5
      vertex 43.1255 98.5257 1
      vertex 43.1255 98.5257 1.5
    endloop
  endfacet
  facet normal 0.985142 -0.171744 0
    outer loop
      vertex 43.1255 98.5257 1
      vertex 43.0967 98.3605 1.5
      vertex 43.0967 98.3605 1
    endloop
  endfacet
  facet normal 0.98926 -0.146167 0
    outer loop
      vertex 43.1255 98.5257 1.5
      vertex 43.1505 98.6949 1
      vertex 43.1505 98.6949 1.5
    endloop
  endfacet
  facet normal 0.98926 -0.146167 0
    outer loop
      vertex 43.1505 98.6949 1
      vertex 43.1255 98.5257 1.5
      vertex 43.1255 98.5257 1
    endloop
  endfacet
  facet normal 0.992661 -0.12093 0
    outer loop
      vertex 43.1505 98.6949 1.5
      vertex 43.1716 98.8681 1
      vertex 43.1716 98.8681 1.5
    endloop
  endfacet
  facet normal 0.992661 -0.12093 0
    outer loop
      vertex 43.1716 98.8681 1
      vertex 43.1505 98.6949 1.5
      vertex 43.1505 98.6949 1
    endloop
  endfacet
  facet normal 0.995263 -0.0972222 0
    outer loop
      vertex 43.1716 98.8681 1.5
      vertex 43.1889 99.0452 1
      vertex 43.1889 99.0452 1.5
    endloop
  endfacet
  facet normal 0.995263 -0.0972222 0
    outer loop
      vertex 43.1889 99.0452 1
      vertex 43.1716 98.8681 1.5
      vertex 43.1716 98.8681 1
    endloop
  endfacet
  facet normal 0.997277 -0.07375 0
    outer loop
      vertex 43.1889 99.0452 1.5
      vertex 43.2023 99.2264 1
      vertex 43.2023 99.2264 1.5
    endloop
  endfacet
  facet normal 0.997277 -0.07375 0
    outer loop
      vertex 43.2023 99.2264 1
      vertex 43.1889 99.0452 1.5
      vertex 43.1889 99.0452 1
    endloop
  endfacet
  facet normal 0.998658 -0.0517942 0
    outer loop
      vertex 43.2023 99.2264 1.5
      vertex 43.2119 99.4115 1
      vertex 43.2119 99.4115 1.5
    endloop
  endfacet
  facet normal 0.998658 -0.0517942 0
    outer loop
      vertex 43.2119 99.4115 1
      vertex 43.2023 99.2264 1.5
      vertex 43.2023 99.2264 1
    endloop
  endfacet
  facet normal 0.99953 -0.0306572 0
    outer loop
      vertex 43.2119 99.4115 1.5
      vertex 43.2177 99.6006 1
      vertex 43.2177 99.6006 1.5
    endloop
  endfacet
  facet normal 0.99953 -0.0306572 0
    outer loop
      vertex 43.2177 99.6006 1
      vertex 43.2119 99.4115 1.5
      vertex 43.2119 99.4115 1
    endloop
  endfacet
  facet normal 0.999952 -0.00984408 0
    outer loop
      vertex 43.2177 99.6006 1.5
      vertex 43.2196 99.7936 1
      vertex 43.2196 99.7936 1.5
    endloop
  endfacet
  facet normal 0.999952 -0.00984408 0
    outer loop
      vertex 43.2196 99.7936 1
      vertex 43.2177 99.6006 1.5
      vertex 43.2177 99.6006 1
    endloop
  endfacet
  facet normal 0.999952 0.00983899 0
    outer loop
      vertex 43.2196 99.7936 1.5
      vertex 43.2177 99.9867 1
      vertex 43.2177 99.9867 1.5
    endloop
  endfacet
  facet normal 0.999952 0.00983899 0
    outer loop
      vertex 43.2177 99.9867 1
      vertex 43.2196 99.7936 1.5
      vertex 43.2196 99.7936 1
    endloop
  endfacet
  facet normal 0.999531 0.0306248 0
    outer loop
      vertex 43.2177 99.9867 1.5
      vertex 43.2119 100.176 1
      vertex 43.2119 100.176 1.5
    endloop
  endfacet
  facet normal 0.999531 0.0306248 0
    outer loop
      vertex 43.2119 100.176 1
      vertex 43.2177 99.9867 1.5
      vertex 43.2177 99.9867 1
    endloop
  endfacet
  facet normal 0.998656 0.0518222 0
    outer loop
      vertex 43.2119 100.176 1.5
      vertex 43.2023 100.361 1
      vertex 43.2023 100.361 1.5
    endloop
  endfacet
  facet normal 0.998656 0.0518222 0
    outer loop
      vertex 43.2023 100.361 1
      vertex 43.2119 100.176 1.5
      vertex 43.2119 100.176 1
    endloop
  endfacet
  facet normal 0.997271 0.0738311 0
    outer loop
      vertex 43.2023 100.361 1.5
      vertex 43.1889 100.542 1
      vertex 43.1889 100.542 1.5
    endloop
  endfacet
  facet normal 0.997271 0.0738311 0
    outer loop
      vertex 43.1889 100.542 1
      vertex 43.2023 100.361 1.5
      vertex 43.2023 100.361 1
    endloop
  endfacet
  facet normal 0.995257 0.0972766 0
    outer loop
      vertex 43.1889 100.542 1.5
      vertex 43.1716 100.719 1
      vertex 43.1716 100.719 1.5
    endloop
  endfacet
  facet normal 0.995257 0.0972766 0
    outer loop
      vertex 43.1716 100.719 1
      vertex 43.1889 100.542 1.5
      vertex 43.1889 100.542 1
    endloop
  endfacet
  facet normal 0.992644 0.121068 0
    outer loop
      vertex 43.1716 100.719 1.5
      vertex 43.1505 100.892 1
      vertex 43.1505 100.892 1.5
    endloop
  endfacet
  facet normal 0.992644 0.121068 0
    outer loop
      vertex 43.1505 100.892 1
      vertex 43.1716 100.719 1.5
      vertex 43.1716 100.719 1
    endloop
  endfacet
  facet normal 0.989359 0.145494 0
    outer loop
      vertex 43.1505 100.892 1.5
      vertex 43.1255 101.062 1
      vertex 43.1255 101.062 1.5
    endloop
  endfacet
  facet normal 0.989359 0.145494 0
    outer loop
      vertex 43.1255 101.062 1
      vertex 43.1505 100.892 1.5
      vertex 43.1505 100.892 1
    endloop
  endfacet
  facet normal 0.985106 0.171946 0
    outer loop
      vertex 43.1255 101.062 1.5
      vertex 43.0967 101.227 1
      vertex 43.0967 101.227 1.5
    endloop
  endfacet
  facet normal 0.985106 0.171946 0
    outer loop
      vertex 43.0967 101.227 1
      vertex 43.1255 101.062 1.5
      vertex 43.1255 101.062 1
    endloop
  endfacet
  facet normal 0.979991 0.199042 0
    outer loop
      vertex 43.0967 101.227 1.5
      vertex 43.064 101.388 1
      vertex 43.064 101.388 1.5
    endloop
  endfacet
  facet normal 0.979991 0.199042 0
    outer loop
      vertex 43.064 101.388 1
      vertex 43.0967 101.227 1.5
      vertex 43.0967 101.227 1
    endloop
  endfacet
  facet normal 0.974704 0.223499 0
    outer loop
      vertex 43.064 101.388 1.5
      vertex 43.028 101.545 1
      vertex 43.028 101.545 1.5
    endloop
  endfacet
  facet normal 0.974704 0.223499 0
    outer loop
      vertex 43.028 101.545 1
      vertex 43.064 101.388 1.5
      vertex 43.064 101.388 1
    endloop
  endfacet
  facet normal 0.968072 0.250673 0
    outer loop
      vertex 43.028 101.545 1.5
      vertex 42.9889 101.696 1
      vertex 42.9889 101.696 1.5
    endloop
  endfacet
  facet normal 0.968072 0.250673 0
    outer loop
      vertex 42.9889 101.696 1
      vertex 43.028 101.545 1.5
      vertex 43.028 101.545 1
    endloop
  endfacet
  facet normal 0.961351 0.275326 0
    outer loop
      vertex 42.9889 101.696 1.5
      vertex 42.9468 101.843 1
      vertex 42.9468 101.843 1.5
    endloop
  endfacet
  facet normal 0.961351 0.275326 0
    outer loop
      vertex 42.9468 101.843 1
      vertex 42.9889 101.696 1.5
      vertex 42.9889 101.696 1
    endloop
  endfacet
  facet normal 0.952267 0.305266 0
    outer loop
      vertex 42.9468 101.843 1.5
      vertex 42.9016 101.984 1
      vertex 42.9016 101.984 1.5
    endloop
  endfacet
  facet normal 0.952267 0.305266 0
    outer loop
      vertex 42.9016 101.984 1
      vertex 42.9468 101.843 1.5
      vertex 42.9468 101.843 1
    endloop
  endfacet
  facet normal 0.943536 0.331271 0
    outer loop
      vertex 42.9016 101.984 1.5
      vertex 42.8535 102.121 1
      vertex 42.8535 102.121 1.5
    endloop
  endfacet
  facet normal 0.943536 0.331271 0
    outer loop
      vertex 42.8535 102.121 1
      vertex 42.9016 101.984 1.5
      vertex 42.9016 101.984 1
    endloop
  endfacet
  facet normal 0.93163 0.363407 0
    outer loop
      vertex 42.8535 102.121 1.5
      vertex 42.8024 102.252 1
      vertex 42.8024 102.252 1.5
    endloop
  endfacet
  facet normal 0.93163 0.363407 0
    outer loop
      vertex 42.8024 102.252 1
      vertex 42.8535 102.121 1.5
      vertex 42.8535 102.121 1
    endloop
  endfacet
  facet normal 0.918616 0.395151 0
    outer loop
      vertex 42.8024 102.252 1.5
      vertex 42.7482 102.378 1
      vertex 42.7482 102.378 1.5
    endloop
  endfacet
  facet normal 0.918616 0.395151 0
    outer loop
      vertex 42.7482 102.378 1
      vertex 42.8024 102.252 1.5
      vertex 42.8024 102.252 1
    endloop
  endfacet
  facet normal 0.905423 0.42451 0
    outer loop
      vertex 42.7482 102.378 1.5
      vertex 42.691 102.5 1
      vertex 42.691 102.5 1.5
    endloop
  endfacet
  facet normal 0.905423 0.42451 0
    outer loop
      vertex 42.691 102.5 1
      vertex 42.7482 102.378 1.5
      vertex 42.7482 102.378 1
    endloop
  endfacet
  facet normal 0.887592 0.46063 0
    outer loop
      vertex 42.691 102.5 1.5
      vertex 42.6308 102.616 1
      vertex 42.6308 102.616 1.5
    endloop
  endfacet
  facet normal 0.887592 0.46063 0
    outer loop
      vertex 42.6308 102.616 1
      vertex 42.691 102.5 1.5
      vertex 42.691 102.5 1
    endloop
  endfacet
  facet normal 0.867077 0.498175 0
    outer loop
      vertex 42.6308 102.616 1.5
      vertex 42.5676 102.726 1
      vertex 42.5676 102.726 1.5
    endloop
  endfacet
  facet normal 0.867077 0.498175 0
    outer loop
      vertex 42.5676 102.726 1
      vertex 42.6308 102.616 1.5
      vertex 42.6308 102.616 1
    endloop
  endfacet
  facet normal 0.846273 0.532749 0
    outer loop
      vertex 42.5676 102.726 1.5
      vertex 42.5015 102.831 1
      vertex 42.5015 102.831 1.5
    endloop
  endfacet
  facet normal 0.846273 0.532749 0
    outer loop
      vertex 42.5015 102.831 1
      vertex 42.5676 102.726 1.5
      vertex 42.5676 102.726 1
    endloop
  endfacet
  facet normal 0.820787 0.571235 0
    outer loop
      vertex 42.5015 102.831 1.5
      vertex 42.4326 102.93 1
      vertex 42.4326 102.93 1.5
    endloop
  endfacet
  facet normal 0.820787 0.571235 0
    outer loop
      vertex 42.4326 102.93 1
      vertex 42.5015 102.831 1.5
      vertex 42.5015 102.831 1
    endloop
  endfacet
  facet normal 0.794694 0.607011 0
    outer loop
      vertex 42.4326 102.93 1.5
      vertex 42.3608 103.024 1
      vertex 42.3608 103.024 1.5
    endloop
  endfacet
  facet normal 0.794694 0.607011 0
    outer loop
      vertex 42.3608 103.024 1
      vertex 42.4326 102.93 1.5
      vertex 42.4326 102.93 1
    endloop
  endfacet
  facet normal 0.762367 0.647145 0
    outer loop
      vertex 42.3608 103.024 1.5
      vertex 42.2861 103.112 1
      vertex 42.2861 103.112 1.5
    endloop
  endfacet
  facet normal 0.762367 0.647145 0
    outer loop
      vertex 42.2861 103.112 1
      vertex 42.3608 103.024 1.5
      vertex 42.3608 103.024 1
    endloop
  endfacet
  facet normal 0.722545 0.691324 0
    outer loop
      vertex 42.2861 103.112 1.5
      vertex 42.2086 103.193 1
      vertex 42.2086 103.193 1.5
    endloop
  endfacet
  facet normal 0.722545 0.691324 0
    outer loop
      vertex 42.2086 103.193 1
      vertex 42.2861 103.112 1.5
      vertex 42.2861 103.112 1
    endloop
  endfacet
  facet normal 0.691223 0.722642 -0
    outer loop
      vertex 42.2086 103.193 1
      vertex 42.1281 103.27 1.5
      vertex 42.2086 103.193 1.5
    endloop
  endfacet
  facet normal 0.691223 0.722642 0
    outer loop
      vertex 42.1281 103.27 1.5
      vertex 42.2086 103.193 1
      vertex 42.1281 103.27 1
    endloop
  endfacet
  facet normal 0.643343 0.765578 -0
    outer loop
      vertex 42.1281 103.27 1
      vertex 42.0448 103.34 1.5
      vertex 42.1281 103.27 1.5
    endloop
  endfacet
  facet normal 0.643343 0.765578 0
    outer loop
      vertex 42.0448 103.34 1.5
      vertex 42.1281 103.27 1
      vertex 42.0448 103.34 1
    endloop
  endfacet
  facet normal 0.602073 0.798441 -0
    outer loop
      vertex 42.0448 103.34 1
      vertex 41.9586 103.405 1.5
      vertex 42.0448 103.34 1.5
    endloop
  endfacet
  facet normal 0.602073 0.798441 0
    outer loop
      vertex 41.9586 103.405 1.5
      vertex 42.0448 103.34 1
      vertex 41.9586 103.405 1
    endloop
  endfacet
  facet normal 0.547275 0.836953 -0
    outer loop
      vertex 41.9586 103.405 1
      vertex 41.8699 103.463 1.5
      vertex 41.9586 103.405 1.5
    endloop
  endfacet
  facet normal 0.547275 0.836953 0
    outer loop
      vertex 41.8699 103.463 1.5
      vertex 41.9586 103.405 1
      vertex 41.8699 103.463 1
    endloop
  endfacet
  facet normal 0.490124 0.871653 -0
    outer loop
      vertex 41.8699 103.463 1
      vertex 41.7792 103.514 1.5
      vertex 41.8699 103.463 1.5
    endloop
  endfacet
  facet normal 0.490124 0.871653 0
    outer loop
      vertex 41.7792 103.514 1.5
      vertex 41.8699 103.463 1
      vertex 41.7792 103.514 1
    endloop
  endfacet
  facet normal 0.436321 0.899791 -0
    outer loop
      vertex 41.7792 103.514 1
      vertex 41.6864 103.559 1.5
      vertex 41.7792 103.514 1.5
    endloop
  endfacet
  facet normal 0.436321 0.899791 0
    outer loop
      vertex 41.6864 103.559 1.5
      vertex 41.7792 103.514 1
      vertex 41.6864 103.559 1
    endloop
  endfacet
  facet normal 0.372066 0.928206 -0
    outer loop
      vertex 41.6864 103.559 1
      vertex 41.5916 103.597 1.5
      vertex 41.6864 103.559 1.5
    endloop
  endfacet
  facet normal 0.372066 0.928206 0
    outer loop
      vertex 41.5916 103.597 1.5
      vertex 41.6864 103.559 1
      vertex 41.5916 103.597 1
    endloop
  endfacet
  facet normal 0.29547 0.955352 -0
    outer loop
      vertex 41.5916 103.597 1
      vertex 41.4946 103.627 1.5
      vertex 41.5916 103.597 1.5
    endloop
  endfacet
  facet normal 0.29547 0.955352 0
    outer loop
      vertex 41.4946 103.627 1.5
      vertex 41.5916 103.597 1
      vertex 41.4946 103.627 1
    endloop
  endfacet
  facet normal 0.235825 0.971796 -0
    outer loop
      vertex 41.4946 103.627 1
      vertex 41.3957 103.651 1.5
      vertex 41.4946 103.627 1.5
    endloop
  endfacet
  facet normal 0.235825 0.971796 0
    outer loop
      vertex 41.3957 103.651 1.5
      vertex 41.4946 103.627 1
      vertex 41.3957 103.651 1
    endloop
  endfacet
  facet normal 0.175453 0.984488 -0
    outer loop
      vertex 41.3957 103.651 1
      vertex 41.2947 103.669 1.5
      vertex 41.3957 103.651 1.5
    endloop
  endfacet
  facet normal 0.175453 0.984488 0
    outer loop
      vertex 41.2947 103.669 1.5
      vertex 41.3957 103.651 1
      vertex 41.2947 103.669 1
    endloop
  endfacet
  facet normal 0.0965402 0.995329 -0
    outer loop
      vertex 41.2947 103.669 1
      vertex 41.1916 103.679 1.5
      vertex 41.2947 103.669 1.5
    endloop
  endfacet
  facet normal 0.0965402 0.995329 0
    outer loop
      vertex 41.1916 103.679 1.5
      vertex 41.2947 103.669 1
      vertex 41.1916 103.679 1
    endloop
  endfacet
  facet normal 0.0285055 0.999594 -0
    outer loop
      vertex 41.1916 103.679 1
      vertex 41.0864 103.682 1.5
      vertex 41.1916 103.679 1.5
    endloop
  endfacet
  facet normal 0.0285055 0.999594 0
    outer loop
      vertex 41.0864 103.682 1.5
      vertex 41.1916 103.679 1
      vertex 41.0864 103.682 1
    endloop
  endfacet
  facet normal -0.0285055 0.999594 0
    outer loop
      vertex 41.0864 103.682 1
      vertex 40.9812 103.679 1.5
      vertex 41.0864 103.682 1.5
    endloop
  endfacet
  facet normal -0.0285055 0.999594 0
    outer loop
      vertex 40.9812 103.679 1.5
      vertex 41.0864 103.682 1
      vertex 40.9812 103.679 1
    endloop
  endfacet
  facet normal -0.096355 0.995347 0
    outer loop
      vertex 40.9812 103.679 1
      vertex 40.8779 103.669 1.5
      vertex 40.9812 103.679 1.5
    endloop
  endfacet
  facet normal -0.096355 0.995347 0
    outer loop
      vertex 40.8779 103.669 1.5
      vertex 40.9812 103.679 1
      vertex 40.8779 103.669 1
    endloop
  endfacet
  facet normal -0.17495 0.984577 0
    outer loop
      vertex 40.8779 103.669 1
      vertex 40.7766 103.651 1.5
      vertex 40.8779 103.669 1.5
    endloop
  endfacet
  facet normal -0.17495 0.984577 0
    outer loop
      vertex 40.7766 103.651 1.5
      vertex 40.8779 103.669 1
      vertex 40.7766 103.651 1
    endloop
  endfacet
  facet normal -0.234481 0.972121 0
    outer loop
      vertex 40.7766 103.651 1
      vertex 40.6771 103.627 1.5
      vertex 40.7766 103.651 1.5
    endloop
  endfacet
  facet normal -0.234481 0.972121 0
    outer loop
      vertex 40.6771 103.627 1.5
      vertex 40.7766 103.651 1
      vertex 40.6771 103.627 1
    endloop
  endfacet
  facet normal -0.294086 0.955779 0
    outer loop
      vertex 40.6771 103.627 1
      vertex 40.5796 103.597 1.5
      vertex 40.6771 103.627 1.5
    endloop
  endfacet
  facet normal -0.294086 0.955779 0
    outer loop
      vertex 40.5796 103.597 1.5
      vertex 40.6771 103.627 1
      vertex 40.5796 103.597 1
    endloop
  endfacet
  facet normal -0.369379 0.929279 0
    outer loop
      vertex 40.5796 103.597 1
      vertex 40.484 103.559 1.5
      vertex 40.5796 103.597 1.5
    endloop
  endfacet
  facet normal -0.369379 0.929279 0
    outer loop
      vertex 40.484 103.559 1.5
      vertex 40.5796 103.597 1
      vertex 40.484 103.559 1
    endloop
  endfacet
  facet normal -0.432919 0.901433 0
    outer loop
      vertex 40.484 103.559 1
      vertex 40.3903 103.514 1.5
      vertex 40.484 103.559 1.5
    endloop
  endfacet
  facet normal -0.432919 0.901433 0
    outer loop
      vertex 40.3903 103.514 1.5
      vertex 40.484 103.559 1
      vertex 40.3903 103.514 1
    endloop
  endfacet
  facet normal -0.485643 0.874157 0
    outer loop
      vertex 40.3903 103.514 1
      vertex 40.2985 103.463 1.5
      vertex 40.3903 103.514 1.5
    endloop
  endfacet
  facet normal -0.485643 0.874157 0
    outer loop
      vertex 40.2985 103.463 1.5
      vertex 40.3903 103.514 1
      vertex 40.2985 103.463 1
    endloop
  endfacet
  facet normal -0.542553 0.840022 0
    outer loop
      vertex 40.2985 103.463 1
      vertex 40.2087 103.405 1.5
      vertex 40.2985 103.463 1.5
    endloop
  endfacet
  facet normal -0.542553 0.840022 0
    outer loop
      vertex 40.2087 103.405 1.5
      vertex 40.2985 103.463 1
      vertex 40.2087 103.405 1
    endloop
  endfacet
  facet normal -0.596763 0.802417 0
    outer loop
      vertex 40.2087 103.405 1
      vertex 40.1213 103.34 1.5
      vertex 40.2087 103.405 1.5
    endloop
  endfacet
  facet normal -0.596763 0.802417 0
    outer loop
      vertex 40.1213 103.34 1.5
      vertex 40.2087 103.405 1
      vertex 40.1213 103.34 1
    endloop
  endfacet
  facet normal -0.638837 0.769342 0
    outer loop
      vertex 40.1213 103.34 1
      vertex 40.037 103.27 1.5
      vertex 40.1213 103.34 1.5
    endloop
  endfacet
  facet normal -0.638837 0.769342 0
    outer loop
      vertex 40.037 103.27 1.5
      vertex 40.1213 103.34 1
      vertex 40.037 103.27 1
    endloop
  endfacet
  facet normal -0.6872 0.726468 0
    outer loop
      vertex 40.037 103.27 1
      vertex 39.9556 103.193 1.5
      vertex 40.037 103.27 1.5
    endloop
  endfacet
  facet normal -0.6872 0.726468 0
    outer loop
      vertex 39.9556 103.193 1.5
      vertex 40.037 103.27 1
      vertex 39.9556 103.193 1
    endloop
  endfacet
  facet normal -0.718988 0.695022 0
    outer loop
      vertex 39.8773 103.112 1
      vertex 39.9556 103.193 1.5
      vertex 39.9556 103.193 1
    endloop
  endfacet
  facet normal -0.718988 0.695022 0
    outer loop
      vertex 39.9556 103.193 1.5
      vertex 39.8773 103.112 1
      vertex 39.8773 103.112 1.5
    endloop
  endfacet
  facet normal -0.759805 0.650151 0
    outer loop
      vertex 39.802 103.024 1
      vertex 39.8773 103.112 1.5
      vertex 39.8773 103.112 1
    endloop
  endfacet
  facet normal -0.759805 0.650151 0
    outer loop
      vertex 39.8773 103.112 1.5
      vertex 39.802 103.024 1
      vertex 39.802 103.024 1.5
    endloop
  endfacet
  facet normal -0.792655 0.60967 0
    outer loop
      vertex 39.7297 102.93 1
      vertex 39.802 103.024 1.5
      vertex 39.802 103.024 1
    endloop
  endfacet
  facet normal -0.792655 0.60967 0
    outer loop
      vertex 39.802 103.024 1.5
      vertex 39.7297 102.93 1
      vertex 39.7297 102.93 1.5
    endloop
  endfacet
  facet normal -0.819621 0.572907 0
    outer loop
      vertex 39.6605 102.831 1
      vertex 39.7297 102.93 1.5
      vertex 39.7297 102.93 1
    endloop
  endfacet
  facet normal -0.819621 0.572907 0
    outer loop
      vertex 39.7297 102.93 1.5
      vertex 39.6605 102.831 1
      vertex 39.6605 102.831 1.5
    endloop
  endfacet
  facet normal -0.845546 0.533902 0
    outer loop
      vertex 39.5942 102.726 1
      vertex 39.6605 102.831 1.5
      vertex 39.6605 102.831 1
    endloop
  endfacet
  facet normal -0.845546 0.533902 0
    outer loop
      vertex 39.6605 102.831 1.5
      vertex 39.5942 102.726 1
      vertex 39.5942 102.726 1.5
    endloop
  endfacet
  facet normal -0.867077 0.498175 0
    outer loop
      vertex 39.531 102.616 1
      vertex 39.5942 102.726 1.5
      vertex 39.5942 102.726 1
    endloop
  endfacet
  facet normal -0.867077 0.498175 0
    outer loop
      vertex 39.5942 102.726 1.5
      vertex 39.531 102.616 1
      vertex 39.531 102.616 1.5
    endloop
  endfacet
  facet normal -0.887592 0.46063 0
    outer loop
      vertex 39.4708 102.5 1
      vertex 39.531 102.616 1.5
      vertex 39.531 102.616 1
    endloop
  endfacet
  facet normal -0.887592 0.46063 0
    outer loop
      vertex 39.531 102.616 1.5
      vertex 39.4708 102.5 1
      vertex 39.4708 102.5 1.5
    endloop
  endfacet
  facet normal -0.905423 0.42451 0
    outer loop
      vertex 39.4136 102.378 1
      vertex 39.4708 102.5 1.5
      vertex 39.4708 102.5 1
    endloop
  endfacet
  facet normal -0.905423 0.42451 0
    outer loop
      vertex 39.4708 102.5 1.5
      vertex 39.4136 102.378 1
      vertex 39.4136 102.378 1.5
    endloop
  endfacet
  facet normal -0.918616 0.395151 0
    outer loop
      vertex 39.3594 102.252 1
      vertex 39.4136 102.378 1.5
      vertex 39.4136 102.378 1
    endloop
  endfacet
  facet normal -0.918616 0.395151 0
    outer loop
      vertex 39.4136 102.378 1.5
      vertex 39.3594 102.252 1
      vertex 39.3594 102.252 1.5
    endloop
  endfacet
  facet normal -0.93139 0.364024 0
    outer loop
      vertex 39.3082 102.121 1
      vertex 39.3594 102.252 1.5
      vertex 39.3594 102.252 1
    endloop
  endfacet
  facet normal -0.93139 0.364024 0
    outer loop
      vertex 39.3594 102.252 1.5
      vertex 39.3082 102.121 1
      vertex 39.3082 102.121 1.5
    endloop
  endfacet
  facet normal -0.943536 0.331271 0
    outer loop
      vertex 39.2601 101.984 1
      vertex 39.3082 102.121 1.5
      vertex 39.3082 102.121 1
    endloop
  endfacet
  facet normal -0.943536 0.331271 0
    outer loop
      vertex 39.3082 102.121 1.5
      vertex 39.2601 101.984 1
      vertex 39.2601 101.984 1.5
    endloop
  endfacet
  facet normal -0.952267 0.305266 0
    outer loop
      vertex 39.2149 101.843 1
      vertex 39.2601 101.984 1.5
      vertex 39.2601 101.984 1
    endloop
  endfacet
  facet normal -0.952267 0.305266 0
    outer loop
      vertex 39.2601 101.984 1.5
      vertex 39.2149 101.843 1
      vertex 39.2149 101.843 1.5
    endloop
  endfacet
  facet normal -0.961351 0.275326 0
    outer loop
      vertex 39.1728 101.696 1
      vertex 39.2149 101.843 1.5
      vertex 39.2149 101.843 1
    endloop
  endfacet
  facet normal -0.961351 0.275326 0
    outer loop
      vertex 39.2149 101.843 1.5
      vertex 39.1728 101.696 1
      vertex 39.1728 101.696 1.5
    endloop
  endfacet
  facet normal -0.968072 0.250673 0
    outer loop
      vertex 39.1337 101.545 1
      vertex 39.1728 101.696 1.5
      vertex 39.1728 101.696 1
    endloop
  endfacet
  facet normal -0.968072 0.250673 0
    outer loop
      vertex 39.1728 101.696 1.5
      vertex 39.1337 101.545 1
      vertex 39.1337 101.545 1.5
    endloop
  endfacet
  facet normal -0.974569 0.224089 0
    outer loop
      vertex 39.0976 101.388 1
      vertex 39.1337 101.545 1.5
      vertex 39.1337 101.545 1
    endloop
  endfacet
  facet normal -0.974569 0.224089 0
    outer loop
      vertex 39.1337 101.545 1.5
      vertex 39.0976 101.388 1
      vertex 39.0976 101.388 1.5
    endloop
  endfacet
  facet normal -0.98011 0.198457 0
    outer loop
      vertex 39.065 101.227 1
      vertex 39.0976 101.388 1.5
      vertex 39.0976 101.388 1
    endloop
  endfacet
  facet normal -0.98011 0.198457 0
    outer loop
      vertex 39.0976 101.388 1.5
      vertex 39.065 101.227 1
      vertex 39.065 101.227 1.5
    endloop
  endfacet
  facet normal -0.985106 0.171946 0
    outer loop
      vertex 39.0362 101.062 1
      vertex 39.065 101.227 1.5
      vertex 39.065 101.227 1
    endloop
  endfacet
  facet normal -0.985106 0.171946 0
    outer loop
      vertex 39.065 101.227 1.5
      vertex 39.0362 101.062 1
      vertex 39.0362 101.062 1.5
    endloop
  endfacet
  facet normal -0.989359 0.145494 0
    outer loop
      vertex 39.0112 100.892 1
      vertex 39.0362 101.062 1.5
      vertex 39.0362 101.062 1
    endloop
  endfacet
  facet normal -0.989359 0.145494 0
    outer loop
      vertex 39.0362 101.062 1.5
      vertex 39.0112 100.892 1
      vertex 39.0112 100.892 1.5
    endloop
  endfacet
  facet normal -0.992644 0.121068 0
    outer loop
      vertex 38.9901 100.719 1
      vertex 39.0112 100.892 1.5
      vertex 39.0112 100.892 1
    endloop
  endfacet
  facet normal -0.992644 0.121068 0
    outer loop
      vertex 39.0112 100.892 1.5
      vertex 38.9901 100.719 1
      vertex 38.9901 100.719 1.5
    endloop
  endfacet
  facet normal -0.995257 0.0972766 0
    outer loop
      vertex 38.9728 100.542 1
      vertex 38.9901 100.719 1.5
      vertex 38.9901 100.719 1
    endloop
  endfacet
  facet normal -0.995257 0.0972766 0
    outer loop
      vertex 38.9901 100.719 1.5
      vertex 38.9728 100.542 1
      vertex 38.9728 100.542 1.5
    endloop
  endfacet
  facet normal -0.997271 0.0738311 0
    outer loop
      vertex 38.9594 100.361 1
      vertex 38.9728 100.542 1.5
      vertex 38.9728 100.542 1
    endloop
  endfacet
  facet normal -0.997271 0.0738311 0
    outer loop
      vertex 38.9728 100.542 1.5
      vertex 38.9594 100.361 1
      vertex 38.9594 100.361 1.5
    endloop
  endfacet
  facet normal -0.998656 0.0518222 0
    outer loop
      vertex 38.9498 100.176 1
      vertex 38.9594 100.361 1.5
      vertex 38.9594 100.361 1
    endloop
  endfacet
  facet normal -0.998656 0.0518222 0
    outer loop
      vertex 38.9594 100.361 1.5
      vertex 38.9498 100.176 1
      vertex 38.9498 100.176 1.5
    endloop
  endfacet
  facet normal -0.999531 0.0306248 0
    outer loop
      vertex 38.944 99.9867 1
      vertex 38.9498 100.176 1.5
      vertex 38.9498 100.176 1
    endloop
  endfacet
  facet normal -0.999531 0.0306248 0
    outer loop
      vertex 38.9498 100.176 1.5
      vertex 38.944 99.9867 1
      vertex 38.944 99.9867 1.5
    endloop
  endfacet
  facet normal -0.999952 0.00983899 0
    outer loop
      vertex 38.9421 99.7936 1
      vertex 38.944 99.9867 1.5
      vertex 38.944 99.9867 1
    endloop
  endfacet
  facet normal -0.999952 0.00983899 0
    outer loop
      vertex 38.944 99.9867 1.5
      vertex 38.9421 99.7936 1
      vertex 38.9421 99.7936 1.5
    endloop
  endfacet
  facet normal -0.999952 -0.00984408 0
    outer loop
      vertex 38.944 99.6006 1
      vertex 38.9421 99.7936 1.5
      vertex 38.9421 99.7936 1
    endloop
  endfacet
  facet normal -0.999952 -0.00984408 0
    outer loop
      vertex 38.9421 99.7936 1.5
      vertex 38.944 99.6006 1
      vertex 38.944 99.6006 1.5
    endloop
  endfacet
  facet normal -0.99953 -0.0306572 0
    outer loop
      vertex 38.9498 99.4115 1
      vertex 38.944 99.6006 1.5
      vertex 38.944 99.6006 1
    endloop
  endfacet
  facet normal -0.99953 -0.0306572 0
    outer loop
      vertex 38.944 99.6006 1.5
      vertex 38.9498 99.4115 1
      vertex 38.9498 99.4115 1.5
    endloop
  endfacet
  facet normal -0.998658 -0.0517942 0
    outer loop
      vertex 38.9594 99.2264 1
      vertex 38.9498 99.4115 1.5
      vertex 38.9498 99.4115 1
    endloop
  endfacet
  facet normal -0.998658 -0.0517942 0
    outer loop
      vertex 38.9498 99.4115 1.5
      vertex 38.9594 99.2264 1
      vertex 38.9594 99.2264 1.5
    endloop
  endfacet
  facet normal -0.997277 -0.07375 0
    outer loop
      vertex 38.9728 99.0452 1
      vertex 38.9594 99.2264 1.5
      vertex 38.9594 99.2264 1
    endloop
  endfacet
  facet normal -0.997277 -0.07375 0
    outer loop
      vertex 38.9594 99.2264 1.5
      vertex 38.9728 99.0452 1
      vertex 38.9728 99.0452 1.5
    endloop
  endfacet
  facet normal -0.995263 -0.0972222 0
    outer loop
      vertex 38.9901 98.8681 1
      vertex 38.9728 99.0452 1.5
      vertex 38.9728 99.0452 1
    endloop
  endfacet
  facet normal -0.995263 -0.0972222 0
    outer loop
      vertex 38.9728 99.0452 1.5
      vertex 38.9901 98.8681 1
      vertex 38.9901 98.8681 1.5
    endloop
  endfacet
  facet normal -0.992661 -0.12093 0
    outer loop
      vertex 39.0112 98.6949 1
      vertex 38.9901 98.8681 1.5
      vertex 38.9901 98.8681 1
    endloop
  endfacet
  facet normal -0.992661 -0.12093 0
    outer loop
      vertex 38.9901 98.8681 1.5
      vertex 39.0112 98.6949 1
      vertex 39.0112 98.6949 1.5
    endloop
  endfacet
  facet normal -0.98926 -0.146167 0
    outer loop
      vertex 39.0362 98.5257 1
      vertex 39.0112 98.6949 1.5
      vertex 39.0112 98.6949 1
    endloop
  endfacet
  facet normal -0.98926 -0.146167 0
    outer loop
      vertex 39.0112 98.6949 1.5
      vertex 39.0362 98.5257 1
      vertex 39.0362 98.5257 1.5
    endloop
  endfacet
  facet normal -0.985142 -0.171744 0
    outer loop
      vertex 39.065 98.3605 1
      vertex 39.0362 98.5257 1.5
      vertex 39.0362 98.5257 1
    endloop
  endfacet
  facet normal -0.985142 -0.171744 0
    outer loop
      vertex 39.0362 98.5257 1.5
      vertex 39.065 98.3605 1
      vertex 39.065 98.3605 1.5
    endloop
  endfacet
  facet normal -0.980181 -0.198102 0
    outer loop
      vertex 39.0976 98.1992 1
      vertex 39.065 98.3605 1.5
      vertex 39.065 98.3605 1
    endloop
  endfacet
  facet normal -0.980181 -0.198102 0
    outer loop
      vertex 39.065 98.3605 1.5
      vertex 39.0976 98.1992 1
      vertex 39.0976 98.1992 1.5
    endloop
  endfacet
  facet normal -0.974475 -0.224496 0
    outer loop
      vertex 39.1337 98.0425 1
      vertex 39.0976 98.1992 1.5
      vertex 39.0976 98.1992 1
    endloop
  endfacet
  facet normal -0.974475 -0.224496 0
    outer loop
      vertex 39.0976 98.1992 1.5
      vertex 39.1337 98.0425 1
      vertex 39.1337 98.0425 1.5
    endloop
  endfacet
  facet normal -0.968312 -0.249743 0
    outer loop
      vertex 39.1728 97.8909 1
      vertex 39.1337 98.0425 1.5
      vertex 39.1337 98.0425 1
    endloop
  endfacet
  facet normal -0.968312 -0.249743 0
    outer loop
      vertex 39.1337 98.0425 1.5
      vertex 39.1728 97.8909 1
      vertex 39.1728 97.8909 1.5
    endloop
  endfacet
  facet normal -0.961102 -0.276194 0
    outer loop
      vertex 39.2149 97.7444 1
      vertex 39.1728 97.8909 1.5
      vertex 39.1728 97.8909 1
    endloop
  endfacet
  facet normal -0.961102 -0.276194 0
    outer loop
      vertex 39.1728 97.8909 1.5
      vertex 39.2149 97.7444 1
      vertex 39.2149 97.7444 1.5
    endloop
  endfacet
  facet normal -0.95258 -0.304287 0
    outer loop
      vertex 39.2601 97.6029 1
      vertex 39.2149 97.7444 1.5
      vertex 39.2149 97.7444 1
    endloop
  endfacet
  facet normal -0.95258 -0.304287 0
    outer loop
      vertex 39.2149 97.7444 1.5
      vertex 39.2601 97.6029 1
      vertex 39.2601 97.6029 1.5
    endloop
  endfacet
  facet normal -0.94308 -0.332567 0
    outer loop
      vertex 39.3082 97.4665 1
      vertex 39.2601 97.6029 1.5
      vertex 39.2601 97.6029 1
    endloop
  endfacet
  facet normal -0.94308 -0.332567 0
    outer loop
      vertex 39.2601 97.6029 1.5
      vertex 39.3082 97.4665 1
      vertex 39.3082 97.4665 1.5
    endloop
  endfacet
  facet normal -0.931765 -0.363062 0
    outer loop
      vertex 39.3594 97.3351 1
      vertex 39.3082 97.4665 1.5
      vertex 39.3082 97.4665 1
    endloop
  endfacet
  facet normal -0.931765 -0.363062 0
    outer loop
      vertex 39.3082 97.4665 1.5
      vertex 39.3594 97.3351 1
      vertex 39.3594 97.3351 1.5
    endloop
  endfacet
  facet normal -0.918843 -0.394622 0
    outer loop
      vertex 39.4136 97.2089 1
      vertex 39.3594 97.3351 1.5
      vertex 39.3594 97.3351 1
    endloop
  endfacet
  facet normal -0.918843 -0.394622 0
    outer loop
      vertex 39.3594 97.3351 1.5
      vertex 39.4136 97.2089 1
      vertex 39.4136 97.2089 1.5
    endloop
  endfacet
  facet normal -0.904345 -0.426803 0
    outer loop
      vertex 39.4708 97.0877 1
      vertex 39.4136 97.2089 1.5
      vertex 39.4136 97.2089 1
    endloop
  endfacet
  facet normal -0.904345 -0.426803 0
    outer loop
      vertex 39.4136 97.2089 1.5
      vertex 39.4708 97.0877 1
      vertex 39.4708 97.0877 1.5
    endloop
  endfacet
  facet normal -0.887755 -0.460317 0
    outer loop
      vertex 39.531 96.9716 1
      vertex 39.4708 97.0877 1.5
      vertex 39.4708 97.0877 1
    endloop
  endfacet
  facet normal -0.887755 -0.460317 0
    outer loop
      vertex 39.4708 97.0877 1.5
      vertex 39.531 96.9716 1
      vertex 39.531 96.9716 1.5
    endloop
  endfacet
  facet normal -0.868436 -0.495801 0
    outer loop
      vertex 39.5942 96.8609 1
      vertex 39.531 96.9716 1.5
      vertex 39.531 96.9716 1
    endloop
  endfacet
  facet normal -0.868436 -0.495801 0
    outer loop
      vertex 39.531 96.9716 1.5
      vertex 39.5942 96.8609 1
      vertex 39.5942 96.8609 1.5
    endloop
  endfacet
  facet normal -0.845317 -0.534266 0
    outer loop
      vertex 39.6605 96.756 1
      vertex 39.5942 96.8609 1.5
      vertex 39.5942 96.8609 1
    endloop
  endfacet
  facet normal -0.845317 -0.534266 0
    outer loop
      vertex 39.5942 96.8609 1.5
      vertex 39.6605 96.756 1
      vertex 39.6605 96.756 1.5
    endloop
  endfacet
  facet normal -0.820163 -0.57213 0
    outer loop
      vertex 39.7297 96.6568 1
      vertex 39.6605 96.756 1.5
      vertex 39.6605 96.756 1
    endloop
  endfacet
  facet normal -0.820163 -0.57213 0
    outer loop
      vertex 39.6605 96.756 1.5
      vertex 39.7297 96.6568 1
      vertex 39.7297 96.6568 1.5
    endloop
  endfacet
  facet normal -0.790763 -0.612122 0
    outer loop
      vertex 39.802 96.5634 1
      vertex 39.7297 96.6568 1.5
      vertex 39.7297 96.6568 1
    endloop
  endfacet
  facet normal -0.790763 -0.612122 0
    outer loop
      vertex 39.7297 96.6568 1.5
      vertex 39.802 96.5634 1
      vertex 39.802 96.5634 1.5
    endloop
  endfacet
  facet normal -0.758707 -0.651432 0
    outer loop
      vertex 39.8773 96.4757 1
      vertex 39.802 96.5634 1.5
      vertex 39.802 96.5634 1
    endloop
  endfacet
  facet normal -0.758707 -0.651432 0
    outer loop
      vertex 39.802 96.5634 1.5
      vertex 39.8773 96.4757 1
      vertex 39.8773 96.4757 1.5
    endloop
  endfacet
  facet normal -0.722392 -0.691483 0
    outer loop
      vertex 39.9556 96.3939 1
      vertex 39.8773 96.4757 1.5
      vertex 39.8773 96.4757 1
    endloop
  endfacet
  facet normal -0.722392 -0.691483 0
    outer loop
      vertex 39.8773 96.4757 1.5
      vertex 39.9556 96.3939 1
      vertex 39.9556 96.3939 1.5
    endloop
  endfacet
  facet normal -0.683404 -0.73004 0
    outer loop
      vertex 39.9556 96.3939 1
      vertex 40.037 96.3177 1.5
      vertex 39.9556 96.3939 1.5
    endloop
  endfacet
  facet normal -0.683404 -0.73004 -0
    outer loop
      vertex 40.037 96.3177 1.5
      vertex 39.9556 96.3939 1
      vertex 40.037 96.3177 1
    endloop
  endfacet
  facet normal -0.640453 -0.767997 0
    outer loop
      vertex 40.037 96.3177 1
      vertex 40.1213 96.2474 1.5
      vertex 40.037 96.3177 1.5
    endloop
  endfacet
  facet normal -0.640453 -0.767997 -0
    outer loop
      vertex 40.1213 96.2474 1.5
      vertex 40.037 96.3177 1
      vertex 40.1213 96.2474 1
    endloop
  endfacet
  facet normal -0.594391 -0.804176 0
    outer loop
      vertex 40.1213 96.2474 1
      vertex 40.2087 96.1828 1.5
      vertex 40.1213 96.2474 1.5
    endloop
  endfacet
  facet normal -0.594391 -0.804176 -0
    outer loop
      vertex 40.2087 96.1828 1.5
      vertex 40.1213 96.2474 1
      vertex 40.2087 96.1828 1
    endloop
  endfacet
  facet normal -0.544529 -0.838742 0
    outer loop
      vertex 40.2087 96.1828 1
      vertex 40.2985 96.1245 1.5
      vertex 40.2087 96.1828 1.5
    endloop
  endfacet
  facet normal -0.544529 -0.838742 -0
    outer loop
      vertex 40.2985 96.1245 1.5
      vertex 40.2087 96.1828 1
      vertex 40.2985 96.1245 1
    endloop
  endfacet
  facet normal -0.489269 -0.872133 0
    outer loop
      vertex 40.2985 96.1245 1
      vertex 40.3903 96.073 1.5
      vertex 40.2985 96.1245 1.5
    endloop
  endfacet
  facet normal -0.489269 -0.872133 -0
    outer loop
      vertex 40.3903 96.073 1.5
      vertex 40.2985 96.1245 1
      vertex 40.3903 96.073 1
    endloop
  endfacet
  facet normal -0.428998 -0.903306 0
    outer loop
      vertex 40.3903 96.073 1
      vertex 40.484 96.0285 1.5
      vertex 40.3903 96.073 1.5
    endloop
  endfacet
  facet normal -0.428998 -0.903306 -0
    outer loop
      vertex 40.484 96.0285 1.5
      vertex 40.3903 96.073 1
      vertex 40.484 96.0285 1
    endloop
  endfacet
  facet normal -0.367698 -0.929945 0
    outer loop
      vertex 40.484 96.0285 1
      vertex 40.5796 95.9907 1.5
      vertex 40.484 96.0285 1.5
    endloop
  endfacet
  facet normal -0.367698 -0.929945 -0
    outer loop
      vertex 40.5796 95.9907 1.5
      vertex 40.484 96.0285 1
      vertex 40.5796 95.9907 1
    endloop
  endfacet
  facet normal -0.301225 -0.953553 0
    outer loop
      vertex 40.5796 95.9907 1
      vertex 40.6771 95.9599 1.5
      vertex 40.5796 95.9907 1.5
    endloop
  endfacet
  facet normal -0.301225 -0.953553 -0
    outer loop
      vertex 40.6771 95.9599 1.5
      vertex 40.5796 95.9907 1
      vertex 40.6771 95.9599 1
    endloop
  endfacet
  facet normal -0.234481 -0.972121 0
    outer loop
      vertex 40.6771 95.9599 1
      vertex 40.7766 95.9359 1.5
      vertex 40.6771 95.9599 1.5
    endloop
  endfacet
  facet normal -0.234481 -0.972121 -0
    outer loop
      vertex 40.7766 95.9359 1.5
      vertex 40.6771 95.9599 1
      vertex 40.7766 95.9359 1
    endloop
  endfacet
  facet normal -0.167397 -0.98589 0
    outer loop
      vertex 40.7766 95.9359 1
      vertex 40.8779 95.9187 1.5
      vertex 40.7766 95.9359 1.5
    endloop
  endfacet
  facet normal -0.167397 -0.98589 -0
    outer loop
      vertex 40.8779 95.9187 1.5
      vertex 40.7766 95.9359 1
      vertex 40.8779 95.9187 1
    endloop
  endfacet
  facet normal -0.0992176 -0.995066 0
    outer loop
      vertex 40.8779 95.9187 1
      vertex 40.9812 95.9084 1.5
      vertex 40.8779 95.9187 1.5
    endloop
  endfacet
  facet normal -0.0992176 -0.995066 -0
    outer loop
      vertex 40.9812 95.9084 1.5
      vertex 40.8779 95.9187 1
      vertex 40.9812 95.9084 1
    endloop
  endfacet
  facet normal -0.0323025 -0.999478 0
    outer loop
      vertex 40.9812 95.9084 1
      vertex 41.0864 95.905 1.5
      vertex 40.9812 95.9084 1.5
    endloop
  endfacet
  facet normal -0.0323025 -0.999478 -0
    outer loop
      vertex 41.0864 95.905 1.5
      vertex 40.9812 95.9084 1
      vertex 41.0864 95.905 1
    endloop
  endfacet
  facet normal 0.0323025 -0.999478 0
    outer loop
      vertex 41.0864 95.905 1
      vertex 41.1916 95.9084 1.5
      vertex 41.0864 95.905 1.5
    endloop
  endfacet
  facet normal 0.0323025 -0.999478 0
    outer loop
      vertex 41.1916 95.9084 1.5
      vertex 41.0864 95.905 1
      vertex 41.1916 95.9084 1
    endloop
  endfacet
  facet normal 0.180328 0.983607 -0
    outer loop
      vertex 41.0386 97.2947 1
      vertex 41.0026 97.3013 1.5
      vertex 41.0386 97.2947 1.5
    endloop
  endfacet
  facet normal 0.180328 0.983607 0
    outer loop
      vertex 41.0026 97.3013 1.5
      vertex 41.0386 97.2947 1
      vertex 41.0026 97.3013 1
    endloop
  endfacet
  facet normal 0.297505 0.95472 -0
    outer loop
      vertex 41.0026 97.3013 1
      vertex 40.9673 97.3123 1.5
      vertex 41.0026 97.3013 1.5
    endloop
  endfacet
  facet normal 0.297505 0.95472 0
    outer loop
      vertex 40.9673 97.3123 1.5
      vertex 41.0026 97.3013 1
      vertex 40.9673 97.3123 1
    endloop
  endfacet
  facet normal 0.404421 0.914573 -0
    outer loop
      vertex 40.9673 97.3123 1
      vertex 40.9327 97.3276 1.5
      vertex 40.9673 97.3123 1.5
    endloop
  endfacet
  facet normal 0.404421 0.914573 0
    outer loop
      vertex 40.9327 97.3276 1.5
      vertex 40.9673 97.3123 1
      vertex 40.9327 97.3276 1
    endloop
  endfacet
  facet normal 0.503239 0.864147 -0
    outer loop
      vertex 40.9327 97.3276 1
      vertex 40.8987 97.3474 1.5
      vertex 40.9327 97.3276 1.5
    endloop
  endfacet
  facet normal 0.503239 0.864147 0
    outer loop
      vertex 40.8987 97.3474 1.5
      vertex 40.9327 97.3276 1
      vertex 40.8987 97.3474 1
    endloop
  endfacet
  facet normal 0.587447 0.809263 -0
    outer loop
      vertex 40.8987 97.3474 1
      vertex 40.8655 97.3715 1.5
      vertex 40.8987 97.3474 1.5
    endloop
  endfacet
  facet normal 0.587447 0.809263 0
    outer loop
      vertex 40.8655 97.3715 1.5
      vertex 40.8987 97.3474 1
      vertex 40.8655 97.3715 1
    endloop
  endfacet
  facet normal 0.659484 0.751719 -0
    outer loop
      vertex 40.8655 97.3715 1
      vertex 40.8329 97.4001 1.5
      vertex 40.8655 97.3715 1.5
    endloop
  endfacet
  facet normal 0.659484 0.751719 0
    outer loop
      vertex 40.8329 97.4001 1.5
      vertex 40.8655 97.3715 1
      vertex 40.8329 97.4001 1
    endloop
  endfacet
  facet normal 0.717933 0.696112 0
    outer loop
      vertex 40.8329 97.4001 1.5
      vertex 40.801 97.433 1
      vertex 40.801 97.433 1.5
    endloop
  endfacet
  facet normal 0.717933 0.696112 0
    outer loop
      vertex 40.801 97.433 1
      vertex 40.8329 97.4001 1.5
      vertex 40.8329 97.4001 1
    endloop
  endfacet
  facet normal 0.76704 0.641599 0
    outer loop
      vertex 40.801 97.433 1.5
      vertex 40.7698 97.4703 1
      vertex 40.7698 97.4703 1.5
    endloop
  endfacet
  facet normal 0.76704 0.641599 0
    outer loop
      vertex 40.7698 97.4703 1
      vertex 40.801 97.433 1.5
      vertex 40.801 97.433 1
    endloop
  endfacet
  facet normal 0.806033 0.59187 0
    outer loop
      vertex 40.7698 97.4703 1.5
      vertex 40.7394 97.5117 1
      vertex 40.7394 97.5117 1.5
    endloop
  endfacet
  facet normal 0.806033 0.59187 0
    outer loop
      vertex 40.7394 97.5117 1
      vertex 40.7698 97.4703 1.5
      vertex 40.7698 97.4703 1
    endloop
  endfacet
  facet normal 0.837166 0.546949 0
    outer loop
      vertex 40.7394 97.5117 1.5
      vertex 40.71 97.5567 1
      vertex 40.71 97.5567 1.5
    endloop
  endfacet
  facet normal 0.837166 0.546949 0
    outer loop
      vertex 40.71 97.5567 1
      vertex 40.7394 97.5117 1.5
      vertex 40.7394 97.5117 1
    endloop
  endfacet
  facet normal 0.863522 0.504311 0
    outer loop
      vertex 40.71 97.5567 1.5
      vertex 40.6815 97.6055 1
      vertex 40.6815 97.6055 1.5
    endloop
  endfacet
  facet normal 0.863522 0.504311 0
    outer loop
      vertex 40.6815 97.6055 1
      vertex 40.71 97.5567 1.5
      vertex 40.71 97.5567 1
    endloop
  endfacet
  facet normal 0.885832 0.464007 0
    outer loop
      vertex 40.6815 97.6055 1.5
      vertex 40.654 97.658 1
      vertex 40.654 97.658 1.5
    endloop
  endfacet
  facet normal 0.885832 0.464007 0
    outer loop
      vertex 40.654 97.658 1
      vertex 40.6815 97.6055 1.5
      vertex 40.6815 97.6055 1
    endloop
  endfacet
  facet normal 0.90449 0.426494 0
    outer loop
      vertex 40.654 97.658 1.5
      vertex 40.6275 97.7142 1
      vertex 40.6275 97.7142 1.5
    endloop
  endfacet
  facet normal 0.90449 0.426494 0
    outer loop
      vertex 40.6275 97.7142 1
      vertex 40.654 97.658 1.5
      vertex 40.654 97.658 1
    endloop
  endfacet
  facet normal 0.919304 0.393548 0
    outer loop
      vertex 40.6275 97.7142 1.5
      vertex 40.6019 97.774 1
      vertex 40.6019 97.774 1.5
    endloop
  endfacet
  facet normal 0.919304 0.393548 0
    outer loop
      vertex 40.6019 97.774 1
      vertex 40.6275 97.7142 1.5
      vertex 40.6275 97.7142 1
    endloop
  endfacet
  facet normal 0.932664 0.360747 0
    outer loop
      vertex 40.6019 97.774 1.5
      vertex 40.5773 97.8376 1
      vertex 40.5773 97.8376 1.5
    endloop
  endfacet
  facet normal 0.932664 0.360747 0
    outer loop
      vertex 40.5773 97.8376 1
      vertex 40.6019 97.774 1.5
      vertex 40.6019 97.774 1
    endloop
  endfacet
  facet normal 0.943223 0.33216 0
    outer loop
      vertex 40.5773 97.8376 1.5
      vertex 40.5536 97.9049 1
      vertex 40.5536 97.9049 1.5
    endloop
  endfacet
  facet normal 0.943223 0.33216 0
    outer loop
      vertex 40.5536 97.9049 1
      vertex 40.5773 97.8376 1.5
      vertex 40.5773 97.8376 1
    endloop
  endfacet
  facet normal 0.952502 0.304532 0
    outer loop
      vertex 40.5536 97.9049 1.5
      vertex 40.5309 97.9759 1
      vertex 40.5309 97.9759 1.5
    endloop
  endfacet
  facet normal 0.952502 0.304532 0
    outer loop
      vertex 40.5309 97.9759 1
      vertex 40.5536 97.9049 1.5
      vertex 40.5536 97.9049 1
    endloop
  endfacet
  facet normal 0.96 0.28 0
    outer loop
      vertex 40.5309 97.9759 1.5
      vertex 40.5092 98.0503 1
      vertex 40.5092 98.0503 1.5
    endloop
  endfacet
  facet normal 0.96 0.28 0
    outer loop
      vertex 40.5092 98.0503 1
      vertex 40.5309 97.9759 1.5
      vertex 40.5309 97.9759 1
    endloop
  endfacet
  facet normal 0.966832 0.255413 0
    outer loop
      vertex 40.5092 98.0503 1.5
      vertex 40.4887 98.1279 1
      vertex 40.4887 98.1279 1.5
    endloop
  endfacet
  facet normal 0.966832 0.255413 0
    outer loop
      vertex 40.4887 98.1279 1
      vertex 40.5092 98.0503 1.5
      vertex 40.5092 98.0503 1
    endloop
  endfacet
  facet normal 0.972025 0.234876 0
    outer loop
      vertex 40.4887 98.1279 1.5
      vertex 40.4692 98.2086 1
      vertex 40.4692 98.2086 1.5
    endloop
  endfacet
  facet normal 0.972025 0.234876 0
    outer loop
      vertex 40.4692 98.2086 1
      vertex 40.4887 98.1279 1.5
      vertex 40.4887 98.1279 1
    endloop
  endfacet
  facet normal 0.976786 0.214218 0
    outer loop
      vertex 40.4692 98.2086 1.5
      vertex 40.4508 98.2925 1
      vertex 40.4508 98.2925 1.5
    endloop
  endfacet
  facet normal 0.976786 0.214218 0
    outer loop
      vertex 40.4508 98.2925 1
      vertex 40.4692 98.2086 1.5
      vertex 40.4692 98.2086 1
    endloop
  endfacet
  facet normal 0.98084 0.194817 0
    outer loop
      vertex 40.4508 98.2925 1.5
      vertex 40.4335 98.3796 1
      vertex 40.4335 98.3796 1.5
    endloop
  endfacet
  facet normal 0.98084 0.194817 0
    outer loop
      vertex 40.4335 98.3796 1
      vertex 40.4508 98.2925 1.5
      vertex 40.4508 98.2925 1
    endloop
  endfacet
  facet normal 0.984252 0.176772 0
    outer loop
      vertex 40.4335 98.3796 1.5
      vertex 40.4173 98.4698 1
      vertex 40.4173 98.4698 1.5
    endloop
  endfacet
  facet normal 0.984252 0.176772 0
    outer loop
      vertex 40.4173 98.4698 1
      vertex 40.4335 98.3796 1.5
      vertex 40.4335 98.3796 1
    endloop
  endfacet
  facet normal 0.987155 0.159765 0
    outer loop
      vertex 40.4173 98.4698 1.5
      vertex 40.4022 98.5631 1
      vertex 40.4022 98.5631 1.5
    endloop
  endfacet
  facet normal 0.987155 0.159765 0
    outer loop
      vertex 40.4022 98.5631 1
      vertex 40.4173 98.4698 1.5
      vertex 40.4173 98.4698 1
    endloop
  endfacet
  facet normal 0.989661 0.143429 0
    outer loop
      vertex 40.4022 98.5631 1.5
      vertex 40.3882 98.6597 1
      vertex 40.3882 98.6597 1.5
    endloop
  endfacet
  facet normal 0.989661 0.143429 0
    outer loop
      vertex 40.3882 98.6597 1
      vertex 40.4022 98.5631 1.5
      vertex 40.4022 98.5631 1
    endloop
  endfacet
  facet normal 0.991717 0.128445 0
    outer loop
      vertex 40.3882 98.6597 1.5
      vertex 40.3753 98.7593 1
      vertex 40.3753 98.7593 1.5
    endloop
  endfacet
  facet normal 0.991717 0.128445 0
    outer loop
      vertex 40.3753 98.7593 1
      vertex 40.3882 98.6597 1.5
      vertex 40.3882 98.6597 1
    endloop
  endfacet
  facet normal 0.993657 0.112453 0
    outer loop
      vertex 40.3753 98.7593 1.5
      vertex 40.3637 98.8618 1
      vertex 40.3637 98.8618 1.5
    endloop
  endfacet
  facet normal 0.993657 0.112453 0
    outer loop
      vertex 40.3637 98.8618 1
      vertex 40.3753 98.7593 1.5
      vertex 40.3753 98.7593 1
    endloop
  endfacet
  facet normal 0.995223 0.0976266 0
    outer loop
      vertex 40.3637 98.8618 1.5
      vertex 40.3534 98.9668 1
      vertex 40.3534 98.9668 1.5
    endloop
  endfacet
  facet normal 0.995223 0.0976266 0
    outer loop
      vertex 40.3534 98.9668 1
      vertex 40.3637 98.8618 1.5
      vertex 40.3637 98.8618 1
    endloop
  endfacet
  facet normal 0.996584 0.0825847 0
    outer loop
      vertex 40.3534 98.9668 1.5
      vertex 40.3445 99.0742 1
      vertex 40.3445 99.0742 1.5
    endloop
  endfacet
  facet normal 0.996584 0.0825847 0
    outer loop
      vertex 40.3445 99.0742 1
      vertex 40.3534 98.9668 1.5
      vertex 40.3534 98.9668 1
    endloop
  endfacet
  facet normal 0.997617 0.068989 0
    outer loop
      vertex 40.3445 99.0742 1.5
      vertex 40.3369 99.1841 1
      vertex 40.3369 99.1841 1.5
    endloop
  endfacet
  facet normal 0.997617 0.068989 0
    outer loop
      vertex 40.3369 99.1841 1
      vertex 40.3445 99.0742 1.5
      vertex 40.3445 99.0742 1
    endloop
  endfacet
  facet normal 0.998531 0.0541907 0
    outer loop
      vertex 40.3369 99.1841 1.5
      vertex 40.3308 99.2965 1
      vertex 40.3308 99.2965 1.5
    endloop
  endfacet
  facet normal 0.998531 0.0541907 0
    outer loop
      vertex 40.3308 99.2965 1
      vertex 40.3369 99.1841 1.5
      vertex 40.3369 99.1841 1
    endloop
  endfacet
  facet normal 0.999127 0.0417753 0
    outer loop
      vertex 40.3308 99.2965 1.5
      vertex 40.326 99.4113 1
      vertex 40.326 99.4113 1.5
    endloop
  endfacet
  facet normal 0.999127 0.0417753 0
    outer loop
      vertex 40.326 99.4113 1
      vertex 40.3308 99.2965 1.5
      vertex 40.3308 99.2965 1
    endloop
  endfacet
  facet normal 0.999555 0.0298247 0
    outer loop
      vertex 40.326 99.4113 1.5
      vertex 40.3225 99.5286 1
      vertex 40.3225 99.5286 1.5
    endloop
  endfacet
  facet normal 0.999555 0.0298247 0
    outer loop
      vertex 40.3225 99.5286 1
      vertex 40.326 99.4113 1.5
      vertex 40.326 99.4113 1
    endloop
  endfacet
  facet normal 0.999861 0.0166922 0
    outer loop
      vertex 40.3225 99.5286 1.5
      vertex 40.3205 99.6484 1
      vertex 40.3205 99.6484 1.5
    endloop
  endfacet
  facet normal 0.999861 0.0166922 0
    outer loop
      vertex 40.3205 99.6484 1
      vertex 40.3225 99.5286 1.5
      vertex 40.3225 99.5286 1
    endloop
  endfacet
  facet normal 0.999984 0.00572822 0
    outer loop
      vertex 40.3205 99.6484 1.5
      vertex 40.3198 99.7706 1
      vertex 40.3198 99.7706 1.5
    endloop
  endfacet
  facet normal 0.999984 0.00572822 0
    outer loop
      vertex 40.3198 99.7706 1
      vertex 40.3205 99.6484 1.5
      vertex 40.3205 99.6484 1
    endloop
  endfacet
  facet normal 0.999984 -0.00572354 0
    outer loop
      vertex 40.3198 99.7706 1.5
      vertex 40.3205 99.8929 1
      vertex 40.3205 99.8929 1.5
    endloop
  endfacet
  facet normal 0.999984 -0.00572354 0
    outer loop
      vertex 40.3205 99.8929 1
      vertex 40.3198 99.7706 1.5
      vertex 40.3198 99.7706 1
    endloop
  endfacet
  facet normal 0.999861 -0.0166505 0
    outer loop
      vertex 40.3205 99.8929 1.5
      vertex 40.3225 100.013 1
      vertex 40.3225 100.013 1.5
    endloop
  endfacet
  facet normal 0.999861 -0.0166505 0
    outer loop
      vertex 40.3225 100.013 1
      vertex 40.3205 99.8929 1.5
      vertex 40.3205 99.8929 1
    endloop
  endfacet
  facet normal 0.99956 -0.029648 0
    outer loop
      vertex 40.3225 100.013 1.5
      vertex 40.326 100.131 1
      vertex 40.326 100.131 1.5
    endloop
  endfacet
  facet normal 0.99956 -0.029648 0
    outer loop
      vertex 40.326 100.131 1
      vertex 40.3225 100.013 1.5
      vertex 40.3225 100.013 1
    endloop
  endfacet
  facet normal 0.99913 -0.0417028 0
    outer loop
      vertex 40.326 100.131 1.5
      vertex 40.3308 100.246 1
      vertex 40.3308 100.246 1.5
    endloop
  endfacet
  facet normal 0.99913 -0.0417028 0
    outer loop
      vertex 40.3308 100.246 1
      vertex 40.326 100.131 1.5
      vertex 40.326 100.131 1
    endloop
  endfacet
  facet normal 0.998546 -0.0539038 0
    outer loop
      vertex 40.3308 100.246 1.5
      vertex 40.3369 100.359 1
      vertex 40.3369 100.359 1.5
    endloop
  endfacet
  facet normal 0.998546 -0.0539038 0
    outer loop
      vertex 40.3369 100.359 1
      vertex 40.3308 100.246 1.5
      vertex 40.3308 100.246 1
    endloop
  endfacet
  facet normal 0.997622 -0.0689266 0
    outer loop
      vertex 40.3369 100.359 1.5
      vertex 40.3445 100.469 1
      vertex 40.3445 100.469 1.5
    endloop
  endfacet
  facet normal 0.997622 -0.0689266 0
    outer loop
      vertex 40.3445 100.469 1
      vertex 40.3369 100.359 1.5
      vertex 40.3369 100.359 1
    endloop
  endfacet
  facet normal 0.996683 -0.0813805 0
    outer loop
      vertex 40.3445 100.469 1.5
      vertex 40.3534 100.578 1
      vertex 40.3534 100.578 1.5
    endloop
  endfacet
  facet normal 0.996683 -0.0813805 0
    outer loop
      vertex 40.3534 100.578 1
      vertex 40.3445 100.469 1.5
      vertex 40.3445 100.469 1
    endloop
  endfacet
  facet normal 0.995312 -0.0967143 0
    outer loop
      vertex 40.3534 100.578 1.5
      vertex 40.3637 100.684 1
      vertex 40.3637 100.684 1.5
    endloop
  endfacet
  facet normal 0.995312 -0.0967143 0
    outer loop
      vertex 40.3637 100.684 1
      vertex 40.3534 100.578 1.5
      vertex 40.3534 100.578 1
    endloop
  endfacet
  facet normal 0.993718 -0.111914 0
    outer loop
      vertex 40.3637 100.684 1.5
      vertex 40.3753 100.787 1
      vertex 40.3753 100.787 1.5
    endloop
  endfacet
  facet normal 0.993718 -0.111914 0
    outer loop
      vertex 40.3753 100.787 1
      vertex 40.3637 100.684 1.5
      vertex 40.3637 100.684 1
    endloop
  endfacet
  facet normal 0.991942 -0.126694 0
    outer loop
      vertex 40.3753 100.787 1.5
      vertex 40.3882 100.888 1
      vertex 40.3882 100.888 1.5
    endloop
  endfacet
  facet normal 0.991942 -0.126694 0
    outer loop
      vertex 40.3882 100.888 1
      vertex 40.3753 100.787 1.5
      vertex 40.3753 100.787 1
    endloop
  endfacet
  facet normal 0.989744 -0.14285 0
    outer loop
      vertex 40.3882 100.888 1.5
      vertex 40.4022 100.985 1
      vertex 40.4022 100.985 1.5
    endloop
  endfacet
  facet normal 0.989744 -0.14285 0
    outer loop
      vertex 40.4022 100.985 1
      vertex 40.3882 100.888 1.5
      vertex 40.3882 100.888 1
    endloop
  endfacet
  facet normal 0.987342 -0.158605 0
    outer loop
      vertex 40.4022 100.985 1.5
      vertex 40.4173 101.079 1
      vertex 40.4173 101.079 1.5
    endloop
  endfacet
  facet normal 0.987342 -0.158605 0
    outer loop
      vertex 40.4173 101.079 1
      vertex 40.4022 100.985 1.5
      vertex 40.4022 100.985 1
    endloop
  endfacet
  facet normal 0.984521 -0.175266 0
    outer loop
      vertex 40.4173 101.079 1.5
      vertex 40.4335 101.17 1
      vertex 40.4335 101.17 1.5
    endloop
  endfacet
  facet normal 0.984521 -0.175266 0
    outer loop
      vertex 40.4335 101.17 1
      vertex 40.4173 101.079 1.5
      vertex 40.4173 101.079 1
    endloop
  endfacet
  facet normal 0.980797 -0.195032 0
    outer loop
      vertex 40.4335 101.17 1.5
      vertex 40.4508 101.257 1
      vertex 40.4508 101.257 1.5
    endloop
  endfacet
  facet normal 0.980797 -0.195032 0
    outer loop
      vertex 40.4508 101.257 1
      vertex 40.4335 101.17 1.5
      vertex 40.4335 101.17 1
    endloop
  endfacet
  facet normal 0.976298 -0.216432 0
    outer loop
      vertex 40.4508 101.257 1.5
      vertex 40.4692 101.34 1
      vertex 40.4692 101.34 1.5
    endloop
  endfacet
  facet normal 0.976298 -0.216432 0
    outer loop
      vertex 40.4692 101.34 1
      vertex 40.4508 101.257 1.5
      vertex 40.4508 101.257 1
    endloop
  endfacet
  facet normal 0.972224 -0.234054 0
    outer loop
      vertex 40.4692 101.34 1.5
      vertex 40.4887 101.421 1
      vertex 40.4887 101.421 1.5
    endloop
  endfacet
  facet normal 0.972224 -0.234054 0
    outer loop
      vertex 40.4887 101.421 1
      vertex 40.4692 101.34 1.5
      vertex 40.4692 101.34 1
    endloop
  endfacet
  facet normal 0.965493 -0.260429 0
    outer loop
      vertex 40.4887 101.421 1.5
      vertex 40.5092 101.497 1
      vertex 40.5092 101.497 1.5
    endloop
  endfacet
  facet normal 0.965493 -0.260429 0
    outer loop
      vertex 40.5092 101.497 1
      vertex 40.4887 101.421 1.5
      vertex 40.4887 101.421 1
    endloop
  endfacet
  facet normal 0.959592 -0.281394 0
    outer loop
      vertex 40.5092 101.497 1.5
      vertex 40.5309 101.571 1
      vertex 40.5309 101.571 1.5
    endloop
  endfacet
  facet normal 0.959592 -0.281394 0
    outer loop
      vertex 40.5309 101.571 1
      vertex 40.5092 101.497 1.5
      vertex 40.5092 101.497 1
    endloop
  endfacet
  facet normal 0.951234 -0.308471 0
    outer loop
      vertex 40.5309 101.571 1.5
      vertex 40.5536 101.641 1
      vertex 40.5536 101.641 1.5
    endloop
  endfacet
  facet normal 0.951234 -0.308471 0
    outer loop
      vertex 40.5536 101.641 1
      vertex 40.5309 101.571 1.5
      vertex 40.5309 101.571 1
    endloop
  endfacet
  facet normal 0.94116 -0.337962 0
    outer loop
      vertex 40.5536 101.641 1.5
      vertex 40.5773 101.707 1
      vertex 40.5773 101.707 1.5
    endloop
  endfacet
  facet normal 0.94116 -0.337962 0
    outer loop
      vertex 40.5773 101.707 1
      vertex 40.5536 101.641 1.5
      vertex 40.5536 101.641 1
    endloop
  endfacet
  facet normal 0.931504 -0.36373 0
    outer loop
      vertex 40.5773 101.707 1.5
      vertex 40.6019 101.77 1
      vertex 40.6019 101.77 1.5
    endloop
  endfacet
  facet normal 0.931504 -0.36373 0
    outer loop
      vertex 40.6019 101.77 1
      vertex 40.5773 101.707 1.5
      vertex 40.5773 101.707 1
    endloop
  endfacet
  facet normal 0.917366 -0.398044 0
    outer loop
      vertex 40.6019 101.77 1.5
      vertex 40.6275 101.829 1
      vertex 40.6275 101.829 1.5
    endloop
  endfacet
  facet normal 0.917366 -0.398044 0
    outer loop
      vertex 40.6275 101.829 1
      vertex 40.6019 101.77 1.5
      vertex 40.6019 101.77 1
    endloop
  endfacet
  facet normal 0.900883 -0.434062 0
    outer loop
      vertex 40.6275 101.829 1.5
      vertex 40.654 101.884 1
      vertex 40.654 101.884 1.5
    endloop
  endfacet
  facet normal 0.900883 -0.434062 0
    outer loop
      vertex 40.654 101.884 1
      vertex 40.6275 101.829 1.5
      vertex 40.6275 101.829 1
    endloop
  endfacet
  facet normal 0.883995 -0.467497 0
    outer loop
      vertex 40.654 101.884 1.5
      vertex 40.6815 101.936 1
      vertex 40.6815 101.936 1.5
    endloop
  endfacet
  facet normal 0.883995 -0.467497 0
    outer loop
      vertex 40.6815 101.936 1
      vertex 40.654 101.884 1.5
      vertex 40.654 101.884 1
    endloop
  endfacet
  facet normal 0.864418 -0.502774 0
    outer loop
      vertex 40.6815 101.936 1.5
      vertex 40.71 101.985 1
      vertex 40.71 101.985 1.5
    endloop
  endfacet
  facet normal 0.864418 -0.502774 0
    outer loop
      vertex 40.71 101.985 1
      vertex 40.6815 101.936 1.5
      vertex 40.6815 101.936 1
    endloop
  endfacet
  facet normal 0.837166 -0.546949 0
    outer loop
      vertex 40.71 101.985 1.5
      vertex 40.7394 102.03 1
      vertex 40.7394 102.03 1.5
    endloop
  endfacet
  facet normal 0.837166 -0.546949 0
    outer loop
      vertex 40.7394 102.03 1
      vertex 40.71 101.985 1.5
      vertex 40.71 101.985 1
    endloop
  endfacet
  facet normal 0.803279 -0.595602 0
    outer loop
      vertex 40.7394 102.03 1.5
      vertex 40.7698 102.071 1
      vertex 40.7698 102.071 1.5
    endloop
  endfacet
  facet normal 0.803279 -0.595602 0
    outer loop
      vertex 40.7698 102.071 1
      vertex 40.7394 102.03 1.5
      vertex 40.7394 102.03 1
    endloop
  endfacet
  facet normal 0.764482 -0.644645 0
    outer loop
      vertex 40.7698 102.071 1.5
      vertex 40.801 102.108 1
      vertex 40.801 102.108 1.5
    endloop
  endfacet
  facet normal 0.764482 -0.644645 0
    outer loop
      vertex 40.801 102.108 1
      vertex 40.7698 102.071 1.5
      vertex 40.7698 102.071 1
    endloop
  endfacet
  facet normal 0.718988 -0.695022 0
    outer loop
      vertex 40.801 102.108 1.5
      vertex 40.8329 102.141 1
      vertex 40.8329 102.141 1.5
    endloop
  endfacet
  facet normal 0.718988 -0.695022 0
    outer loop
      vertex 40.8329 102.141 1
      vertex 40.801 102.108 1.5
      vertex 40.801 102.108 1
    endloop
  endfacet
  facet normal 0.664648 -0.747156 0
    outer loop
      vertex 40.8329 102.141 1
      vertex 40.8655 102.17 1.5
      vertex 40.8329 102.141 1.5
    endloop
  endfacet
  facet normal 0.664648 -0.747156 0
    outer loop
      vertex 40.8655 102.17 1.5
      vertex 40.8329 102.141 1
      vertex 40.8655 102.17 1
    endloop
  endfacet
  facet normal 0.585847 -0.810422 0
    outer loop
      vertex 40.8655 102.17 1
      vertex 40.8987 102.194 1.5
      vertex 40.8655 102.17 1.5
    endloop
  endfacet
  facet normal 0.585847 -0.810422 0
    outer loop
      vertex 40.8987 102.194 1.5
      vertex 40.8655 102.17 1
      vertex 40.8987 102.194 1
    endloop
  endfacet
  facet normal 0.50702 -0.861934 0
    outer loop
      vertex 40.8987 102.194 1
      vertex 40.9327 102.214 1.5
      vertex 40.8987 102.194 1.5
    endloop
  endfacet
  facet normal 0.50702 -0.861934 0
    outer loop
      vertex 40.9327 102.214 1.5
      vertex 40.8987 102.194 1
      vertex 40.9327 102.214 1
    endloop
  endfacet
  facet normal 0.397756 -0.917491 0
    outer loop
      vertex 40.9327 102.214 1
      vertex 40.9673 102.229 1.5
      vertex 40.9327 102.214 1.5
    endloop
  endfacet
  facet normal 0.397756 -0.917491 0
    outer loop
      vertex 40.9673 102.229 1.5
      vertex 40.9327 102.214 1
      vertex 40.9673 102.229 1
    endloop
  endfacet
  facet normal 0.297505 -0.95472 0
    outer loop
      vertex 40.9673 102.229 1
      vertex 41.0026 102.24 1.5
      vertex 40.9673 102.229 1.5
    endloop
  endfacet
  facet normal 0.297505 -0.95472 0
    outer loop
      vertex 41.0026 102.24 1.5
      vertex 40.9673 102.229 1
      vertex 41.0026 102.24 1
    endloop
  endfacet
  facet normal 0.164399 -0.986394 0
    outer loop
      vertex 41.0026 102.24 1
      vertex 41.0386 102.246 1.5
      vertex 41.0026 102.24 1.5
    endloop
  endfacet
  facet normal 0.164399 -0.986394 0
    outer loop
      vertex 41.0386 102.246 1.5
      vertex 41.0026 102.24 1
      vertex 41.0386 102.246 1
    endloop
  endfacet
  facet normal 0.0814721 -0.996676 0
    outer loop
      vertex 41.0386 102.246 1
      vertex 41.0753 102.249 1.5
      vertex 41.0386 102.246 1.5
    endloop
  endfacet
  facet normal 0.0814721 -0.996676 0
    outer loop
      vertex 41.0753 102.249 1.5
      vertex 41.0386 102.246 1
      vertex 41.0753 102.249 1
    endloop
  endfacet
  facet normal -0.0814721 -0.996676 0
    outer loop
      vertex 41.0753 102.249 1
      vertex 41.112 102.246 1.5
      vertex 41.0753 102.249 1.5
    endloop
  endfacet
  facet normal -0.0814721 -0.996676 -0
    outer loop
      vertex 41.112 102.246 1.5
      vertex 41.0753 102.249 1
      vertex 41.112 102.246 1
    endloop
  endfacet
  facet normal -0.164399 -0.986394 0
    outer loop
      vertex 41.112 102.246 1
      vertex 41.148 102.24 1.5
      vertex 41.112 102.246 1.5
    endloop
  endfacet
  facet normal -0.164399 -0.986394 -0
    outer loop
      vertex 41.148 102.24 1.5
      vertex 41.112 102.246 1
      vertex 41.148 102.24 1
    endloop
  endfacet
  facet normal -0.297505 -0.95472 0
    outer loop
      vertex 41.148 102.24 1
      vertex 41.1833 102.229 1.5
      vertex 41.148 102.24 1.5
    endloop
  endfacet
  facet normal -0.297505 -0.95472 -0
    outer loop
      vertex 41.1833 102.229 1.5
      vertex 41.148 102.24 1
      vertex 41.1833 102.229 1
    endloop
  endfacet
  facet normal -0.396791 -0.917909 0
    outer loop
      vertex 41.1833 102.229 1
      vertex 41.218 102.214 1.5
      vertex 41.1833 102.229 1.5
    endloop
  endfacet
  facet normal -0.396791 -0.917909 -0
    outer loop
      vertex 41.218 102.214 1.5
      vertex 41.1833 102.229 1
      vertex 41.218 102.214 1
    endloop
  endfacet
  facet normal -0.50813 -0.86128 0
    outer loop
      vertex 41.218 102.214 1
      vertex 41.2519 102.194 1.5
      vertex 41.218 102.214 1.5
    endloop
  endfacet
  facet normal -0.50813 -0.86128 -0
    outer loop
      vertex 41.2519 102.194 1.5
      vertex 41.218 102.214 1
      vertex 41.2519 102.194 1
    endloop
  endfacet
  facet normal -0.58469 -0.811257 0
    outer loop
      vertex 41.2519 102.194 1
      vertex 41.2852 102.17 1.5
      vertex 41.2519 102.194 1.5
    endloop
  endfacet
  facet normal -0.58469 -0.811257 -0
    outer loop
      vertex 41.2852 102.17 1.5
      vertex 41.2519 102.194 1
      vertex 41.2852 102.17 1
    endloop
  endfacet
  facet normal -0.665788 -0.746141 0
    outer loop
      vertex 41.2852 102.17 1
      vertex 41.3177 102.141 1.5
      vertex 41.2852 102.17 1.5
    endloop
  endfacet
  facet normal -0.665788 -0.746141 -0
    outer loop
      vertex 41.3177 102.141 1.5
      vertex 41.2852 102.17 1
      vertex 41.3177 102.141 1
    endloop
  endfacet
  facet normal -0.718988 -0.695022 0
    outer loop
      vertex 41.3496 102.108 1
      vertex 41.3177 102.141 1.5
      vertex 41.3177 102.141 1
    endloop
  endfacet
  facet normal -0.718988 -0.695022 0
    outer loop
      vertex 41.3177 102.141 1.5
      vertex 41.3496 102.108 1
      vertex 41.3496 102.108 1.5
    endloop
  endfacet
  facet normal -0.764482 -0.644645 0
    outer loop
      vertex 41.3808 102.071 1
      vertex 41.3496 102.108 1.5
      vertex 41.3496 102.108 1
    endloop
  endfacet
  facet normal -0.764482 -0.644645 0
    outer loop
      vertex 41.3496 102.108 1.5
      vertex 41.3808 102.071 1
      vertex 41.3808 102.071 1.5
    endloop
  endfacet
  facet normal -0.804217 -0.594336 0
    outer loop
      vertex 41.4111 102.03 1
      vertex 41.3808 102.071 1.5
      vertex 41.3808 102.071 1
    endloop
  endfacet
  facet normal -0.804217 -0.594336 0
    outer loop
      vertex 41.3808 102.071 1.5
      vertex 41.4111 102.03 1
      vertex 41.4111 102.03 1.5
    endloop
  endfacet
  facet normal -0.838018 -0.545643 0
    outer loop
      vertex 41.4404 101.985 1
      vertex 41.4111 102.03 1.5
      vertex 41.4111 102.03 1
    endloop
  endfacet
  facet normal -0.838018 -0.545643 0
    outer loop
      vertex 41.4111 102.03 1.5
      vertex 41.4404 101.985 1
      vertex 41.4404 101.985 1.5
    endloop
  endfacet
  facet normal -0.867479 -0.497473 0
    outer loop
      vertex 41.4685 101.936 1
      vertex 41.4404 101.985 1.5
      vertex 41.4404 101.985 1
    endloop
  endfacet
  facet normal -0.867479 -0.497473 0
    outer loop
      vertex 41.4404 101.985 1.5
      vertex 41.4685 101.936 1
      vertex 41.4685 101.936 1.5
    endloop
  endfacet
  facet normal -0.887496 -0.460815 0
    outer loop
      vertex 41.4955 101.884 1
      vertex 41.4685 101.936 1.5
      vertex 41.4685 101.936 1
    endloop
  endfacet
  facet normal -0.887496 -0.460815 0
    outer loop
      vertex 41.4685 101.936 1.5
      vertex 41.4955 101.884 1
      vertex 41.4955 101.884 1.5
    endloop
  endfacet
  facet normal -0.904707 -0.426035 0
    outer loop
      vertex 41.5214 101.829 1
      vertex 41.4955 101.884 1.5
      vertex 41.4955 101.884 1
    endloop
  endfacet
  facet normal -0.904707 -0.426035 0
    outer loop
      vertex 41.4955 101.884 1.5
      vertex 41.5214 101.829 1
      vertex 41.5214 101.829 1.5
    endloop
  endfacet
  facet normal -0.92187 -0.387498 0
    outer loop
      vertex 41.5462 101.77 1
      vertex 41.5214 101.829 1.5
      vertex 41.5214 101.829 1
    endloop
  endfacet
  facet normal -0.92187 -0.387498 0
    outer loop
      vertex 41.5214 101.829 1.5
      vertex 41.5462 101.77 1
      vertex 41.5462 101.77 1.5
    endloop
  endfacet
  facet normal -0.935472 -0.353401 0
    outer loop
      vertex 41.57 101.707 1
      vertex 41.5462 101.77 1.5
      vertex 41.5462 101.77 1
    endloop
  endfacet
  facet normal -0.935472 -0.353401 0
    outer loop
      vertex 41.5462 101.77 1.5
      vertex 41.57 101.707 1
      vertex 41.57 101.707 1.5
    endloop
  endfacet
  facet normal -0.946072 -0.323958 0
    outer loop
      vertex 41.5926 101.641 1
      vertex 41.57 101.707 1.5
      vertex 41.57 101.707 1
    endloop
  endfacet
  facet normal -0.946072 -0.323958 0
    outer loop
      vertex 41.57 101.707 1.5
      vertex 41.5926 101.641 1
      vertex 41.5926 101.641 1.5
    endloop
  endfacet
  facet normal -0.955927 -0.293606 0
    outer loop
      vertex 41.6141 101.571 1
      vertex 41.5926 101.641 1.5
      vertex 41.5926 101.641 1
    endloop
  endfacet
  facet normal -0.955927 -0.293606 0
    outer loop
      vertex 41.5926 101.641 1.5
      vertex 41.6141 101.571 1
      vertex 41.6141 101.571 1.5
    endloop
  endfacet
  facet normal -0.963704 -0.266972 0
    outer loop
      vertex 41.6346 101.497 1
      vertex 41.6141 101.571 1.5
      vertex 41.6141 101.571 1
    endloop
  endfacet
  facet normal -0.963704 -0.266972 0
    outer loop
      vertex 41.6141 101.571 1.5
      vertex 41.6346 101.497 1
      vertex 41.6346 101.497 1.5
    endloop
  endfacet
  facet normal -0.968317 -0.249724 0
    outer loop
      vertex 41.6542 101.421 1
      vertex 41.6346 101.497 1.5
      vertex 41.6346 101.497 1
    endloop
  endfacet
  facet normal -0.968317 -0.249724 0
    outer loop
      vertex 41.6346 101.497 1.5
      vertex 41.6542 101.421 1
      vertex 41.6542 101.421 1.5
    endloop
  endfacet
  facet normal -0.974634 -0.223805 0
    outer loop
      vertex 41.6728 101.34 1
      vertex 41.6542 101.421 1.5
      vertex 41.6542 101.421 1
    endloop
  endfacet
  facet normal -0.974634 -0.223805 0
    outer loop
      vertex 41.6542 101.421 1.5
      vertex 41.6728 101.34 1
      vertex 41.6728 101.34 1.5
    endloop
  endfacet
  facet normal -0.978249 -0.207436 0
    outer loop
      vertex 41.6904 101.257 1
      vertex 41.6728 101.34 1.5
      vertex 41.6728 101.34 1
    endloop
  endfacet
  facet normal -0.978249 -0.207436 0
    outer loop
      vertex 41.6728 101.34 1.5
      vertex 41.6904 101.257 1
      vertex 41.6904 101.257 1.5
    endloop
  endfacet
  facet normal -0.982071 -0.188512 0
    outer loop
      vertex 41.7071 101.17 1
      vertex 41.6904 101.257 1.5
      vertex 41.6904 101.257 1
    endloop
  endfacet
  facet normal -0.982071 -0.188512 0
    outer loop
      vertex 41.6904 101.257 1.5
      vertex 41.7071 101.17 1
      vertex 41.7071 101.17 1.5
    endloop
  endfacet
  facet normal -0.985441 -0.170016 0
    outer loop
      vertex 41.7228 101.079 1
      vertex 41.7071 101.17 1.5
      vertex 41.7071 101.17 1
    endloop
  endfacet
  facet normal -0.985441 -0.170016 0
    outer loop
      vertex 41.7071 101.17 1.5
      vertex 41.7228 101.079 1
      vertex 41.7228 101.079 1.5
    endloop
  endfacet
  facet normal -0.987992 -0.154505 0
    outer loop
      vertex 41.7375 100.985 1
      vertex 41.7228 101.079 1.5
      vertex 41.7228 101.079 1
    endloop
  endfacet
  facet normal -0.987992 -0.154505 0
    outer loop
      vertex 41.7228 101.079 1.5
      vertex 41.7375 100.985 1
      vertex 41.7375 100.985 1.5
    endloop
  endfacet
  facet normal -0.990031 -0.14085 0
    outer loop
      vertex 41.7513 100.888 1
      vertex 41.7375 100.985 1.5
      vertex 41.7375 100.985 1
    endloop
  endfacet
  facet normal -0.990031 -0.14085 0
    outer loop
      vertex 41.7375 100.985 1.5
      vertex 41.7513 100.888 1
      vertex 41.7513 100.888 1.5
    endloop
  endfacet
  facet normal -0.992065 -0.125727 0
    outer loop
      vertex 41.7641 100.787 1
      vertex 41.7513 100.888 1.5
      vertex 41.7513 100.888 1
    endloop
  endfacet
  facet normal -0.992065 -0.125727 0
    outer loop
      vertex 41.7513 100.888 1.5
      vertex 41.7641 100.787 1
      vertex 41.7641 100.787 1.5
    endloop
  endfacet
  facet normal -0.99361 -0.112866 0
    outer loop
      vertex 41.7758 100.684 1
      vertex 41.7641 100.787 1.5
      vertex 41.7641 100.787 1
    endloop
  endfacet
  facet normal -0.99361 -0.112866 0
    outer loop
      vertex 41.7641 100.787 1.5
      vertex 41.7758 100.684 1
      vertex 41.7758 100.684 1.5
    endloop
  endfacet
  facet normal -0.995312 -0.0967143 0
    outer loop
      vertex 41.7861 100.578 1
      vertex 41.7758 100.684 1.5
      vertex 41.7758 100.684 1
    endloop
  endfacet
  facet normal -0.995312 -0.0967143 0
    outer loop
      vertex 41.7758 100.684 1.5
      vertex 41.7861 100.578 1
      vertex 41.7861 100.578 1.5
    endloop
  endfacet
  facet normal -0.996683 -0.0813805 0
    outer loop
      vertex 41.795 100.469 1
      vertex 41.7861 100.578 1.5
      vertex 41.7861 100.578 1
    endloop
  endfacet
  facet normal -0.996683 -0.0813805 0
    outer loop
      vertex 41.7861 100.578 1.5
      vertex 41.795 100.469 1
      vertex 41.795 100.469 1.5
    endloop
  endfacet
  facet normal -0.997622 -0.0689266 0
    outer loop
      vertex 41.8026 100.359 1
      vertex 41.795 100.469 1.5
      vertex 41.795 100.469 1
    endloop
  endfacet
  facet normal -0.997622 -0.0689266 0
    outer loop
      vertex 41.795 100.469 1.5
      vertex 41.8026 100.359 1
      vertex 41.8026 100.359 1.5
    endloop
  endfacet
  facet normal -0.998546 -0.0539038 0
    outer loop
      vertex 41.8087 100.246 1
      vertex 41.8026 100.359 1.5
      vertex 41.8026 100.359 1
    endloop
  endfacet
  facet normal -0.998546 -0.0539038 0
    outer loop
      vertex 41.8026 100.359 1.5
      vertex 41.8087 100.246 1
      vertex 41.8087 100.246 1.5
    endloop
  endfacet
  facet normal -0.99913 -0.0417028 0
    outer loop
      vertex 41.8135 100.131 1
      vertex 41.8087 100.246 1.5
      vertex 41.8087 100.246 1
    endloop
  endfacet
  facet normal -0.99913 -0.0417028 0
    outer loop
      vertex 41.8087 100.246 1.5
      vertex 41.8135 100.131 1
      vertex 41.8135 100.131 1.5
    endloop
  endfacet
  facet normal -0.99956 -0.029648 0
    outer loop
      vertex 41.817 100.013 1
      vertex 41.8135 100.131 1.5
      vertex 41.8135 100.131 1
    endloop
  endfacet
  facet normal -0.99956 -0.029648 0
    outer loop
      vertex 41.8135 100.131 1.5
      vertex 41.817 100.013 1
      vertex 41.817 100.013 1.5
    endloop
  endfacet
  facet normal -0.999861 -0.0166505 0
    outer loop
      vertex 41.819 99.8929 1
      vertex 41.817 100.013 1.5
      vertex 41.817 100.013 1
    endloop
  endfacet
  facet normal -0.999861 -0.0166505 0
    outer loop
      vertex 41.817 100.013 1.5
      vertex 41.819 99.8929 1
      vertex 41.819 99.8929 1.5
    endloop
  endfacet
  facet normal -0.999984 -0.00572354 0
    outer loop
      vertex 41.8197 99.7706 1
      vertex 41.819 99.8929 1.5
      vertex 41.819 99.8929 1
    endloop
  endfacet
  facet normal -0.999984 -0.00572354 0
    outer loop
      vertex 41.819 99.8929 1.5
      vertex 41.8197 99.7706 1
      vertex 41.8197 99.7706 1.5
    endloop
  endfacet
  facet normal -0.999984 0.00572822 0
    outer loop
      vertex 41.819 99.6484 1
      vertex 41.8197 99.7706 1.5
      vertex 41.8197 99.7706 1
    endloop
  endfacet
  facet normal -0.999984 0.00572822 0
    outer loop
      vertex 41.8197 99.7706 1.5
      vertex 41.819 99.6484 1
      vertex 41.819 99.6484 1.5
    endloop
  endfacet
  facet normal -0.999861 0.0166922 0
    outer loop
      vertex 41.817 99.5286 1
      vertex 41.819 99.6484 1.5
      vertex 41.819 99.6484 1
    endloop
  endfacet
  facet normal -0.999861 0.0166922 0
    outer loop
      vertex 41.819 99.6484 1.5
      vertex 41.817 99.5286 1
      vertex 41.817 99.5286 1.5
    endloop
  endfacet
  facet normal -0.999555 0.0298247 0
    outer loop
      vertex 41.8135 99.4113 1
      vertex 41.817 99.5286 1.5
      vertex 41.817 99.5286 1
    endloop
  endfacet
  facet normal -0.999555 0.0298247 0
    outer loop
      vertex 41.817 99.5286 1.5
      vertex 41.8135 99.4113 1
      vertex 41.8135 99.4113 1.5
    endloop
  endfacet
  facet normal -0.999127 0.0417753 0
    outer loop
      vertex 41.8087 99.2965 1
      vertex 41.8135 99.4113 1.5
      vertex 41.8135 99.4113 1
    endloop
  endfacet
  facet normal -0.999127 0.0417753 0
    outer loop
      vertex 41.8135 99.4113 1.5
      vertex 41.8087 99.2965 1
      vertex 41.8087 99.2965 1.5
    endloop
  endfacet
  facet normal -0.998531 0.0541907 0
    outer loop
      vertex 41.8026 99.1841 1
      vertex 41.8087 99.2965 1.5
      vertex 41.8087 99.2965 1
    endloop
  endfacet
  facet normal -0.998531 0.0541907 0
    outer loop
      vertex 41.8087 99.2965 1.5
      vertex 41.8026 99.1841 1
      vertex 41.8026 99.1841 1.5
    endloop
  endfacet
  facet normal -0.997617 0.068989 0
    outer loop
      vertex 41.795 99.0742 1
      vertex 41.8026 99.1841 1.5
      vertex 41.8026 99.1841 1
    endloop
  endfacet
  facet normal -0.997617 0.068989 0
    outer loop
      vertex 41.8026 99.1841 1.5
      vertex 41.795 99.0742 1
      vertex 41.795 99.0742 1.5
    endloop
  endfacet
  facet normal -0.996584 0.0825847 0
    outer loop
      vertex 41.7861 98.9668 1
      vertex 41.795 99.0742 1.5
      vertex 41.795 99.0742 1
    endloop
  endfacet
  facet normal -0.996584 0.0825847 0
    outer loop
      vertex 41.795 99.0742 1.5
      vertex 41.7861 98.9668 1
      vertex 41.7861 98.9668 1.5
    endloop
  endfacet
  facet normal -0.995223 0.0976266 0
    outer loop
      vertex 41.7758 98.8618 1
      vertex 41.7861 98.9668 1.5
      vertex 41.7861 98.9668 1
    endloop
  endfacet
  facet normal -0.995223 0.0976266 0
    outer loop
      vertex 41.7861 98.9668 1.5
      vertex 41.7758 98.8618 1
      vertex 41.7758 98.8618 1.5
    endloop
  endfacet
  facet normal -0.993548 0.11341 0
    outer loop
      vertex 41.7641 98.7593 1
      vertex 41.7758 98.8618 1.5
      vertex 41.7758 98.8618 1
    endloop
  endfacet
  facet normal -0.993548 0.11341 0
    outer loop
      vertex 41.7758 98.8618 1.5
      vertex 41.7641 98.7593 1
      vertex 41.7641 98.7593 1.5
    endloop
  endfacet
  facet normal -0.991843 0.127466 0
    outer loop
      vertex 41.7513 98.6597 1
      vertex 41.7641 98.7593 1.5
      vertex 41.7641 98.7593 1
    endloop
  endfacet
  facet normal -0.991843 0.127466 0
    outer loop
      vertex 41.7641 98.7593 1.5
      vertex 41.7513 98.6597 1
      vertex 41.7513 98.6597 1.5
    endloop
  endfacet
  facet normal -0.989949 0.141421 0
    outer loop
      vertex 41.7375 98.5631 1
      vertex 41.7513 98.6597 1.5
      vertex 41.7513 98.6597 1
    endloop
  endfacet
  facet normal -0.989949 0.141421 0
    outer loop
      vertex 41.7513 98.6597 1.5
      vertex 41.7375 98.5631 1
      vertex 41.7375 98.5631 1.5
    endloop
  endfacet
  facet normal -0.987814 0.155636 0
    outer loop
      vertex 41.7228 98.4698 1
      vertex 41.7375 98.5631 1.5
      vertex 41.7375 98.5631 1
    endloop
  endfacet
  facet normal -0.987814 0.155636 0
    outer loop
      vertex 41.7375 98.5631 1.5
      vertex 41.7228 98.4698 1
      vertex 41.7228 98.4698 1.5
    endloop
  endfacet
  facet normal -0.985188 0.171479 0
    outer loop
      vertex 41.7071 98.3796 1
      vertex 41.7228 98.4698 1.5
      vertex 41.7228 98.4698 1
    endloop
  endfacet
  facet normal -0.985188 0.171479 0
    outer loop
      vertex 41.7228 98.4698 1.5
      vertex 41.7071 98.3796 1
      vertex 41.7071 98.3796 1.5
    endloop
  endfacet
  facet normal -0.982111 0.188304 0
    outer loop
      vertex 41.6904 98.2925 1
      vertex 41.7071 98.3796 1.5
      vertex 41.7071 98.3796 1
    endloop
  endfacet
  facet normal -0.982111 0.188304 0
    outer loop
      vertex 41.7071 98.3796 1.5
      vertex 41.6904 98.2925 1
      vertex 41.6904 98.2925 1.5
    endloop
  endfacet
  facet normal -0.978698 0.205305 0
    outer loop
      vertex 41.6728 98.2086 1
      vertex 41.6904 98.2925 1.5
      vertex 41.6904 98.2925 1
    endloop
  endfacet
  facet normal -0.978698 0.205305 0
    outer loop
      vertex 41.6904 98.2925 1.5
      vertex 41.6728 98.2086 1
      vertex 41.6728 98.2086 1.5
    endloop
  endfacet
  facet normal -0.974452 0.224595 0
    outer loop
      vertex 41.6542 98.1279 1
      vertex 41.6728 98.2086 1.5
      vertex 41.6728 98.2086 1
    endloop
  endfacet
  facet normal -0.974452 0.224595 0
    outer loop
      vertex 41.6728 98.2086 1.5
      vertex 41.6542 98.1279 1
      vertex 41.6542 98.1279 1.5
    endloop
  endfacet
  facet normal -0.969552 0.244887 0
    outer loop
      vertex 41.6346 98.0503 1
      vertex 41.6542 98.1279 1.5
      vertex 41.6542 98.1279 1
    endloop
  endfacet
  facet normal -0.969552 0.244887 0
    outer loop
      vertex 41.6542 98.1279 1.5
      vertex 41.6346 98.0503 1
      vertex 41.6346 98.0503 1.5
    endloop
  endfacet
  facet normal -0.964073 0.265638 0
    outer loop
      vertex 41.6141 97.9759 1
      vertex 41.6346 98.0503 1.5
      vertex 41.6346 98.0503 1
    endloop
  endfacet
  facet normal -0.964073 0.265638 0
    outer loop
      vertex 41.6346 98.0503 1.5
      vertex 41.6141 97.9759 1
      vertex 41.6141 97.9759 1.5
    endloop
  endfacet
  facet normal -0.957081 0.28982 0
    outer loop
      vertex 41.5926 97.9049 1
      vertex 41.6141 97.9759 1.5
      vertex 41.6141 97.9759 1
    endloop
  endfacet
  facet normal -0.957081 0.28982 0
    outer loop
      vertex 41.6141 97.9759 1.5
      vertex 41.5926 97.9049 1
      vertex 41.5926 97.9049 1.5
    endloop
  endfacet
  facet normal -0.947977 0.31834 0
    outer loop
      vertex 41.57 97.8376 1
      vertex 41.5926 97.9049 1.5
      vertex 41.5926 97.9049 1
    endloop
  endfacet
  facet normal -0.947977 0.31834 0
    outer loop
      vertex 41.5926 97.9049 1.5
      vertex 41.57 97.8376 1
      vertex 41.57 97.8376 1.5
    endloop
  endfacet
  facet normal -0.936571 0.350478 0
    outer loop
      vertex 41.5462 97.774 1
      vertex 41.57 97.8376 1.5
      vertex 41.57 97.8376 1
    endloop
  endfacet
  facet normal -0.936571 0.350478 0
    outer loop
      vertex 41.57 97.8376 1.5
      vertex 41.5462 97.774 1
      vertex 41.5462 97.774 1.5
    endloop
  endfacet
  facet normal -0.923715 0.383079 0
    outer loop
      vertex 41.5214 97.7142 1
      vertex 41.5462 97.774 1.5
      vertex 41.5462 97.774 1
    endloop
  endfacet
  facet normal -0.923715 0.383079 0
    outer loop
      vertex 41.5462 97.774 1.5
      vertex 41.5214 97.7142 1
      vertex 41.5214 97.7142 1.5
    endloop
  endfacet
  facet normal -0.908196 0.418546 0
    outer loop
      vertex 41.4955 97.658 1
      vertex 41.5214 97.7142 1.5
      vertex 41.5214 97.7142 1
    endloop
  endfacet
  facet normal -0.908196 0.418546 0
    outer loop
      vertex 41.5214 97.7142 1.5
      vertex 41.4955 97.658 1
      vertex 41.4955 97.658 1.5
    endloop
  endfacet
  facet normal -0.889288 0.457348 0
    outer loop
      vertex 41.4685 97.6055 1
      vertex 41.4955 97.658 1.5
      vertex 41.4955 97.658 1
    endloop
  endfacet
  facet normal -0.889288 0.457348 0
    outer loop
      vertex 41.4955 97.658 1.5
      vertex 41.4685 97.6055 1
      vertex 41.4685 97.6055 1.5
    endloop
  endfacet
  facet normal -0.866599 0.499005 0
    outer loop
      vertex 41.4404 97.5567 1
      vertex 41.4685 97.6055 1.5
      vertex 41.4685 97.6055 1
    endloop
  endfacet
  facet normal -0.866599 0.499005 0
    outer loop
      vertex 41.4685 97.6055 1.5
      vertex 41.4404 97.5567 1
      vertex 41.4404 97.5567 1.5
    endloop
  endfacet
  facet normal -0.838018 0.545643 0
    outer loop
      vertex 41.4111 97.5117 1
      vertex 41.4404 97.5567 1.5
      vertex 41.4404 97.5567 1
    endloop
  endfacet
  facet normal -0.838018 0.545643 0
    outer loop
      vertex 41.4404 97.5567 1.5
      vertex 41.4111 97.5117 1
      vertex 41.4111 97.5117 1.5
    endloop
  endfacet
  facet normal -0.806962 0.590603 0
    outer loop
      vertex 41.3808 97.4703 1
      vertex 41.4111 97.5117 1.5
      vertex 41.4111 97.5117 1
    endloop
  endfacet
  facet normal -0.806962 0.590603 0
    outer loop
      vertex 41.4111 97.5117 1.5
      vertex 41.3808 97.4703 1
      vertex 41.3808 97.4703 1.5
    endloop
  endfacet
  facet normal -0.76704 0.641599 0
    outer loop
      vertex 41.3496 97.433 1
      vertex 41.3808 97.4703 1.5
      vertex 41.3808 97.4703 1
    endloop
  endfacet
  facet normal -0.76704 0.641599 0
    outer loop
      vertex 41.3808 97.4703 1.5
      vertex 41.3496 97.433 1
      vertex 41.3496 97.433 1.5
    endloop
  endfacet
  facet normal -0.717933 0.696112 0
    outer loop
      vertex 41.3177 97.4001 1
      vertex 41.3496 97.433 1.5
      vertex 41.3496 97.433 1
    endloop
  endfacet
  facet normal -0.717933 0.696112 0
    outer loop
      vertex 41.3496 97.433 1.5
      vertex 41.3177 97.4001 1
      vertex 41.3177 97.4001 1.5
    endloop
  endfacet
  facet normal -0.660628 0.750714 0
    outer loop
      vertex 41.3177 97.4001 1
      vertex 41.2852 97.3715 1.5
      vertex 41.3177 97.4001 1.5
    endloop
  endfacet
  facet normal -0.660628 0.750714 0
    outer loop
      vertex 41.2852 97.3715 1.5
      vertex 41.3177 97.4001 1
      vertex 41.2852 97.3715 1
    endloop
  endfacet
  facet normal -0.58629 0.810101 0
    outer loop
      vertex 41.2852 97.3715 1
      vertex 41.2519 97.3474 1.5
      vertex 41.2852 97.3715 1.5
    endloop
  endfacet
  facet normal -0.58629 0.810101 0
    outer loop
      vertex 41.2519 97.3474 1.5
      vertex 41.2852 97.3715 1
      vertex 41.2519 97.3474 1
    endloop
  endfacet
  facet normal -0.504346 0.863502 0
    outer loop
      vertex 41.2519 97.3474 1
      vertex 41.218 97.3276 1.5
      vertex 41.2519 97.3474 1.5
    endloop
  endfacet
  facet normal -0.504346 0.863502 0
    outer loop
      vertex 41.218 97.3276 1.5
      vertex 41.2519 97.3474 1
      vertex 41.218 97.3276 1
    endloop
  endfacet
  facet normal -0.403445 0.915004 0
    outer loop
      vertex 41.218 97.3276 1
      vertex 41.1833 97.3123 1.5
      vertex 41.218 97.3276 1.5
    endloop
  endfacet
  facet normal -0.403445 0.915004 0
    outer loop
      vertex 41.1833 97.3123 1.5
      vertex 41.218 97.3276 1
      vertex 41.1833 97.3123 1
    endloop
  endfacet
  facet normal -0.297505 0.95472 0
    outer loop
      vertex 41.1833 97.3123 1
      vertex 41.148 97.3013 1.5
      vertex 41.1833 97.3123 1.5
    endloop
  endfacet
  facet normal -0.297505 0.95472 0
    outer loop
      vertex 41.148 97.3013 1.5
      vertex 41.1833 97.3123 1
      vertex 41.148 97.3013 1
    endloop
  endfacet
  facet normal -0.180328 0.983607 0
    outer loop
      vertex 41.148 97.3013 1
      vertex 41.112 97.2947 1.5
      vertex 41.148 97.3013 1.5
    endloop
  endfacet
  facet normal -0.180328 0.983607 0
    outer loop
      vertex 41.112 97.2947 1.5
      vertex 41.148 97.3013 1
      vertex 41.112 97.2947 1
    endloop
  endfacet
  facet normal -0.0598381 0.998208 0
    outer loop
      vertex 41.112 97.2947 1
      vertex 41.0753 97.2925 1.5
      vertex 41.112 97.2947 1.5
    endloop
  endfacet
  facet normal -0.0598381 0.998208 0
    outer loop
      vertex 41.0753 97.2925 1.5
      vertex 41.112 97.2947 1
      vertex 41.0753 97.2925 1
    endloop
  endfacet
  facet normal 0.0598381 0.998208 -0
    outer loop
      vertex 41.0753 97.2925 1
      vertex 41.0386 97.2947 1.5
      vertex 41.0753 97.2925 1.5
    endloop
  endfacet
  facet normal 0.0598381 0.998208 0
    outer loop
      vertex 41.0386 97.2947 1.5
      vertex 41.0753 97.2925 1
      vertex 41.0386 97.2947 1
    endloop
  endfacet
  facet normal 0 -1 0
    outer loop
      vertex 46.4222 102.269 1
      vertex 47.8222 102.269 1.5
      vertex 46.4222 102.269 1.5
    endloop
  endfacet
  facet normal 0 -1 -0
    outer loop
      vertex 47.8222 102.269 1.5
      vertex 46.4222 102.269 1
      vertex 47.8222 102.269 1
    endloop
  endfacet
  facet normal 1 -0 0
    outer loop
      vertex 47.8222 102.269 1.5
      vertex 47.8222 103.682 1
      vertex 47.8222 103.682 1.5
    endloop
  endfacet
  facet normal 1 0 0
    outer loop
      vertex 47.8222 103.682 1
      vertex 47.8222 102.269 1.5
      vertex 47.8222 102.269 1
    endloop
  endfacet
  facet normal 0 1 -0
    outer loop
      vertex 47.8222 103.682 1
      vertex 43.5558 103.682 1.5
      vertex 47.8222 103.682 1.5
    endloop
  endfacet
  facet normal 0 1 0
    outer loop
      vertex 43.5558 103.682 1.5
      vertex 47.8222 103.682 1
      vertex 43.5558 103.682 1
    endloop
  endfacet
  facet normal -1 0 0
    outer loop
      vertex 43.5558 102.269 1
      vertex 43.5558 103.682 1.5
      vertex 43.5558 103.682 1
    endloop
  endfacet
  facet normal -1 -0 0
    outer loop
      vertex 43.5558 103.682 1.5
      vertex 43.5558 102.269 1
      vertex 43.5558 102.269 1.5
    endloop
  endfacet
  facet normal 0 -1 0
    outer loop
      vertex 43.5558 102.269 1
      vertex 45.0557 102.269 1.5
      vertex 43.5558 102.269 1.5
    endloop
  endfacet
  facet normal 0 -1 -0
    outer loop
      vertex 45.0557 102.269 1.5
      vertex 43.5558 102.269 1
      vertex 45.0557 102.269 1
    endloop
  endfacet
  facet normal -1 0 0
    outer loop
      vertex 45.0557 95.905 1
      vertex 45.0557 102.269 1.5
      vertex 45.0557 102.269 1
    endloop
  endfacet
  facet normal -1 -0 0
    outer loop
      vertex 45.0557 102.269 1.5
      vertex 45.0557 95.905 1
      vertex 45.0557 95.905 1.5
    endloop
  endfacet
  facet normal 0 -1 0
    outer loop
      vertex 45.0557 95.905 1
      vertex 46.4222 95.905 1.5
      vertex 45.0557 95.905 1.5
    endloop
  endfacet
  facet normal 0 -1 -0
    outer loop
      vertex 46.4222 95.905 1.5
      vertex 45.0557 95.905 1
      vertex 46.4222 95.905 1
    endloop
  endfacet
  facet normal 1 -0 0
    outer loop
      vertex 46.4222 95.905 1.5
      vertex 46.4222 102.269 1
      vertex 46.4222 102.269 1.5
    endloop
  endfacet
  facet normal 1 0 0
    outer loop
      vertex 46.4222 102.269 1
      vertex 46.4222 95.905 1.5
      vertex 46.4222 95.905 1
    endloop
  endfacet
  facet normal 0 1 -0
    outer loop
      vertex 30.8604 99.8935 1
      vertex 28.9716 99.8935 1.5
      vertex 30.8604 99.8935 1.5
    endloop
  endfacet
  facet normal 0 1 0
    outer loop
      vertex 28.9716 99.8935 1.5
      vertex 30.8604 99.8935 1
      vertex 28.9716 99.8935 1
    endloop
  endfacet
  facet normal -1 0 0
    outer loop
      vertex 28.9716 98.7159 1
      vertex 28.9716 99.8935 1.5
      vertex 28.9716 99.8935 1
    endloop
  endfacet
  facet normal -1 -0 0
    outer loop
      vertex 28.9716 99.8935 1.5
      vertex 28.9716 98.7159 1
      vertex 28.9716 98.7159 1.5
    endloop
  endfacet
  facet normal 0 -1 0
    outer loop
      vertex 28.9716 98.7159 1
      vertex 29.6271 98.7159 1.5
      vertex 28.9716 98.7159 1.5
    endloop
  endfacet
  facet normal 0 -1 -0
    outer loop
      vertex 29.6271 98.7159 1.5
      vertex 28.9716 98.7159 1
      vertex 29.6271 98.7159 1
    endloop
  endfacet
  facet normal -1 0 0
    outer loop
      vertex 29.6271 97.5178 1
      vertex 29.6271 98.7159 1.5
      vertex 29.6271 98.7159 1
    endloop
  endfacet
  facet normal -1 -0 0
    outer loop
      vertex 29.6271 98.7159 1.5
      vertex 29.6271 97.5178 1
      vertex 29.6271 97.5178 1.5
    endloop
  endfacet
  facet normal 0.040664 0.999173 -0
    outer loop
      vertex 29.6271 97.5178 1
      vertex 29.5755 97.5199 1.5
      vertex 29.6271 97.5178 1.5
    endloop
  endfacet
  facet normal 0.040664 0.999173 0
    outer loop
      vertex 29.5755 97.5199 1.5
      vertex 29.6271 97.5178 1
      vertex 29.5755 97.5199 1
    endloop
  endfacet
  facet normal 0.124035 0.992278 -0
    outer loop
      vertex 29.5755 97.5199 1
      vertex 29.5243 97.5263 1.5
      vertex 29.5755 97.5199 1.5
    endloop
  endfacet
  facet normal 0.124035 0.992278 0
    outer loop
      vertex 29.5243 97.5263 1.5
      vertex 29.5755 97.5199 1
      vertex 29.5243 97.5263 1
    endloop
  endfacet
  facet normal 0.203877 0.978996 -0
    outer loop
      vertex 29.5243 97.5263 1
      vertex 29.4734 97.5369 1.5
      vertex 29.5243 97.5263 1.5
    endloop
  endfacet
  facet normal 0.203877 0.978996 0
    outer loop
      vertex 29.4734 97.5369 1.5
      vertex 29.5243 97.5263 1
      vertex 29.4734 97.5369 1
    endloop
  endfacet
  facet normal 0.283505 0.958971 -0
    outer loop
      vertex 29.4734 97.5369 1
      vertex 29.423 97.5518 1.5
      vertex 29.4734 97.5369 1.5
    endloop
  endfacet
  facet normal 0.283505 0.958971 0
    outer loop
      vertex 29.423 97.5518 1.5
      vertex 29.4734 97.5369 1
      vertex 29.423 97.5518 1
    endloop
  endfacet
  facet normal 0.35685 0.934162 -0
    outer loop
      vertex 29.423 97.5518 1
      vertex 29.373 97.5709 1.5
      vertex 29.423 97.5518 1.5
    endloop
  endfacet
  facet normal 0.35685 0.934162 0
    outer loop
      vertex 29.373 97.5709 1.5
      vertex 29.423 97.5518 1
      vertex 29.373 97.5709 1
    endloop
  endfacet
  facet normal 0.426675 0.904405 -0
    outer loop
      vertex 29.373 97.5709 1
      vertex 29.3234 97.5943 1.5
      vertex 29.373 97.5709 1.5
    endloop
  endfacet
  facet normal 0.426675 0.904405 0
    outer loop
      vertex 29.3234 97.5943 1.5
      vertex 29.373 97.5709 1
      vertex 29.3234 97.5943 1
    endloop
  endfacet
  facet normal 0.490008 0.871718 -0
    outer loop
      vertex 29.3234 97.5943 1
      vertex 29.2743 97.6219 1.5
      vertex 29.3234 97.5943 1.5
    endloop
  endfacet
  facet normal 0.490008 0.871718 0
    outer loop
      vertex 29.2743 97.6219 1.5
      vertex 29.3234 97.5943 1
      vertex 29.2743 97.6219 1
    endloop
  endfacet
  facet normal 0.547157 0.83703 -0
    outer loop
      vertex 29.2743 97.6219 1
      vertex 29.2255 97.6538 1.5
      vertex 29.2743 97.6219 1.5
    endloop
  endfacet
  facet normal 0.547157 0.83703 0
    outer loop
      vertex 29.2255 97.6538 1.5
      vertex 29.2743 97.6219 1
      vertex 29.2255 97.6538 1
    endloop
  endfacet
  facet normal 0.597878 0.801587 -0
    outer loop
      vertex 29.2255 97.6538 1
      vertex 29.1771 97.6899 1.5
      vertex 29.2255 97.6538 1.5
    endloop
  endfacet
  facet normal 0.597878 0.801587 0
    outer loop
      vertex 29.1771 97.6899 1.5
      vertex 29.2255 97.6538 1
      vertex 29.1771 97.6899 1
    endloop
  endfacet
  facet normal 0.644136 0.764911 -0
    outer loop
      vertex 29.1771 97.6899 1
      vertex 29.1296 97.7299 1.5
      vertex 29.1771 97.6899 1.5
    endloop
  endfacet
  facet normal 0.644136 0.764911 0
    outer loop
      vertex 29.1296 97.7299 1.5
      vertex 29.1771 97.6899 1
      vertex 29.1296 97.7299 1
    endloop
  endfacet
  facet normal 0.683889 0.729586 -0
    outer loop
      vertex 29.1296 97.7299 1
      vertex 29.0833 97.7733 1.5
      vertex 29.1296 97.7299 1.5
    endloop
  endfacet
  facet normal 0.683889 0.729586 0
    outer loop
      vertex 29.0833 97.7733 1.5
      vertex 29.1296 97.7299 1
      vertex 29.0833 97.7733 1
    endloop
  endfacet
  facet normal 0.720833 0.693109 0
    outer loop
      vertex 29.0833 97.7733 1.5
      vertex 29.0383 97.8201 1
      vertex 29.0383 97.8201 1.5
    endloop
  endfacet
  facet normal 0.720833 0.693109 0
    outer loop
      vertex 29.0383 97.8201 1
      vertex 29.0833 97.7733 1.5
      vertex 29.0833 97.7733 1
    endloop
  endfacet
  facet normal 0.752762 0.658292 0
    outer loop
      vertex 29.0383 97.8201 1.5
      vertex 28.9944 97.8703 1
      vertex 28.9944 97.8703 1.5
    endloop
  endfacet
  facet normal 0.752762 0.658292 0
    outer loop
      vertex 28.9944 97.8703 1
      vertex 29.0383 97.8201 1.5
      vertex 29.0383 97.8201 1
    endloop
  endfacet
  facet normal 0.783424 0.621487 0
    outer loop
      vertex 28.9944 97.8703 1.5
      vertex 28.9518 97.924 1
      vertex 28.9518 97.924 1.5
    endloop
  endfacet
  facet normal 0.783424 0.621487 0
    outer loop
      vertex 28.9518 97.924 1
      vertex 28.9944 97.8703 1.5
      vertex 28.9944 97.8703 1
    endloop
  endfacet
  facet normal 0.810267 0.58606 0
    outer loop
      vertex 28.9518 97.924 1.5
      vertex 28.9105 97.9811 1
      vertex 28.9105 97.9811 1.5
    endloop
  endfacet
  facet normal 0.810267 0.58606 0
    outer loop
      vertex 28.9105 97.9811 1
      vertex 28.9518 97.924 1.5
      vertex 28.9518 97.924 1
    endloop
  endfacet
  facet normal 0.833531 0.552473 0
    outer loop
      vertex 28.9105 97.9811 1.5
      vertex 28.8704 98.0416 1
      vertex 28.8704 98.0416 1.5
    endloop
  endfacet
  facet normal 0.833531 0.552473 0
    outer loop
      vertex 28.8704 98.0416 1
      vertex 28.9105 97.9811 1.5
      vertex 28.9105 97.9811 1
    endloop
  endfacet
  facet normal 0.854534 0.519396 0
    outer loop
      vertex 28.8704 98.0416 1.5
      vertex 28.8315 98.1056 1
      vertex 28.8315 98.1056 1.5
    endloop
  endfacet
  facet normal 0.854534 0.519396 0
    outer loop
      vertex 28.8315 98.1056 1
      vertex 28.8704 98.0416 1.5
      vertex 28.8704 98.0416 1
    endloop
  endfacet
  facet normal 0.87244 0.488722 0
    outer loop
      vertex 28.8315 98.1056 1.5
      vertex 28.7938 98.1729 1
      vertex 28.7938 98.1729 1.5
    endloop
  endfacet
  facet normal 0.87244 0.488722 0
    outer loop
      vertex 28.7938 98.1729 1
      vertex 28.8315 98.1056 1.5
      vertex 28.8315 98.1056 1
    endloop
  endfacet
  facet normal 0.890616 0.454756 0
    outer loop
      vertex 28.7938 98.1729 1.5
      vertex 28.7577 98.2436 1
      vertex 28.7577 98.2436 1.5
    endloop
  endfacet
  facet normal 0.890616 0.454756 0
    outer loop
      vertex 28.7577 98.2436 1
      vertex 28.7938 98.1729 1.5
      vertex 28.7938 98.1729 1
    endloop
  endfacet
  facet normal 0.906371 0.422482 0
    outer loop
      vertex 28.7577 98.2436 1.5
      vertex 28.7233 98.3174 1
      vertex 28.7233 98.3174 1.5
    endloop
  endfacet
  facet normal 0.906371 0.422482 0
    outer loop
      vertex 28.7233 98.3174 1
      vertex 28.7577 98.2436 1.5
      vertex 28.7577 98.2436 1
    endloop
  endfacet
  facet normal 0.921297 0.388859 0
    outer loop
      vertex 28.7233 98.3174 1.5
      vertex 28.6908 98.3944 1
      vertex 28.6908 98.3944 1.5
    endloop
  endfacet
  facet normal 0.921297 0.388859 0
    outer loop
      vertex 28.6908 98.3944 1
      vertex 28.7233 98.3174 1.5
      vertex 28.7233 98.3174 1
    endloop
  endfacet
  facet normal 0.933376 0.358901 0
    outer loop
      vertex 28.6908 98.3944 1.5
      vertex 28.66 98.4745 1
      vertex 28.66 98.4745 1.5
    endloop
  endfacet
  facet normal 0.933376 0.358901 0
    outer loop
      vertex 28.66 98.4745 1
      vertex 28.6908 98.3944 1.5
      vertex 28.6908 98.3944 1
    endloop
  endfacet
  facet normal 0.944405 0.328784 0
    outer loop
      vertex 28.66 98.4745 1.5
      vertex 28.631 98.5578 1
      vertex 28.631 98.5578 1.5
    endloop
  endfacet
  facet normal 0.944405 0.328784 0
    outer loop
      vertex 28.631 98.5578 1
      vertex 28.66 98.4745 1.5
      vertex 28.66 98.4745 1
    endloop
  endfacet
  facet normal 0.953533 0.30129 0
    outer loop
      vertex 28.631 98.5578 1.5
      vertex 28.6037 98.6442 1
      vertex 28.6037 98.6442 1.5
    endloop
  endfacet
  facet normal 0.953533 0.30129 0
    outer loop
      vertex 28.6037 98.6442 1
      vertex 28.631 98.5578 1.5
      vertex 28.631 98.5578 1
    endloop
  endfacet
  facet normal 0.962089 0.272735 0
    outer loop
      vertex 28.6037 98.6442 1.5
      vertex 28.5783 98.7338 1
      vertex 28.5783 98.7338 1.5
    endloop
  endfacet
  facet normal 0.962089 0.272735 0
    outer loop
      vertex 28.5783 98.7338 1
      vertex 28.6037 98.6442 1.5
      vertex 28.6037 98.6442 1
    endloop
  endfacet
  facet normal 0.968838 0.247696 0
    outer loop
      vertex 28.5783 98.7338 1.5
      vertex 28.5546 98.8265 1
      vertex 28.5546 98.8265 1.5
    endloop
  endfacet
  facet normal 0.968838 0.247696 0
    outer loop
      vertex 28.5546 98.8265 1
      vertex 28.5783 98.7338 1.5
      vertex 28.5783 98.7338 1
    endloop
  endfacet
  facet normal 0.974903 0.222632 0
    outer loop
      vertex 28.5546 98.8265 1.5
      vertex 28.5327 98.9224 1
      vertex 28.5327 98.9224 1.5
    endloop
  endfacet
  facet normal 0.974903 0.222632 0
    outer loop
      vertex 28.5327 98.9224 1
      vertex 28.5546 98.8265 1.5
      vertex 28.5546 98.8265 1
    endloop
  endfacet
  facet normal 0.980389 0.197073 0
    outer loop
      vertex 28.5327 98.9224 1.5
      vertex 28.5129 99.0209 1
      vertex 28.5129 99.0209 1.5
    endloop
  endfacet
  facet normal 0.980389 0.197073 0
    outer loop
      vertex 28.5129 99.0209 1
      vertex 28.5327 98.9224 1.5
      vertex 28.5327 98.9224 1
    endloop
  endfacet
  facet normal 0.985176 0.171548 0
    outer loop
      vertex 28.5129 99.0209 1.5
      vertex 28.4954 99.1214 1
      vertex 28.4954 99.1214 1.5
    endloop
  endfacet
  facet normal 0.985176 0.171548 0
    outer loop
      vertex 28.4954 99.1214 1
      vertex 28.5129 99.0209 1.5
      vertex 28.5129 99.0209 1
    endloop
  endfacet
  facet normal 0.989343 0.145605 0
    outer loop
      vertex 28.4954 99.1214 1.5
      vertex 28.4803 99.224 1
      vertex 28.4803 99.224 1.5
    endloop
  endfacet
  facet normal 0.989343 0.145605 0
    outer loop
      vertex 28.4803 99.224 1
      vertex 28.4954 99.1214 1.5
      vertex 28.4954 99.1214 1
    endloop
  endfacet
  facet normal 0.99261 0.121351 0
    outer loop
      vertex 28.4803 99.224 1.5
      vertex 28.4675 99.3287 1
      vertex 28.4675 99.3287 1.5
    endloop
  endfacet
  facet normal 0.99261 0.121351 0
    outer loop
      vertex 28.4675 99.3287 1
      vertex 28.4803 99.224 1.5
      vertex 28.4803 99.224 1
    endloop
  endfacet
  facet normal 0.995193 0.0979337 0
    outer loop
      vertex 28.4675 99.3287 1.5
      vertex 28.457 99.4354 1
      vertex 28.457 99.4354 1.5
    endloop
  endfacet
  facet normal 0.995193 0.0979337 0
    outer loop
      vertex 28.457 99.4354 1
      vertex 28.4675 99.3287 1.5
      vertex 28.4675 99.3287 1
    endloop
  endfacet
  facet normal 0.997172 0.0751545 0
    outer loop
      vertex 28.457 99.4354 1.5
      vertex 28.4488 99.5442 1
      vertex 28.4488 99.5442 1.5
    endloop
  endfacet
  facet normal 0.997172 0.0751545 0
    outer loop
      vertex 28.4488 99.5442 1
      vertex 28.457 99.4354 1.5
      vertex 28.457 99.4354 1
    endloop
  endfacet
  facet normal 0.998633 0.052275 0
    outer loop
      vertex 28.4488 99.5442 1.5
      vertex 28.443 99.655 1
      vertex 28.443 99.655 1.5
    endloop
  endfacet
  facet normal 0.998633 0.052275 0
    outer loop
      vertex 28.443 99.655 1
      vertex 28.4488 99.5442 1.5
      vertex 28.4488 99.5442 1
    endloop
  endfacet
  facet normal 0.99952 0.030986 0
    outer loop
      vertex 28.443 99.655 1.5
      vertex 28.4395 99.7679 1
      vertex 28.4395 99.7679 1.5
    endloop
  endfacet
  facet normal 0.99952 0.030986 0
    outer loop
      vertex 28.4395 99.7679 1
      vertex 28.443 99.655 1.5
      vertex 28.443 99.655 1
    endloop
  endfacet
  facet normal 0.999945 0.0104433 0
    outer loop
      vertex 28.4395 99.7679 1.5
      vertex 28.4383 99.8828 1
      vertex 28.4383 99.8828 1.5
    endloop
  endfacet
  facet normal 0.999945 0.0104433 0
    outer loop
      vertex 28.4383 99.8828 1
      vertex 28.4395 99.7679 1.5
      vertex 28.4395 99.7679 1
    endloop
  endfacet
  facet normal 0.999829 -0.0185153 0
    outer loop
      vertex 28.4383 99.8828 1.5
      vertex 28.4416 100.061 1
      vertex 28.4416 100.061 1.5
    endloop
  endfacet
  facet normal 0.999829 -0.0185153 0
    outer loop
      vertex 28.4416 100.061 1
      vertex 28.4383 99.8828 1.5
      vertex 28.4383 99.8828 1
    endloop
  endfacet
  facet normal 0.998309 -0.0581368 0
    outer loop
      vertex 28.4416 100.061 1.5
      vertex 28.4515 100.231 1
      vertex 28.4515 100.231 1.5
    endloop
  endfacet
  facet normal 0.998309 -0.0581368 0
    outer loop
      vertex 28.4515 100.231 1
      vertex 28.4416 100.061 1.5
      vertex 28.4416 100.061 1
    endloop
  endfacet
  facet normal 0.994789 -0.10195 0
    outer loop
      vertex 28.4515 100.231 1.5
      vertex 28.468 100.392 1
      vertex 28.468 100.392 1.5
    endloop
  endfacet
  facet normal 0.994789 -0.10195 0
    outer loop
      vertex 28.468 100.392 1
      vertex 28.4515 100.231 1.5
      vertex 28.4515 100.231 1
    endloop
  endfacet
  facet normal 0.988889 -0.148657 0
    outer loop
      vertex 28.468 100.392 1.5
      vertex 28.491 100.545 1
      vertex 28.491 100.545 1.5
    endloop
  endfacet
  facet normal 0.988889 -0.148657 0
    outer loop
      vertex 28.491 100.545 1
      vertex 28.468 100.392 1.5
      vertex 28.468 100.392 1
    endloop
  endfacet
  facet normal 0.979793 -0.200013 0
    outer loop
      vertex 28.491 100.545 1.5
      vertex 28.5206 100.69 1
      vertex 28.5206 100.69 1.5
    endloop
  endfacet
  facet normal 0.979793 -0.200013 0
    outer loop
      vertex 28.5206 100.69 1
      vertex 28.491 100.545 1.5
      vertex 28.491 100.545 1
    endloop
  endfacet
  facet normal 0.965878 -0.258998 0
    outer loop
      vertex 28.5206 100.69 1.5
      vertex 28.5568 100.825 1
      vertex 28.5568 100.825 1.5
    endloop
  endfacet
  facet normal 0.965878 -0.258998 0
    outer loop
      vertex 28.5568 100.825 1
      vertex 28.5206 100.69 1.5
      vertex 28.5206 100.69 1
    endloop
  endfacet
  facet normal 0.948387 -0.317117 0
    outer loop
      vertex 28.5568 100.825 1.5
      vertex 28.5996 100.953 1
      vertex 28.5996 100.953 1.5
    endloop
  endfacet
  facet normal 0.948387 -0.317117 0
    outer loop
      vertex 28.5996 100.953 1
      vertex 28.5568 100.825 1.5
      vertex 28.5568 100.825 1
    endloop
  endfacet
  facet normal 0.923581 -0.383403 0
    outer loop
      vertex 28.5996 100.953 1.5
      vertex 28.649 101.072 1
      vertex 28.649 101.072 1.5
    endloop
  endfacet
  facet normal 0.923581 -0.383403 0
    outer loop
      vertex 28.649 101.072 1
      vertex 28.5996 100.953 1.5
      vertex 28.5996 100.953 1
    endloop
  endfacet
  facet normal 0.891163 -0.453683 0
    outer loop
      vertex 28.649 101.072 1.5
      vertex 28.705 101.182 1
      vertex 28.705 101.182 1.5
    endloop
  endfacet
  facet normal 0.891163 -0.453683 0
    outer loop
      vertex 28.705 101.182 1
      vertex 28.649 101.072 1.5
      vertex 28.649 101.072 1
    endloop
  endfacet
  facet normal 0.862622 -0.505848 0
    outer loop
      vertex 28.705 101.182 1.5
      vertex 28.7654 101.285 1
      vertex 28.7654 101.285 1.5
    endloop
  endfacet
  facet normal 0.862622 -0.505848 0
    outer loop
      vertex 28.7654 101.285 1
      vertex 28.705 101.182 1.5
      vertex 28.705 101.182 1
    endloop
  endfacet
  facet normal 0.839826 -0.542856 0
    outer loop
      vertex 28.7654 101.285 1.5
      vertex 28.8281 101.382 1
      vertex 28.8281 101.382 1.5
    endloop
  endfacet
  facet normal 0.839826 -0.542856 0
    outer loop
      vertex 28.8281 101.382 1
      vertex 28.7654 101.285 1.5
      vertex 28.7654 101.285 1
    endloop
  endfacet
  facet normal 0.816303 -0.577623 0
    outer loop
      vertex 28.8281 101.382 1.5
      vertex 28.8932 101.474 1
      vertex 28.8932 101.474 1.5
    endloop
  endfacet
  facet normal 0.816303 -0.577623 0
    outer loop
      vertex 28.8932 101.474 1
      vertex 28.8281 101.382 1.5
      vertex 28.8281 101.382 1
    endloop
  endfacet
  facet normal 0.78356 -0.621317 0
    outer loop
      vertex 28.8932 101.474 1.5
      vertex 28.9606 101.559 1
      vertex 28.9606 101.559 1.5
    endloop
  endfacet
  facet normal 0.78356 -0.621317 0
    outer loop
      vertex 28.9606 101.559 1
      vertex 28.8932 101.474 1.5
      vertex 28.8932 101.474 1
    endloop
  endfacet
  facet normal 0.753509 -0.657437 0
    outer loop
      vertex 28.9606 101.559 1.5
      vertex 29.0304 101.639 1
      vertex 29.0304 101.639 1.5
    endloop
  endfacet
  facet normal 0.753509 -0.657437 0
    outer loop
      vertex 29.0304 101.639 1
      vertex 28.9606 101.559 1.5
      vertex 28.9606 101.559 1
    endloop
  endfacet
  facet normal 0.711966 -0.702213 0
    outer loop
      vertex 29.0304 101.639 1.5
      vertex 29.1024 101.712 1
      vertex 29.1024 101.712 1.5
    endloop
  endfacet
  facet normal 0.711966 -0.702213 0
    outer loop
      vertex 29.1024 101.712 1
      vertex 29.0304 101.639 1.5
      vertex 29.0304 101.639 1
    endloop
  endfacet
  facet normal 0.674646 -0.738142 0
    outer loop
      vertex 29.1024 101.712 1
      vertex 29.1768 101.78 1.5
      vertex 29.1024 101.712 1.5
    endloop
  endfacet
  facet normal 0.674646 -0.738142 0
    outer loop
      vertex 29.1768 101.78 1.5
      vertex 29.1024 101.712 1
      vertex 29.1768 101.78 1
    endloop
  endfacet
  facet normal 0.628148 -0.778094 0
    outer loop
      vertex 29.1768 101.78 1
      vertex 29.2536 101.842 1.5
      vertex 29.1768 101.78 1.5
    endloop
  endfacet
  facet normal 0.628148 -0.778094 0
    outer loop
      vertex 29.2536 101.842 1.5
      vertex 29.1768 101.78 1
      vertex 29.2536 101.842 1
    endloop
  endfacet
  facet normal 0.578304 -0.815821 0
    outer loop
      vertex 29.2536 101.842 1
      vertex 29.3326 101.898 1.5
      vertex 29.2536 101.842 1.5
    endloop
  endfacet
  facet normal 0.578304 -0.815821 0
    outer loop
      vertex 29.3326 101.898 1.5
      vertex 29.2536 101.842 1
      vertex 29.3326 101.898 1
    endloop
  endfacet
  facet normal 0.535177 -0.84474 0
    outer loop
      vertex 29.3326 101.898 1
      vertex 29.4131 101.949 1.5
      vertex 29.3326 101.898 1.5
    endloop
  endfacet
  facet normal 0.535177 -0.84474 0
    outer loop
      vertex 29.4131 101.949 1.5
      vertex 29.3326 101.898 1
      vertex 29.4131 101.949 1
    endloop
  endfacet
  facet normal 0.502342 -0.864669 0
    outer loop
      vertex 29.4131 101.949 1
      vertex 29.494 101.996 1.5
      vertex 29.4131 101.949 1.5
    endloop
  endfacet
  facet normal 0.502342 -0.864669 0
    outer loop
      vertex 29.494 101.996 1.5
      vertex 29.4131 101.949 1
      vertex 29.494 101.996 1
    endloop
  endfacet
  facet normal 0.459423 -0.888218 0
    outer loop
      vertex 29.494 101.996 1
      vertex 29.5752 102.038 1.5
      vertex 29.494 101.996 1.5
    endloop
  endfacet
  facet normal 0.459423 -0.888218 0
    outer loop
      vertex 29.5752 102.038 1.5
      vertex 29.494 101.996 1
      vertex 29.5752 102.038 1
    endloop
  endfacet
  facet normal 0.421731 -0.906721 0
    outer loop
      vertex 29.5752 102.038 1
      vertex 29.6569 102.076 1.5
      vertex 29.5752 102.038 1.5
    endloop
  endfacet
  facet normal 0.421731 -0.906721 0
    outer loop
      vertex 29.6569 102.076 1.5
      vertex 29.5752 102.038 1
      vertex 29.6569 102.076 1
    endloop
  endfacet
  facet normal 0.382617 -0.923907 0
    outer loop
      vertex 29.6569 102.076 1
      vertex 29.739 102.11 1.5
      vertex 29.6569 102.076 1.5
    endloop
  endfacet
  facet normal 0.382617 -0.923907 0
    outer loop
      vertex 29.739 102.11 1.5
      vertex 29.6569 102.076 1
      vertex 29.739 102.11 1
    endloop
  endfacet
  facet normal 0.341743 -0.939793 0
    outer loop
      vertex 29.739 102.11 1
      vertex 29.8215 102.14 1.5
      vertex 29.739 102.11 1.5
    endloop
  endfacet
  facet normal 0.341743 -0.939793 0
    outer loop
      vertex 29.8215 102.14 1.5
      vertex 29.739 102.11 1
      vertex 29.8215 102.14 1
    endloop
  endfacet
  facet normal 0.288725 -0.957412 0
    outer loop
      vertex 29.8215 102.14 1
      vertex 29.9044 102.165 1.5
      vertex 29.8215 102.14 1.5
    endloop
  endfacet
  facet normal 0.288725 -0.957412 0
    outer loop
      vertex 29.9044 102.165 1.5
      vertex 29.8215 102.14 1
      vertex 29.9044 102.165 1
    endloop
  endfacet
  facet normal 0.244177 -0.969731 0
    outer loop
      vertex 29.9044 102.165 1
      vertex 29.9878 102.186 1.5
      vertex 29.9044 102.165 1.5
    endloop
  endfacet
  facet normal 0.244177 -0.969731 0
    outer loop
      vertex 29.9878 102.186 1.5
      vertex 29.9044 102.165 1
      vertex 29.9878 102.186 1
    endloop
  endfacet
  facet normal 0.199042 -0.979991 0
    outer loop
      vertex 29.9878 102.186 1
      vertex 30.0715 102.203 1.5
      vertex 29.9878 102.186 1.5
    endloop
  endfacet
  facet normal 0.199042 -0.979991 0
    outer loop
      vertex 30.0715 102.203 1.5
      vertex 29.9878 102.186 1
      vertex 30.0715 102.203 1
    endloop
  endfacet
  facet normal 0.168296 -0.985736 0
    outer loop
      vertex 30.0715 102.203 1
      vertex 30.1535 102.217 1.5
      vertex 30.0715 102.203 1.5
    endloop
  endfacet
  facet normal 0.168296 -0.985736 0
    outer loop
      vertex 30.1535 102.217 1.5
      vertex 30.0715 102.203 1
      vertex 30.1535 102.217 1
    endloop
  endfacet
  facet normal 0.16399 -0.986462 0
    outer loop
      vertex 30.1535 102.217 1
      vertex 30.2317 102.23 1.5
      vertex 30.1535 102.217 1.5
    endloop
  endfacet
  facet normal 0.16399 -0.986462 0
    outer loop
      vertex 30.2317 102.23 1.5
      vertex 30.1535 102.217 1
      vertex 30.2317 102.23 1
    endloop
  endfacet
  facet normal 0.133211 -0.991088 0
    outer loop
      vertex 30.2317 102.23 1
      vertex 30.3061 102.24 1.5
      vertex 30.2317 102.23 1.5
    endloop
  endfacet
  facet normal 0.133211 -0.991088 0
    outer loop
      vertex 30.3061 102.24 1.5
      vertex 30.2317 102.23 1
      vertex 30.3061 102.24 1
    endloop
  endfacet
  facet normal 0.126632 -0.99195 0
    outer loop
      vertex 30.3061 102.24 1
      vertex 30.3766 102.249 1.5
      vertex 30.3061 102.24 1.5
    endloop
  endfacet
  facet normal 0.126632 -0.99195 0
    outer loop
      vertex 30.3766 102.249 1.5
      vertex 30.3061 102.24 1
      vertex 30.3766 102.249 1
    endloop
  endfacet
  facet normal 0.119087 -0.992884 0
    outer loop
      vertex 30.3766 102.249 1
      vertex 30.4433 102.257 1.5
      vertex 30.3766 102.249 1.5
    endloop
  endfacet
  facet normal 0.119087 -0.992884 0
    outer loop
      vertex 30.4433 102.257 1.5
      vertex 30.3766 102.249 1
      vertex 30.4433 102.257 1
    endloop
  endfacet
  facet normal 0.0951083 -0.995467 0
    outer loop
      vertex 30.4433 102.257 1
      vertex 30.5061 102.263 1.5
      vertex 30.4433 102.257 1.5
    endloop
  endfacet
  facet normal 0.0951083 -0.995467 0
    outer loop
      vertex 30.5061 102.263 1.5
      vertex 30.4433 102.257 1
      vertex 30.5061 102.263 1
    endloop
  endfacet
  facet normal 0.0676413 -0.99771 0
    outer loop
      vertex 30.5061 102.263 1
      vertex 30.5651 102.267 1.5
      vertex 30.5061 102.263 1.5
    endloop
  endfacet
  facet normal 0.0676413 -0.99771 0
    outer loop
      vertex 30.5651 102.267 1.5
      vertex 30.5061 102.263 1
      vertex 30.5651 102.267 1
    endloop
  endfacet
  facet normal 0.0362738 -0.999342 0
    outer loop
      vertex 30.5651 102.267 1
      vertex 30.6202 102.269 1.5
      vertex 30.5651 102.267 1.5
    endloop
  endfacet
  facet normal 0.0362738 -0.999342 0
    outer loop
      vertex 30.6202 102.269 1.5
      vertex 30.5651 102.267 1
      vertex 30.6202 102.269 1
    endloop
  endfacet
  facet normal 0.0194895 -0.99981 0
    outer loop
      vertex 30.6202 102.269 1
      vertex 30.6715 102.27 1.5
      vertex 30.6202 102.269 1.5
    endloop
  endfacet
  facet normal 0.0194895 -0.99981 0
    outer loop
      vertex 30.6715 102.27 1.5
      vertex 30.6202 102.269 1
      vertex 30.6715 102.27 1
    endloop
  endfacet
  facet normal 0 -1 0
    outer loop
      vertex 30.6715 102.27 1
      vertex 30.827 102.27 1.5
      vertex 30.6715 102.27 1.5
    endloop
  endfacet
  facet normal 0 -1 -0
    outer loop
      vertex 30.827 102.27 1.5
      vertex 30.6715 102.27 1
      vertex 30.827 102.27 1
    endloop
  endfacet
  facet normal -0.264235 -0.964458 0
    outer loop
      vertex 30.827 102.27 1
      vertex 30.8343 102.268 1.5
      vertex 30.827 102.27 1.5
    endloop
  endfacet
  facet normal -0.264235 -0.964458 -0
    outer loop
      vertex 30.8343 102.268 1.5
      vertex 30.827 102.27 1
      vertex 30.8343 102.268 1
    endloop
  endfacet
  facet normal -0.274721 -0.961524 0
    outer loop
      vertex 30.8343 102.268 1
      vertex 30.8413 102.266 1.5
      vertex 30.8343 102.268 1.5
    endloop
  endfacet
  facet normal -0.274721 -0.961524 -0
    outer loop
      vertex 30.8413 102.266 1.5
      vertex 30.8343 102.268 1
      vertex 30.8413 102.266 1
    endloop
  endfacet
  facet normal -0.282166 -0.959366 0
    outer loop
      vertex 30.8413 102.266 1
      vertex 30.8481 102.264 1.5
      vertex 30.8413 102.266 1.5
    endloop
  endfacet
  facet normal -0.282166 -0.959366 -0
    outer loop
      vertex 30.8481 102.264 1.5
      vertex 30.8413 102.266 1
      vertex 30.8481 102.264 1
    endloop
  endfacet
  facet normal -0.298275 -0.95448 0
    outer loop
      vertex 30.8481 102.264 1
      vertex 30.8545 102.262 1.5
      vertex 30.8481 102.264 1.5
    endloop
  endfacet
  facet normal -0.298275 -0.95448 -0
    outer loop
      vertex 30.8545 102.262 1.5
      vertex 30.8481 102.264 1
      vertex 30.8545 102.262 1
    endloop
  endfacet
  facet normal -0.159232 -0.987241 0
    outer loop
      vertex 30.8545 102.262 1
      vertex 30.8607 102.261 1.5
      vertex 30.8545 102.262 1.5
    endloop
  endfacet
  facet normal -0.159232 -0.987241 -0
    outer loop
      vertex 30.8607 102.261 1.5
      vertex 30.8545 102.262 1
      vertex 30.8607 102.261 1
    endloop
  endfacet
  facet normal -0.167108 -0.985939 0
    outer loop
      vertex 30.8607 102.261 1
      vertex 30.8666 102.26 1.5
      vertex 30.8607 102.261 1.5
    endloop
  endfacet
  facet normal -0.167108 -0.985939 -0
    outer loop
      vertex 30.8666 102.26 1.5
      vertex 30.8607 102.261 1
      vertex 30.8666 102.26 1
    endloop
  endfacet
  facet normal -0.175791 -0.984428 0
    outer loop
      vertex 30.8666 102.26 1
      vertex 30.8722 102.259 1.5
      vertex 30.8666 102.26 1.5
    endloop
  endfacet
  facet normal -0.175791 -0.984428 -0
    outer loop
      vertex 30.8722 102.259 1.5
      vertex 30.8666 102.26 1
      vertex 30.8722 102.259 1
    endloop
  endfacet
  facet normal 0 -1 0
    outer loop
      vertex 30.8722 102.259 1
      vertex 30.8776 102.259 1.5
      vertex 30.8722 102.259 1.5
    endloop
  endfacet
  facet normal 0 -1 -0
    outer loop
      vertex 30.8776 102.259 1.5
      vertex 30.8722 102.259 1
      vertex 30.8776 102.259 1
    endloop
  endfacet
  facet normal 0 -1 0
    outer loop
      vertex 30.8776 102.259 1
      vertex 30.8826 102.259 1.5
      vertex 30.8776 102.259 1.5
    endloop
  endfacet
  facet normal 0 -1 -0
    outer loop
      vertex 30.8826 102.259 1.5
      vertex 30.8776 102.259 1
      vertex 30.8826 102.259 1
    endloop
  endfacet
  facet normal 1 -0 0
    outer loop
      vertex 30.8826 102.259 1.5
      vertex 30.8826 103.672 1
      vertex 30.8826 103.672 1.5
    endloop
  endfacet
  facet normal 1 0 0
    outer loop
      vertex 30.8826 103.672 1
      vertex 30.8826 102.259 1.5
      vertex 30.8826 102.259 1
    endloop
  endfacet
  facet normal 0 1 -0
    outer loop
      vertex 30.8826 103.672 1
      vertex 30.8382 103.672 1.5
      vertex 30.8826 103.672 1.5
    endloop
  endfacet
  facet normal 0 1 0
    outer loop
      vertex 30.8382 103.672 1.5
      vertex 30.8826 103.672 1
      vertex 30.8382 103.672 1
    endloop
  endfacet
  facet normal 0 1 -0
    outer loop
      vertex 30.8382 103.672 1
      vertex 30.8109 103.672 1.5
      vertex 30.8382 103.672 1.5
    endloop
  endfacet
  facet normal 0 1 0
    outer loop
      vertex 30.8109 103.672 1.5
      vertex 30.8382 103.672 1
      vertex 30.8109 103.672 1
    endloop
  endfacet
  facet normal -0.0309449 0.999521 0
    outer loop
      vertex 30.8109 103.672 1
      vertex 30.7786 103.671 1.5
      vertex 30.8109 103.672 1.5
    endloop
  endfacet
  facet normal -0.0309449 0.999521 0
    outer loop
      vertex 30.7786 103.671 1.5
      vertex 30.8109 103.672 1
      vertex 30.7786 103.671 1
    endloop
  endfacet
  facet normal -0.0535424 0.998566 0
    outer loop
      vertex 30.7786 103.671 1
      vertex 30.7413 103.669 1.5
      vertex 30.7786 103.671 1.5
    endloop
  endfacet
  facet normal -0.0535424 0.998566 0
    outer loop
      vertex 30.7413 103.669 1.5
      vertex 30.7786 103.671 1
      vertex 30.7413 103.669 1
    endloop
  endfacet
  facet normal -0.0470068 0.998895 0
    outer loop
      vertex 30.7413 103.669 1
      vertex 30.6988 103.667 1.5
      vertex 30.7413 103.669 1.5
    endloop
  endfacet
  facet normal -0.0470068 0.998895 0
    outer loop
      vertex 30.6988 103.667 1.5
      vertex 30.7413 103.669 1
      vertex 30.6988 103.667 1
    endloop
  endfacet
  facet normal -0.0839135 0.996473 0
    outer loop
      vertex 30.6988 103.667 1
      vertex 30.6513 103.663 1.5
      vertex 30.6988 103.667 1.5
    endloop
  endfacet
  facet normal -0.0839135 0.996473 0
    outer loop
      vertex 30.6513 103.663 1.5
      vertex 30.6988 103.667 1
      vertex 30.6513 103.663 1
    endloop
  endfacet
  facet normal -0.0569417 0.998378 0
    outer loop
      vertex 30.6513 103.663 1
      vertex 30.5987 103.66 1.5
      vertex 30.6513 103.663 1.5
    endloop
  endfacet
  facet normal -0.0569417 0.998378 0
    outer loop
      vertex 30.5987 103.66 1.5
      vertex 30.6513 103.663 1
      vertex 30.5987 103.66 1
    endloop
  endfacet
  facet normal -0.0863316 0.996266 0
    outer loop
      vertex 30.5987 103.66 1
      vertex 30.541 103.655 1.5
      vertex 30.5987 103.66 1.5
    endloop
  endfacet
  facet normal -0.0863316 0.996266 0
    outer loop
      vertex 30.541 103.655 1.5
      vertex 30.5987 103.66 1
      vertex 30.541 103.655 1
    endloop
  endfacet
  facet normal -0.0793667 0.996845 0
    outer loop
      vertex 30.541 103.655 1
      vertex 30.4782 103.65 1.5
      vertex 30.541 103.655 1.5
    endloop
  endfacet
  facet normal -0.0793667 0.996845 0
    outer loop
      vertex 30.4782 103.65 1.5
      vertex 30.541 103.655 1
      vertex 30.4782 103.65 1
    endloop
  endfacet
  facet normal -0.0881511 0.996107 0
    outer loop
      vertex 30.4782 103.65 1
      vertex 30.4104 103.644 1.5
      vertex 30.4782 103.65 1.5
    endloop
  endfacet
  facet normal -0.0881511 0.996107 0
    outer loop
      vertex 30.4104 103.644 1.5
      vertex 30.4782 103.65 1
      vertex 30.4104 103.644 1
    endloop
  endfacet
  facet normal -0.097167 0.995268 0
    outer loop
      vertex 30.4104 103.644 1
      vertex 30.3387 103.637 1.5
      vertex 30.4104 103.644 1.5
    endloop
  endfacet
  facet normal -0.097167 0.995268 0
    outer loop
      vertex 30.3387 103.637 1.5
      vertex 30.4104 103.644 1
      vertex 30.3387 103.637 1
    endloop
  endfacet
  facet normal -0.120411 0.992724 0
    outer loop
      vertex 30.3387 103.637 1
      vertex 30.2645 103.628 1.5
      vertex 30.3387 103.637 1.5
    endloop
  endfacet
  facet normal -0.120411 0.992724 0
    outer loop
      vertex 30.2645 103.628 1.5
      vertex 30.3387 103.637 1
      vertex 30.2645 103.628 1
    endloop
  endfacet
  facet normal -0.141602 0.989924 0
    outer loop
      vertex 30.2645 103.628 1
      vertex 30.1876 103.617 1.5
      vertex 30.2645 103.628 1.5
    endloop
  endfacet
  facet normal -0.141602 0.989924 0
    outer loop
      vertex 30.1876 103.617 1.5
      vertex 30.2645 103.628 1
      vertex 30.1876 103.617 1
    endloop
  endfacet
  facet normal -0.173432 0.984846 0
    outer loop
      vertex 30.1876 103.617 1
      vertex 30.1081 103.603 1.5
      vertex 30.1876 103.617 1.5
    endloop
  endfacet
  facet normal -0.173432 0.984846 0
    outer loop
      vertex 30.1081 103.603 1.5
      vertex 30.1876 103.617 1
      vertex 30.1081 103.603 1
    endloop
  endfacet
  facet normal -0.179729 0.983716 0
    outer loop
      vertex 30.1081 103.603 1
      vertex 30.026 103.588 1.5
      vertex 30.1081 103.603 1.5
    endloop
  endfacet
  facet normal -0.179729 0.983716 0
    outer loop
      vertex 30.026 103.588 1.5
      vertex 30.1081 103.603 1
      vertex 30.026 103.588 1
    endloop
  endfacet
  facet normal -0.207873 0.978156 0
    outer loop
      vertex 30.026 103.588 1
      vertex 29.9413 103.57 1.5
      vertex 30.026 103.588 1.5
    endloop
  endfacet
  facet normal -0.207873 0.978156 0
    outer loop
      vertex 29.9413 103.57 1.5
      vertex 30.026 103.588 1
      vertex 29.9413 103.57 1
    endloop
  endfacet
  facet normal -0.212662 0.977126 0
    outer loop
      vertex 29.9413 103.57 1
      vertex 29.854 103.551 1.5
      vertex 29.9413 103.57 1.5
    endloop
  endfacet
  facet normal -0.212662 0.977126 0
    outer loop
      vertex 29.854 103.551 1.5
      vertex 29.9413 103.57 1
      vertex 29.854 103.551 1
    endloop
  endfacet
  facet normal -0.237702 0.971338 0
    outer loop
      vertex 29.854 103.551 1
      vertex 29.7641 103.529 1.5
      vertex 29.854 103.551 1.5
    endloop
  endfacet
  facet normal -0.237702 0.971338 0
    outer loop
      vertex 29.7641 103.529 1.5
      vertex 29.854 103.551 1
      vertex 29.7641 103.529 1
    endloop
  endfacet
  facet normal -0.25089 0.968016 0
    outer loop
      vertex 29.7641 103.529 1
      vertex 29.6715 103.505 1.5
      vertex 29.7641 103.529 1.5
    endloop
  endfacet
  facet normal -0.25089 0.968016 0
    outer loop
      vertex 29.6715 103.505 1.5
      vertex 29.7641 103.529 1
      vertex 29.6715 103.505 1
    endloop
  endfacet
  facet normal -0.265798 0.964029 0
    outer loop
      vertex 29.6715 103.505 1
      vertex 29.5772 103.479 1.5
      vertex 29.6715 103.505 1.5
    endloop
  endfacet
  facet normal -0.265798 0.964029 0
    outer loop
      vertex 29.5772 103.479 1.5
      vertex 29.6715 103.505 1
      vertex 29.5772 103.479 1
    endloop
  endfacet
  facet normal -0.291402 0.956601 0
    outer loop
      vertex 29.5772 103.479 1
      vertex 29.482 103.45 1.5
      vertex 29.5772 103.479 1.5
    endloop
  endfacet
  facet normal -0.291402 0.956601 0
    outer loop
      vertex 29.482 103.45 1.5
      vertex 29.5772 103.479 1
      vertex 29.482 103.45 1
    endloop
  endfacet
  facet normal -0.324475 0.945894 0
    outer loop
      vertex 29.482 103.45 1
      vertex 29.3858 103.417 1.5
      vertex 29.482 103.45 1.5
    endloop
  endfacet
  facet normal -0.324475 0.945894 0
    outer loop
      vertex 29.3858 103.417 1.5
      vertex 29.482 103.45 1
      vertex 29.3858 103.417 1
    endloop
  endfacet
  facet normal -0.347314 0.937749 0
    outer loop
      vertex 29.3858 103.417 1
      vertex 29.2886 103.381 1.5
      vertex 29.3858 103.417 1.5
    endloop
  endfacet
  facet normal -0.347314 0.937749 0
    outer loop
      vertex 29.2886 103.381 1.5
      vertex 29.3858 103.417 1
      vertex 29.2886 103.381 1
    endloop
  endfacet
  facet normal -0.369105 0.929388 0
    outer loop
      vertex 29.2886 103.381 1
      vertex 29.1904 103.342 1.5
      vertex 29.2886 103.381 1.5
    endloop
  endfacet
  facet normal -0.369105 0.929388 0
    outer loop
      vertex 29.1904 103.342 1.5
      vertex 29.2886 103.381 1
      vertex 29.1904 103.342 1
    endloop
  endfacet
  facet normal -0.390216 0.920723 0
    outer loop
      vertex 29.1904 103.342 1
      vertex 29.0913 103.3 1.5
      vertex 29.1904 103.342 1.5
    endloop
  endfacet
  facet normal -0.390216 0.920723 0
    outer loop
      vertex 29.0913 103.3 1.5
      vertex 29.1904 103.342 1
      vertex 29.0913 103.3 1
    endloop
  endfacet
  facet normal -0.410365 0.911922 0
    outer loop
      vertex 29.0913 103.3 1
      vertex 28.9913 103.255 1.5
      vertex 29.0913 103.3 1.5
    endloop
  endfacet
  facet normal -0.410365 0.911922 0
    outer loop
      vertex 28.9913 103.255 1.5
      vertex 29.0913 103.3 1
      vertex 28.9913 103.255 1
    endloop
  endfacet
  facet normal -0.428893 0.903355 0
    outer loop
      vertex 28.9913 103.255 1
      vertex 28.8902 103.207 1.5
      vertex 28.9913 103.255 1.5
    endloop
  endfacet
  facet normal -0.428893 0.903355 0
    outer loop
      vertex 28.8902 103.207 1.5
      vertex 28.9913 103.255 1
      vertex 28.8902 103.207 1
    endloop
  endfacet
  facet normal -0.454187 0.890906 0
    outer loop
      vertex 28.8902 103.207 1
      vertex 28.7882 103.155 1.5
      vertex 28.8902 103.207 1.5
    endloop
  endfacet
  facet normal -0.454187 0.890906 0
    outer loop
      vertex 28.7882 103.155 1.5
      vertex 28.8902 103.207 1
      vertex 28.7882 103.155 1
    endloop
  endfacet
  facet normal -0.476786 0.87902 0
    outer loop
      vertex 28.7882 103.155 1
      vertex 28.6868 103.1 1.5
      vertex 28.7882 103.155 1.5
    endloop
  endfacet
  facet normal -0.476786 0.87902 0
    outer loop
      vertex 28.6868 103.1 1.5
      vertex 28.7882 103.155 1
      vertex 28.6868 103.1 1
    endloop
  endfacet
  facet normal -0.516013 0.856581 0
    outer loop
      vertex 28.6868 103.1 1
      vertex 28.5872 103.04 1.5
      vertex 28.6868 103.1 1.5
    endloop
  endfacet
  facet normal -0.516013 0.856581 0
    outer loop
      vertex 28.5872 103.04 1.5
      vertex 28.6868 103.1 1
      vertex 28.5872 103.04 1
    endloop
  endfacet
  facet normal -0.547964 0.836502 0
    outer loop
      vertex 28.5872 103.04 1
      vertex 28.4895 102.976 1.5
      vertex 28.5872 103.04 1.5
    endloop
  endfacet
  facet normal -0.547964 0.836502 0
    outer loop
      vertex 28.4895 102.976 1.5
      vertex 28.5872 103.04 1
      vertex 28.4895 102.976 1
    endloop
  endfacet
  facet normal -0.579222 0.81517 0
    outer loop
      vertex 28.4895 102.976 1
      vertex 28.3938 102.908 1.5
      vertex 28.4895 102.976 1.5
    endloop
  endfacet
  facet normal -0.579222 0.81517 0
    outer loop
      vertex 28.3938 102.908 1.5
      vertex 28.4895 102.976 1
      vertex 28.3938 102.908 1
    endloop
  endfacet
  facet normal -0.614174 0.789171 0
    outer loop
      vertex 28.3938 102.908 1
      vertex 28.3 102.835 1.5
      vertex 28.3938 102.908 1.5
    endloop
  endfacet
  facet normal -0.614174 0.789171 0
    outer loop
      vertex 28.3 102.835 1.5
      vertex 28.3938 102.908 1
      vertex 28.3 102.835 1
    endloop
  endfacet
  facet normal -0.642233 0.766509 0
    outer loop
      vertex 28.3 102.835 1
      vertex 28.2081 102.758 1.5
      vertex 28.3 102.835 1.5
    endloop
  endfacet
  facet normal -0.642233 0.766509 0
    outer loop
      vertex 28.2081 102.758 1.5
      vertex 28.3 102.835 1
      vertex 28.2081 102.758 1
    endloop
  endfacet
  facet normal -0.67349 0.739196 0
    outer loop
      vertex 28.2081 102.758 1
      vertex 28.1181 102.676 1.5
      vertex 28.2081 102.758 1.5
    endloop
  endfacet
  facet normal -0.67349 0.739196 0
    outer loop
      vertex 28.1181 102.676 1.5
      vertex 28.2081 102.758 1
      vertex 28.1181 102.676 1
    endloop
  endfacet
  facet normal -0.698933 0.715187 0
    outer loop
      vertex 28.1181 102.676 1
      vertex 28.0301 102.59 1.5
      vertex 28.1181 102.676 1.5
    endloop
  endfacet
  facet normal -0.698933 0.715187 0
    outer loop
      vertex 28.0301 102.59 1.5
      vertex 28.1181 102.676 1
      vertex 28.0301 102.59 1
    endloop
  endfacet
  facet normal -0.722189 0.691696 0
    outer loop
      vertex 27.9439 102.5 1
      vertex 28.0301 102.59 1.5
      vertex 28.0301 102.59 1
    endloop
  endfacet
  facet normal -0.722189 0.691696 0
    outer loop
      vertex 28.0301 102.59 1.5
      vertex 27.9439 102.5 1
      vertex 27.9439 102.5 1.5
    endloop
  endfacet
  facet normal -0.754521 0.656276 0
    outer loop
      vertex 27.8604 102.404 1
      vertex 27.9439 102.5 1.5
      vertex 27.9439 102.5 1
    endloop
  endfacet
  facet normal -0.754521 0.656276 0
    outer loop
      vertex 27.9439 102.5 1.5
      vertex 27.8604 102.404 1
      vertex 27.8604 102.404 1.5
    endloop
  endfacet
  facet normal -0.780107 0.625646 0
    outer loop
      vertex 27.7802 102.304 1
      vertex 27.8604 102.404 1.5
      vertex 27.8604 102.404 1
    endloop
  endfacet
  facet normal -0.780107 0.625646 0
    outer loop
      vertex 27.8604 102.404 1.5
      vertex 27.7802 102.304 1
      vertex 27.7802 102.304 1.5
    endloop
  endfacet
  facet normal -0.811678 0.584105 0
    outer loop
      vertex 27.7032 102.197 1
      vertex 27.7802 102.304 1.5
      vertex 27.7802 102.304 1
    endloop
  endfacet
  facet normal -0.811678 0.584105 0
    outer loop
      vertex 27.7802 102.304 1.5
      vertex 27.7032 102.197 1
      vertex 27.7032 102.197 1.5
    endloop
  endfacet
  facet normal -0.835705 0.549178 0
    outer loop
      vertex 27.6296 102.085 1
      vertex 27.7032 102.197 1.5
      vertex 27.7032 102.197 1
    endloop
  endfacet
  facet normal -0.835705 0.549178 0
    outer loop
      vertex 27.7032 102.197 1.5
      vertex 27.6296 102.085 1
      vertex 27.6296 102.085 1.5
    endloop
  endfacet
  facet normal -0.856846 0.515572 0
    outer loop
      vertex 27.5592 101.968 1
      vertex 27.6296 102.085 1.5
      vertex 27.6296 102.085 1
    endloop
  endfacet
  facet normal -0.856846 0.515572 0
    outer loop
      vertex 27.6296 102.085 1.5
      vertex 27.5592 101.968 1
      vertex 27.5592 101.968 1.5
    endloop
  endfacet
  facet normal -0.877868 0.478902 0
    outer loop
      vertex 27.4921 101.845 1
      vertex 27.5592 101.968 1.5
      vertex 27.5592 101.968 1
    endloop
  endfacet
  facet normal -0.877868 0.478902 0
    outer loop
      vertex 27.5592 101.968 1.5
      vertex 27.4921 101.845 1
      vertex 27.4921 101.845 1.5
    endloop
  endfacet
  facet normal -0.894986 0.446095 0
    outer loop
      vertex 27.4283 101.717 1
      vertex 27.4921 101.845 1.5
      vertex 27.4921 101.845 1
    endloop
  endfacet
  facet normal -0.894986 0.446095 0
    outer loop
      vertex 27.4921 101.845 1.5
      vertex 27.4283 101.717 1
      vertex 27.4283 101.717 1.5
    endloop
  endfacet
  facet normal -0.911412 0.411496 0
    outer loop
      vertex 27.3678 101.583 1
      vertex 27.4283 101.717 1.5
      vertex 27.4283 101.717 1
    endloop
  endfacet
  facet normal -0.911412 0.411496 0
    outer loop
      vertex 27.4283 101.717 1.5
      vertex 27.3678 101.583 1
      vertex 27.3678 101.583 1.5
    endloop
  endfacet
  facet normal -0.924761 0.380549 0
    outer loop
      vertex 27.3106 101.444 1
      vertex 27.3678 101.583 1.5
      vertex 27.3678 101.583 1
    endloop
  endfacet
  facet normal -0.924761 0.380549 0
    outer loop
      vertex 27.3678 101.583 1.5
      vertex 27.3106 101.444 1
      vertex 27.3106 101.444 1.5
    endloop
  endfacet
  facet normal -0.940473 0.339868 0
    outer loop
      vertex 27.2582 101.299 1
      vertex 27.3106 101.444 1.5
      vertex 27.3106 101.444 1
    endloop
  endfacet
  facet normal -0.940473 0.339868 0
    outer loop
      vertex 27.3106 101.444 1.5
      vertex 27.2582 101.299 1
      vertex 27.2582 101.299 1.5
    endloop
  endfacet
  facet normal -0.957135 0.289643 0
    outer loop
      vertex 27.2119 101.146 1
      vertex 27.2582 101.299 1.5
      vertex 27.2582 101.299 1
    endloop
  endfacet
  facet normal -0.957135 0.289643 0
    outer loop
      vertex 27.2582 101.299 1.5
      vertex 27.2119 101.146 1
      vertex 27.2119 101.146 1.5
    endloop
  endfacet
  facet normal -0.969638 0.244544 0
    outer loop
      vertex 27.1718 100.987 1
      vertex 27.2119 101.146 1.5
      vertex 27.2119 101.146 1
    endloop
  endfacet
  facet normal -0.969638 0.244544 0
    outer loop
      vertex 27.2119 101.146 1.5
      vertex 27.1718 100.987 1
      vertex 27.1718 100.987 1.5
    endloop
  endfacet
  facet normal -0.979898 0.1995 0
    outer loop
      vertex 27.1378 100.82 1
      vertex 27.1718 100.987 1.5
      vertex 27.1718 100.987 1
    endloop
  endfacet
  facet normal -0.979898 0.1995 0
    outer loop
      vertex 27.1718 100.987 1.5
      vertex 27.1378 100.82 1
      vertex 27.1378 100.82 1.5
    endloop
  endfacet
  facet normal -0.987334 0.158658 0
    outer loop
      vertex 27.11 100.647 1
      vertex 27.1378 100.82 1.5
      vertex 27.1378 100.82 1
    endloop
  endfacet
  facet normal -0.987334 0.158658 0
    outer loop
      vertex 27.1378 100.82 1.5
      vertex 27.11 100.647 1
      vertex 27.11 100.647 1.5
    endloop
  endfacet
  facet normal -0.992955 0.118496 0
    outer loop
      vertex 27.0884 100.466 1
      vertex 27.11 100.647 1.5
      vertex 27.11 100.647 1
    endloop
  endfacet
  facet normal -0.992955 0.118496 0
    outer loop
      vertex 27.11 100.647 1.5
      vertex 27.0884 100.466 1
      vertex 27.0884 100.466 1.5
    endloop
  endfacet
  facet normal -0.996626 0.0820751 0
    outer loop
      vertex 27.073 100.279 1
      vertex 27.0884 100.466 1.5
      vertex 27.0884 100.466 1
    endloop
  endfacet
  facet normal -0.996626 0.0820751 0
    outer loop
      vertex 27.0884 100.466 1.5
      vertex 27.073 100.279 1
      vertex 27.073 100.279 1.5
    endloop
  endfacet
  facet normal -0.998865 0.0476382 0
    outer loop
      vertex 27.0637 100.084 1
      vertex 27.073 100.279 1.5
      vertex 27.073 100.279 1
    endloop
  endfacet
  facet normal -0.998865 0.0476382 0
    outer loop
      vertex 27.073 100.279 1.5
      vertex 27.0637 100.084 1
      vertex 27.0637 100.084 1.5
    endloop
  endfacet
  facet normal -0.999881 0.0154211 0
    outer loop
      vertex 27.0606 99.883 1
      vertex 27.0637 100.084 1.5
      vertex 27.0637 100.084 1
    endloop
  endfacet
  facet normal -0.999881 0.0154211 0
    outer loop
      vertex 27.0637 100.084 1.5
      vertex 27.0606 99.883 1
      vertex 27.0606 99.883 1.5
    endloop
  endfacet
  facet normal -0.999934 -0.0114935 0
    outer loop
      vertex 27.063 99.6742 1
      vertex 27.0606 99.883 1.5
      vertex 27.0606 99.883 1
    endloop
  endfacet
  facet normal -0.999934 -0.0114935 0
    outer loop
      vertex 27.0606 99.883 1.5
      vertex 27.063 99.6742 1
      vertex 27.063 99.6742 1.5
    endloop
  endfacet
  facet normal -0.999345 -0.0361866 0
    outer loop
      vertex 27.0703 99.4726 1
      vertex 27.063 99.6742 1.5
      vertex 27.063 99.6742 1
    endloop
  endfacet
  facet normal -0.999345 -0.0361866 0
    outer loop
      vertex 27.063 99.6742 1.5
      vertex 27.0703 99.4726 1
      vertex 27.0703 99.4726 1.5
    endloop
  endfacet
  facet normal -0.998136 -0.0610371 0
    outer loop
      vertex 27.0822 99.278 1
      vertex 27.0703 99.4726 1.5
      vertex 27.0703 99.4726 1
    endloop
  endfacet
  facet normal -0.998136 -0.0610371 0
    outer loop
      vertex 27.0703 99.4726 1.5
      vertex 27.0822 99.278 1
      vertex 27.0822 99.278 1.5
    endloop
  endfacet
  facet normal -0.996001 -0.089337 0
    outer loop
      vertex 27.099 99.0907 1
      vertex 27.0822 99.278 1.5
      vertex 27.0822 99.278 1
    endloop
  endfacet
  facet normal -0.996001 -0.089337 0
    outer loop
      vertex 27.0822 99.278 1.5
      vertex 27.099 99.0907 1
      vertex 27.099 99.0907 1.5
    endloop
  endfacet
  facet normal -0.992835 -0.119493 0
    outer loop
      vertex 27.1207 98.9104 1
      vertex 27.099 99.0907 1.5
      vertex 27.099 99.0907 1
    endloop
  endfacet
  facet normal -0.992835 -0.119493 0
    outer loop
      vertex 27.099 99.0907 1.5
      vertex 27.1207 98.9104 1
      vertex 27.1207 98.9104 1.5
    endloop
  endfacet
  facet normal -0.988654 -0.150211 0
    outer loop
      vertex 27.147 98.7373 1
      vertex 27.1207 98.9104 1.5
      vertex 27.1207 98.9104 1
    endloop
  endfacet
  facet normal -0.988654 -0.150211 0
    outer loop
      vertex 27.1207 98.9104 1.5
      vertex 27.147 98.7373 1
      vertex 27.147 98.7373 1.5
    endloop
  endfacet
  facet normal -0.982792 -0.184717 0
    outer loop
      vertex 27.1782 98.5713 1
      vertex 27.147 98.7373 1.5
      vertex 27.147 98.7373 1
    endloop
  endfacet
  facet normal -0.982792 -0.184717 0
    outer loop
      vertex 27.147 98.7373 1.5
      vertex 27.1782 98.5713 1
      vertex 27.1782 98.5713 1.5
    endloop
  endfacet
  facet normal -0.975283 -0.220958 0
    outer loop
      vertex 27.2142 98.4124 1
      vertex 27.1782 98.5713 1.5
      vertex 27.1782 98.5713 1
    endloop
  endfacet
  facet normal -0.975283 -0.220958 0
    outer loop
      vertex 27.1782 98.5713 1.5
      vertex 27.2142 98.4124 1
      vertex 27.2142 98.4124 1.5
    endloop
  endfacet
  facet normal -0.965524 -0.260316 0
    outer loop
      vertex 27.2551 98.2607 1
      vertex 27.2142 98.4124 1.5
      vertex 27.2142 98.4124 1
    endloop
  endfacet
  facet normal -0.965524 -0.260316 0
    outer loop
      vertex 27.2142 98.4124 1.5
      vertex 27.2551 98.2607 1
      vertex 27.2551 98.2607 1.5
    endloop
  endfacet
  facet normal -0.956035 -0.293254 0
    outer loop
      vertex 27.2997 98.1153 1
      vertex 27.2551 98.2607 1.5
      vertex 27.2551 98.2607 1
    endloop
  endfacet
  facet normal -0.956035 -0.293254 0
    outer loop
      vertex 27.2551 98.2607 1.5
      vertex 27.2997 98.1153 1
      vertex 27.2997 98.1153 1.5
    endloop
  endfacet
  facet normal -0.946769 -0.321915 0
    outer loop
      vertex 27.3472 97.9756 1
      vertex 27.2997 98.1153 1.5
      vertex 27.2997 98.1153 1
    endloop
  endfacet
  facet normal -0.946769 -0.321915 0
    outer loop
      vertex 27.2997 98.1153 1.5
      vertex 27.3472 97.9756 1
      vertex 27.3472 97.9756 1.5
    endloop
  endfacet
  facet normal -0.936071 -0.351812 0
    outer loop
      vertex 27.3976 97.8415 1
      vertex 27.3472 97.9756 1.5
      vertex 27.3472 97.9756 1
    endloop
  endfacet
  facet normal -0.936071 -0.351812 0
    outer loop
      vertex 27.3472 97.9756 1.5
      vertex 27.3976 97.8415 1
      vertex 27.3976 97.8415 1.5
    endloop
  endfacet
  facet normal -0.923692 -0.383135 0
    outer loop
      vertex 27.4509 97.713 1
      vertex 27.3976 97.8415 1.5
      vertex 27.3976 97.8415 1
    endloop
  endfacet
  facet normal -0.923692 -0.383135 0
    outer loop
      vertex 27.3976 97.8415 1.5
      vertex 27.4509 97.713 1
      vertex 27.4509 97.713 1.5
    endloop
  endfacet
  facet normal -0.909298 -0.416145 0
    outer loop
      vertex 27.5071 97.5902 1
      vertex 27.4509 97.713 1.5
      vertex 27.4509 97.713 1
    endloop
  endfacet
  facet normal -0.909298 -0.416145 0
    outer loop
      vertex 27.4509 97.713 1.5
      vertex 27.5071 97.5902 1
      vertex 27.5071 97.5902 1.5
    endloop
  endfacet
  facet normal -0.892898 -0.450258 0
    outer loop
      vertex 27.5662 97.473 1
      vertex 27.5071 97.5902 1.5
      vertex 27.5071 97.5902 1
    endloop
  endfacet
  facet normal -0.892898 -0.450258 0
    outer loop
      vertex 27.5071 97.5902 1.5
      vertex 27.5662 97.473 1
      vertex 27.5662 97.473 1.5
    endloop
  endfacet
  facet normal -0.874674 -0.484712 0
    outer loop
      vertex 27.6281 97.3613 1
      vertex 27.5662 97.473 1.5
      vertex 27.5662 97.473 1
    endloop
  endfacet
  facet normal -0.874674 -0.484712 0
    outer loop
      vertex 27.5662 97.473 1.5
      vertex 27.6281 97.3613 1
      vertex 27.6281 97.3613 1.5
    endloop
  endfacet
  facet normal -0.852983 -0.521939 0
    outer loop
      vertex 27.6929 97.2554 1
      vertex 27.6281 97.3613 1.5
      vertex 27.6281 97.3613 1
    endloop
  endfacet
  facet normal -0.852983 -0.521939 0
    outer loop
      vertex 27.6281 97.3613 1.5
      vertex 27.6929 97.2554 1
      vertex 27.6929 97.2554 1.5
    endloop
  endfacet
  facet normal -0.829117 -0.559076 0
    outer loop
      vertex 27.7606 97.155 1
      vertex 27.6929 97.2554 1.5
      vertex 27.6929 97.2554 1
    endloop
  endfacet
  facet normal -0.829117 -0.559076 0
    outer loop
      vertex 27.6929 97.2554 1.5
      vertex 27.7606 97.155 1
      vertex 27.7606 97.155 1.5
    endloop
  endfacet
  facet normal -0.805948 -0.591987 0
    outer loop
      vertex 27.8306 97.0597 1
      vertex 27.7606 97.155 1.5
      vertex 27.7606 97.155 1
    endloop
  endfacet
  facet normal -0.805948 -0.591987 0
    outer loop
      vertex 27.7606 97.155 1.5
      vertex 27.8306 97.0597 1
      vertex 27.8306 97.0597 1.5
    endloop
  endfacet
  facet normal -0.784063 -0.620681 0
    outer loop
      vertex 27.9024 96.969 1
      vertex 27.8306 97.0597 1.5
      vertex 27.8306 97.0597 1
    endloop
  endfacet
  facet normal -0.784063 -0.620681 0
    outer loop
      vertex 27.8306 97.0597 1.5
      vertex 27.9024 96.969 1
      vertex 27.9024 96.969 1.5
    endloop
  endfacet
  facet normal -0.760501 -0.649337 0
    outer loop
      vertex 27.976 96.8828 1
      vertex 27.9024 96.969 1.5
      vertex 27.9024 96.969 1
    endloop
  endfacet
  facet normal -0.760501 -0.649337 0
    outer loop
      vertex 27.9024 96.969 1.5
      vertex 27.976 96.8828 1
      vertex 27.976 96.8828 1.5
    endloop
  endfacet
  facet normal -0.734872 -0.678205 0
    outer loop
      vertex 28.0514 96.8011 1
      vertex 27.976 96.8828 1.5
      vertex 27.976 96.8828 1
    endloop
  endfacet
  facet normal -0.734872 -0.678205 0
    outer loop
      vertex 27.976 96.8828 1.5
      vertex 28.0514 96.8011 1
      vertex 28.0514 96.8011 1.5
    endloop
  endfacet
  facet normal -0.707565 -0.706648 0
    outer loop
      vertex 28.1285 96.7239 1
      vertex 28.0514 96.8011 1.5
      vertex 28.0514 96.8011 1
    endloop
  endfacet
  facet normal -0.707565 -0.706648 0
    outer loop
      vertex 28.0514 96.8011 1.5
      vertex 28.1285 96.7239 1
      vertex 28.1285 96.7239 1.5
    endloop
  endfacet
  facet normal -0.676653 -0.736302 0
    outer loop
      vertex 28.1285 96.7239 1
      vertex 28.2075 96.6513 1.5
      vertex 28.1285 96.7239 1.5
    endloop
  endfacet
  facet normal -0.676653 -0.736302 -0
    outer loop
      vertex 28.2075 96.6513 1.5
      vertex 28.1285 96.7239 1
      vertex 28.2075 96.6513 1
    endloop
  endfacet
  facet normal -0.644923 -0.764248 0
    outer loop
      vertex 28.2075 96.6513 1
      vertex 28.2882 96.5832 1.5
      vertex 28.2075 96.6513 1.5
    endloop
  endfacet
  facet normal -0.644923 -0.764248 -0
    outer loop
      vertex 28.2882 96.5832 1.5
      vertex 28.2075 96.6513 1
      vertex 28.2882 96.5832 1
    endloop
  endfacet
  facet normal -0.610545 -0.791981 0
    outer loop
      vertex 28.2882 96.5832 1
      vertex 28.3707 96.5196 1.5
      vertex 28.2882 96.5832 1.5
    endloop
  endfacet
  facet normal -0.610545 -0.791981 -0
    outer loop
      vertex 28.3707 96.5196 1.5
      vertex 28.2882 96.5832 1
      vertex 28.3707 96.5196 1
    endloop
  endfacet
  facet normal -0.574049 -0.818821 0
    outer loop
      vertex 28.3707 96.5196 1
      vertex 28.455 96.4605 1.5
      vertex 28.3707 96.5196 1.5
    endloop
  endfacet
  facet normal -0.574049 -0.818821 -0
    outer loop
      vertex 28.455 96.4605 1.5
      vertex 28.3707 96.5196 1
      vertex 28.455 96.4605 1
    endloop
  endfacet
  facet normal -0.543047 -0.839702 0
    outer loop
      vertex 28.455 96.4605 1
      vertex 28.5402 96.4054 1.5
      vertex 28.455 96.4605 1.5
    endloop
  endfacet
  facet normal -0.543047 -0.839702 -0
    outer loop
      vertex 28.5402 96.4054 1.5
      vertex 28.455 96.4605 1
      vertex 28.5402 96.4054 1
    endloop
  endfacet
  facet normal -0.519344 -0.854565 0
    outer loop
      vertex 28.5402 96.4054 1
      vertex 28.6256 96.3535 1.5
      vertex 28.5402 96.4054 1.5
    endloop
  endfacet
  facet normal -0.519344 -0.854565 -0
    outer loop
      vertex 28.6256 96.3535 1.5
      vertex 28.5402 96.4054 1
      vertex 28.6256 96.3535 1
    endloop
  endfacet
  facet normal -0.493398 -0.869804 0
    outer loop
      vertex 28.6256 96.3535 1
      vertex 28.7111 96.305 1.5
      vertex 28.6256 96.3535 1.5
    endloop
  endfacet
  facet normal -0.493398 -0.869804 -0
    outer loop
      vertex 28.7111 96.305 1.5
      vertex 28.6256 96.3535 1
      vertex 28.7111 96.305 1
    endloop
  endfacet
  facet normal -0.467319 -0.884089 0
    outer loop
      vertex 28.7111 96.305 1
      vertex 28.7968 96.2597 1.5
      vertex 28.7111 96.305 1.5
    endloop
  endfacet
  facet normal -0.467319 -0.884089 -0
    outer loop
      vertex 28.7968 96.2597 1.5
      vertex 28.7111 96.305 1
      vertex 28.7968 96.2597 1
    endloop
  endfacet
  facet normal -0.438816 -0.898577 0
    outer loop
      vertex 28.7968 96.2597 1
      vertex 28.8826 96.2178 1.5
      vertex 28.7968 96.2597 1.5
    endloop
  endfacet
  facet normal -0.438816 -0.898577 -0
    outer loop
      vertex 28.8826 96.2178 1.5
      vertex 28.7968 96.2597 1
      vertex 28.8826 96.2178 1
    endloop
  endfacet
  facet normal -0.410762 -0.911743 0
    outer loop
      vertex 28.8826 96.2178 1
      vertex 28.9685 96.1791 1.5
      vertex 28.8826 96.2178 1.5
    endloop
  endfacet
  facet normal -0.410762 -0.911743 -0
    outer loop
      vertex 28.9685 96.1791 1.5
      vertex 28.8826 96.2178 1
      vertex 28.9685 96.1791 1
    endloop
  endfacet
  facet normal -0.380264 -0.924878 0
    outer loop
      vertex 28.9685 96.1791 1
      vertex 29.0546 96.1437 1.5
      vertex 28.9685 96.1791 1.5
    endloop
  endfacet
  facet normal -0.380264 -0.924878 -0
    outer loop
      vertex 29.0546 96.1437 1.5
      vertex 28.9685 96.1791 1
      vertex 29.0546 96.1437 1
    endloop
  endfacet
  facet normal -0.348978 -0.937131 0
    outer loop
      vertex 29.0546 96.1437 1
      vertex 29.1408 96.1116 1.5
      vertex 29.0546 96.1437 1.5
    endloop
  endfacet
  facet normal -0.348978 -0.937131 -0
    outer loop
      vertex 29.1408 96.1116 1.5
      vertex 29.0546 96.1437 1
      vertex 29.1408 96.1116 1
    endloop
  endfacet
  facet normal -0.316557 -0.948573 0
    outer loop
      vertex 29.1408 96.1116 1
      vertex 29.2271 96.0828 1.5
      vertex 29.1408 96.1116 1.5
    endloop
  endfacet
  facet normal -0.316557 -0.948573 -0
    outer loop
      vertex 29.2271 96.0828 1.5
      vertex 29.1408 96.1116 1
      vertex 29.2271 96.0828 1
    endloop
  endfacet
  facet normal -0.289698 -0.957118 0
    outer loop
      vertex 29.2271 96.0828 1
      vertex 29.313 96.0568 1.5
      vertex 29.2271 96.0828 1.5
    endloop
  endfacet
  facet normal -0.289698 -0.957118 -0
    outer loop
      vertex 29.313 96.0568 1.5
      vertex 29.2271 96.0828 1
      vertex 29.313 96.0568 1
    endloop
  endfacet
  facet normal -0.269167 -0.963094 0
    outer loop
      vertex 29.313 96.0568 1
      vertex 29.3978 96.0331 1.5
      vertex 29.313 96.0568 1.5
    endloop
  endfacet
  facet normal -0.269167 -0.963094 -0
    outer loop
      vertex 29.3978 96.0331 1.5
      vertex 29.313 96.0568 1
      vertex 29.3978 96.0331 1
    endloop
  endfacet
  facet normal -0.246897 -0.969042 0
    outer loop
      vertex 29.3978 96.0331 1
      vertex 29.4814 96.0118 1.5
      vertex 29.3978 96.0331 1.5
    endloop
  endfacet
  facet normal -0.246897 -0.969042 -0
    outer loop
      vertex 29.4814 96.0118 1.5
      vertex 29.3978 96.0331 1
      vertex 29.4814 96.0118 1
    endloop
  endfacet
  facet normal -0.22417 -0.97455 0
    outer loop
      vertex 29.4814 96.0118 1
      vertex 29.564 95.9928 1.5
      vertex 29.4814 96.0118 1.5
    endloop
  endfacet
  facet normal -0.22417 -0.97455 -0
    outer loop
      vertex 29.564 95.9928 1.5
      vertex 29.4814 96.0118 1
      vertex 29.564 95.9928 1
    endloop
  endfacet
  facet normal -0.200737 -0.979645 0
    outer loop
      vertex 29.564 95.9928 1
      vertex 29.6455 95.9761 1.5
      vertex 29.564 95.9928 1.5
    endloop
  endfacet
  facet normal -0.200737 -0.979645 -0
    outer loop
      vertex 29.6455 95.9761 1.5
      vertex 29.564 95.9928 1
      vertex 29.6455 95.9761 1
    endloop
  endfacet
  facet normal -0.175112 -0.984548 0
    outer loop
      vertex 29.6455 95.9761 1
      vertex 29.7259 95.9618 1.5
      vertex 29.6455 95.9761 1.5
    endloop
  endfacet
  facet normal -0.175112 -0.984548 -0
    outer loop
      vertex 29.7259 95.9618 1.5
      vertex 29.6455 95.9761 1
      vertex 29.7259 95.9618 1
    endloop
  endfacet
  facet normal -0.149805 -0.988716 0
    outer loop
      vertex 29.7259 95.9618 1
      vertex 29.8051 95.9498 1.5
      vertex 29.7259 95.9618 1.5
    endloop
  endfacet
  facet normal -0.149805 -0.988716 -0
    outer loop
      vertex 29.8051 95.9498 1.5
      vertex 29.7259 95.9618 1
      vertex 29.8051 95.9498 1
    endloop
  endfacet
  facet normal -0.123098 -0.992395 0
    outer loop
      vertex 29.8051 95.9498 1
      vertex 29.8833 95.9401 1.5
      vertex 29.8051 95.9498 1.5
    endloop
  endfacet
  facet normal -0.123098 -0.992395 -0
    outer loop
      vertex 29.8833 95.9401 1.5
      vertex 29.8051 95.9498 1
      vertex 29.8833 95.9401 1
    endloop
  endfacet
  facet normal -0.0942607 -0.995548 0
    outer loop
      vertex 29.8833 95.9401 1
      vertex 29.9604 95.9328 1.5
      vertex 29.8833 95.9401 1.5
    endloop
  endfacet
  facet normal -0.0942607 -0.995548 -0
    outer loop
      vertex 29.9604 95.9328 1.5
      vertex 29.8833 95.9401 1
      vertex 29.9604 95.9328 1
    endloop
  endfacet
  facet normal -0.0782171 -0.996936 0
    outer loop
      vertex 29.9604 95.9328 1
      vertex 30.0356 95.9269 1.5
      vertex 29.9604 95.9328 1.5
    endloop
  endfacet
  facet normal -0.0782171 -0.996936 -0
    outer loop
      vertex 30.0356 95.9269 1.5
      vertex 29.9604 95.9328 1
      vertex 30.0356 95.9269 1
    endloop
  endfacet
  facet normal -0.0702679 -0.997528 0
    outer loop
      vertex 30.0356 95.9269 1
      vertex 30.108 95.9218 1.5
      vertex 30.0356 95.9269 1.5
    endloop
  endfacet
  facet normal -0.0702679 -0.997528 -0
    outer loop
      vertex 30.108 95.9218 1.5
      vertex 30.0356 95.9269 1
      vertex 30.108 95.9218 1
    endloop
  endfacet
  facet normal -0.0644283 -0.997922 0
    outer loop
      vertex 30.108 95.9218 1
      vertex 30.1777 95.9173 1.5
      vertex 30.108 95.9218 1.5
    endloop
  endfacet
  facet normal -0.0644283 -0.997922 -0
    outer loop
      vertex 30.1777 95.9173 1.5
      vertex 30.108 95.9218 1
      vertex 30.1777 95.9173 1
    endloop
  endfacet
  facet normal -0.055222 -0.998474 0
    outer loop
      vertex 30.1777 95.9173 1
      vertex 30.2446 95.9136 1.5
      vertex 30.1777 95.9173 1.5
    endloop
  endfacet
  facet normal -0.055222 -0.998474 -0
    outer loop
      vertex 30.2446 95.9136 1.5
      vertex 30.1777 95.9173 1
      vertex 30.2446 95.9136 1
    endloop
  endfacet
  facet normal -0.0482304 -0.998836 0
    outer loop
      vertex 30.2446 95.9136 1
      vertex 30.3088 95.9105 1.5
      vertex 30.2446 95.9136 1.5
    endloop
  endfacet
  facet normal -0.0482304 -0.998836 -0
    outer loop
      vertex 30.3088 95.9105 1.5
      vertex 30.2446 95.9136 1
      vertex 30.3088 95.9105 1
    endloop
  endfacet
  facet normal -0.0389947 -0.999239 0
    outer loop
      vertex 30.3088 95.9105 1
      vertex 30.3703 95.9081 1.5
      vertex 30.3088 95.9105 1.5
    endloop
  endfacet
  facet normal -0.0389947 -0.999239 -0
    outer loop
      vertex 30.3703 95.9081 1.5
      vertex 30.3088 95.9105 1
      vertex 30.3703 95.9081 1
    endloop
  endfacet
  facet normal -0.0289487 -0.999581 0
    outer loop
      vertex 30.3703 95.9081 1
      vertex 30.429 95.9064 1.5
      vertex 30.3703 95.9081 1.5
    endloop
  endfacet
  facet normal -0.0289487 -0.999581 -0
    outer loop
      vertex 30.429 95.9064 1.5
      vertex 30.3703 95.9081 1
      vertex 30.429 95.9064 1
    endloop
  endfacet
  facet normal -0.0196391 -0.999807 0
    outer loop
      vertex 30.429 95.9064 1
      vertex 30.485 95.9053 1.5
      vertex 30.429 95.9064 1.5
    endloop
  endfacet
  facet normal -0.0196391 -0.999807 -0
    outer loop
      vertex 30.485 95.9053 1.5
      vertex 30.429 95.9064 1
      vertex 30.485 95.9053 1
    endloop
  endfacet
  facet normal -0.00563901 -0.999984 0
    outer loop
      vertex 30.485 95.9053 1
      vertex 30.5382 95.905 1.5
      vertex 30.485 95.9053 1.5
    endloop
  endfacet
  facet normal -0.00563901 -0.999984 -0
    outer loop
      vertex 30.5382 95.905 1.5
      vertex 30.485 95.9053 1
      vertex 30.5382 95.905 1
    endloop
  endfacet
  facet normal 0 -1 0
    outer loop
      vertex 30.5382 95.905 1
      vertex 30.7382 95.905 1.5
      vertex 30.5382 95.905 1.5
    endloop
  endfacet
  facet normal 0 -1 -0
    outer loop
      vertex 30.7382 95.905 1.5
      vertex 30.5382 95.905 1
      vertex 30.7382 95.905 1
    endloop
  endfacet
  facet normal -0.00390622 -0.999992 0
    outer loop
      vertex 30.7382 95.905 1
      vertex 30.7638 95.9049 1.5
      vertex 30.7382 95.905 1.5
    endloop
  endfacet
  facet normal -0.00390622 -0.999992 -0
    outer loop
      vertex 30.7638 95.9049 1.5
      vertex 30.7382 95.905 1
      vertex 30.7638 95.9049 1
    endloop
  endfacet
  facet normal -0.0176184 -0.999845 0
    outer loop
      vertex 30.7638 95.9049 1
      vertex 30.7865 95.9045 1.5
      vertex 30.7638 95.9049 1.5
    endloop
  endfacet
  facet normal -0.0176184 -0.999845 -0
    outer loop
      vertex 30.7865 95.9045 1.5
      vertex 30.7638 95.9049 1
      vertex 30.7865 95.9045 1
    endloop
  endfacet
  facet normal -0.0305979 -0.999532 0
    outer loop
      vertex 30.7865 95.9045 1
      vertex 30.8061 95.9039 1.5
      vertex 30.7865 95.9045 1.5
    endloop
  endfacet
  facet normal -0.0305979 -0.999532 -0
    outer loop
      vertex 30.8061 95.9039 1.5
      vertex 30.7865 95.9045 1
      vertex 30.8061 95.9039 1
    endloop
  endfacet
  facet normal -0.0541374 -0.998533 0
    outer loop
      vertex 30.8061 95.9039 1
      vertex 30.8227 95.903 1.5
      vertex 30.8061 95.9039 1.5
    endloop
  endfacet
  facet normal -0.0541374 -0.998533 -0
    outer loop
      vertex 30.8227 95.903 1.5
      vertex 30.8061 95.9039 1
      vertex 30.8227 95.903 1
    endloop
  endfacet
  facet normal -0.0878938 -0.99613 0
    outer loop
      vertex 30.8227 95.903 1
      vertex 30.8363 95.9018 1.5
      vertex 30.8227 95.903 1.5
    endloop
  endfacet
  facet normal -0.0878938 -0.99613 -0
    outer loop
      vertex 30.8363 95.9018 1.5
      vertex 30.8227 95.903 1
      vertex 30.8363 95.9018 1
    endloop
  endfacet
  facet normal -0.122871 -0.992423 0
    outer loop
      vertex 30.8363 95.9018 1
      vertex 30.8468 95.9005 1.5
      vertex 30.8363 95.9018 1.5
    endloop
  endfacet
  facet normal -0.122871 -0.992423 -0
    outer loop
      vertex 30.8468 95.9005 1.5
      vertex 30.8363 95.9018 1
      vertex 30.8468 95.9005 1
    endloop
  endfacet
  facet normal -0.21829 -0.975884 0
    outer loop
      vertex 30.8468 95.9005 1
      vertex 30.8544 95.8988 1.5
      vertex 30.8468 95.9005 1.5
    endloop
  endfacet
  facet normal -0.21829 -0.975884 -0
    outer loop
      vertex 30.8544 95.8988 1.5
      vertex 30.8468 95.9005 1
      vertex 30.8544 95.8988 1
    endloop
  endfacet
  facet normal -0.388972 -0.92125 0
    outer loop
      vertex 30.8544 95.8988 1
      vertex 30.8589 95.8969 1.5
      vertex 30.8544 95.8988 1.5
    endloop
  endfacet
  facet normal -0.388972 -0.92125 -0
    outer loop
      vertex 30.8589 95.8969 1.5
      vertex 30.8544 95.8988 1
      vertex 30.8589 95.8969 1
    endloop
  endfacet
  facet normal -0.813733 -0.581238 0
    outer loop
      vertex 30.8604 95.8948 1
      vertex 30.8589 95.8969 1.5
      vertex 30.8589 95.8969 1
    endloop
  endfacet
  facet normal -0.813733 -0.581238 0
    outer loop
      vertex 30.8589 95.8969 1.5
      vertex 30.8604 95.8948 1
      vertex 30.8604 95.8948 1.5
    endloop
  endfacet
  facet normal 1 -0 0
    outer loop
      vertex 30.8604 95.8948 1.5
      vertex 30.8604 99.8935 1
      vertex 30.8604 99.8935 1.5
    endloop
  endfacet
  facet normal 1 0 0
    outer loop
      vertex 30.8604 99.8935 1
      vertex 30.8604 95.8948 1.5
      vertex 30.8604 95.8948 1
    endloop
  endfacet
  facet normal -0 0 1
    outer loop
      vertex 0 95.5 1.5
      vertex 75 94.5 1.5
      vertex 75 95.5 1.5
    endloop
  endfacet
  facet normal 0 0 1
    outer loop
      vertex 75 94.5 1.5
      vertex 0 95.5 1.5
      vertex 0 94.5 1.5
    endloop
  endfacet
  facet normal 0 1 -0
    outer loop
      vertex 75 95.5 1
      vertex 0 95.5 1.5
      vertex 75 95.5 1.5
    endloop
  endfacet
  facet normal 0 1 0
    outer loop
      vertex 0 95.5 1.5
      vertex 75 95.5 1
      vertex 0 95.5 1
    endloop
  endfacet
  facet normal 0 -1 0
    outer loop
      vertex 0 94.5 1
      vertex 75 94.5 1.5
      vertex 0 94.5 1.5
    endloop
  endfacet
  facet normal 0 -1 -0
    outer loop
      vertex 75 94.5 1.5
      vertex 0 94.5 1
      vertex 75 94.5 1
    endloop
  endfacet
endsolid OpenSCAD_Model
