solid OpenSCAD_Model
  facet normal -0.98918 -0.146707 0
    outer loop
      vertex 0.0384216 1.60982 0
      vertex 0.0096283 1.80396 1
      vertex 0.0096283 1.80396 0
    endloop
  endfacet
  facet normal -0.98918 -0.146707 0
    outer loop
      vertex 0.0096283 1.80396 1
      vertex 0.0384216 1.60982 0
      vertex 0.0384216 1.60982 1
    endloop
  endfacet
  facet normal 1 0 0
    outer loop
      vertex 75 95.5 1.5
      vertex 75 94.5 1.5
      vertex 75 95.5 1
    endloop
  endfacet
  facet normal 1 -0 0
    outer loop
      vertex 75 95.5 1
      vertex 75 103 0
      vertex 75 103 1
    endloop
  endfacet
  facet normal 1 0 0
    outer loop
      vertex 75 94.5 1
      vertex 75 95.5 1
      vertex 75 94.5 1.5
    endloop
  endfacet
  facet normal 1 -0 0
    outer loop
      vertex 75 94.5 1
      vertex 75 103 0
      vertex 75 95.5 1
    endloop
  endfacet
  facet normal 1 0 0
    outer loop
      vertex 75 2 0
      vertex 75 94.5 1
      vertex 75 2 1
    endloop
  endfacet
  facet normal 1 0 0
    outer loop
      vertex 75 94.5 1
      vertex 75 2 0
      vertex 75 103 0
    endloop
  endfacet
  facet normal 0.857747 -0.514072 0
    outer loop
      vertex 74.6629 0.888855 1
      vertex 74.7638 1.05721 0
      vertex 74.7638 1.05721 1
    endloop
  endfacet
  facet normal 0.857747 -0.514072 0
    outer loop
      vertex 74.7638 1.05721 0
      vertex 74.6629 0.888855 1
      vertex 74.6629 0.888855 0
    endloop
  endfacet
  facet normal 0.970023 -0.243015 0
    outer loop
      vertex 74.9139 1.41942 1
      vertex 74.9616 1.60982 0
      vertex 74.9616 1.60982 1
    endloop
  endfacet
  facet normal 0.970023 -0.243015 0
    outer loop
      vertex 74.9616 1.60982 0
      vertex 74.9139 1.41942 1
      vertex 74.9139 1.41942 0
    endloop
  endfacet
  facet normal -0.970042 -0.242937 0
    outer loop
      vertex 0.0861053 1.41942 0
      vertex 0.0384216 1.60982 1
      vertex 0.0384216 1.60982 0
    endloop
  endfacet
  facet normal -0.970042 -0.242937 0
    outer loop
      vertex 0.0384216 1.60982 1
      vertex 0.0861053 1.41942 0
      vertex 0.0861053 1.41942 1
    endloop
  endfacet
  facet normal -0.998796 -0.0490548 0
    outer loop
      vertex 0.0096283 1.80396 0
      vertex 0 2 1
      vertex 0 2 0
    endloop
  endfacet
  facet normal -0.998796 -0.0490548 0
    outer loop
      vertex 0 2 1
      vertex 0.0096283 1.80396 0
      vertex 0.0096283 1.80396 1
    endloop
  endfacet
  facet normal 0.739986 0.672622 0
    outer loop
      vertex 74.546 104.269 1
      vertex 74.4142 104.414 0
      vertex 74.4142 104.414 1
    endloop
  endfacet
  facet normal 0.739986 0.672622 0
    outer loop
      vertex 74.4142 104.414 0
      vertex 74.546 104.269 1
      vertex 74.546 104.269 0
    endloop
  endfacet
  facet normal 0.998803 -0.048911 0
    outer loop
      vertex 74.9904 1.80396 1
      vertex 75 2 0
      vertex 75 2 1
    endloop
  endfacet
  facet normal 0.998803 -0.048911 0
    outer loop
      vertex 75 2 0
      vertex 74.9904 1.80396 1
      vertex 74.9904 1.80396 0
    endloop
  endfacet
  facet normal 0.857268 0.514871 0
    outer loop
      vertex 74.7638 103.943 1
      vertex 74.6629 104.111 0
      vertex 74.6629 104.111 1
    endloop
  endfacet
  facet normal 0.857268 0.514871 0
    outer loop
      vertex 74.6629 104.111 0
      vertex 74.7638 103.943 1
      vertex 74.7638 103.943 0
    endloop
  endfacet
  facet normal -0.739933 0.672681 0
    outer loop
      vertex 0.453964 104.269 0
      vertex 0.585785 104.414 1
      vertex 0.585785 104.414 0
    endloop
  endfacet
  facet normal -0.739933 0.672681 0
    outer loop
      vertex 0.585785 104.414 1
      vertex 0.453964 104.269 0
      vertex 0.453964 104.269 1
    endloop
  endfacet
  facet normal -0.857733 -0.514095 0
    outer loop
      vertex 0.337051 0.888855 0
      vertex 0.236145 1.05721 1
      vertex 0.236145 1.05721 0
    endloop
  endfacet
  facet normal -0.857733 -0.514095 0
    outer loop
      vertex 0.236145 1.05721 1
      vertex 0.337051 0.888855 0
      vertex 0.337051 0.888855 1
    endloop
  endfacet
  facet normal 0 1 -0
    outer loop
      vertex 73 105 0
      vertex 2 105 1
      vertex 73 105 1
    endloop
  endfacet
  facet normal 0 1 0
    outer loop
      vertex 2 105 1
      vertex 73 105 0
      vertex 2 105 0
    endloop
  endfacet
  facet normal 0.514571 0.857448 -0
    outer loop
      vertex 74.1111 104.663 0
      vertex 73.9428 104.764 1
      vertex 74.1111 104.663 1
    endloop
  endfacet
  facet normal 0.514571 0.857448 0
    outer loop
      vertex 73.9428 104.764 1
      vertex 74.1111 104.663 0
      vertex 73.9428 104.764 0
    endloop
  endfacet
  facet normal -0.998796 0.0490648 0
    outer loop
      vertex 0 103 0
      vertex 0.0096283 103.196 1
      vertex 0.0096283 103.196 0
    endloop
  endfacet
  facet normal -0.998796 0.0490648 0
    outer loop
      vertex 0.0096283 103.196 1
      vertex 0 103 0
      vertex 0 103 1
    endloop
  endfacet
  facet normal 0.998803 0.0489209 0
    outer loop
      vertex 75 103 1
      vertex 74.9904 103.196 0
      vertex 74.9904 103.196 1
    endloop
  endfacet
  facet normal 0.998803 0.0489209 0
    outer loop
      vertex 74.9904 103.196 0
      vertex 75 103 1
      vertex 75 103 0
    endloop
  endfacet
  facet normal -1 0 0
    outer loop
      vertex 0 103 0
      vertex 0 95.5 1
      vertex 0 103 1
    endloop
  endfacet
  facet normal -1 0 0
    outer loop
      vertex 0 95.5 1
      vertex 0 94.5 1
      vertex 0 95.5 1.5
    endloop
  endfacet
  facet normal -1 0 0
    outer loop
      vertex 0 103 0
      vertex 0 94.5 1
      vertex 0 95.5 1
    endloop
  endfacet
  facet normal -1 0 0
    outer loop
      vertex 0 2 0
      vertex 0 94.5 1
      vertex 0 103 0
    endloop
  endfacet
  facet normal -1 -0 0
    outer loop
      vertex 0 94.5 1
      vertex 0 2 0
      vertex 0 2 1
    endloop
  endfacet
  facet normal -1 -0 0
    outer loop
      vertex 0 95.5 1.5
      vertex 0 94.5 1
      vertex 0 94.5 1.5
    endloop
  endfacet
  facet normal -0.672125 0.740438 0
    outer loop
      vertex 0.731201 104.546 0
      vertex 0.585785 104.414 1
      vertex 0.731201 104.546 1
    endloop
  endfacet
  facet normal -0.672125 0.740438 0
    outer loop
      vertex 0.585785 104.414 1
      vertex 0.731201 104.546 0
      vertex 0.585785 104.414 0
    endloop
  endfacet
  facet normal -0.671625 -0.740891 0
    outer loop
      vertex 0.585785 0.585785 0
      vertex 0.731201 0.453964 1
      vertex 0.585785 0.585785 1
    endloop
  endfacet
  facet normal -0.671625 -0.740891 -0
    outer loop
      vertex 0.731201 0.453964 1
      vertex 0.585785 0.585785 0
      vertex 0.731201 0.453964 0
    endloop
  endfacet
  facet normal 0.98916 0.146844 0
    outer loop
      vertex 74.9904 103.196 1
      vertex 74.9616 103.39 0
      vertex 74.9616 103.39 1
    endloop
  endfacet
  facet normal 0.98916 0.146844 0
    outer loop
      vertex 74.9616 103.39 0
      vertex 74.9904 103.196 1
      vertex 74.9904 103.196 0
    endloop
  endfacet
  facet normal 0 -1 0
    outer loop
      vertex 2 0 0
      vertex 73 0 1
      vertex 2 0 1
    endloop
  endfacet
  facet normal 0 -1 -0
    outer loop
      vertex 73 0 1
      vertex 2 0 0
      vertex 73 0 0
    endloop
  endfacet
  facet normal -0.740891 -0.671625 0
    outer loop
      vertex 0.585785 0.585785 0
      vertex 0.453964 0.731201 1
      vertex 0.453964 0.731201 0
    endloop
  endfacet
  facet normal -0.740891 -0.671625 0
    outer loop
      vertex 0.453964 0.731201 1
      vertex 0.585785 0.585785 0
      vertex 0.585785 0.585785 1
    endloop
  endfacet
  facet normal 0.0490648 -0.998796 0
    outer loop
      vertex 73 0 0
      vertex 73.196 0.0096283 1
      vertex 73 0 1
    endloop
  endfacet
  facet normal 0.0490648 -0.998796 0
    outer loop
      vertex 73.196 0.0096283 1
      vertex 73 0 0
      vertex 73.196 0.0096283 0
    endloop
  endfacet
  facet normal -0.427935 0.903809 0
    outer loop
      vertex 1.23462 104.848 0
      vertex 1.05721 104.764 1
      vertex 1.23462 104.848 1
    endloop
  endfacet
  facet normal -0.427935 0.903809 0
    outer loop
      vertex 1.05721 104.764 1
      vertex 1.23462 104.848 0
      vertex 1.05721 104.764 0
    endloop
  endfacet
  facet normal -0.970222 0.242219 0
    outer loop
      vertex 0.0384216 103.39 0
      vertex 0.0861053 103.581 1
      vertex 0.0861053 103.581 0
    endloop
  endfacet
  facet normal -0.970222 0.242219 0
    outer loop
      vertex 0.0861053 103.581 1
      vertex 0.0384216 103.39 0
      vertex 0.0384216 103.39 1
    endloop
  endfacet
  facet normal 0.941419 -0.33724 0
    outer loop
      vertex 74.8477 1.23462 1
      vertex 74.9139 1.41942 0
      vertex 74.9139 1.41942 1
    endloop
  endfacet
  facet normal 0.941419 -0.33724 0
    outer loop
      vertex 74.9139 1.41942 0
      vertex 74.8477 1.23462 1
      vertex 74.8477 1.23462 0
    endloop
  endfacet
  facet normal 0.970202 0.242297 0
    outer loop
      vertex 74.9616 103.39 1
      vertex 74.9139 103.581 0
      vertex 74.9139 103.581 1
    endloop
  endfacet
  facet normal 0.970202 0.242297 0
    outer loop
      vertex 74.9139 103.581 0
      vertex 74.9616 103.39 1
      vertex 74.9616 103.39 0
    endloop
  endfacet
  facet normal -0.989165 0.146811 0
    outer loop
      vertex 0.0096283 103.196 0
      vertex 0.0384216 103.39 1
      vertex 0.0384216 103.39 0
    endloop
  endfacet
  facet normal -0.989165 0.146811 0
    outer loop
      vertex 0.0384216 103.39 1
      vertex 0.0096283 103.196 0
      vertex 0.0096283 103.196 1
    endloop
  endfacet
  facet normal -0.0490548 -0.998796 0
    outer loop
      vertex 1.80396 0.0096283 0
      vertex 2 0 1
      vertex 1.80396 0.0096283 1
    endloop
  endfacet
  facet normal -0.0490548 -0.998796 -0
    outer loop
      vertex 2 0 1
      vertex 1.80396 0.0096283 0
      vertex 2 0 0
    endloop
  endfacet
  facet normal -0.142749 0.989759 0
    outer loop
      vertex 1.80396 104.99 0
      vertex 1.60982 104.962 1
      vertex 1.80396 104.99 1
    endloop
  endfacet
  facet normal -0.142749 0.989759 0
    outer loop
      vertex 1.60982 104.962 1
      vertex 1.80396 104.99 0
      vertex 1.60982 104.962 0
    endloop
  endfacet
  facet normal -0.244452 0.969661 0
    outer loop
      vertex 1.60982 104.962 0
      vertex 1.41942 104.914 1
      vertex 1.60982 104.962 1
    endloop
  endfacet
  facet normal -0.244452 0.969661 0
    outer loop
      vertex 1.41942 104.914 1
      vertex 1.60982 104.962 0
      vertex 1.41942 104.914 0
    endloop
  endfacet
  facet normal -0.857254 0.514893 0
    outer loop
      vertex 0.236145 103.943 0
      vertex 0.337051 104.111 1
      vertex 0.337051 104.111 0
    endloop
  endfacet
  facet normal -0.857254 0.514893 0
    outer loop
      vertex 0.337051 104.111 1
      vertex 0.236145 103.943 0
      vertex 0.236145 103.943 1
    endloop
  endfacet
  facet normal 0.803891 0.594777 0
    outer loop
      vertex 74.6629 104.111 1
      vertex 74.546 104.269 0
      vertex 74.546 104.269 1
    endloop
  endfacet
  facet normal 0.803891 0.594777 0
    outer loop
      vertex 74.546 104.269 0
      vertex 74.6629 104.111 1
      vertex 74.6629 104.111 0
    endloop
  endfacet
  facet normal -0.146707 -0.98918 0
    outer loop
      vertex 1.60982 0.0384216 0
      vertex 1.80396 0.0096283 1
      vertex 1.60982 0.0384216 1
    endloop
  endfacet
  facet normal -0.146707 -0.98918 -0
    outer loop
      vertex 1.80396 0.0096283 1
      vertex 1.60982 0.0384216 0
      vertex 1.80396 0.0096283 0
    endloop
  endfacet
  facet normal -0.803859 0.59482 0
    outer loop
      vertex 0.337051 104.111 0
      vertex 0.453964 104.269 1
      vertex 0.453964 104.269 0
    endloop
  endfacet
  facet normal -0.803859 0.59482 0
    outer loop
      vertex 0.453964 104.269 1
      vertex 0.337051 104.111 0
      vertex 0.337051 104.111 1
    endloop
  endfacet
  facet normal 0.242937 -0.970042 0
    outer loop
      vertex 73.3902 0.0384216 0
      vertex 73.5806 0.0861053 1
      vertex 73.3902 0.0384216 1
    endloop
  endfacet
  facet normal 0.242937 -0.970042 0
    outer loop
      vertex 73.5806 0.0861053 1
      vertex 73.3902 0.0384216 0
      vertex 73.5806 0.0861053 0
    endloop
  endfacet
  facet normal -0.242937 -0.970042 0
    outer loop
      vertex 1.41942 0.0861053 0
      vertex 1.60982 0.0384216 1
      vertex 1.41942 0.0861053 1
    endloop
  endfacet
  facet normal -0.242937 -0.970042 -0
    outer loop
      vertex 1.60982 0.0384216 1
      vertex 1.41942 0.0861053 0
      vertex 1.60982 0.0384216 0
    endloop
  endfacet
  facet normal -0.803235 -0.595663 0
    outer loop
      vertex 0.453964 0.731201 0
      vertex 0.337051 0.888855 1
      vertex 0.337051 0.888855 0
    endloop
  endfacet
  facet normal -0.803235 -0.595663 0
    outer loop
      vertex 0.337051 0.888855 1
      vertex 0.453964 0.731201 0
      vertex 0.453964 0.731201 1
    endloop
  endfacet
  facet normal -0.941529 -0.336931 0
    outer loop
      vertex 0.152237 1.23462 0
      vertex 0.0861053 1.41942 1
      vertex 0.0861053 1.41942 0
    endloop
  endfacet
  facet normal -0.941529 -0.336931 0
    outer loop
      vertex 0.0861053 1.41942 1
      vertex 0.152237 1.23462 0
      vertex 0.152237 1.23462 1
    endloop
  endfacet
  facet normal 0.740944 -0.671566 0
    outer loop
      vertex 74.4142 0.585785 1
      vertex 74.546 0.731201 0
      vertex 74.546 0.731201 1
    endloop
  endfacet
  facet normal 0.740944 -0.671566 0
    outer loop
      vertex 74.546 0.731201 0
      vertex 74.4142 0.585785 1
      vertex 74.4142 0.585785 0
    endloop
  endfacet
  facet normal -0.903991 -0.427552 0
    outer loop
      vertex 0.236145 1.05721 0
      vertex 0.152237 1.23462 1
      vertex 0.152237 1.23462 0
    endloop
  endfacet
  facet normal -0.903991 -0.427552 0
    outer loop
      vertex 0.152237 1.23462 1
      vertex 0.236145 1.05721 0
      vertex 0.236145 1.05721 1
    endloop
  endfacet
  facet normal 0.671666 -0.740854 0
    outer loop
      vertex 74.2688 0.453964 0
      vertex 74.4142 0.585785 1
      vertex 74.2688 0.453964 1
    endloop
  endfacet
  facet normal 0.671666 -0.740854 0
    outer loop
      vertex 74.4142 0.585785 1
      vertex 74.2688 0.453964 0
      vertex 74.4142 0.585785 0
    endloop
  endfacet
  facet normal -0.514095 -0.857733 0
    outer loop
      vertex 0.888855 0.337051 0
      vertex 1.05721 0.236145 1
      vertex 0.888855 0.337051 1
    endloop
  endfacet
  facet normal -0.514095 -0.857733 -0
    outer loop
      vertex 1.05721 0.236145 1
      vertex 0.888855 0.337051 0
      vertex 1.05721 0.236145 0
    endloop
  endfacet
  facet normal 0.427572 -0.903981 0
    outer loop
      vertex 73.7654 0.152237 0
      vertex 73.9428 0.236145 1
      vertex 73.7654 0.152237 1
    endloop
  endfacet
  facet normal 0.427572 -0.903981 0
    outer loop
      vertex 73.9428 0.236145 1
      vertex 73.7654 0.152237 0
      vertex 73.9428 0.236145 0
    endloop
  endfacet
  facet normal -0.514447 0.857522 0
    outer loop
      vertex 1.05721 104.764 0
      vertex 0.888855 104.663 1
      vertex 1.05721 104.764 1
    endloop
  endfacet
  facet normal -0.514447 0.857522 0
    outer loop
      vertex 0.888855 104.663 1
      vertex 1.05721 104.764 0
      vertex 0.888855 104.663 0
    endloop
  endfacet
  facet normal 0.0509541 0.998701 -0
    outer loop
      vertex 73.196 104.99 0
      vertex 73 105 1
      vertex 73.196 104.99 1
    endloop
  endfacet
  facet normal 0.0509541 0.998701 0
    outer loop
      vertex 73 105 1
      vertex 73.196 104.99 0
      vertex 73 105 0
    endloop
  endfacet
  facet normal 0.989175 -0.146741 0
    outer loop
      vertex 74.9616 1.60982 1
      vertex 74.9904 1.80396 0
      vertex 74.9904 1.80396 1
    endloop
  endfacet
  facet normal 0.989175 -0.146741 0
    outer loop
      vertex 74.9904 1.80396 0
      vertex 74.9616 1.60982 1
      vertex 74.9616 1.60982 0
    endloop
  endfacet
  facet normal 0.427955 0.9038 -0
    outer loop
      vertex 73.9428 104.764 0
      vertex 73.7654 104.848 1
      vertex 73.9428 104.764 1
    endloop
  endfacet
  facet normal 0.427955 0.9038 0
    outer loop
      vertex 73.7654 104.848 1
      vertex 73.9428 104.764 0
      vertex 73.7654 104.848 0
    endloop
  endfacet
  facet normal 0.904006 -0.427519 0
    outer loop
      vertex 74.7638 1.05721 1
      vertex 74.8477 1.23462 0
      vertex 74.8477 1.23462 1
    endloop
  endfacet
  facet normal 0.904006 -0.427519 0
    outer loop
      vertex 74.8477 1.23462 0
      vertex 74.7638 1.05721 1
      vertex 74.7638 1.05721 0
    endloop
  endfacet
  facet normal 0.940953 0.338538 0
    outer loop
      vertex 74.9139 103.581 1
      vertex 74.8477 103.765 0
      vertex 74.8477 103.765 1
    endloop
  endfacet
  facet normal 0.940953 0.338538 0
    outer loop
      vertex 74.8477 103.765 0
      vertex 74.9139 103.581 1
      vertex 74.9139 103.581 0
    endloop
  endfacet
  facet normal -0.0509438 0.998702 0
    outer loop
      vertex 2 105 0
      vertex 1.80396 104.99 1
      vertex 2 105 1
    endloop
  endfacet
  facet normal -0.0509438 0.998702 0
    outer loop
      vertex 1.80396 104.99 1
      vertex 2 105 0
      vertex 1.80396 104.99 0
    endloop
  endfacet
  facet normal -0.595663 -0.803235 0
    outer loop
      vertex 0.731201 0.453964 0
      vertex 0.888855 0.337051 1
      vertex 0.731201 0.453964 1
    endloop
  endfacet
  facet normal -0.595663 -0.803235 -0
    outer loop
      vertex 0.888855 0.337051 1
      vertex 0.731201 0.453964 0
      vertex 0.888855 0.337051 0
    endloop
  endfacet
  facet normal -0.941064 0.338229 0
    outer loop
      vertex 0.0861053 103.581 0
      vertex 0.152237 103.765 1
      vertex 0.152237 103.765 0
    endloop
  endfacet
  facet normal -0.941064 0.338229 0
    outer loop
      vertex 0.152237 103.765 1
      vertex 0.0861053 103.581 0
      vertex 0.0861053 103.581 1
    endloop
  endfacet
  facet normal 0.514218 -0.857659 0
    outer loop
      vertex 73.9428 0.236145 0
      vertex 74.1111 0.337051 1
      vertex 73.9428 0.236145 1
    endloop
  endfacet
  facet normal 0.514218 -0.857659 0
    outer loop
      vertex 74.1111 0.337051 1
      vertex 73.9428 0.236145 0
      vertex 74.1111 0.337051 0
    endloop
  endfacet
  facet normal 0.146663 -0.989187 0
    outer loop
      vertex 73.196 0.0096283 0
      vertex 73.3902 0.0384216 1
      vertex 73.196 0.0096283 1
    endloop
  endfacet
  facet normal 0.146663 -0.989187 0
    outer loop
      vertex 73.3902 0.0384216 1
      vertex 73.196 0.0096283 0
      vertex 73.3902 0.0384216 0
    endloop
  endfacet
  facet normal 0.336931 -0.941529 0
    outer loop
      vertex 73.5806 0.0861053 0
      vertex 73.7654 0.152237 1
      vertex 73.5806 0.0861053 1
    endloop
  endfacet
  facet normal 0.336931 -0.941529 0
    outer loop
      vertex 73.7654 0.152237 1
      vertex 73.5806 0.0861053 0
      vertex 73.7654 0.152237 0
    endloop
  endfacet
  facet normal -0.595948 0.803023 0
    outer loop
      vertex 0.888855 104.663 0
      vertex 0.731201 104.546 1
      vertex 0.888855 104.663 1
    endloop
  endfacet
  facet normal -0.595948 0.803023 0
    outer loop
      vertex 0.731201 104.546 1
      vertex 0.888855 104.663 0
      vertex 0.731201 104.546 0
    endloop
  endfacet
  facet normal 0 0 -1
    outer loop
      vertex 73 0 0
      vertex 75 2 0
      vertex 74.9904 1.80396 0
    endloop
  endfacet
  facet normal 0 0 -1
    outer loop
      vertex 75 2 0
      vertex 0 2 0
      vertex 75 103 0
    endloop
  endfacet
  facet normal 0 0 -1
    outer loop
      vertex 73 0 0
      vertex 74.9904 1.80396 0
      vertex 74.9616 1.60982 0
    endloop
  endfacet
  facet normal 0 0 -1
    outer loop
      vertex 0 103 0
      vertex 75 103 0
      vertex 0 2 0
    endloop
  endfacet
  facet normal 0 0 -1
    outer loop
      vertex 73 0 0
      vertex 74.9616 1.60982 0
      vertex 74.9139 1.41942 0
    endloop
  endfacet
  facet normal 0 -0 -1
    outer loop
      vertex 73 105 0
      vertex 75 103 0
      vertex 0 103 0
    endloop
  endfacet
  facet normal 0 0 -1
    outer loop
      vertex 73 0 0
      vertex 74.9139 1.41942 0
      vertex 74.8477 1.23462 0
    endloop
  endfacet
  facet normal -0 0 -1
    outer loop
      vertex 75 2 0
      vertex 73 0 0
      vertex 0 2 0
    endloop
  endfacet
  facet normal 0 0 -1
    outer loop
      vertex 73 0 0
      vertex 74.8477 1.23462 0
      vertex 74.7638 1.05721 0
    endloop
  endfacet
  facet normal 0 0 -1
    outer loop
      vertex 75 103 0
      vertex 73 105 0
      vertex 74.9904 103.196 0
    endloop
  endfacet
  facet normal 0 0 -1
    outer loop
      vertex 73 0 0
      vertex 74.7638 1.05721 0
      vertex 74.6629 0.888855 0
    endloop
  endfacet
  facet normal 0 0 -1
    outer loop
      vertex 74.9139 103.581 0
      vertex 73 105 0
      vertex 74.8477 103.765 0
    endloop
  endfacet
  facet normal 0 0 -1
    outer loop
      vertex 73 0 0
      vertex 74.6629 0.888855 0
      vertex 74.546 0.731201 0
    endloop
  endfacet
  facet normal 0 0 -1
    outer loop
      vertex 74.8477 103.765 0
      vertex 73 105 0
      vertex 74.7638 103.943 0
    endloop
  endfacet
  facet normal 0 0 -1
    outer loop
      vertex 73 0 0
      vertex 74.546 0.731201 0
      vertex 74.4142 0.585785 0
    endloop
  endfacet
  facet normal 0 0 -1
    outer loop
      vertex 74.7638 103.943 0
      vertex 73 105 0
      vertex 74.6629 104.111 0
    endloop
  endfacet
  facet normal 0 0 -1
    outer loop
      vertex 73 0 0
      vertex 74.4142 0.585785 0
      vertex 74.2688 0.453964 0
    endloop
  endfacet
  facet normal 0 0 -1
    outer loop
      vertex 74.6629 104.111 0
      vertex 73 105 0
      vertex 74.546 104.269 0
    endloop
  endfacet
  facet normal 0 0 -1
    outer loop
      vertex 73 0 0
      vertex 74.2688 0.453964 0
      vertex 74.1111 0.337051 0
    endloop
  endfacet
  facet normal 0 0 -1
    outer loop
      vertex 74.546 104.269 0
      vertex 73 105 0
      vertex 74.4142 104.414 0
    endloop
  endfacet
  facet normal 0 0 -1
    outer loop
      vertex 73 0 0
      vertex 74.1111 0.337051 0
      vertex 73.9428 0.236145 0
    endloop
  endfacet
  facet normal 0 0 -1
    outer loop
      vertex 74.4142 104.414 0
      vertex 73 105 0
      vertex 74.2688 104.546 0
    endloop
  endfacet
  facet normal 0 0 -1
    outer loop
      vertex 73 0 0
      vertex 73.9428 0.236145 0
      vertex 73.7654 0.152237 0
    endloop
  endfacet
  facet normal 0 0 -1
    outer loop
      vertex 74.2688 104.546 0
      vertex 73 105 0
      vertex 74.1111 104.663 0
    endloop
  endfacet
  facet normal 0 0 -1
    outer loop
      vertex 73 0 0
      vertex 73.7654 0.152237 0
      vertex 73.5806 0.0861053 0
    endloop
  endfacet
  facet normal 0 0 -1
    outer loop
      vertex 74.1111 104.663 0
      vertex 73 105 0
      vertex 73.9428 104.764 0
    endloop
  endfacet
  facet normal 0 0 -1
    outer loop
      vertex 73 0 0
      vertex 73.5806 0.0861053 0
      vertex 73.3902 0.0384216 0
    endloop
  endfacet
  facet normal 0 0 -1
    outer loop
      vertex 73.9428 104.764 0
      vertex 73 105 0
      vertex 73.7654 104.848 0
    endloop
  endfacet
  facet normal 0 0 -1
    outer loop
      vertex 73 0 0
      vertex 73.3902 0.0384216 0
      vertex 73.196 0.0096283 0
    endloop
  endfacet
  facet normal 0 0 -1
    outer loop
      vertex 73.7654 104.848 0
      vertex 73 105 0
      vertex 73.5806 104.914 0
    endloop
  endfacet
  facet normal 0 0 -1
    outer loop
      vertex 73.5806 104.914 0
      vertex 73 105 0
      vertex 73.3902 104.962 0
    endloop
  endfacet
  facet normal 0 0 -1
    outer loop
      vertex 73.3902 104.962 0
      vertex 73 105 0
      vertex 73.196 104.99 0
    endloop
  endfacet
  facet normal 0 0 -1
    outer loop
      vertex 0 2 0
      vertex 73 0 0
      vertex 2 0 0
    endloop
  endfacet
  facet normal 0 0 -1
    outer loop
      vertex 74.9904 103.196 0
      vertex 73 105 0
      vertex 74.9616 103.39 0
    endloop
  endfacet
  facet normal 0 0 -1
    outer loop
      vertex 0 2 0
      vertex 2 0 0
      vertex 1.80396 0.0096283 0
    endloop
  endfacet
  facet normal 0 0 -1
    outer loop
      vertex 74.9616 103.39 0
      vertex 73 105 0
      vertex 74.9139 103.581 0
    endloop
  endfacet
  facet normal 0 0 -1
    outer loop
      vertex 0 2 0
      vertex 1.80396 0.0096283 0
      vertex 1.60982 0.0384216 0
    endloop
  endfacet
  facet normal -0 0 -1
    outer loop
      vertex 73 105 0
      vertex 0 103 0
      vertex 2 105 0
    endloop
  endfacet
  facet normal 0 0 -1
    outer loop
      vertex 0 2 0
      vertex 1.60982 0.0384216 0
      vertex 1.41942 0.0861053 0
    endloop
  endfacet
  facet normal 0 0 -1
    outer loop
      vertex 2 105 0
      vertex 0 103 0
      vertex 1.80396 104.99 0
    endloop
  endfacet
  facet normal 0 0 -1
    outer loop
      vertex 0 2 0
      vertex 1.41942 0.0861053 0
      vertex 1.23462 0.152237 0
    endloop
  endfacet
  facet normal 0 0 -1
    outer loop
      vertex 1.80396 104.99 0
      vertex 0 103 0
      vertex 1.60982 104.962 0
    endloop
  endfacet
  facet normal 0 0 -1
    outer loop
      vertex 0 2 0
      vertex 1.23462 0.152237 0
      vertex 1.05721 0.236145 0
    endloop
  endfacet
  facet normal 0 0 -1
    outer loop
      vertex 1.60982 104.962 0
      vertex 0 103 0
      vertex 1.41942 104.914 0
    endloop
  endfacet
  facet normal 0 0 -1
    outer loop
      vertex 0 2 0
      vertex 1.05721 0.236145 0
      vertex 0.888855 0.337051 0
    endloop
  endfacet
  facet normal 0 0 -1
    outer loop
      vertex 1.41942 104.914 0
      vertex 0 103 0
      vertex 1.23462 104.848 0
    endloop
  endfacet
  facet normal 0 0 -1
    outer loop
      vertex 0 2 0
      vertex 0.888855 0.337051 0
      vertex 0.731201 0.453964 0
    endloop
  endfacet
  facet normal 0 0 -1
    outer loop
      vertex 1.23462 104.848 0
      vertex 0 103 0
      vertex 1.05721 104.764 0
    endloop
  endfacet
  facet normal 0 0 -1
    outer loop
      vertex 0 2 0
      vertex 0.731201 0.453964 0
      vertex 0.585785 0.585785 0
    endloop
  endfacet
  facet normal 0 0 -1
    outer loop
      vertex 1.05721 104.764 0
      vertex 0 103 0
      vertex 0.888855 104.663 0
    endloop
  endfacet
  facet normal 0 0 -1
    outer loop
      vertex 0 2 0
      vertex 0.585785 0.585785 0
      vertex 0.453964 0.731201 0
    endloop
  endfacet
  facet normal 0 0 -1
    outer loop
      vertex 0.888855 104.663 0
      vertex 0 103 0
      vertex 0.731201 104.546 0
    endloop
  endfacet
  facet normal 0 0 -1
    outer loop
      vertex 0 2 0
      vertex 0.453964 0.731201 0
      vertex 0.337051 0.888855 0
    endloop
  endfacet
  facet normal 0 0 -1
    outer loop
      vertex 0.731201 104.546 0
      vertex 0 103 0
      vertex 0.585785 104.414 0
    endloop
  endfacet
  facet normal 0 0 -1
    outer loop
      vertex 0 2 0
      vertex 0.337051 0.888855 0
      vertex 0.236145 1.05721 0
    endloop
  endfacet
  facet normal 0 0 -1
    outer loop
      vertex 0.585785 104.414 0
      vertex 0 103 0
      vertex 0.453964 104.269 0
    endloop
  endfacet
  facet normal 0 0 -1
    outer loop
      vertex 0 2 0
      vertex 0.236145 1.05721 0
      vertex 0.152237 1.23462 0
    endloop
  endfacet
  facet normal 0 0 -1
    outer loop
      vertex 0.453964 104.269 0
      vertex 0 103 0
      vertex 0.337051 104.111 0
    endloop
  endfacet
  facet normal 0 0 -1
    outer loop
      vertex 0 2 0
      vertex 0.152237 1.23462 0
      vertex 0.0861053 1.41942 0
    endloop
  endfacet
  facet normal 0 0 -1
    outer loop
      vertex 0.337051 104.111 0
      vertex 0 103 0
      vertex 0.236145 103.943 0
    endloop
  endfacet
  facet normal 0 0 -1
    outer loop
      vertex 0 2 0
      vertex 0.0861053 1.41942 0
      vertex 0.0384216 1.60982 0
    endloop
  endfacet
  facet normal 0 0 -1
    outer loop
      vertex 0.236145 103.943 0
      vertex 0 103 0
      vertex 0.152237 103.765 0
    endloop
  endfacet
  facet normal 0 0 -1
    outer loop
      vertex 0 2 0
      vertex 0.0384216 1.60982 0
      vertex 0.0096283 1.80396 0
    endloop
  endfacet
  facet normal 0 0 -1
    outer loop
      vertex 0.152237 103.765 0
      vertex 0 103 0
      vertex 0.0861053 103.581 0
    endloop
  endfacet
  facet normal 0 0 -1
    outer loop
      vertex 0.0861053 103.581 0
      vertex 0 103 0
      vertex 0.0384216 103.39 0
    endloop
  endfacet
  facet normal 0 0 -1
    outer loop
      vertex 0.0384216 103.39 0
      vertex 0 103 0
      vertex 0.0096283 103.196 0
    endloop
  endfacet
  facet normal 0.142706 0.989765 -0
    outer loop
      vertex 73.3902 104.962 0
      vertex 73.196 104.99 1
      vertex 73.3902 104.962 1
    endloop
  endfacet
  facet normal 0.142706 0.989765 0
    outer loop
      vertex 73.196 104.99 1
      vertex 73.3902 104.962 0
      vertex 73.196 104.99 0
    endloop
  endfacet
  facet normal -0.427552 -0.903991 0
    outer loop
      vertex 1.05721 0.236145 0
      vertex 1.23462 0.152237 1
      vertex 1.05721 0.236145 1
    endloop
  endfacet
  facet normal -0.427552 -0.903991 -0
    outer loop
      vertex 1.23462 0.152237 1
      vertex 1.05721 0.236145 0
      vertex 1.23462 0.152237 0
    endloop
  endfacet
  facet normal 0.803266 -0.59562 0
    outer loop
      vertex 74.546 0.731201 1
      vertex 74.6629 0.888855 0
      vertex 74.6629 0.888855 1
    endloop
  endfacet
  facet normal 0.803266 -0.59562 0
    outer loop
      vertex 74.6629 0.888855 0
      vertex 74.546 0.731201 1
      vertex 74.546 0.731201 0
    endloop
  endfacet
  facet normal -0.904538 0.426393 0
    outer loop
      vertex 0.152237 103.765 0
      vertex 0.236145 103.943 1
      vertex 0.236145 103.943 0
    endloop
  endfacet
  facet normal -0.904538 0.426393 0
    outer loop
      vertex 0.236145 103.943 1
      vertex 0.152237 103.765 0
      vertex 0.152237 103.765 1
    endloop
  endfacet
  facet normal 0.336336 0.941742 -0
    outer loop
      vertex 73.7654 104.848 0
      vertex 73.5806 104.914 1
      vertex 73.7654 104.848 1
    endloop
  endfacet
  facet normal 0.336336 0.941742 0
    outer loop
      vertex 73.5806 104.914 1
      vertex 73.7654 104.848 0
      vertex 73.5806 104.914 0
    endloop
  endfacet
  facet normal 0.904554 0.42636 0
    outer loop
      vertex 74.8477 103.765 1
      vertex 74.7638 103.943 0
      vertex 74.7638 103.943 1
    endloop
  endfacet
  facet normal 0.904554 0.42636 0
    outer loop
      vertex 74.7638 103.943 0
      vertex 74.8477 103.765 1
      vertex 74.8477 103.765 0
    endloop
  endfacet
  facet normal 0.244452 0.969661 -0
    outer loop
      vertex 73.5806 104.914 0
      vertex 73.3902 104.962 1
      vertex 73.5806 104.914 1
    endloop
  endfacet
  facet normal 0.244452 0.969661 0
    outer loop
      vertex 73.3902 104.962 1
      vertex 73.5806 104.914 0
      vertex 73.3902 104.962 0
    endloop
  endfacet
  facet normal -0.336336 0.941742 0
    outer loop
      vertex 1.41942 104.914 0
      vertex 1.23462 104.848 1
      vertex 1.41942 104.914 1
    endloop
  endfacet
  facet normal -0.336336 0.941742 0
    outer loop
      vertex 1.23462 104.848 1
      vertex 1.41942 104.914 0
      vertex 1.23462 104.848 0
    endloop
  endfacet
  facet normal 0.59555 -0.803318 0
    outer loop
      vertex 74.1111 0.337051 0
      vertex 74.2688 0.453964 1
      vertex 74.1111 0.337051 1
    endloop
  endfacet
  facet normal 0.59555 -0.803318 0
    outer loop
      vertex 74.2688 0.453964 1
      vertex 74.1111 0.337051 0
      vertex 74.2688 0.453964 0
    endloop
  endfacet
  facet normal 0.672166 0.740401 -0
    outer loop
      vertex 74.4142 104.414 0
      vertex 74.2688 104.546 1
      vertex 74.4142 104.414 1
    endloop
  endfacet
  facet normal 0.672166 0.740401 0
    outer loop
      vertex 74.2688 104.546 1
      vertex 74.4142 104.414 0
      vertex 74.2688 104.546 0
    endloop
  endfacet
  facet normal -0.336931 -0.941529 0
    outer loop
      vertex 1.23462 0.152237 0
      vertex 1.41942 0.0861053 1
      vertex 1.23462 0.152237 1
    endloop
  endfacet
  facet normal -0.336931 -0.941529 -0
    outer loop
      vertex 1.41942 0.0861053 1
      vertex 1.23462 0.152237 0
      vertex 1.41942 0.0861053 0
    endloop
  endfacet
  facet normal 0.595836 0.803106 -0
    outer loop
      vertex 74.2688 104.546 0
      vertex 74.1111 104.663 1
      vertex 74.2688 104.546 1
    endloop
  endfacet
  facet normal 0.595836 0.803106 0
    outer loop
      vertex 74.1111 104.663 1
      vertex 74.2688 104.546 0
      vertex 74.1111 104.663 0
    endloop
  endfacet
  facet normal 0 0 1
    outer loop
      vertex 21.7758 98.9123 1
      vertex 21.89 98.616 1
      vertex 21.8882 98.6574 1
    endloop
  endfacet
  facet normal 0 0 1
    outer loop
      vertex 21.7125 98.9747 1
      vertex 21.89 98.616 1
      vertex 21.7455 98.9438 1
    endloop
  endfacet
  facet normal 0 0 1
    outer loop
      vertex 21.7758 98.9123 1
      vertex 21.8882 98.6574 1
      vertex 21.8828 98.6975 1
    endloop
  endfacet
  facet normal 0 0 1
    outer loop
      vertex 21.7758 98.9123 1
      vertex 21.8828 98.6975 1
      vertex 21.8739 98.7364 1
    endloop
  endfacet
  facet normal 0 0 1
    outer loop
      vertex 21.89 98.616 1
      vertex 21.7125 98.9747 1
      vertex 21.8896 98.5336 1
    endloop
  endfacet
  facet normal 0 0 1
    outer loop
      vertex 21.7758 98.9123 1
      vertex 21.8739 98.7364 1
      vertex 21.8614 98.7741 1
    endloop
  endfacet
  facet normal 0 0 1
    outer loop
      vertex 21.6777 99.0056 1
      vertex 21.8896 98.5336 1
      vertex 21.7125 98.9747 1
    endloop
  endfacet
  facet normal 0 0 1
    outer loop
      vertex 21.7758 98.9123 1
      vertex 21.8614 98.7741 1
      vertex 21.8454 98.8105 1
    endloop
  endfacet
  facet normal 0 0 1
    outer loop
      vertex 21.8896 98.5336 1
      vertex 21.6777 99.0056 1
      vertex 21.8834 98.4542 1
    endloop
  endfacet
  facet normal 0 0 1
    outer loop
      vertex 21.7758 98.9123 1
      vertex 21.8454 98.8105 1
      vertex 21.8257 98.8457 1
    endloop
  endfacet
  facet normal 0 0 1
    outer loop
      vertex 21.7758 98.9123 1
      vertex 21.8257 98.8457 1
      vertex 21.8026 98.8796 1
    endloop
  endfacet
  facet normal 0 0 1
    outer loop
      vertex 21.89 98.616 1
      vertex 21.7758 98.9123 1
      vertex 21.7455 98.9438 1
    endloop
  endfacet
  facet normal 0 0 1
    outer loop
      vertex 21.6412 99.0364 1
      vertex 21.8834 98.4542 1
      vertex 21.6777 99.0056 1
    endloop
  endfacet
  facet normal 0 0 1
    outer loop
      vertex 21.8834 98.4542 1
      vertex 21.6412 99.0364 1
      vertex 21.8714 98.3777 1
    endloop
  endfacet
  facet normal 0 0 1
    outer loop
      vertex 21.8714 98.3777 1
      vertex 21.6412 99.0364 1
      vertex 21.8538 98.3043 1
    endloop
  endfacet
  facet normal 0 0 1
    outer loop
      vertex 21.6029 99.0673 1
      vertex 21.8538 98.3043 1
      vertex 21.6412 99.0364 1
    endloop
  endfacet
  facet normal 0 0 1
    outer loop
      vertex 21.8538 98.3043 1
      vertex 21.6029 99.0673 1
      vertex 21.8303 98.2339 1
    endloop
  endfacet
  facet normal 0 0 1
    outer loop
      vertex 21.8303 98.2339 1
      vertex 21.6029 99.0673 1
      vertex 21.8011 98.1666 1
    endloop
  endfacet
  facet normal 0 0 1
    outer loop
      vertex 21.8011 98.1666 1
      vertex 21.6029 99.0673 1
      vertex 21.7661 98.1022 1
    endloop
  endfacet
  facet normal 0 0 1
    outer loop
      vertex 21.7661 98.1022 1
      vertex 21.6029 99.0673 1
      vertex 21.7254 98.0409 1
    endloop
  endfacet
  facet normal 0 0 1
    outer loop
      vertex 21.5627 99.0982 1
      vertex 21.7254 98.0409 1
      vertex 21.6029 99.0673 1
    endloop
  endfacet
  facet normal 0 0 1
    outer loop
      vertex 21.7254 98.0409 1
      vertex 21.5627 99.0982 1
      vertex 21.6788 97.9826 1
    endloop
  endfacet
  facet normal 0 0 1
    outer loop
      vertex 21.6788 97.9826 1
      vertex 21.5627 99.0982 1
      vertex 21.6284 97.927 1
    endloop
  endfacet
  facet normal 0 0 1
    outer loop
      vertex 21.5208 99.1291 1
      vertex 21.6284 97.927 1
      vertex 21.5627 99.0982 1
    endloop
  endfacet
  facet normal 0 0 1
    outer loop
      vertex 21.4772 99.1599 1
      vertex 21.6284 97.927 1
      vertex 21.5208 99.1291 1
    endloop
  endfacet
  facet normal 0 0 1
    outer loop
      vertex 21.6284 97.927 1
      vertex 21.4772 99.1599 1
      vertex 21.576 97.8739 1
    endloop
  endfacet
  facet normal 0 0 1
    outer loop
      vertex 21.576 97.8739 1
      vertex 21.4772 99.1599 1
      vertex 21.5215 97.8233 1
    endloop
  endfacet
  facet normal 0 0 1
    outer loop
      vertex 21.4317 99.1908 1
      vertex 21.5215 97.8233 1
      vertex 21.4772 99.1599 1
    endloop
  endfacet
  facet normal 0 0 1
    outer loop
      vertex 21.5215 97.8233 1
      vertex 21.4317 99.1908 1
      vertex 21.4649 97.7752 1
    endloop
  endfacet
  facet normal 0 0 1
    outer loop
      vertex 21.3844 99.2216 1
      vertex 21.4649 97.7752 1
      vertex 21.4317 99.1908 1
    endloop
  endfacet
  facet normal 0 0 1
    outer loop
      vertex 21.4649 97.7752 1
      vertex 21.3844 99.2216 1
      vertex 21.4062 97.7295 1
    endloop
  endfacet
  facet normal 0 0 1
    outer loop
      vertex 21.336 99.2528 1
      vertex 21.4062 97.7295 1
      vertex 21.3844 99.2216 1
    endloop
  endfacet
  facet normal 0 0 1
    outer loop
      vertex 21.4062 97.7295 1
      vertex 21.336 99.2528 1
      vertex 21.3456 97.6862 1
    endloop
  endfacet
  facet normal 0 0 1
    outer loop
      vertex 21.2868 99.2845 1
      vertex 21.3456 97.6862 1
      vertex 21.336 99.2528 1
    endloop
  endfacet
  facet normal 0 0 1
    outer loop
      vertex 21.2868 99.2845 1
      vertex 21.2828 97.6455 1
      vertex 21.3456 97.6862 1
    endloop
  endfacet
  facet normal 0 0 1
    outer loop
      vertex 21.218 97.6072 1
      vertex 21.2868 99.2845 1
      vertex 21.2369 99.3168 1
    endloop
  endfacet
  facet normal 0 0 1
    outer loop
      vertex 21.2868 99.2845 1
      vertex 21.218 97.6072 1
      vertex 21.2828 97.6455 1
    endloop
  endfacet
  facet normal 0 0 1
    outer loop
      vertex 21.083 97.5379 1
      vertex 21.2369 99.3168 1
      vertex 21.1864 99.3495 1
    endloop
  endfacet
  facet normal 0 0 1
    outer loop
      vertex 21.2369 99.3168 1
      vertex 21.1511 97.5714 1
      vertex 21.218 97.6072 1
    endloop
  endfacet
  facet normal 0 0 1
    outer loop
      vertex 21.0145 97.5067 1
      vertex 21.1864 99.3495 1
      vertex 21.1351 99.3829 1
    endloop
  endfacet
  facet normal 0 0 1
    outer loop
      vertex 20.9455 97.4776 1
      vertex 21.1351 99.3829 1
      vertex 21.0832 99.4168 1
    endloop
  endfacet
  facet normal 0 0 1
    outer loop
      vertex 21.2369 99.3168 1
      vertex 21.083 97.5379 1
      vertex 21.1511 97.5714 1
    endloop
  endfacet
  facet normal 0 0 1
    outer loop
      vertex 20.8065 97.426 1
      vertex 21.0832 99.4168 1
      vertex 21.0306 99.4512 1
    endloop
  endfacet
  facet normal 0 0 1
    outer loop
      vertex 21.1864 99.3495 1
      vertex 21.0145 97.5067 1
      vertex 21.083 97.5379 1
    endloop
  endfacet
  facet normal 0 0 1
    outer loop
      vertex 20.6657 97.3832 1
      vertex 21.0306 99.4512 1
      vertex 20.9773 99.4862 1
    endloop
  endfacet
  facet normal 0 0 1
    outer loop
      vertex 21.1351 99.3829 1
      vertex 20.9455 97.4776 1
      vertex 21.0145 97.5067 1
    endloop
  endfacet
  facet normal 0 0 1
    outer loop
      vertex 20.5947 97.3651 1
      vertex 20.9773 99.4862 1
      vertex 20.9233 99.5217 1
    endloop
  endfacet
  facet normal 0 0 1
    outer loop
      vertex 21.0832 99.4168 1
      vertex 20.8762 97.4507 1
      vertex 20.9455 97.4776 1
    endloop
  endfacet
  facet normal 0 0 1
    outer loop
      vertex 20.4532 97.3352 1
      vertex 20.9233 99.5217 1
      vertex 20.8694 99.5585 1
    endloop
  endfacet
  facet normal 0 0 1
    outer loop
      vertex 20.3221 97.3121 1
      vertex 20.8694 99.5585 1
      vertex 20.8161 99.5972 1
    endloop
  endfacet
  facet normal 0 0 1
    outer loop
      vertex 21.0832 99.4168 1
      vertex 20.8065 97.426 1
      vertex 20.8762 97.4507 1
    endloop
  endfacet
  facet normal 0 0 1
    outer loop
      vertex 20.0961 97.2858 1
      vertex 20.8161 99.5972 1
      vertex 20.7635 99.6378 1
    endloop
  endfacet
  facet normal 0 0 1
    outer loop
      vertex 21.0306 99.4512 1
      vertex 20.7363 97.4035 1
      vertex 20.8065 97.426 1
    endloop
  endfacet
  facet normal 0 0 1
    outer loop
      vertex 20.0012 97.2825 1
      vertex 20.7635 99.6378 1
      vertex 20.7116 99.6803 1
    endloop
  endfacet
  facet normal 0 0 1
    outer loop
      vertex 21.0306 99.4512 1
      vertex 20.6657 97.3832 1
      vertex 20.7363 97.4035 1
    endloop
  endfacet
  facet normal 0 0 1
    outer loop
      vertex 20.0012 97.2825 1
      vertex 20.7116 99.6803 1
      vertex 20.6603 99.7247 1
    endloop
  endfacet
  facet normal 0 0 1
    outer loop
      vertex 20.0012 97.2825 1
      vertex 20.6603 99.7247 1
      vertex 20.6098 99.7711 1
    endloop
  endfacet
  facet normal 0 0 1
    outer loop
      vertex 20.9773 99.4862 1
      vertex 20.5947 97.3651 1
      vertex 20.6657 97.3832 1
    endloop
  endfacet
  facet normal 0 0 1
    outer loop
      vertex 20.0012 97.2825 1
      vertex 20.6098 99.7711 1
      vertex 20.5599 99.8194 1
    endloop
  endfacet
  facet normal 0 0 1
    outer loop
      vertex 20.9233 99.5217 1
      vertex 20.5233 97.3492 1
      vertex 20.5947 97.3651 1
    endloop
  endfacet
  facet normal 0 0 1
    outer loop
      vertex 20.0012 97.2825 1
      vertex 20.5599 99.8194 1
      vertex 20.5108 99.8696 1
    endloop
  endfacet
  facet normal 0 0 1
    outer loop
      vertex 20.0012 97.2825 1
      vertex 20.5108 99.8696 1
      vertex 20.4623 99.9217 1
    endloop
  endfacet
  facet normal 0 0 1
    outer loop
      vertex 20.9233 99.5217 1
      vertex 20.4532 97.3352 1
      vertex 20.5233 97.3492 1
    endloop
  endfacet
  facet normal 0 0 1
    outer loop
      vertex 20.0012 97.2825 1
      vertex 20.4623 99.9217 1
      vertex 20.4151 99.976 1
    endloop
  endfacet
  facet normal 0 0 1
    outer loop
      vertex 20.8694 99.5585 1
      vertex 20.3862 97.3228 1
      vertex 20.4532 97.3352 1
    endloop
  endfacet
  facet normal 0 0 1
    outer loop
      vertex 20.0012 97.2825 1
      vertex 20.4151 99.976 1
      vertex 20.3698 100.033 1
    endloop
  endfacet
  facet normal 0 0 1
    outer loop
      vertex 20.0012 97.2825 1
      vertex 20.3698 100.033 1
      vertex 20.3265 100.092 1
    endloop
  endfacet
  facet normal 0 0 1
    outer loop
      vertex 20.8694 99.5585 1
      vertex 20.3221 97.3121 1
      vertex 20.3862 97.3228 1
    endloop
  endfacet
  facet normal 0 0 1
    outer loop
      vertex 20.0012 97.2825 1
      vertex 20.3265 100.092 1
      vertex 20.2851 100.153 1
    endloop
  endfacet
  facet normal 0 0 1
    outer loop
      vertex 20.8161 99.5972 1
      vertex 20.2611 97.3031 1
      vertex 20.3221 97.3121 1
    endloop
  endfacet
  facet normal 0 0 1
    outer loop
      vertex 20.0012 97.2825 1
      vertex 20.2851 100.153 1
      vertex 20.2456 100.216 1
    endloop
  endfacet
  facet normal 0 0 1
    outer loop
      vertex 20.0012 97.2825 1
      vertex 20.2456 100.216 1
      vertex 20.208 100.282 1
    endloop
  endfacet
  facet normal 0 0 1
    outer loop
      vertex 20.8161 99.5972 1
      vertex 20.2031 97.2957 1
      vertex 20.2611 97.3031 1
    endloop
  endfacet
  facet normal 0 0 1
    outer loop
      vertex 20.0012 97.2825 1
      vertex 20.208 100.282 1
      vertex 20.1723 100.351 1
    endloop
  endfacet
  facet normal 0 0 1
    outer loop
      vertex 20.8161 99.5972 1
      vertex 20.1481 97.2899 1
      vertex 20.2031 97.2957 1
    endloop
  endfacet
  facet normal 0 0 1
    outer loop
      vertex 20.0012 97.2825 1
      vertex 20.1723 100.351 1
      vertex 20.1386 100.421 1
    endloop
  endfacet
  facet normal 0 0 1
    outer loop
      vertex 20.0012 97.2825 1
      vertex 20.1386 100.421 1
      vertex 20.1068 100.494 1
    endloop
  endfacet
  facet normal 0 0 1
    outer loop
      vertex 20.8161 99.5972 1
      vertex 20.0961 97.2858 1
      vertex 20.1481 97.2899 1
    endloop
  endfacet
  facet normal 0 0 1
    outer loop
      vertex 20.0012 97.2825 1
      vertex 20.1068 100.494 1
      vertex 20.0776 100.57 1
    endloop
  endfacet
  facet normal 0 0 1
    outer loop
      vertex 20.0012 97.2825 1
      vertex 20.0776 100.57 1
      vertex 20.0519 100.65 1
    endloop
  endfacet
  facet normal 0 0 1
    outer loop
      vertex 20.7635 99.6378 1
      vertex 20.0471 97.2834 1
      vertex 20.0961 97.2858 1
    endloop
  endfacet
  facet normal 0 0 1
    outer loop
      vertex 20.0012 97.2825 1
      vertex 20.0519 100.65 1
      vertex 20.0296 100.734 1
    endloop
  endfacet
  facet normal 0 0 1
    outer loop
      vertex 20.0012 97.2825 1
      vertex 20.0296 100.734 1
      vertex 20.0107 100.821 1
    endloop
  endfacet
  facet normal 0 0 1
    outer loop
      vertex 20.7635 99.6378 1
      vertex 20.0012 97.2825 1
      vertex 20.0471 97.2834 1
    endloop
  endfacet
  facet normal 0 0 1
    outer loop
      vertex 20.0107 100.821 1
      vertex 2 105 1
      vertex 20.0012 97.2825 1
    endloop
  endfacet
  facet normal 0 0 1
    outer loop
      vertex 2 105 1
      vertex 20.0107 100.821 1
      vertex 19.9953 100.913 1
    endloop
  endfacet
  facet normal 0 0 1
    outer loop
      vertex 25.0375 98.4525 1
      vertex 24.8961 98.4397 1
      vertex 24.9072 95.895 1
    endloop
  endfacet
  facet normal 0 0 1
    outer loop
      vertex 39.7629 100.516 1
      vertex 42.0821 103.672 1
      vertex 39.7768 100.638 1
    endloop
  endfacet
  facet normal 0 0 1
    outer loop
      vertex 42.0821 103.672 1
      vertex 39.7629 100.516 1
      vertex 42.0821 95.895 1
    endloop
  endfacet
  facet normal -0 0 1
    outer loop
      vertex 39.7442 100.4 1
      vertex 42.0821 95.895 1
      vertex 39.7629 100.516 1
    endloop
  endfacet
  facet normal -0 0 1
    outer loop
      vertex 39.7207 100.289 1
      vertex 42.0821 95.895 1
      vertex 39.7442 100.4 1
    endloop
  endfacet
  facet normal -0 0 1
    outer loop
      vertex 39.6941 100.184 1
      vertex 42.0821 95.895 1
      vertex 39.7207 100.289 1
    endloop
  endfacet
  facet normal -0 0 1
    outer loop
      vertex 39.6663 100.084 1
      vertex 42.0821 95.895 1
      vertex 39.6941 100.184 1
    endloop
  endfacet
  facet normal -0 0 1
    outer loop
      vertex 39.6373 99.9886 1
      vertex 42.0821 95.895 1
      vertex 39.6663 100.084 1
    endloop
  endfacet
  facet normal -0 0 1
    outer loop
      vertex 39.6071 99.898 1
      vertex 42.0821 95.895 1
      vertex 39.6373 99.9886 1
    endloop
  endfacet
  facet normal -0 0 1
    outer loop
      vertex 39.5756 99.8122 1
      vertex 42.0821 95.895 1
      vertex 39.6071 99.898 1
    endloop
  endfacet
  facet normal -0 0 1
    outer loop
      vertex 39.5429 99.7312 1
      vertex 42.0821 95.895 1
      vertex 39.5756 99.8122 1
    endloop
  endfacet
  facet normal -0 0 1
    outer loop
      vertex 39.5089 99.655 1
      vertex 42.0821 95.895 1
      vertex 39.5429 99.7312 1
    endloop
  endfacet
  facet normal -0 0 1
    outer loop
      vertex 39.4737 99.5836 1
      vertex 42.0821 95.895 1
      vertex 39.5089 99.655 1
    endloop
  endfacet
  facet normal -0 0 1
    outer loop
      vertex 39.4373 99.517 1
      vertex 42.0821 95.895 1
      vertex 39.4737 99.5836 1
    endloop
  endfacet
  facet normal -0 0 1
    outer loop
      vertex 39.3944 99.4399 1
      vertex 42.0821 95.895 1
      vertex 39.4373 99.517 1
    endloop
  endfacet
  facet normal -0 0 1
    outer loop
      vertex 39.3495 99.3667 1
      vertex 42.0821 95.895 1
      vertex 39.3944 99.4399 1
    endloop
  endfacet
  facet normal -0 0 1
    outer loop
      vertex 39.3027 99.2973 1
      vertex 42.0821 95.895 1
      vertex 39.3495 99.3667 1
    endloop
  endfacet
  facet normal -0 0 1
    outer loop
      vertex 39.254 99.2317 1
      vertex 42.0821 95.895 1
      vertex 39.3027 99.2973 1
    endloop
  endfacet
  facet normal 0 0 1
    outer loop
      vertex 42.0821 95.895 1
      vertex 39.254 99.2317 1
      vertex 39.9039 95.895 1
    endloop
  endfacet
  facet normal -0 0 1
    outer loop
      vertex 39.2034 99.17 1
      vertex 39.9039 95.895 1
      vertex 39.254 99.2317 1
    endloop
  endfacet
  facet normal -0 0 1
    outer loop
      vertex 39.1509 99.1121 1
      vertex 39.9039 95.895 1
      vertex 39.2034 99.17 1
    endloop
  endfacet
  facet normal -0 0 1
    outer loop
      vertex 39.0964 99.0581 1
      vertex 39.9039 95.895 1
      vertex 39.1509 99.1121 1
    endloop
  endfacet
  facet normal -0 0 1
    outer loop
      vertex 39.0401 99.0079 1
      vertex 39.9039 95.895 1
      vertex 39.0964 99.0581 1
    endloop
  endfacet
  facet normal 0 0 1
    outer loop
      vertex 39.9039 95.895 1
      vertex 39.0401 99.0079 1
      vertex 38.9818 98.9615 1
    endloop
  endfacet
  facet normal 0 0 1
    outer loop
      vertex 36.0931 95.895 1
      vertex 35.7433 99.095 1
      vertex 35.7544 97.3389 1
    endloop
  endfacet
  facet normal -0 0 1
    outer loop
      vertex 34.4879 99.095 1
      vertex 35.7544 97.3389 1
      vertex 35.7433 99.095 1
    endloop
  endfacet
  facet normal 0 0 1
    outer loop
      vertex 35.7544 97.3389 1
      vertex 34.4879 99.095 1
      vertex 34.4879 97.3389 1
    endloop
  endfacet
  facet normal 0 0 1
    outer loop
      vertex 36.1042 103.672 1
      vertex 35.7323 102.295 1
      vertex 35.7433 100.539 1
    endloop
  endfacet
  facet normal -0 0 1
    outer loop
      vertex 34.5545 102.295 1
      vertex 35.7433 100.539 1
      vertex 35.7323 102.295 1
    endloop
  endfacet
  facet normal 0 0 1
    outer loop
      vertex 35.7433 100.539 1
      vertex 34.5545 102.295 1
      vertex 34.5545 100.539 1
    endloop
  endfacet
  facet normal 0 0 1
    outer loop
      vertex 23.2453 102.914 1
      vertex 23.5073 103.672 1
      vertex 23.2454 102.984 1
    endloop
  endfacet
  facet normal 0 0 1
    outer loop
      vertex 23.2449 102.842 1
      vertex 23.5073 103.672 1
      vertex 23.2453 102.914 1
    endloop
  endfacet
  facet normal 0 0 1
    outer loop
      vertex 23.2442 102.768 1
      vertex 23.5073 103.672 1
      vertex 23.2449 102.842 1
    endloop
  endfacet
  facet normal 0 0 1
    outer loop
      vertex 23.2432 102.692 1
      vertex 23.5073 103.672 1
      vertex 23.2442 102.768 1
    endloop
  endfacet
  facet normal 0 0 1
    outer loop
      vertex 23.242 102.615 1
      vertex 23.5073 103.672 1
      vertex 23.2432 102.692 1
    endloop
  endfacet
  facet normal 0 0 1
    outer loop
      vertex 23.2405 102.535 1
      vertex 23.5073 103.672 1
      vertex 23.242 102.615 1
    endloop
  endfacet
  facet normal 0 0 1
    outer loop
      vertex 23.2387 102.454 1
      vertex 23.5073 103.672 1
      vertex 23.2405 102.535 1
    endloop
  endfacet
  facet normal 0 0 1
    outer loop
      vertex 23.2367 102.37 1
      vertex 23.5073 103.672 1
      vertex 23.2387 102.454 1
    endloop
  endfacet
  facet normal 0 0 1
    outer loop
      vertex 23.2344 102.285 1
      vertex 23.5073 103.672 1
      vertex 23.2367 102.37 1
    endloop
  endfacet
  facet normal 0 0 1
    outer loop
      vertex 23.5073 103.672 1
      vertex 23.2344 102.285 1
      vertex 23.2603 98.9805 1
    endloop
  endfacet
  facet normal 0 0 1
    outer loop
      vertex 23.2603 98.9805 1
      vertex 23.2344 102.285 1
      vertex 23.2436 99.0706 1
    endloop
  endfacet
  facet normal 0 0 1
    outer loop
      vertex 23.2344 102.285 1
      vertex 23.2232 99.1572 1
      vertex 23.2436 99.0706 1
    endloop
  endfacet
  facet normal 0 0 1
    outer loop
      vertex 23.2344 102.285 1
      vertex 23.1991 99.2402 1
      vertex 23.2232 99.1572 1
    endloop
  endfacet
  facet normal 0 0 1
    outer loop
      vertex 23.2344 102.285 1
      vertex 23.1714 99.3196 1
      vertex 23.1991 99.2402 1
    endloop
  endfacet
  facet normal 0 0 1
    outer loop
      vertex 22.5188 100.203 1
      vertex 23.2344 102.285 1
      vertex 23.1578 102.284 1
    endloop
  endfacet
  facet normal 0 0 1
    outer loop
      vertex 23.2344 102.285 1
      vertex 23.1399 99.3955 1
      vertex 23.1714 99.3196 1
    endloop
  endfacet
  facet normal 0 0 1
    outer loop
      vertex 23.2344 102.285 1
      vertex 23.1057 99.4683 1
      vertex 23.1399 99.3955 1
    endloop
  endfacet
  facet normal 0 0 1
    outer loop
      vertex 22.4646 100.246 1
      vertex 23.1578 102.284 1
      vertex 23.081 102.282 1
    endloop
  endfacet
  facet normal 0 0 1
    outer loop
      vertex 23.2344 102.285 1
      vertex 23.0699 99.5387 1
      vertex 23.1057 99.4683 1
    endloop
  endfacet
  facet normal 0 0 1
    outer loop
      vertex 23.2344 102.285 1
      vertex 23.0325 99.6066 1
      vertex 23.0699 99.5387 1
    endloop
  endfacet
  facet normal 0 0 1
    outer loop
      vertex 22.4093 100.288 1
      vertex 23.081 102.282 1
      vertex 23.0042 102.278 1
    endloop
  endfacet
  facet normal 0 0 1
    outer loop
      vertex 23.2344 102.285 1
      vertex 22.9934 99.6721 1
      vertex 23.0325 99.6066 1
    endloop
  endfacet
  facet normal 0 0 1
    outer loop
      vertex 23.2344 102.285 1
      vertex 22.9527 99.735 1
      vertex 22.9934 99.6721 1
    endloop
  endfacet
  facet normal 0 0 1
    outer loop
      vertex 22.4093 100.288 1
      vertex 23.0042 102.278 1
      vertex 22.9271 102.273 1
    endloop
  endfacet
  facet normal 0 0 1
    outer loop
      vertex 23.2344 102.285 1
      vertex 22.9103 99.7955 1
      vertex 22.9527 99.735 1
    endloop
  endfacet
  facet normal 0 0 1
    outer loop
      vertex 23.2344 102.285 1
      vertex 22.8662 99.8536 1
      vertex 22.9103 99.7955 1
    endloop
  endfacet
  facet normal 0 0 1
    outer loop
      vertex 22.353 100.329 1
      vertex 22.9271 102.273 1
      vertex 22.85 102.266 1
    endloop
  endfacet
  facet normal 0 0 1
    outer loop
      vertex 23.2344 102.285 1
      vertex 22.8206 99.9091 1
      vertex 22.8662 99.8536 1
    endloop
  endfacet
  facet normal 0 0 1
    outer loop
      vertex 23.2344 102.285 1
      vertex 22.7732 99.9622 1
      vertex 22.8206 99.9091 1
    endloop
  endfacet
  facet normal 0 0 1
    outer loop
      vertex 22.353 100.329 1
      vertex 22.85 102.266 1
      vertex 22.7727 102.258 1
    endloop
  endfacet
  facet normal 0 0 1
    outer loop
      vertex 23.2344 102.285 1
      vertex 22.7245 100.013 1
      vertex 22.7732 99.9622 1
    endloop
  endfacet
  facet normal 0 0 1
    outer loop
      vertex 22.2955 100.368 1
      vertex 22.7727 102.258 1
      vertex 22.6953 102.248 1
    endloop
  endfacet
  facet normal 0 0 1
    outer loop
      vertex 23.2344 102.285 1
      vertex 22.6748 100.063 1
      vertex 22.7245 100.013 1
    endloop
  endfacet
  facet normal 0 0 1
    outer loop
      vertex 23.2344 102.285 1
      vertex 22.6239 100.111 1
      vertex 22.6748 100.063 1
    endloop
  endfacet
  facet normal 0 0 1
    outer loop
      vertex 22.2955 100.368 1
      vertex 22.6953 102.248 1
      vertex 22.6177 102.236 1
    endloop
  endfacet
  facet normal 0 0 1
    outer loop
      vertex 23.2344 102.285 1
      vertex 22.5719 100.158 1
      vertex 22.6239 100.111 1
    endloop
  endfacet
  facet normal 0 0 1
    outer loop
      vertex 22.1816 100.443 1
      vertex 22.6177 102.236 1
      vertex 22.54 102.224 1
    endloop
  endfacet
  facet normal 0 0 1
    outer loop
      vertex 23.2344 102.285 1
      vertex 22.5188 100.203 1
      vertex 22.5719 100.158 1
    endloop
  endfacet
  facet normal 0 0 1
    outer loop
      vertex 23.1578 102.284 1
      vertex 22.4646 100.246 1
      vertex 22.5188 100.203 1
    endloop
  endfacet
  facet normal 0 0 1
    outer loop
      vertex 22.1816 100.443 1
      vertex 22.54 102.224 1
      vertex 22.4632 102.209 1
    endloop
  endfacet
  facet normal 0 0 1
    outer loop
      vertex 23.081 102.282 1
      vertex 22.4093 100.288 1
      vertex 22.4646 100.246 1
    endloop
  endfacet
  facet normal 0 0 1
    outer loop
      vertex 22.0722 100.515 1
      vertex 22.4632 102.209 1
      vertex 22.3882 102.193 1
    endloop
  endfacet
  facet normal 0 0 1
    outer loop
      vertex 22.9271 102.273 1
      vertex 22.353 100.329 1
      vertex 22.4093 100.288 1
    endloop
  endfacet
  facet normal 0 0 1
    outer loop
      vertex 22.0722 100.515 1
      vertex 22.3882 102.193 1
      vertex 22.3153 102.175 1
    endloop
  endfacet
  facet normal 0 0 1
    outer loop
      vertex 22.7727 102.258 1
      vertex 22.2955 100.368 1
      vertex 22.353 100.329 1
    endloop
  endfacet
  facet normal 0 0 1
    outer loop
      vertex 22.0191 100.551 1
      vertex 22.3153 102.175 1
      vertex 22.2442 102.156 1
    endloop
  endfacet
  facet normal 0 0 1
    outer loop
      vertex 22.6177 102.236 1
      vertex 22.1816 100.443 1
      vertex 22.2955 100.368 1
    endloop
  endfacet
  facet normal 0 0 1
    outer loop
      vertex 22.0191 100.551 1
      vertex 22.2442 102.156 1
      vertex 22.1751 102.135 1
    endloop
  endfacet
  facet normal 0 0 1
    outer loop
      vertex 21.9162 100.619 1
      vertex 22.1751 102.135 1
      vertex 22.1079 102.113 1
    endloop
  endfacet
  facet normal 0 0 1
    outer loop
      vertex 22.4632 102.209 1
      vertex 22.0722 100.515 1
      vertex 22.1816 100.443 1
    endloop
  endfacet
  facet normal 0 0 1
    outer loop
      vertex 21.9162 100.619 1
      vertex 22.1079 102.113 1
      vertex 22.0426 102.088 1
    endloop
  endfacet
  facet normal 0 0 1
    outer loop
      vertex 22.3153 102.175 1
      vertex 22.0191 100.551 1
      vertex 22.0722 100.515 1
    endloop
  endfacet
  facet normal 0 0 1
    outer loop
      vertex 21.9162 100.619 1
      vertex 22.0426 102.088 1
      vertex 21.9792 102.062 1
    endloop
  endfacet
  facet normal 0 0 1
    outer loop
      vertex 21.8177 100.685 1
      vertex 21.9792 102.062 1
      vertex 21.9177 102.035 1
    endloop
  endfacet
  facet normal 0 0 1
    outer loop
      vertex 22.1751 102.135 1
      vertex 21.9162 100.619 1
      vertex 22.0191 100.551 1
    endloop
  endfacet
  facet normal 0 0 1
    outer loop
      vertex 21.8177 100.685 1
      vertex 21.9177 102.035 1
      vertex 21.8585 102.006 1
    endloop
  endfacet
  facet normal 0 0 1
    outer loop
      vertex 21.9792 102.062 1
      vertex 21.8177 100.685 1
      vertex 21.9162 100.619 1
    endloop
  endfacet
  facet normal 0 0 1
    outer loop
      vertex 21.7704 100.717 1
      vertex 21.8585 102.006 1
      vertex 21.8017 101.975 1
    endloop
  endfacet
  facet normal 0 0 1
    outer loop
      vertex 21.8585 102.006 1
      vertex 21.7704 100.717 1
      vertex 21.8177 100.685 1
    endloop
  endfacet
  facet normal 0 0 1
    outer loop
      vertex 21.7247 100.749 1
      vertex 21.8017 101.975 1
      vertex 21.7473 101.944 1
    endloop
  endfacet
  facet normal 0 0 1
    outer loop
      vertex 21.8017 101.975 1
      vertex 21.7247 100.749 1
      vertex 21.7704 100.717 1
    endloop
  endfacet
  facet normal 0 0 1
    outer loop
      vertex 21.6807 100.781 1
      vertex 21.7473 101.944 1
      vertex 21.6955 101.911 1
    endloop
  endfacet
  facet normal 0 0 1
    outer loop
      vertex 21.7473 101.944 1
      vertex 21.6807 100.781 1
      vertex 21.7247 100.749 1
    endloop
  endfacet
  facet normal 0 0 1
    outer loop
      vertex 21.6383 100.813 1
      vertex 21.6955 101.911 1
      vertex 21.6461 101.877 1
    endloop
  endfacet
  facet normal 0 0 1
    outer loop
      vertex 21.6955 101.911 1
      vertex 21.6383 100.813 1
      vertex 21.6807 100.781 1
    endloop
  endfacet
  facet normal 0 0 1
    outer loop
      vertex 21.5976 100.845 1
      vertex 21.6461 101.877 1
      vertex 21.5992 101.842 1
    endloop
  endfacet
  facet normal 0 0 1
    outer loop
      vertex 21.6461 101.877 1
      vertex 21.5976 100.845 1
      vertex 21.6383 100.813 1
    endloop
  endfacet
  facet normal 0 0 1
    outer loop
      vertex 21.5992 101.842 1
      vertex 21.5585 100.877 1
      vertex 21.5976 100.845 1
    endloop
  endfacet
  facet normal -0 0 1
    outer loop
      vertex 21.5547 101.806 1
      vertex 21.5585 100.877 1
      vertex 21.5992 101.842 1
    endloop
  endfacet
  facet normal 0 0 1
    outer loop
      vertex 21.5547 101.806 1
      vertex 21.521 100.909 1
      vertex 21.5585 100.877 1
    endloop
  endfacet
  facet normal -0 0 1
    outer loop
      vertex 21.5128 101.768 1
      vertex 21.521 100.909 1
      vertex 21.5547 101.806 1
    endloop
  endfacet
  facet normal -0 0 1
    outer loop
      vertex 21.4733 101.729 1
      vertex 21.521 100.909 1
      vertex 21.5128 101.768 1
    endloop
  endfacet
  facet normal 0 0 1
    outer loop
      vertex 21.521 100.909 1
      vertex 21.4733 101.729 1
      vertex 21.4852 100.941 1
    endloop
  endfacet
  facet normal -0 0 1
    outer loop
      vertex 21.4371 101.689 1
      vertex 21.4852 100.941 1
      vertex 21.4733 101.729 1
    endloop
  endfacet
  facet normal -0 0 1
    outer loop
      vertex 21.4052 101.647 1
      vertex 21.4852 100.941 1
      vertex 21.4371 101.689 1
    endloop
  endfacet
  facet normal -0 0 1
    outer loop
      vertex 21.3776 101.604 1
      vertex 21.4852 100.941 1
      vertex 21.4052 101.647 1
    endloop
  endfacet
  facet normal 0 0 1
    outer loop
      vertex 21.4852 100.941 1
      vertex 21.3776 101.604 1
      vertex 21.4511 100.973 1
    endloop
  endfacet
  facet normal -0 0 1
    outer loop
      vertex 21.3542 101.56 1
      vertex 21.4511 100.973 1
      vertex 21.3776 101.604 1
    endloop
  endfacet
  facet normal -0 0 1
    outer loop
      vertex 21.3351 101.514 1
      vertex 21.4511 100.973 1
      vertex 21.3542 101.56 1
    endloop
  endfacet
  facet normal -0 0 1
    outer loop
      vertex 21.3202 101.467 1
      vertex 21.4511 100.973 1
      vertex 21.3351 101.514 1
    endloop
  endfacet
  facet normal -0 0 1
    outer loop
      vertex 21.3096 101.419 1
      vertex 21.4511 100.973 1
      vertex 21.3202 101.467 1
    endloop
  endfacet
  facet normal -0 0 1
    outer loop
      vertex 21.3032 101.369 1
      vertex 21.4511 100.973 1
      vertex 21.3096 101.419 1
    endloop
  endfacet
  facet normal 0 0 1
    outer loop
      vertex 21.4511 100.973 1
      vertex 21.3032 101.369 1
      vertex 21.4196 101.006 1
    endloop
  endfacet
  facet normal 0 0 1
    outer loop
      vertex 21.4196 101.006 1
      vertex 21.3032 101.369 1
      vertex 21.3918 101.04 1
    endloop
  endfacet
  facet normal 0 0 1
    outer loop
      vertex 21.3918 101.04 1
      vertex 21.3032 101.369 1
      vertex 21.3678 101.076 1
    endloop
  endfacet
  facet normal 0 0 1
    outer loop
      vertex 21.3678 101.076 1
      vertex 21.3032 101.369 1
      vertex 21.3474 101.113 1
    endloop
  endfacet
  facet normal 0 0 1
    outer loop
      vertex 21.3474 101.113 1
      vertex 21.3032 101.369 1
      vertex 21.3307 101.151 1
    endloop
  endfacet
  facet normal 0 0 1
    outer loop
      vertex 21.3307 101.151 1
      vertex 21.3032 101.369 1
      vertex 21.3177 101.191 1
    endloop
  endfacet
  facet normal 0 0 1
    outer loop
      vertex 21.3177 101.191 1
      vertex 21.3032 101.369 1
      vertex 21.3085 101.232 1
    endloop
  endfacet
  facet normal 0 0 1
    outer loop
      vertex 21.3032 101.369 1
      vertex 21.3029 101.274 1
      vertex 21.3085 101.232 1
    endloop
  endfacet
  facet normal 0 -0 1
    outer loop
      vertex 21.3029 101.274 1
      vertex 21.3032 101.369 1
      vertex 21.3011 101.318 1
    endloop
  endfacet
  facet normal 0 0 1
    outer loop
      vertex 45.5041 99.6396 1
      vertex 44.8709 95.895 1
      vertex 45.5041 95.8848 1
    endloop
  endfacet
  facet normal 0 0 1
    outer loop
      vertex 73 105 1
      vertex 53.6774 103.672 1
      vertex 55.0996 103.672 1
    endloop
  endfacet
  facet normal 0 0 1
    outer loop
      vertex 53.6774 103.672 1
      vertex 52.4886 103.672 1
      vertex 53.6774 99.6503 1
    endloop
  endfacet
  facet normal 0 0 1
    outer loop
      vertex 73 105 1
      vertex 52.4886 103.672 1
      vertex 53.6774 103.672 1
    endloop
  endfacet
  facet normal 0 0 1
    outer loop
      vertex 73 105 1
      vertex 51.0998 103.672 1
      vertex 52.4886 103.672 1
    endloop
  endfacet
  facet normal 0 0 1
    outer loop
      vertex 51.0998 103.672 1
      vertex 49.9637 103.672 1
      vertex 51.0998 96.17 1
    endloop
  endfacet
  facet normal 0 0 1
    outer loop
      vertex 73 105 1
      vertex 49.9637 103.672 1
      vertex 51.0998 103.672 1
    endloop
  endfacet
  facet normal 0 0 1
    outer loop
      vertex 73 105 1
      vertex 48.0972 103.672 1
      vertex 49.9637 103.672 1
    endloop
  endfacet
  facet normal 0 0 1
    outer loop
      vertex 73 105 1
      vertex 46.9485 103.672 1
      vertex 48.0972 103.672 1
    endloop
  endfacet
  facet normal 0 0 1
    outer loop
      vertex 73 105 1
      vertex 45.1374 103.672 1
      vertex 46.9485 103.672 1
    endloop
  endfacet
  facet normal 0 0 1
    outer loop
      vertex 45.1374 103.672 1
      vertex 43.8597 103.672 1
      vertex 44.5041 99.673 1
    endloop
  endfacet
  facet normal 0 0 1
    outer loop
      vertex 73 105 1
      vertex 43.8597 103.672 1
      vertex 45.1374 103.672 1
    endloop
  endfacet
  facet normal 0 0 1
    outer loop
      vertex 73 105 1
      vertex 42.0821 103.672 1
      vertex 43.8597 103.672 1
    endloop
  endfacet
  facet normal 0 0 1
    outer loop
      vertex 39.7859 100.766 1
      vertex 42.0821 103.672 1
      vertex 39.7903 100.9 1
    endloop
  endfacet
  facet normal 0 0 1
    outer loop
      vertex 39.7768 100.638 1
      vertex 42.0821 103.672 1
      vertex 39.7859 100.766 1
    endloop
  endfacet
  facet normal 0 0 1
    outer loop
      vertex 42.0821 103.672 1
      vertex 39.7898 101.04 1
      vertex 39.7903 100.9 1
    endloop
  endfacet
  facet normal 0 0 1
    outer loop
      vertex 42.0821 103.672 1
      vertex 39.7845 101.185 1
      vertex 39.7898 101.04 1
    endloop
  endfacet
  facet normal 0 0 1
    outer loop
      vertex 42.0821 103.672 1
      vertex 39.7744 101.337 1
      vertex 39.7845 101.185 1
    endloop
  endfacet
  facet normal 0 0 1
    outer loop
      vertex 42.0821 103.672 1
      vertex 39.7595 101.495 1
      vertex 39.7744 101.337 1
    endloop
  endfacet
  facet normal 0 0 1
    outer loop
      vertex 42.0821 103.672 1
      vertex 39.7456 101.623 1
      vertex 39.7595 101.495 1
    endloop
  endfacet
  facet normal 0 0 1
    outer loop
      vertex 42.0821 103.672 1
      vertex 39.7285 101.748 1
      vertex 39.7456 101.623 1
    endloop
  endfacet
  facet normal 0 0 1
    outer loop
      vertex 42.0821 103.672 1
      vertex 39.7083 101.867 1
      vertex 39.7285 101.748 1
    endloop
  endfacet
  facet normal 0 0 1
    outer loop
      vertex 42.0821 103.672 1
      vertex 39.6849 101.983 1
      vertex 39.7083 101.867 1
    endloop
  endfacet
  facet normal 0 0 1
    outer loop
      vertex 42.0821 103.672 1
      vertex 39.6584 102.094 1
      vertex 39.6849 101.983 1
    endloop
  endfacet
  facet normal 0 0 1
    outer loop
      vertex 42.0821 103.672 1
      vertex 39.6287 102.201 1
      vertex 39.6584 102.094 1
    endloop
  endfacet
  facet normal 0 0 1
    outer loop
      vertex 42.0821 103.672 1
      vertex 39.5958 102.303 1
      vertex 39.6287 102.201 1
    endloop
  endfacet
  facet normal 0 0 1
    outer loop
      vertex 42.0821 103.672 1
      vertex 39.5598 102.401 1
      vertex 39.5958 102.303 1
    endloop
  endfacet
  facet normal 0 0 1
    outer loop
      vertex 42.0821 103.672 1
      vertex 39.5206 102.495 1
      vertex 39.5598 102.401 1
    endloop
  endfacet
  facet normal 0 0 1
    outer loop
      vertex 42.0821 103.672 1
      vertex 39.4787 102.584 1
      vertex 39.5206 102.495 1
    endloop
  endfacet
  facet normal 0 0 1
    outer loop
      vertex 42.0821 103.672 1
      vertex 39.4345 102.67 1
      vertex 39.4787 102.584 1
    endloop
  endfacet
  facet normal 0 0 1
    outer loop
      vertex 42.0821 103.672 1
      vertex 39.3879 102.752 1
      vertex 39.4345 102.67 1
    endloop
  endfacet
  facet normal 0 0 1
    outer loop
      vertex 42.0821 103.672 1
      vertex 39.339 102.83 1
      vertex 39.3879 102.752 1
    endloop
  endfacet
  facet normal 0 0 1
    outer loop
      vertex 42.0821 103.672 1
      vertex 39.2878 102.905 1
      vertex 39.339 102.83 1
    endloop
  endfacet
  facet normal 0 0 1
    outer loop
      vertex 42.0821 103.672 1
      vertex 39.2342 102.976 1
      vertex 39.2878 102.905 1
    endloop
  endfacet
  facet normal 0 0 1
    outer loop
      vertex 42.0821 103.672 1
      vertex 39.1783 103.043 1
      vertex 39.2342 102.976 1
    endloop
  endfacet
  facet normal 0 0 1
    outer loop
      vertex 42.0821 103.672 1
      vertex 39.1201 103.107 1
      vertex 39.1783 103.043 1
    endloop
  endfacet
  facet normal 0 0 1
    outer loop
      vertex 42.0821 103.672 1
      vertex 39.0595 103.167 1
      vertex 39.1201 103.107 1
    endloop
  endfacet
  facet normal 0 0 1
    outer loop
      vertex 42.0821 103.672 1
      vertex 38.9969 103.223 1
      vertex 39.0595 103.167 1
    endloop
  endfacet
  facet normal 0 0 1
    outer loop
      vertex 42.0821 103.672 1
      vertex 38.9325 103.276 1
      vertex 38.9969 103.223 1
    endloop
  endfacet
  facet normal 0 0 1
    outer loop
      vertex 42.0821 103.672 1
      vertex 38.8663 103.325 1
      vertex 38.9325 103.276 1
    endloop
  endfacet
  facet normal 0 0 1
    outer loop
      vertex 42.0821 103.672 1
      vertex 38.7984 103.371 1
      vertex 38.8663 103.325 1
    endloop
  endfacet
  facet normal 0 0 1
    outer loop
      vertex 42.0821 103.672 1
      vertex 38.7286 103.414 1
      vertex 38.7984 103.371 1
    endloop
  endfacet
  facet normal 0 0 1
    outer loop
      vertex 42.0821 103.672 1
      vertex 38.6571 103.453 1
      vertex 38.7286 103.414 1
    endloop
  endfacet
  facet normal 0 0 1
    outer loop
      vertex 42.0821 103.672 1
      vertex 38.5838 103.489 1
      vertex 38.6571 103.453 1
    endloop
  endfacet
  facet normal 0 0 1
    outer loop
      vertex 42.0821 103.672 1
      vertex 38.5087 103.521 1
      vertex 38.5838 103.489 1
    endloop
  endfacet
  facet normal 0 0 1
    outer loop
      vertex 37.693 103.672 1
      vertex 42.0821 103.672 1
      vertex 73 105 1
    endloop
  endfacet
  facet normal 0 0 1
    outer loop
      vertex 42.0821 103.672 1
      vertex 38.4318 103.55 1
      vertex 38.5087 103.521 1
    endloop
  endfacet
  facet normal 0 0 1
    outer loop
      vertex 42.0821 103.672 1
      vertex 38.3535 103.576 1
      vertex 38.4318 103.55 1
    endloop
  endfacet
  facet normal 0 0 1
    outer loop
      vertex 42.0821 103.672 1
      vertex 38.2743 103.598 1
      vertex 38.3535 103.576 1
    endloop
  endfacet
  facet normal 0 0 1
    outer loop
      vertex 42.0821 103.672 1
      vertex 38.1942 103.618 1
      vertex 38.2743 103.598 1
    endloop
  endfacet
  facet normal 0 0 1
    outer loop
      vertex 42.0821 103.672 1
      vertex 38.113 103.635 1
      vertex 38.1942 103.618 1
    endloop
  endfacet
  facet normal 0 0 1
    outer loop
      vertex 42.0821 103.672 1
      vertex 38.0309 103.648 1
      vertex 38.113 103.635 1
    endloop
  endfacet
  facet normal 0 0 1
    outer loop
      vertex 42.0821 103.672 1
      vertex 37.9479 103.659 1
      vertex 38.0309 103.648 1
    endloop
  endfacet
  facet normal 0 0 1
    outer loop
      vertex 42.0821 103.672 1
      vertex 37.8639 103.666 1
      vertex 37.9479 103.659 1
    endloop
  endfacet
  facet normal 0 0 1
    outer loop
      vertex 42.0821 103.672 1
      vertex 37.7789 103.671 1
      vertex 37.8639 103.666 1
    endloop
  endfacet
  facet normal 0 0 1
    outer loop
      vertex 42.0821 103.672 1
      vertex 37.693 103.672 1
      vertex 37.7789 103.671 1
    endloop
  endfacet
  facet normal 0 0 1
    outer loop
      vertex 73 105 1
      vertex 36.1042 103.672 1
      vertex 37.693 103.672 1
    endloop
  endfacet
  facet normal -0 0 1
    outer loop
      vertex 35.7433 100.539 1
      vertex 36.0931 95.895 1
      vertex 36.1042 103.672 1
    endloop
  endfacet
  facet normal -0 0 1
    outer loop
      vertex 35.7433 99.095 1
      vertex 36.0931 95.895 1
      vertex 35.7433 100.539 1
    endloop
  endfacet
  facet normal 0 0 1
    outer loop
      vertex 35.7323 102.295 1
      vertex 36.1042 103.672 1
      vertex 35.7323 103.672 1
    endloop
  endfacet
  facet normal 0 0 1
    outer loop
      vertex 73 105 1
      vertex 35.7323 103.672 1
      vertex 36.1042 103.672 1
    endloop
  endfacet
  facet normal 0 0 1
    outer loop
      vertex 73 105 1
      vertex 33.1213 103.672 1
      vertex 35.7323 103.672 1
    endloop
  endfacet
  facet normal 0 0 1
    outer loop
      vertex 33.1213 103.672 1
      vertex 32.8621 99.4606 1
      vertex 33.1213 95.895 1
    endloop
  endfacet
  facet normal 0 0 1
    outer loop
      vertex 33.1213 103.672 1
      vertex 32.8616 99.5504 1
      vertex 32.8621 99.4606 1
    endloop
  endfacet
  facet normal 0 0 1
    outer loop
      vertex 33.1213 103.672 1
      vertex 32.8602 99.6419 1
      vertex 32.8616 99.5504 1
    endloop
  endfacet
  facet normal 0 0 1
    outer loop
      vertex 33.1213 103.672 1
      vertex 32.8578 99.7352 1
      vertex 32.8602 99.6419 1
    endloop
  endfacet
  facet normal 0 0 1
    outer loop
      vertex 33.1213 103.672 1
      vertex 32.8544 99.8304 1
      vertex 32.8578 99.7352 1
    endloop
  endfacet
  facet normal 0 0 1
    outer loop
      vertex 33.1213 103.672 1
      vertex 32.8501 99.9273 1
      vertex 32.8544 99.8304 1
    endloop
  endfacet
  facet normal 0 0 1
    outer loop
      vertex 33.1213 103.672 1
      vertex 32.8448 100.026 1
      vertex 32.8501 99.9273 1
    endloop
  endfacet
  facet normal 0 0 1
    outer loop
      vertex 33.1213 103.672 1
      vertex 32.8386 100.126 1
      vertex 32.8448 100.026 1
    endloop
  endfacet
  facet normal 0 0 1
    outer loop
      vertex 33.1213 103.672 1
      vertex 32.8314 100.229 1
      vertex 32.8386 100.126 1
    endloop
  endfacet
  facet normal 0 0 1
    outer loop
      vertex 33.1213 103.672 1
      vertex 32.8232 100.333 1
      vertex 32.8314 100.229 1
    endloop
  endfacet
  facet normal 0 0 1
    outer loop
      vertex 33.1213 103.672 1
      vertex 32.8138 100.438 1
      vertex 32.8232 100.333 1
    endloop
  endfacet
  facet normal 0 0 1
    outer loop
      vertex 33.1213 103.672 1
      vertex 32.8029 100.542 1
      vertex 32.8138 100.438 1
    endloop
  endfacet
  facet normal 0 0 1
    outer loop
      vertex 33.1213 103.672 1
      vertex 32.7905 100.647 1
      vertex 32.8029 100.542 1
    endloop
  endfacet
  facet normal 0 0 1
    outer loop
      vertex 33.1213 103.672 1
      vertex 32.7766 100.751 1
      vertex 32.7905 100.647 1
    endloop
  endfacet
  facet normal 0 0 1
    outer loop
      vertex 33.1213 103.672 1
      vertex 32.7612 100.856 1
      vertex 32.7766 100.751 1
    endloop
  endfacet
  facet normal 0 0 1
    outer loop
      vertex 33.1213 103.672 1
      vertex 32.7442 100.96 1
      vertex 32.7612 100.856 1
    endloop
  endfacet
  facet normal 0 0 1
    outer loop
      vertex 33.1213 103.672 1
      vertex 32.7258 101.064 1
      vertex 32.7442 100.96 1
    endloop
  endfacet
  facet normal 0 0 1
    outer loop
      vertex 33.1213 103.672 1
      vertex 32.7058 101.168 1
      vertex 32.7258 101.064 1
    endloop
  endfacet
  facet normal 0 0 1
    outer loop
      vertex 33.1213 103.672 1
      vertex 32.6843 101.272 1
      vertex 32.7058 101.168 1
    endloop
  endfacet
  facet normal 0 0 1
    outer loop
      vertex 33.1213 103.672 1
      vertex 32.6612 101.375 1
      vertex 32.6843 101.272 1
    endloop
  endfacet
  facet normal 0 0 1
    outer loop
      vertex 33.1213 103.672 1
      vertex 32.636 101.478 1
      vertex 32.6612 101.375 1
    endloop
  endfacet
  facet normal 0 0 1
    outer loop
      vertex 33.1213 103.672 1
      vertex 32.609 101.58 1
      vertex 32.636 101.478 1
    endloop
  endfacet
  facet normal 0 0 1
    outer loop
      vertex 33.1213 103.672 1
      vertex 32.5801 101.681 1
      vertex 32.609 101.58 1
    endloop
  endfacet
  facet normal 0 0 1
    outer loop
      vertex 33.1213 103.672 1
      vertex 32.5492 101.781 1
      vertex 32.5801 101.681 1
    endloop
  endfacet
  facet normal 0 0 1
    outer loop
      vertex 33.1213 103.672 1
      vertex 32.5164 101.881 1
      vertex 32.5492 101.781 1
    endloop
  endfacet
  facet normal 0 0 1
    outer loop
      vertex 33.1213 103.672 1
      vertex 32.4817 101.981 1
      vertex 32.5164 101.881 1
    endloop
  endfacet
  facet normal 0 0 1
    outer loop
      vertex 33.1213 103.672 1
      vertex 32.4451 102.079 1
      vertex 32.4817 101.981 1
    endloop
  endfacet
  facet normal 0 0 1
    outer loop
      vertex 33.1213 103.672 1
      vertex 32.4066 102.177 1
      vertex 32.4451 102.079 1
    endloop
  endfacet
  facet normal 0 0 1
    outer loop
      vertex 33.1213 103.672 1
      vertex 32.3658 102.273 1
      vertex 32.4066 102.177 1
    endloop
  endfacet
  facet normal 0 0 1
    outer loop
      vertex 33.1213 103.672 1
      vertex 32.3226 102.367 1
      vertex 32.3658 102.273 1
    endloop
  endfacet
  facet normal 0 0 1
    outer loop
      vertex 33.1213 103.672 1
      vertex 32.277 102.458 1
      vertex 32.3226 102.367 1
    endloop
  endfacet
  facet normal 0 0 1
    outer loop
      vertex 33.1213 103.672 1
      vertex 32.2288 102.546 1
      vertex 32.277 102.458 1
    endloop
  endfacet
  facet normal 0 0 1
    outer loop
      vertex 33.1213 103.672 1
      vertex 32.1782 102.632 1
      vertex 32.2288 102.546 1
    endloop
  endfacet
  facet normal 0 0 1
    outer loop
      vertex 33.1213 103.672 1
      vertex 32.1251 102.715 1
      vertex 32.1782 102.632 1
    endloop
  endfacet
  facet normal 0 0 1
    outer loop
      vertex 33.1213 103.672 1
      vertex 32.0696 102.796 1
      vertex 32.1251 102.715 1
    endloop
  endfacet
  facet normal 0 0 1
    outer loop
      vertex 33.1213 103.672 1
      vertex 32.0116 102.874 1
      vertex 32.0696 102.796 1
    endloop
  endfacet
  facet normal 0 0 1
    outer loop
      vertex 33.1213 103.672 1
      vertex 31.9511 102.949 1
      vertex 32.0116 102.874 1
    endloop
  endfacet
  facet normal 0 0 1
    outer loop
      vertex 33.1213 103.672 1
      vertex 31.888 103.022 1
      vertex 31.9511 102.949 1
    endloop
  endfacet
  facet normal 0 0 1
    outer loop
      vertex 33.1213 103.672 1
      vertex 31.8221 103.091 1
      vertex 31.888 103.022 1
    endloop
  endfacet
  facet normal 0 0 1
    outer loop
      vertex 33.1213 103.672 1
      vertex 31.7535 103.157 1
      vertex 31.8221 103.091 1
    endloop
  endfacet
  facet normal 0 0 1
    outer loop
      vertex 33.1213 103.672 1
      vertex 31.6822 103.219 1
      vertex 31.7535 103.157 1
    endloop
  endfacet
  facet normal 0 0 1
    outer loop
      vertex 33.1213 103.672 1
      vertex 31.6081 103.278 1
      vertex 31.6822 103.219 1
    endloop
  endfacet
  facet normal 0 0 1
    outer loop
      vertex 33.1213 103.672 1
      vertex 31.5313 103.334 1
      vertex 31.6081 103.278 1
    endloop
  endfacet
  facet normal 0 0 1
    outer loop
      vertex 33.1213 103.672 1
      vertex 31.4518 103.387 1
      vertex 31.5313 103.334 1
    endloop
  endfacet
  facet normal 0 0 1
    outer loop
      vertex 33.1213 103.672 1
      vertex 31.3695 103.436 1
      vertex 31.4518 103.387 1
    endloop
  endfacet
  facet normal 0 0 1
    outer loop
      vertex 33.1213 103.672 1
      vertex 31.2844 103.483 1
      vertex 31.3695 103.436 1
    endloop
  endfacet
  facet normal 0 0 1
    outer loop
      vertex 33.1213 103.672 1
      vertex 31.1962 103.524 1
      vertex 31.2844 103.483 1
    endloop
  endfacet
  facet normal 0 0 1
    outer loop
      vertex 33.1213 103.672 1
      vertex 31.1044 103.562 1
      vertex 31.1962 103.524 1
    endloop
  endfacet
  facet normal 0 0 1
    outer loop
      vertex 33.1213 103.672 1
      vertex 31.0091 103.594 1
      vertex 31.1044 103.562 1
    endloop
  endfacet
  facet normal 0 0 1
    outer loop
      vertex 33.1213 103.672 1
      vertex 30.9102 103.621 1
      vertex 31.0091 103.594 1
    endloop
  endfacet
  facet normal -0 0 1
    outer loop
      vertex 30.3623 103.683 1
      vertex 33.1213 103.672 1
      vertex 73 105 1
    endloop
  endfacet
  facet normal 0 0 1
    outer loop
      vertex 33.1213 103.672 1
      vertex 30.8078 103.643 1
      vertex 30.9102 103.621 1
    endloop
  endfacet
  facet normal 0 0 1
    outer loop
      vertex 33.1213 103.672 1
      vertex 30.7017 103.66 1
      vertex 30.8078 103.643 1
    endloop
  endfacet
  facet normal 0 0 1
    outer loop
      vertex 33.1213 103.672 1
      vertex 30.5921 103.673 1
      vertex 30.7017 103.66 1
    endloop
  endfacet
  facet normal 0 0 1
    outer loop
      vertex 33.1213 103.672 1
      vertex 30.479 103.68 1
      vertex 30.5921 103.673 1
    endloop
  endfacet
  facet normal 0 0 1
    outer loop
      vertex 33.1213 103.672 1
      vertex 30.3623 103.683 1
      vertex 30.479 103.68 1
    endloop
  endfacet
  facet normal -0 0 1
    outer loop
      vertex 2 105 1
      vertex 30.3623 103.683 1
      vertex 73 105 1
    endloop
  endfacet
  facet normal 0 0 1
    outer loop
      vertex 29.0179 103.683 1
      vertex 28.7796 103.672 1
      vertex 28.9957 95.9052 1
    endloop
  endfacet
  facet normal 0 0 1
    outer loop
      vertex 29.0179 103.683 1
      vertex 27.4019 103.672 1
      vertex 28.7796 103.672 1
    endloop
  endfacet
  facet normal 0 0 1
    outer loop
      vertex 30.3623 103.683 1
      vertex 2 105 1
      vertex 29.0179 103.683 1
    endloop
  endfacet
  facet normal 0 0 1
    outer loop
      vertex 27.1836 101.03 1
      vertex 27.4019 103.672 1
      vertex 27.1848 101.139 1
    endloop
  endfacet
  facet normal 0 0 1
    outer loop
      vertex 27.4019 103.672 1
      vertex 27.1828 101.25 1
      vertex 27.1848 101.139 1
    endloop
  endfacet
  facet normal 0 0 1
    outer loop
      vertex 27.4019 103.672 1
      vertex 27.1769 101.36 1
      vertex 27.1828 101.25 1
    endloop
  endfacet
  facet normal 0 0 1
    outer loop
      vertex 27.4019 103.672 1
      vertex 27.1669 101.468 1
      vertex 27.1769 101.36 1
    endloop
  endfacet
  facet normal 0 0 1
    outer loop
      vertex 27.4019 103.672 1
      vertex 27.153 101.576 1
      vertex 27.1669 101.468 1
    endloop
  endfacet
  facet normal 0 0 1
    outer loop
      vertex 27.4019 103.672 1
      vertex 27.1351 101.683 1
      vertex 27.153 101.576 1
    endloop
  endfacet
  facet normal 0 0 1
    outer loop
      vertex 27.4019 103.672 1
      vertex 27.1132 101.789 1
      vertex 27.1351 101.683 1
    endloop
  endfacet
  facet normal 0 0 1
    outer loop
      vertex 27.4019 103.672 1
      vertex 27.0874 101.893 1
      vertex 27.1132 101.789 1
    endloop
  endfacet
  facet normal 0 0 1
    outer loop
      vertex 27.4019 103.672 1
      vertex 27.0575 101.997 1
      vertex 27.0874 101.893 1
    endloop
  endfacet
  facet normal 0 0 1
    outer loop
      vertex 27.4019 103.672 1
      vertex 27.0237 102.1 1
      vertex 27.0575 101.997 1
    endloop
  endfacet
  facet normal 0 0 1
    outer loop
      vertex 27.4019 103.672 1
      vertex 26.9865 102.201 1
      vertex 27.0237 102.1 1
    endloop
  endfacet
  facet normal 0 0 1
    outer loop
      vertex 27.4019 103.672 1
      vertex 26.9464 102.3 1
      vertex 26.9865 102.201 1
    endloop
  endfacet
  facet normal 0 0 1
    outer loop
      vertex 27.4019 103.672 1
      vertex 26.9033 102.395 1
      vertex 26.9464 102.3 1
    endloop
  endfacet
  facet normal 0 0 1
    outer loop
      vertex 27.4019 103.672 1
      vertex 26.8575 102.488 1
      vertex 26.9033 102.395 1
    endloop
  endfacet
  facet normal 0 0 1
    outer loop
      vertex 27.4019 103.672 1
      vertex 26.8087 102.578 1
      vertex 26.8575 102.488 1
    endloop
  endfacet
  facet normal 0 0 1
    outer loop
      vertex 27.4019 103.672 1
      vertex 26.757 102.666 1
      vertex 26.8087 102.578 1
    endloop
  endfacet
  facet normal 0 0 1
    outer loop
      vertex 27.4019 103.672 1
      vertex 26.7025 102.75 1
      vertex 26.757 102.666 1
    endloop
  endfacet
  facet normal 0 0 1
    outer loop
      vertex 27.4019 103.672 1
      vertex 26.6451 102.832 1
      vertex 26.7025 102.75 1
    endloop
  endfacet
  facet normal 0 0 1
    outer loop
      vertex 27.4019 103.672 1
      vertex 26.5848 102.911 1
      vertex 26.6451 102.832 1
    endloop
  endfacet
  facet normal 0 0 1
    outer loop
      vertex 27.4019 103.672 1
      vertex 26.522 102.987 1
      vertex 26.5848 102.911 1
    endloop
  endfacet
  facet normal 0 0 1
    outer loop
      vertex 27.4019 103.672 1
      vertex 26.457 103.06 1
      vertex 26.522 102.987 1
    endloop
  endfacet
  facet normal 0 0 1
    outer loop
      vertex 27.4019 103.672 1
      vertex 26.3898 103.129 1
      vertex 26.457 103.06 1
    endloop
  endfacet
  facet normal 0 0 1
    outer loop
      vertex 27.4019 103.672 1
      vertex 26.3204 103.194 1
      vertex 26.3898 103.129 1
    endloop
  endfacet
  facet normal 0 0 1
    outer loop
      vertex 27.4019 103.672 1
      vertex 26.2488 103.256 1
      vertex 26.3204 103.194 1
    endloop
  endfacet
  facet normal 0 0 1
    outer loop
      vertex 27.4019 103.672 1
      vertex 26.175 103.314 1
      vertex 26.2488 103.256 1
    endloop
  endfacet
  facet normal 0 0 1
    outer loop
      vertex 27.4019 103.672 1
      vertex 26.099 103.368 1
      vertex 26.175 103.314 1
    endloop
  endfacet
  facet normal 0 0 1
    outer loop
      vertex 27.4019 103.672 1
      vertex 26.0208 103.419 1
      vertex 26.099 103.368 1
    endloop
  endfacet
  facet normal 0 0 1
    outer loop
      vertex 27.4019 103.672 1
      vertex 25.9404 103.467 1
      vertex 26.0208 103.419 1
    endloop
  endfacet
  facet normal 0 0 1
    outer loop
      vertex 27.4019 103.672 1
      vertex 25.8584 103.51 1
      vertex 25.9404 103.467 1
    endloop
  endfacet
  facet normal 0 0 1
    outer loop
      vertex 27.4019 103.672 1
      vertex 25.7753 103.548 1
      vertex 25.8584 103.51 1
    endloop
  endfacet
  facet normal 0 0 1
    outer loop
      vertex 27.4019 103.672 1
      vertex 25.6911 103.581 1
      vertex 25.7753 103.548 1
    endloop
  endfacet
  facet normal 0 0 1
    outer loop
      vertex 27.4019 103.672 1
      vertex 25.6058 103.609 1
      vertex 25.6911 103.581 1
    endloop
  endfacet
  facet normal 0 0 1
    outer loop
      vertex 27.4019 103.672 1
      vertex 25.5193 103.632 1
      vertex 25.6058 103.609 1
    endloop
  endfacet
  facet normal 0 0 1
    outer loop
      vertex 29.0179 103.683 1
      vertex 2 105 1
      vertex 27.4019 103.672 1
    endloop
  endfacet
  facet normal 0 0 1
    outer loop
      vertex 27.4019 103.672 1
      vertex 25.4318 103.649 1
      vertex 25.5193 103.632 1
    endloop
  endfacet
  facet normal 0 0 1
    outer loop
      vertex 27.4019 103.672 1
      vertex 25.3432 103.662 1
      vertex 25.4318 103.649 1
    endloop
  endfacet
  facet normal 0 0 1
    outer loop
      vertex 27.4019 103.672 1
      vertex 25.2535 103.67 1
      vertex 25.3432 103.662 1
    endloop
  endfacet
  facet normal 0 0 1
    outer loop
      vertex 27.4019 103.672 1
      vertex 25.1628 103.672 1
      vertex 25.2535 103.67 1
    endloop
  endfacet
  facet normal 0 0 1
    outer loop
      vertex 27.4019 103.672 1
      vertex 2 105 1
      vertex 25.1628 103.672 1
    endloop
  endfacet
  facet normal -0 0 1
    outer loop
      vertex 23.288 98.6887 1
      vertex 23.4962 95.895 1
      vertex 23.5073 103.672 1
    endloop
  endfacet
  facet normal 0 0 1
    outer loop
      vertex 23.4962 95.895 1
      vertex 23.288 98.6887 1
      vertex 23.2899 98.5843 1
    endloop
  endfacet
  facet normal 0 0 1
    outer loop
      vertex 23.5073 103.672 1
      vertex 23.2825 98.7895 1
      vertex 23.288 98.6887 1
    endloop
  endfacet
  facet normal 0 0 1
    outer loop
      vertex 23.5073 103.672 1
      vertex 23.2732 98.8868 1
      vertex 23.2825 98.7895 1
    endloop
  endfacet
  facet normal 0 0 1
    outer loop
      vertex 23.5073 103.672 1
      vertex 23.2603 98.9805 1
      vertex 23.2732 98.8868 1
    endloop
  endfacet
  facet normal 0 0 1
    outer loop
      vertex 23.2454 102.984 1
      vertex 23.5073 103.672 1
      vertex 23.2454 103.456 1
    endloop
  endfacet
  facet normal 0 0 1
    outer loop
      vertex 23.5073 103.672 1
      vertex 23.2453 103.501 1
      vertex 23.2454 103.456 1
    endloop
  endfacet
  facet normal 0 0 1
    outer loop
      vertex 23.5073 103.672 1
      vertex 23.2449 103.541 1
      vertex 23.2453 103.501 1
    endloop
  endfacet
  facet normal 0 0 1
    outer loop
      vertex 23.5073 103.672 1
      vertex 23.2442 103.576 1
      vertex 23.2449 103.541 1
    endloop
  endfacet
  facet normal 0 0 1
    outer loop
      vertex 23.5073 103.672 1
      vertex 23.2432 103.605 1
      vertex 23.2442 103.576 1
    endloop
  endfacet
  facet normal 0 0 1
    outer loop
      vertex 23.5073 103.672 1
      vertex 23.242 103.63 1
      vertex 23.2432 103.605 1
    endloop
  endfacet
  facet normal 0 0 1
    outer loop
      vertex 23.5073 103.672 1
      vertex 23.2405 103.648 1
      vertex 23.242 103.63 1
    endloop
  endfacet
  facet normal 0 0 1
    outer loop
      vertex 23.5073 103.672 1
      vertex 23.2387 103.662 1
      vertex 23.2405 103.648 1
    endloop
  endfacet
  facet normal 0 0 1
    outer loop
      vertex 23.5073 103.672 1
      vertex 23.2367 103.67 1
      vertex 23.2387 103.662 1
    endloop
  endfacet
  facet normal 0 0 1
    outer loop
      vertex 25.1628 103.672 1
      vertex 2 105 1
      vertex 23.5073 103.672 1
    endloop
  endfacet
  facet normal 0 0 1
    outer loop
      vertex 23.5073 103.672 1
      vertex 23.2344 103.672 1
      vertex 23.2367 103.67 1
    endloop
  endfacet
  facet normal 0 0 1
    outer loop
      vertex 23.5073 103.672 1
      vertex 2 105 1
      vertex 23.2344 103.672 1
    endloop
  endfacet
  facet normal 0 0 1
    outer loop
      vertex 19.9715 101.429 1
      vertex 2 105 1
      vertex 19.9679 101.316 1
    endloop
  endfacet
  facet normal 0 0 1
    outer loop
      vertex 19.9824 101.54 1
      vertex 2 105 1
      vertex 19.9715 101.429 1
    endloop
  endfacet
  facet normal 0 0 1
    outer loop
      vertex 20.0006 101.649 1
      vertex 2 105 1
      vertex 19.9824 101.54 1
    endloop
  endfacet
  facet normal 0 0 1
    outer loop
      vertex 20.026 101.755 1
      vertex 2 105 1
      vertex 20.0006 101.649 1
    endloop
  endfacet
  facet normal 0 0 1
    outer loop
      vertex 20.0587 101.86 1
      vertex 2 105 1
      vertex 20.026 101.755 1
    endloop
  endfacet
  facet normal 0 0 1
    outer loop
      vertex 20.0987 101.963 1
      vertex 2 105 1
      vertex 20.0587 101.86 1
    endloop
  endfacet
  facet normal 0 0 1
    outer loop
      vertex 20.146 102.064 1
      vertex 2 105 1
      vertex 20.0987 101.963 1
    endloop
  endfacet
  facet normal 0 0 1
    outer loop
      vertex 20.2005 102.164 1
      vertex 2 105 1
      vertex 20.146 102.064 1
    endloop
  endfacet
  facet normal 0 0 1
    outer loop
      vertex 20.2623 102.261 1
      vertex 2 105 1
      vertex 20.2005 102.164 1
    endloop
  endfacet
  facet normal 0 0 1
    outer loop
      vertex 20.3298 102.356 1
      vertex 2 105 1
      vertex 20.2623 102.261 1
    endloop
  endfacet
  facet normal 0 0 1
    outer loop
      vertex 20.4017 102.448 1
      vertex 2 105 1
      vertex 20.3298 102.356 1
    endloop
  endfacet
  facet normal 0 0 1
    outer loop
      vertex 20.4777 102.536 1
      vertex 2 105 1
      vertex 20.4017 102.448 1
    endloop
  endfacet
  facet normal 0 0 1
    outer loop
      vertex 20.5581 102.622 1
      vertex 2 105 1
      vertex 20.4777 102.536 1
    endloop
  endfacet
  facet normal 0 0 1
    outer loop
      vertex 20.6426 102.705 1
      vertex 2 105 1
      vertex 20.5581 102.622 1
    endloop
  endfacet
  facet normal 0 0 1
    outer loop
      vertex 20.7314 102.784 1
      vertex 2 105 1
      vertex 20.6426 102.705 1
    endloop
  endfacet
  facet normal 0 0 1
    outer loop
      vertex 20.8245 102.861 1
      vertex 2 105 1
      vertex 20.7314 102.784 1
    endloop
  endfacet
  facet normal 0 0 1
    outer loop
      vertex 20.9218 102.935 1
      vertex 2 105 1
      vertex 20.8245 102.861 1
    endloop
  endfacet
  facet normal 0 0 1
    outer loop
      vertex 21.0234 103.005 1
      vertex 2 105 1
      vertex 20.9218 102.935 1
    endloop
  endfacet
  facet normal 0 0 1
    outer loop
      vertex 21.1285 103.073 1
      vertex 2 105 1
      vertex 21.0234 103.005 1
    endloop
  endfacet
  facet normal 0 0 1
    outer loop
      vertex 21.2366 103.137 1
      vertex 2 105 1
      vertex 21.1285 103.073 1
    endloop
  endfacet
  facet normal 0 0 1
    outer loop
      vertex 21.3475 103.198 1
      vertex 2 105 1
      vertex 21.2366 103.137 1
    endloop
  endfacet
  facet normal 0 0 1
    outer loop
      vertex 21.4612 103.256 1
      vertex 2 105 1
      vertex 21.3475 103.198 1
    endloop
  endfacet
  facet normal 0 0 1
    outer loop
      vertex 21.5779 103.31 1
      vertex 2 105 1
      vertex 21.4612 103.256 1
    endloop
  endfacet
  facet normal 0 0 1
    outer loop
      vertex 21.6974 103.361 1
      vertex 2 105 1
      vertex 21.5779 103.31 1
    endloop
  endfacet
  facet normal 0 0 1
    outer loop
      vertex 21.8199 103.409 1
      vertex 2 105 1
      vertex 21.6974 103.361 1
    endloop
  endfacet
  facet normal 0 0 1
    outer loop
      vertex 21.9451 103.453 1
      vertex 2 105 1
      vertex 21.8199 103.409 1
    endloop
  endfacet
  facet normal 0 0 1
    outer loop
      vertex 22.0733 103.494 1
      vertex 2 105 1
      vertex 21.9451 103.453 1
    endloop
  endfacet
  facet normal 0 0 1
    outer loop
      vertex 22.2029 103.532 1
      vertex 2 105 1
      vertex 22.0733 103.494 1
    endloop
  endfacet
  facet normal 0 0 1
    outer loop
      vertex 22.3323 103.565 1
      vertex 2 105 1
      vertex 22.2029 103.532 1
    endloop
  endfacet
  facet normal 0 0 1
    outer loop
      vertex 22.4616 103.593 1
      vertex 2 105 1
      vertex 22.3323 103.565 1
    endloop
  endfacet
  facet normal 0 0 1
    outer loop
      vertex 22.5907 103.617 1
      vertex 2 105 1
      vertex 22.4616 103.593 1
    endloop
  endfacet
  facet normal 0 0 1
    outer loop
      vertex 22.7197 103.637 1
      vertex 2 105 1
      vertex 22.5907 103.617 1
    endloop
  endfacet
  facet normal 0 0 1
    outer loop
      vertex 22.8486 103.653 1
      vertex 2 105 1
      vertex 22.7197 103.637 1
    endloop
  endfacet
  facet normal 0 0 1
    outer loop
      vertex 22.9773 103.663 1
      vertex 2 105 1
      vertex 22.8486 103.653 1
    endloop
  endfacet
  facet normal 0 0 1
    outer loop
      vertex 23.1059 103.67 1
      vertex 2 105 1
      vertex 22.9773 103.663 1
    endloop
  endfacet
  facet normal 0 0 1
    outer loop
      vertex 23.2344 103.672 1
      vertex 2 105 1
      vertex 23.1059 103.67 1
    endloop
  endfacet
  facet normal 0 0 1
    outer loop
      vertex 73 105 1
      vertex 75 103 1
      vertex 74.9904 103.196 1
    endloop
  endfacet
  facet normal 0 0 1
    outer loop
      vertex 73 105 1
      vertex 74.9904 103.196 1
      vertex 74.9616 103.39 1
    endloop
  endfacet
  facet normal 0 0 1
    outer loop
      vertex 73 105 1
      vertex 74.9616 103.39 1
      vertex 74.9139 103.581 1
    endloop
  endfacet
  facet normal 0 0 1
    outer loop
      vertex 73 105 1
      vertex 74.9139 103.581 1
      vertex 74.8477 103.765 1
    endloop
  endfacet
  facet normal 0 0 1
    outer loop
      vertex 73 105 1
      vertex 74.8477 103.765 1
      vertex 74.7638 103.943 1
    endloop
  endfacet
  facet normal 0 0 1
    outer loop
      vertex 73 105 1
      vertex 74.7638 103.943 1
      vertex 74.6629 104.111 1
    endloop
  endfacet
  facet normal 0 0 1
    outer loop
      vertex 73 105 1
      vertex 74.6629 104.111 1
      vertex 74.546 104.269 1
    endloop
  endfacet
  facet normal 0 0 1
    outer loop
      vertex 73 105 1
      vertex 74.546 104.269 1
      vertex 74.4142 104.414 1
    endloop
  endfacet
  facet normal 0 0 1
    outer loop
      vertex 73 105 1
      vertex 74.4142 104.414 1
      vertex 74.2688 104.546 1
    endloop
  endfacet
  facet normal 0 0 1
    outer loop
      vertex 73 105 1
      vertex 74.2688 104.546 1
      vertex 74.1111 104.663 1
    endloop
  endfacet
  facet normal 0 0 1
    outer loop
      vertex 73 105 1
      vertex 74.1111 104.663 1
      vertex 73.9428 104.764 1
    endloop
  endfacet
  facet normal 0 0 1
    outer loop
      vertex 73 105 1
      vertex 73.9428 104.764 1
      vertex 73.7654 104.848 1
    endloop
  endfacet
  facet normal 0 0 1
    outer loop
      vertex 73 105 1
      vertex 73.7654 104.848 1
      vertex 73.5806 104.914 1
    endloop
  endfacet
  facet normal 0 0 1
    outer loop
      vertex 73 105 1
      vertex 73.5806 104.914 1
      vertex 73.3902 104.962 1
    endloop
  endfacet
  facet normal 0 0 1
    outer loop
      vertex 73 105 1
      vertex 73.3902 104.962 1
      vertex 73.196 104.99 1
    endloop
  endfacet
  facet normal 0 0 1
    outer loop
      vertex 75 103 1
      vertex 73 105 1
      vertex 75 95.5 1
    endloop
  endfacet
  facet normal 0 0 1
    outer loop
      vertex 55.0996 95.895 1
      vertex 73 105 1
      vertex 55.0996 103.672 1
    endloop
  endfacet
  facet normal 0 0 1
    outer loop
      vertex 73 105 1
      vertex 55.0996 95.895 1
      vertex 75 95.5 1
    endloop
  endfacet
  facet normal -0 0 1
    outer loop
      vertex 53.6774 95.895 1
      vertex 75 95.5 1
      vertex 55.0996 95.895 1
    endloop
  endfacet
  facet normal 0 0 1
    outer loop
      vertex 52.4775 95.8839 1
      vertex 53.6774 95.895 1
      vertex 52.4775 99.6059 1
    endloop
  endfacet
  facet normal -0 0 1
    outer loop
      vertex 52.4775 95.8839 1
      vertex 75 95.5 1
      vertex 53.6774 95.895 1
    endloop
  endfacet
  facet normal 0 0 1
    outer loop
      vertex 51.0998 95.895 1
      vertex 75 95.5 1
      vertex 52.4775 95.8839 1
    endloop
  endfacet
  facet normal -0 0 1
    outer loop
      vertex 49.7304 95.895 1
      vertex 75 95.5 1
      vertex 51.0998 95.895 1
    endloop
  endfacet
  facet normal -0 0 1
    outer loop
      vertex 48.4861 97.0931 1
      vertex 49.7304 95.895 1
      vertex 49.5749 97.0931 1
    endloop
  endfacet
  facet normal 0 0 1
    outer loop
      vertex 48.3194 95.895 1
      vertex 49.7304 95.895 1
      vertex 48.4861 97.0931 1
    endloop
  endfacet
  facet normal -0 0 1
    outer loop
      vertex 48.3194 95.895 1
      vertex 75 95.5 1
      vertex 49.7304 95.895 1
    endloop
  endfacet
  facet normal 0 0 1
    outer loop
      vertex 46.9485 95.8848 1
      vertex 48.3194 95.895 1
      vertex 46.9485 95.895 1
    endloop
  endfacet
  facet normal 0 0 1
    outer loop
      vertex 48.3194 95.895 1
      vertex 46.9485 95.8848 1
      vertex 75 95.5 1
    endloop
  endfacet
  facet normal -0 0 1
    outer loop
      vertex 45.5041 95.8848 1
      vertex 75 95.5 1
      vertex 46.9485 95.8848 1
    endloop
  endfacet
  facet normal -0 0 1
    outer loop
      vertex 44.1264 95.895 1
      vertex 45.5041 95.8848 1
      vertex 44.8709 95.895 1
    endloop
  endfacet
  facet normal 0 0 1
    outer loop
      vertex 44.1264 95.895 1
      vertex 75 95.5 1
      vertex 45.5041 95.8848 1
    endloop
  endfacet
  facet normal 0 0 1
    outer loop
      vertex 43.4931 95.895 1
      vertex 44.1264 95.895 1
      vertex 43.4931 99.6064 1
    endloop
  endfacet
  facet normal -0 0 1
    outer loop
      vertex 43.4931 95.895 1
      vertex 75 95.5 1
      vertex 44.1264 95.895 1
    endloop
  endfacet
  facet normal -0 0 1
    outer loop
      vertex 42.0821 95.895 1
      vertex 75 95.5 1
      vertex 43.4931 95.895 1
    endloop
  endfacet
  facet normal -0 0 1
    outer loop
      vertex 39.9039 95.895 1
      vertex 75 95.5 1
      vertex 42.0821 95.895 1
    endloop
  endfacet
  facet normal -0 0 1
    outer loop
      vertex 38.4819 95.895 1
      vertex 75 95.5 1
      vertex 39.9039 95.895 1
    endloop
  endfacet
  facet normal 0 0 1
    outer loop
      vertex 37.493 95.895 1
      vertex 37.8041 98.506 1
      vertex 37.493 98.4504 1
    endloop
  endfacet
  facet normal 0 0 1
    outer loop
      vertex 37.8041 98.506 1
      vertex 37.493 95.895 1
      vertex 38.4819 95.895 1
    endloop
  endfacet
  facet normal -0 0 1
    outer loop
      vertex 37.493 95.895 1
      vertex 75 95.5 1
      vertex 38.4819 95.895 1
    endloop
  endfacet
  facet normal -0 0 1
    outer loop
      vertex 36.0931 95.895 1
      vertex 75 95.5 1
      vertex 37.493 95.895 1
    endloop
  endfacet
  facet normal 0 0 1
    outer loop
      vertex 35.7544 95.895 1
      vertex 36.0931 95.895 1
      vertex 35.7544 97.3389 1
    endloop
  endfacet
  facet normal -0 0 1
    outer loop
      vertex 35.7544 95.895 1
      vertex 75 95.5 1
      vertex 36.0931 95.895 1
    endloop
  endfacet
  facet normal -0 0 1
    outer loop
      vertex 33.1213 95.895 1
      vertex 75 95.5 1
      vertex 35.7544 95.895 1
    endloop
  endfacet
  facet normal -0 0 1
    outer loop
      vertex 32.8598 99.2665 1
      vertex 33.1213 95.895 1
      vertex 32.8621 99.4606 1
    endloop
  endfacet
  facet normal -0 0 1
    outer loop
      vertex 32.853 99.0793 1
      vertex 33.1213 95.895 1
      vertex 32.8598 99.2665 1
    endloop
  endfacet
  facet normal -0 0 1
    outer loop
      vertex 32.8417 98.8989 1
      vertex 33.1213 95.895 1
      vertex 32.853 99.0793 1
    endloop
  endfacet
  facet normal -0 0 1
    outer loop
      vertex 32.8259 98.7254 1
      vertex 33.1213 95.895 1
      vertex 32.8417 98.8989 1
    endloop
  endfacet
  facet normal -0 0 1
    outer loop
      vertex 32.8055 98.5587 1
      vertex 33.1213 95.895 1
      vertex 32.8259 98.7254 1
    endloop
  endfacet
  facet normal -0 0 1
    outer loop
      vertex 32.7806 98.3989 1
      vertex 33.1213 95.895 1
      vertex 32.8055 98.5587 1
    endloop
  endfacet
  facet normal -0 0 1
    outer loop
      vertex 32.7512 98.2459 1
      vertex 33.1213 95.895 1
      vertex 32.7806 98.3989 1
    endloop
  endfacet
  facet normal -0 0 1
    outer loop
      vertex 32.7172 98.0998 1
      vertex 33.1213 95.895 1
      vertex 32.7512 98.2459 1
    endloop
  endfacet
  facet normal -0 0 1
    outer loop
      vertex 32.6787 97.9606 1
      vertex 33.1213 95.895 1
      vertex 32.7172 98.0998 1
    endloop
  endfacet
  facet normal -0 0 1
    outer loop
      vertex 32.6368 97.8276 1
      vertex 33.1213 95.895 1
      vertex 32.6787 97.9606 1
    endloop
  endfacet
  facet normal -0 0 1
    outer loop
      vertex 32.5923 97.7 1
      vertex 33.1213 95.895 1
      vertex 32.6368 97.8276 1
    endloop
  endfacet
  facet normal -0 0 1
    outer loop
      vertex 32.5454 97.5779 1
      vertex 33.1213 95.895 1
      vertex 32.5923 97.7 1
    endloop
  endfacet
  facet normal -0 0 1
    outer loop
      vertex 32.496 97.4613 1
      vertex 33.1213 95.895 1
      vertex 32.5454 97.5779 1
    endloop
  endfacet
  facet normal -0 0 1
    outer loop
      vertex 32.4442 97.3502 1
      vertex 33.1213 95.895 1
      vertex 32.496 97.4613 1
    endloop
  endfacet
  facet normal -0 0 1
    outer loop
      vertex 32.3899 97.2446 1
      vertex 33.1213 95.895 1
      vertex 32.4442 97.3502 1
    endloop
  endfacet
  facet normal -0 0 1
    outer loop
      vertex 32.3331 97.1445 1
      vertex 33.1213 95.895 1
      vertex 32.3899 97.2446 1
    endloop
  endfacet
  facet normal -0 0 1
    outer loop
      vertex 32.2738 97.0499 1
      vertex 33.1213 95.895 1
      vertex 32.3331 97.1445 1
    endloop
  endfacet
  facet normal -0 0 1
    outer loop
      vertex 32.2121 96.9607 1
      vertex 33.1213 95.895 1
      vertex 32.2738 97.0499 1
    endloop
  endfacet
  facet normal -0 0 1
    outer loop
      vertex 32.1488 96.8763 1
      vertex 33.1213 95.895 1
      vertex 32.2121 96.9607 1
    endloop
  endfacet
  facet normal -0 0 1
    outer loop
      vertex 32.0848 96.7961 1
      vertex 33.1213 95.895 1
      vertex 32.1488 96.8763 1
    endloop
  endfacet
  facet normal -0 0 1
    outer loop
      vertex 32.0202 96.72 1
      vertex 33.1213 95.895 1
      vertex 32.0848 96.7961 1
    endloop
  endfacet
  facet normal -0 0 1
    outer loop
      vertex 31.9548 96.648 1
      vertex 33.1213 95.895 1
      vertex 32.0202 96.72 1
    endloop
  endfacet
  facet normal -0 0 1
    outer loop
      vertex 31.8887 96.5801 1
      vertex 33.1213 95.895 1
      vertex 31.9548 96.648 1
    endloop
  endfacet
  facet normal -0 0 1
    outer loop
      vertex 31.822 96.5163 1
      vertex 33.1213 95.895 1
      vertex 31.8887 96.5801 1
    endloop
  endfacet
  facet normal -0 0 1
    outer loop
      vertex 31.7546 96.4566 1
      vertex 33.1213 95.895 1
      vertex 31.822 96.5163 1
    endloop
  endfacet
  facet normal -0 0 1
    outer loop
      vertex 31.6865 96.4011 1
      vertex 33.1213 95.895 1
      vertex 31.7546 96.4566 1
    endloop
  endfacet
  facet normal -0 0 1
    outer loop
      vertex 31.6177 96.3497 1
      vertex 33.1213 95.895 1
      vertex 31.6865 96.4011 1
    endloop
  endfacet
  facet normal -0 0 1
    outer loop
      vertex 31.4925 96.2673 1
      vertex 33.1213 95.895 1
      vertex 31.6177 96.3497 1
    endloop
  endfacet
  facet normal -0 0 1
    outer loop
      vertex 31.3637 96.1933 1
      vertex 33.1213 95.895 1
      vertex 31.4925 96.2673 1
    endloop
  endfacet
  facet normal -0 0 1
    outer loop
      vertex 31.2313 96.1274 1
      vertex 33.1213 95.895 1
      vertex 31.3637 96.1933 1
    endloop
  endfacet
  facet normal -0 0 1
    outer loop
      vertex 31.0954 96.0698 1
      vertex 33.1213 95.895 1
      vertex 31.2313 96.1274 1
    endloop
  endfacet
  facet normal -0 0 1
    outer loop
      vertex 30.9559 96.0204 1
      vertex 33.1213 95.895 1
      vertex 31.0954 96.0698 1
    endloop
  endfacet
  facet normal -0 0 1
    outer loop
      vertex 30.8128 95.9793 1
      vertex 33.1213 95.895 1
      vertex 30.9559 96.0204 1
    endloop
  endfacet
  facet normal -0 0 1
    outer loop
      vertex 30.6662 95.9464 1
      vertex 33.1213 95.895 1
      vertex 30.8128 95.9793 1
    endloop
  endfacet
  facet normal -0 0 1
    outer loop
      vertex 30.516 95.9217 1
      vertex 33.1213 95.895 1
      vertex 30.6662 95.9464 1
    endloop
  endfacet
  facet normal -0 0 1
    outer loop
      vertex 30.3623 95.9052 1
      vertex 33.1213 95.895 1
      vertex 30.516 95.9217 1
    endloop
  endfacet
  facet normal 0 0 1
    outer loop
      vertex 30.3623 95.9052 1
      vertex 75 95.5 1
      vertex 33.1213 95.895 1
    endloop
  endfacet
  facet normal 0 0 1
    outer loop
      vertex 28.7796 95.895 1
      vertex 30.3623 95.9052 1
      vertex 28.9957 95.9052 1
    endloop
  endfacet
  facet normal 0 0 1
    outer loop
      vertex 28.7796 95.895 1
      vertex 28.9957 95.9052 1
      vertex 28.7796 103.672 1
    endloop
  endfacet
  facet normal 0 0 1
    outer loop
      vertex 30.3623 95.9052 1
      vertex 28.7796 95.895 1
      vertex 75 95.5 1
    endloop
  endfacet
  facet normal -0 0 1
    outer loop
      vertex 27.4019 95.895 1
      vertex 75 95.5 1
      vertex 28.7796 95.895 1
    endloop
  endfacet
  facet normal 0 0 1
    outer loop
      vertex 27.4019 103.672 1
      vertex 27.1836 101.03 1
      vertex 27.4019 95.895 1
    endloop
  endfacet
  facet normal -0 0 1
    outer loop
      vertex 27.1799 100.923 1
      vertex 27.4019 95.895 1
      vertex 27.1836 101.03 1
    endloop
  endfacet
  facet normal -0 0 1
    outer loop
      vertex 27.1737 100.818 1
      vertex 27.4019 95.895 1
      vertex 27.1799 100.923 1
    endloop
  endfacet
  facet normal -0 0 1
    outer loop
      vertex 27.1651 100.717 1
      vertex 27.4019 95.895 1
      vertex 27.1737 100.818 1
    endloop
  endfacet
  facet normal -0 0 1
    outer loop
      vertex 27.154 100.618 1
      vertex 27.4019 95.895 1
      vertex 27.1651 100.717 1
    endloop
  endfacet
  facet normal -0 0 1
    outer loop
      vertex 27.1404 100.522 1
      vertex 27.4019 95.895 1
      vertex 27.154 100.618 1
    endloop
  endfacet
  facet normal -0 0 1
    outer loop
      vertex 27.1243 100.429 1
      vertex 27.4019 95.895 1
      vertex 27.1404 100.522 1
    endloop
  endfacet
  facet normal -0 0 1
    outer loop
      vertex 27.1058 100.338 1
      vertex 27.4019 95.895 1
      vertex 27.1243 100.429 1
    endloop
  endfacet
  facet normal -0 0 1
    outer loop
      vertex 27.0848 100.25 1
      vertex 27.4019 95.895 1
      vertex 27.1058 100.338 1
    endloop
  endfacet
  facet normal -0 0 1
    outer loop
      vertex 27.0619 100.165 1
      vertex 27.4019 95.895 1
      vertex 27.0848 100.25 1
    endloop
  endfacet
  facet normal -0 0 1
    outer loop
      vertex 27.0376 100.083 1
      vertex 27.4019 95.895 1
      vertex 27.0619 100.165 1
    endloop
  endfacet
  facet normal -0 0 1
    outer loop
      vertex 27.012 100.003 1
      vertex 27.4019 95.895 1
      vertex 27.0376 100.083 1
    endloop
  endfacet
  facet normal -0 0 1
    outer loop
      vertex 26.985 99.9257 1
      vertex 27.4019 95.895 1
      vertex 27.012 100.003 1
    endloop
  endfacet
  facet normal -0 0 1
    outer loop
      vertex 26.9566 99.851 1
      vertex 27.4019 95.895 1
      vertex 26.985 99.9257 1
    endloop
  endfacet
  facet normal -0 0 1
    outer loop
      vertex 26.9268 99.7789 1
      vertex 27.4019 95.895 1
      vertex 26.9566 99.851 1
    endloop
  endfacet
  facet normal -0 0 1
    outer loop
      vertex 26.8957 99.7095 1
      vertex 27.4019 95.895 1
      vertex 26.9268 99.7789 1
    endloop
  endfacet
  facet normal -0 0 1
    outer loop
      vertex 26.8632 99.6426 1
      vertex 27.4019 95.895 1
      vertex 26.8957 99.7095 1
    endloop
  endfacet
  facet normal -0 0 1
    outer loop
      vertex 26.8293 99.5784 1
      vertex 27.4019 95.895 1
      vertex 26.8632 99.6426 1
    endloop
  endfacet
  facet normal -0 0 1
    outer loop
      vertex 26.7941 99.5165 1
      vertex 27.4019 95.895 1
      vertex 26.8293 99.5784 1
    endloop
  endfacet
  facet normal -0 0 1
    outer loop
      vertex 26.7577 99.4568 1
      vertex 27.4019 95.895 1
      vertex 26.7941 99.5165 1
    endloop
  endfacet
  facet normal -0 0 1
    outer loop
      vertex 26.7201 99.3994 1
      vertex 27.4019 95.895 1
      vertex 26.7577 99.4568 1
    endloop
  endfacet
  facet normal -0 0 1
    outer loop
      vertex 26.6812 99.3441 1
      vertex 27.4019 95.895 1
      vertex 26.7201 99.3994 1
    endloop
  endfacet
  facet normal -0 0 1
    outer loop
      vertex 26.6411 99.291 1
      vertex 27.4019 95.895 1
      vertex 26.6812 99.3441 1
    endloop
  endfacet
  facet normal -0 0 1
    outer loop
      vertex 26.5997 99.2402 1
      vertex 27.4019 95.895 1
      vertex 26.6411 99.291 1
    endloop
  endfacet
  facet normal -0 0 1
    outer loop
      vertex 26.5571 99.1915 1
      vertex 27.4019 95.895 1
      vertex 26.5997 99.2402 1
    endloop
  endfacet
  facet normal -0 0 1
    outer loop
      vertex 26.5133 99.145 1
      vertex 27.4019 95.895 1
      vertex 26.5571 99.1915 1
    endloop
  endfacet
  facet normal -0 0 1
    outer loop
      vertex 26.4682 99.1007 1
      vertex 27.4019 95.895 1
      vertex 26.5133 99.145 1
    endloop
  endfacet
  facet normal -0 0 1
    outer loop
      vertex 26.4223 99.0582 1
      vertex 27.4019 95.895 1
      vertex 26.4682 99.1007 1
    endloop
  endfacet
  facet normal -0 0 1
    outer loop
      vertex 26.376 99.0173 1
      vertex 27.4019 95.895 1
      vertex 26.4223 99.0582 1
    endloop
  endfacet
  facet normal -0 0 1
    outer loop
      vertex 26.3293 98.9779 1
      vertex 27.4019 95.895 1
      vertex 26.376 99.0173 1
    endloop
  endfacet
  facet normal -0 0 1
    outer loop
      vertex 26.2822 98.9399 1
      vertex 27.4019 95.895 1
      vertex 26.3293 98.9779 1
    endloop
  endfacet
  facet normal -0 0 1
    outer loop
      vertex 26.2347 98.9035 1
      vertex 27.4019 95.895 1
      vertex 26.2822 98.9399 1
    endloop
  endfacet
  facet normal -0 0 1
    outer loop
      vertex 26.1868 98.8686 1
      vertex 27.4019 95.895 1
      vertex 26.2347 98.9035 1
    endloop
  endfacet
  facet normal -0 0 1
    outer loop
      vertex 26.1384 98.8352 1
      vertex 27.4019 95.895 1
      vertex 26.1868 98.8686 1
    endloop
  endfacet
  facet normal -0 0 1
    outer loop
      vertex 26.0897 98.8033 1
      vertex 27.4019 95.895 1
      vertex 26.1384 98.8352 1
    endloop
  endfacet
  facet normal -0 0 1
    outer loop
      vertex 26.0405 98.7729 1
      vertex 27.4019 95.895 1
      vertex 26.0897 98.8033 1
    endloop
  endfacet
  facet normal -0 0 1
    outer loop
      vertex 25.9276 98.7117 1
      vertex 27.4019 95.895 1
      vertex 26.0405 98.7729 1
    endloop
  endfacet
  facet normal -0 0 1
    outer loop
      vertex 25.8112 98.6566 1
      vertex 27.4019 95.895 1
      vertex 25.9276 98.7117 1
    endloop
  endfacet
  facet normal -0 0 1
    outer loop
      vertex 25.6911 98.6075 1
      vertex 27.4019 95.895 1
      vertex 25.8112 98.6566 1
    endloop
  endfacet
  facet normal -0 0 1
    outer loop
      vertex 25.5676 98.5644 1
      vertex 27.4019 95.895 1
      vertex 25.6911 98.6075 1
    endloop
  endfacet
  facet normal 0 0 1
    outer loop
      vertex 24.9072 95.895 1
      vertex 25.5676 98.5644 1
      vertex 25.4404 98.5274 1
    endloop
  endfacet
  facet normal 0 0 1
    outer loop
      vertex 24.9072 95.895 1
      vertex 25.4404 98.5274 1
      vertex 25.3097 98.4964 1
    endloop
  endfacet
  facet normal 0 0 1
    outer loop
      vertex 24.9072 95.895 1
      vertex 25.3097 98.4964 1
      vertex 25.1754 98.4715 1
    endloop
  endfacet
  facet normal 0 0 1
    outer loop
      vertex 24.9072 95.895 1
      vertex 25.1754 98.4715 1
      vertex 25.0375 98.4525 1
    endloop
  endfacet
  facet normal 0 0 1
    outer loop
      vertex 25.5676 98.5644 1
      vertex 24.9072 95.895 1
      vertex 27.4019 95.895 1
    endloop
  endfacet
  facet normal -0 0 1
    outer loop
      vertex 24.9072 95.895 1
      vertex 75 95.5 1
      vertex 27.4019 95.895 1
    endloop
  endfacet
  facet normal -0 0 1
    outer loop
      vertex 23.4962 95.895 1
      vertex 75 95.5 1
      vertex 24.9072 95.895 1
    endloop
  endfacet
  facet normal -0 0 1
    outer loop
      vertex 23.2867 98.4288 1
      vertex 23.4962 95.895 1
      vertex 23.2899 98.5843 1
    endloop
  endfacet
  facet normal -0 0 1
    outer loop
      vertex 23.277 98.2784 1
      vertex 23.4962 95.895 1
      vertex 23.2867 98.4288 1
    endloop
  endfacet
  facet normal -0 0 1
    outer loop
      vertex 23.2609 98.133 1
      vertex 23.4962 95.895 1
      vertex 23.277 98.2784 1
    endloop
  endfacet
  facet normal -0 0 1
    outer loop
      vertex 23.2383 97.9927 1
      vertex 23.4962 95.895 1
      vertex 23.2609 98.133 1
    endloop
  endfacet
  facet normal -0 0 1
    outer loop
      vertex 23.2093 97.8575 1
      vertex 23.4962 95.895 1
      vertex 23.2383 97.9927 1
    endloop
  endfacet
  facet normal -0 0 1
    outer loop
      vertex 23.1738 97.7274 1
      vertex 23.4962 95.895 1
      vertex 23.2093 97.8575 1
    endloop
  endfacet
  facet normal -0 0 1
    outer loop
      vertex 23.1319 97.6023 1
      vertex 23.4962 95.895 1
      vertex 23.1738 97.7274 1
    endloop
  endfacet
  facet normal -0 0 1
    outer loop
      vertex 23.0836 97.4823 1
      vertex 23.4962 95.895 1
      vertex 23.1319 97.6023 1
    endloop
  endfacet
  facet normal -0 0 1
    outer loop
      vertex 23.0288 97.3674 1
      vertex 23.4962 95.895 1
      vertex 23.0836 97.4823 1
    endloop
  endfacet
  facet normal -0 0 1
    outer loop
      vertex 22.9684 97.2572 1
      vertex 23.4962 95.895 1
      vertex 23.0288 97.3674 1
    endloop
  endfacet
  facet normal -0 0 1
    outer loop
      vertex 22.9034 97.1515 1
      vertex 23.4962 95.895 1
      vertex 22.9684 97.2572 1
    endloop
  endfacet
  facet normal -0 0 1
    outer loop
      vertex 22.8337 97.0501 1
      vertex 23.4962 95.895 1
      vertex 22.9034 97.1515 1
    endloop
  endfacet
  facet normal -0 0 1
    outer loop
      vertex 22.7594 96.9531 1
      vertex 23.4962 95.895 1
      vertex 22.8337 97.0501 1
    endloop
  endfacet
  facet normal -0 0 1
    outer loop
      vertex 22.6804 96.8605 1
      vertex 23.4962 95.895 1
      vertex 22.7594 96.9531 1
    endloop
  endfacet
  facet normal -0 0 1
    outer loop
      vertex 22.5967 96.7723 1
      vertex 23.4962 95.895 1
      vertex 22.6804 96.8605 1
    endloop
  endfacet
  facet normal -0 0 1
    outer loop
      vertex 22.5084 96.6884 1
      vertex 23.4962 95.895 1
      vertex 22.5967 96.7723 1
    endloop
  endfacet
  facet normal -0 0 1
    outer loop
      vertex 22.4154 96.609 1
      vertex 23.4962 95.895 1
      vertex 22.5084 96.6884 1
    endloop
  endfacet
  facet normal -0 0 1
    outer loop
      vertex 22.3177 96.534 1
      vertex 23.4962 95.895 1
      vertex 22.4154 96.609 1
    endloop
  endfacet
  facet normal -0 0 1
    outer loop
      vertex 22.2159 96.4632 1
      vertex 23.4962 95.895 1
      vertex 22.3177 96.534 1
    endloop
  endfacet
  facet normal -0 0 1
    outer loop
      vertex 22.1103 96.3968 1
      vertex 23.4962 95.895 1
      vertex 22.2159 96.4632 1
    endloop
  endfacet
  facet normal -0 0 1
    outer loop
      vertex 22.0011 96.3345 1
      vertex 23.4962 95.895 1
      vertex 22.1103 96.3968 1
    endloop
  endfacet
  facet normal -0 0 1
    outer loop
      vertex 21.8881 96.2766 1
      vertex 23.4962 95.895 1
      vertex 22.0011 96.3345 1
    endloop
  endfacet
  facet normal -0 0 1
    outer loop
      vertex 21.7714 96.2229 1
      vertex 23.4962 95.895 1
      vertex 21.8881 96.2766 1
    endloop
  endfacet
  facet normal -0 0 1
    outer loop
      vertex 21.6511 96.1734 1
      vertex 23.4962 95.895 1
      vertex 21.7714 96.2229 1
    endloop
  endfacet
  facet normal -0 0 1
    outer loop
      vertex 21.527 96.1282 1
      vertex 23.4962 95.895 1
      vertex 21.6511 96.1734 1
    endloop
  endfacet
  facet normal -0 0 1
    outer loop
      vertex 21.3992 96.0872 1
      vertex 23.4962 95.895 1
      vertex 21.527 96.1282 1
    endloop
  endfacet
  facet normal -0 0 1
    outer loop
      vertex 21.2677 96.0505 1
      vertex 23.4962 95.895 1
      vertex 21.3992 96.0872 1
    endloop
  endfacet
  facet normal -0 0 1
    outer loop
      vertex 21.1336 96.0179 1
      vertex 23.4962 95.895 1
      vertex 21.2677 96.0505 1
    endloop
  endfacet
  facet normal -0 0 1
    outer loop
      vertex 20.9978 95.9891 1
      vertex 23.4962 95.895 1
      vertex 21.1336 96.0179 1
    endloop
  endfacet
  facet normal -0 0 1
    outer loop
      vertex 20.8604 95.9641 1
      vertex 23.4962 95.895 1
      vertex 20.9978 95.9891 1
    endloop
  endfacet
  facet normal -0 0 1
    outer loop
      vertex 20.7213 95.943 1
      vertex 23.4962 95.895 1
      vertex 20.8604 95.9641 1
    endloop
  endfacet
  facet normal -0 0 1
    outer loop
      vertex 20.5806 95.9257 1
      vertex 23.4962 95.895 1
      vertex 20.7213 95.943 1
    endloop
  endfacet
  facet normal -0 0 1
    outer loop
      vertex 20.4382 95.9123 1
      vertex 23.4962 95.895 1
      vertex 20.5806 95.9257 1
    endloop
  endfacet
  facet normal -0 0 1
    outer loop
      vertex 20.2942 95.9027 1
      vertex 23.4962 95.895 1
      vertex 20.4382 95.9123 1
    endloop
  endfacet
  facet normal -0 0 1
    outer loop
      vertex 20.1485 95.8969 1
      vertex 23.4962 95.895 1
      vertex 20.2942 95.9027 1
    endloop
  endfacet
  facet normal 0 0 1
    outer loop
      vertex 20.0012 95.895 1
      vertex 23.4962 95.895 1
      vertex 20.1485 95.8969 1
    endloop
  endfacet
  facet normal 0 0 1
    outer loop
      vertex 0 95.5 1
      vertex 23.4962 95.895 1
      vertex 20.0012 95.895 1
    endloop
  endfacet
  facet normal 0 0 1
    outer loop
      vertex 2 105 1
      vertex 19.9953 100.913 1
      vertex 19.9833 101.008 1
    endloop
  endfacet
  facet normal 0 0 1
    outer loop
      vertex 2 105 1
      vertex 19.9833 101.008 1
      vertex 19.9747 101.107 1
    endloop
  endfacet
  facet normal 0 0 1
    outer loop
      vertex 2 105 1
      vertex 19.9747 101.107 1
      vertex 19.9696 101.21 1
    endloop
  endfacet
  facet normal 0 0 1
    outer loop
      vertex 2 105 1
      vertex 19.9696 101.21 1
      vertex 19.9679 101.316 1
    endloop
  endfacet
  facet normal 0 0 1
    outer loop
      vertex 0 95.5 1
      vertex 20.0012 97.2825 1
      vertex 2 105 1
    endloop
  endfacet
  facet normal 0 0 1
    outer loop
      vertex 0 103 1
      vertex 2 105 1
      vertex 1.80396 104.99 1
    endloop
  endfacet
  facet normal 0 0 1
    outer loop
      vertex 0 103 1
      vertex 1.80396 104.99 1
      vertex 1.60982 104.962 1
    endloop
  endfacet
  facet normal 0 0 1
    outer loop
      vertex 0 103 1
      vertex 1.60982 104.962 1
      vertex 1.41942 104.914 1
    endloop
  endfacet
  facet normal 0 0 1
    outer loop
      vertex 0 103 1
      vertex 1.41942 104.914 1
      vertex 1.23462 104.848 1
    endloop
  endfacet
  facet normal 0 0 1
    outer loop
      vertex 0 103 1
      vertex 1.23462 104.848 1
      vertex 1.05721 104.764 1
    endloop
  endfacet
  facet normal 0 0 1
    outer loop
      vertex 0 103 1
      vertex 1.05721 104.764 1
      vertex 0.888855 104.663 1
    endloop
  endfacet
  facet normal 0 0 1
    outer loop
      vertex 0 103 1
      vertex 0.888855 104.663 1
      vertex 0.731201 104.546 1
    endloop
  endfacet
  facet normal 0 0 1
    outer loop
      vertex 0 103 1
      vertex 0.731201 104.546 1
      vertex 0.585785 104.414 1
    endloop
  endfacet
  facet normal 0 0 1
    outer loop
      vertex 0 103 1
      vertex 0.585785 104.414 1
      vertex 0.453964 104.269 1
    endloop
  endfacet
  facet normal 0 0 1
    outer loop
      vertex 0 103 1
      vertex 0.453964 104.269 1
      vertex 0.337051 104.111 1
    endloop
  endfacet
  facet normal 0 0 1
    outer loop
      vertex 0 103 1
      vertex 0.337051 104.111 1
      vertex 0.236145 103.943 1
    endloop
  endfacet
  facet normal 0 0 1
    outer loop
      vertex 0 103 1
      vertex 0.236145 103.943 1
      vertex 0.152237 103.765 1
    endloop
  endfacet
  facet normal 0 0 1
    outer loop
      vertex 0 103 1
      vertex 0.152237 103.765 1
      vertex 0.0861053 103.581 1
    endloop
  endfacet
  facet normal 0 0 1
    outer loop
      vertex 0 103 1
      vertex 0.0861053 103.581 1
      vertex 0.0384216 103.39 1
    endloop
  endfacet
  facet normal 0 0 1
    outer loop
      vertex 0 103 1
      vertex 0.0384216 103.39 1
      vertex 0.0096283 103.196 1
    endloop
  endfacet
  facet normal 0 0 1
    outer loop
      vertex 2 105 1
      vertex 0 103 1
      vertex 0 95.5 1
    endloop
  endfacet
  facet normal 0 0 1
    outer loop
      vertex 23.4962 95.895 1
      vertex 0 95.5 1
      vertex 75 95.5 1
    endloop
  endfacet
  facet normal 0 0 1
    outer loop
      vertex 20.0012 97.2825 1
      vertex 0 95.5 1
      vertex 20.0012 95.895 1
    endloop
  endfacet
  facet normal 0 0 1
    outer loop
      vertex 48.0972 103.672 1
      vertex 46.9485 103.672 1
      vertex 46.9485 96.0143 1
    endloop
  endfacet
  facet normal 0 0 1
    outer loop
      vertex 0 2 1
      vertex 75 2 1
      vertex 75 94.5 1
    endloop
  endfacet
  facet normal 0 -0 1
    outer loop
      vertex 73 0 1
      vertex 75 2 1
      vertex 0 2 1
    endloop
  endfacet
  facet normal 0 0 1
    outer loop
      vertex 75 2 1
      vertex 73 0 1
      vertex 74.9904 1.80396 1
    endloop
  endfacet
  facet normal 0 0 1
    outer loop
      vertex 74.9616 1.60982 1
      vertex 73 0 1
      vertex 74.9139 1.41942 1
    endloop
  endfacet
  facet normal 0 0 1
    outer loop
      vertex 74.9139 1.41942 1
      vertex 73 0 1
      vertex 74.8477 1.23462 1
    endloop
  endfacet
  facet normal 0 0 1
    outer loop
      vertex 74.8477 1.23462 1
      vertex 73 0 1
      vertex 74.7638 1.05721 1
    endloop
  endfacet
  facet normal 0 0 1
    outer loop
      vertex 74.7638 1.05721 1
      vertex 73 0 1
      vertex 74.6629 0.888855 1
    endloop
  endfacet
  facet normal 0 0 1
    outer loop
      vertex 74.6629 0.888855 1
      vertex 73 0 1
      vertex 74.546 0.731201 1
    endloop
  endfacet
  facet normal 0 0 1
    outer loop
      vertex 74.546 0.731201 1
      vertex 73 0 1
      vertex 74.4142 0.585785 1
    endloop
  endfacet
  facet normal 0 0 1
    outer loop
      vertex 74.4142 0.585785 1
      vertex 73 0 1
      vertex 74.2688 0.453964 1
    endloop
  endfacet
  facet normal 0 0 1
    outer loop
      vertex 74.2688 0.453964 1
      vertex 73 0 1
      vertex 74.1111 0.337051 1
    endloop
  endfacet
  facet normal 0 0 1
    outer loop
      vertex 74.1111 0.337051 1
      vertex 73 0 1
      vertex 73.9428 0.236145 1
    endloop
  endfacet
  facet normal 0 0 1
    outer loop
      vertex 73.9428 0.236145 1
      vertex 73 0 1
      vertex 73.7654 0.152237 1
    endloop
  endfacet
  facet normal 0 0 1
    outer loop
      vertex 73.7654 0.152237 1
      vertex 73 0 1
      vertex 73.5806 0.0861053 1
    endloop
  endfacet
  facet normal 0 0 1
    outer loop
      vertex 73.5806 0.0861053 1
      vertex 73 0 1
      vertex 73.3902 0.0384216 1
    endloop
  endfacet
  facet normal 0 0 1
    outer loop
      vertex 73.3902 0.0384216 1
      vertex 73 0 1
      vertex 73.196 0.0096283 1
    endloop
  endfacet
  facet normal 0 0 1
    outer loop
      vertex 74.9904 1.80396 1
      vertex 73 0 1
      vertex 74.9616 1.60982 1
    endloop
  endfacet
  facet normal 0 0 1
    outer loop
      vertex 73 0 1
      vertex 0 2 1
      vertex 2 0 1
    endloop
  endfacet
  facet normal 0 0 1
    outer loop
      vertex 2 0 1
      vertex 0 2 1
      vertex 1.80396 0.0096283 1
    endloop
  endfacet
  facet normal 0 0 1
    outer loop
      vertex 1.80396 0.0096283 1
      vertex 0 2 1
      vertex 1.60982 0.0384216 1
    endloop
  endfacet
  facet normal 0 0 1
    outer loop
      vertex 1.60982 0.0384216 1
      vertex 0 2 1
      vertex 1.41942 0.0861053 1
    endloop
  endfacet
  facet normal 0 0 1
    outer loop
      vertex 1.41942 0.0861053 1
      vertex 0 2 1
      vertex 1.23462 0.152237 1
    endloop
  endfacet
  facet normal 0 0 1
    outer loop
      vertex 1.23462 0.152237 1
      vertex 0 2 1
      vertex 1.05721 0.236145 1
    endloop
  endfacet
  facet normal 0 0 1
    outer loop
      vertex 1.05721 0.236145 1
      vertex 0 2 1
      vertex 0.888855 0.337051 1
    endloop
  endfacet
  facet normal 0 0 1
    outer loop
      vertex 0.888855 0.337051 1
      vertex 0 2 1
      vertex 0.731201 0.453964 1
    endloop
  endfacet
  facet normal 0 0 1
    outer loop
      vertex 0.731201 0.453964 1
      vertex 0 2 1
      vertex 0.585785 0.585785 1
    endloop
  endfacet
  facet normal 0 0 1
    outer loop
      vertex 0.585785 0.585785 1
      vertex 0 2 1
      vertex 0.453964 0.731201 1
    endloop
  endfacet
  facet normal 0 0 1
    outer loop
      vertex 0.453964 0.731201 1
      vertex 0 2 1
      vertex 0.337051 0.888855 1
    endloop
  endfacet
  facet normal 0 0 1
    outer loop
      vertex 0.337051 0.888855 1
      vertex 0 2 1
      vertex 0.236145 1.05721 1
    endloop
  endfacet
  facet normal 0 0 1
    outer loop
      vertex 0.236145 1.05721 1
      vertex 0 2 1
      vertex 0.152237 1.23462 1
    endloop
  endfacet
  facet normal 0 0 1
    outer loop
      vertex 0.152237 1.23462 1
      vertex 0 2 1
      vertex 0.0861053 1.41942 1
    endloop
  endfacet
  facet normal 0 0 1
    outer loop
      vertex 0.0861053 1.41942 1
      vertex 0 2 1
      vertex 0.0384216 1.60982 1
    endloop
  endfacet
  facet normal 0 0 1
    outer loop
      vertex 0 2 1
      vertex 75 94.5 1
      vertex 0 94.5 1
    endloop
  endfacet
  facet normal 0 0 1
    outer loop
      vertex 0.0384216 1.60982 1
      vertex 0 2 1
      vertex 0.0096283 1.80396 1
    endloop
  endfacet
  facet normal 0 0 1
    outer loop
      vertex 31.5172 99.7416 1
      vertex 31.5178 99.6626 1
      vertex 31.5176 99.7009 1
    endloop
  endfacet
  facet normal 0 0 1
    outer loop
      vertex 30.3845 97.085 1
      vertex 31.5178 99.6626 1
      vertex 31.5172 99.7416 1
    endloop
  endfacet
  facet normal 0 0 1
    outer loop
      vertex 30.3845 97.085 1
      vertex 31.5172 99.7416 1
      vertex 31.5165 99.7849 1
    endloop
  endfacet
  facet normal 0 0 1
    outer loop
      vertex 30.3845 97.085 1
      vertex 31.5165 99.7849 1
      vertex 31.5156 99.8305 1
    endloop
  endfacet
  facet normal 0 0 1
    outer loop
      vertex 30.3623 102.351 1
      vertex 31.5156 99.8305 1
      vertex 31.5143 99.8787 1
    endloop
  endfacet
  facet normal 0 0 1
    outer loop
      vertex 31.5178 99.6626 1
      vertex 30.3845 97.085 1
      vertex 31.5168 99.5219 1
    endloop
  endfacet
  facet normal 0 0 1
    outer loop
      vertex 30.3623 102.351 1
      vertex 31.5143 99.8787 1
      vertex 31.5128 99.9293 1
    endloop
  endfacet
  facet normal 0 0 1
    outer loop
      vertex 30.3623 102.351 1
      vertex 31.5128 99.9293 1
      vertex 31.511 99.9824 1
    endloop
  endfacet
  facet normal 0 0 1
    outer loop
      vertex 30.3623 102.351 1
      vertex 31.511 99.9824 1
      vertex 31.509 100.038 1
    endloop
  endfacet
  facet normal 0 0 1
    outer loop
      vertex 31.5168 99.5219 1
      vertex 30.3845 97.085 1
      vertex 31.5137 99.3864 1
    endloop
  endfacet
  facet normal 0 0 1
    outer loop
      vertex 30.3623 102.351 1
      vertex 31.509 100.038 1
      vertex 31.5067 100.096 1
    endloop
  endfacet
  facet normal 0 0 1
    outer loop
      vertex 30.3623 102.351 1
      vertex 31.5067 100.096 1
      vertex 31.5038 100.156 1
    endloop
  endfacet
  facet normal 0 0 1
    outer loop
      vertex 31.5137 99.3864 1
      vertex 30.3845 97.085 1
      vertex 31.5085 99.2558 1
    endloop
  endfacet
  facet normal 0 0 1
    outer loop
      vertex 30.3623 102.351 1
      vertex 31.5038 100.156 1
      vertex 31.5004 100.216 1
    endloop
  endfacet
  facet normal 0 0 1
    outer loop
      vertex 30.3623 102.351 1
      vertex 31.5004 100.216 1
      vertex 31.4962 100.277 1
    endloop
  endfacet
  facet normal 0 0 1
    outer loop
      vertex 31.5085 99.2558 1
      vertex 30.3845 97.085 1
      vertex 31.5013 99.1304 1
    endloop
  endfacet
  facet normal 0 0 1
    outer loop
      vertex 30.3623 102.351 1
      vertex 31.4962 100.277 1
      vertex 31.4913 100.34 1
    endloop
  endfacet
  facet normal 0 0 1
    outer loop
      vertex 30.3623 102.351 1
      vertex 31.4913 100.34 1
      vertex 31.4857 100.403 1
    endloop
  endfacet
  facet normal 0 0 1
    outer loop
      vertex 31.5013 99.1304 1
      vertex 30.3845 97.085 1
      vertex 31.4921 99.01 1
    endloop
  endfacet
  facet normal 0 0 1
    outer loop
      vertex 30.3623 102.351 1
      vertex 31.4857 100.403 1
      vertex 31.4795 100.466 1
    endloop
  endfacet
  facet normal 0 0 1
    outer loop
      vertex 30.3623 102.351 1
      vertex 31.4795 100.466 1
      vertex 31.4726 100.531 1
    endloop
  endfacet
  facet normal 0 0 1
    outer loop
      vertex 31.4921 99.01 1
      vertex 30.3845 97.085 1
      vertex 31.4807 98.8947 1
    endloop
  endfacet
  facet normal 0 0 1
    outer loop
      vertex 30.3623 102.351 1
      vertex 31.4726 100.531 1
      vertex 31.465 100.596 1
    endloop
  endfacet
  facet normal 0 0 1
    outer loop
      vertex 30.3623 102.351 1
      vertex 31.465 100.596 1
      vertex 31.4567 100.663 1
    endloop
  endfacet
  facet normal 0 0 1
    outer loop
      vertex 31.4807 98.8947 1
      vertex 30.3845 97.085 1
      vertex 31.4673 98.7845 1
    endloop
  endfacet
  facet normal 0 0 1
    outer loop
      vertex 30.3623 102.351 1
      vertex 31.4567 100.663 1
      vertex 31.4475 100.729 1
    endloop
  endfacet
  facet normal 0 0 1
    outer loop
      vertex 30.3623 102.351 1
      vertex 31.4475 100.729 1
      vertex 31.4375 100.796 1
    endloop
  endfacet
  facet normal 0 0 1
    outer loop
      vertex 31.4673 98.7845 1
      vertex 30.3845 97.085 1
      vertex 31.4519 98.6794 1
    endloop
  endfacet
  facet normal 0 0 1
    outer loop
      vertex 30.3623 102.351 1
      vertex 31.4375 100.796 1
      vertex 31.4264 100.863 1
    endloop
  endfacet
  facet normal 0 0 1
    outer loop
      vertex 31.4519 98.6794 1
      vertex 30.3845 97.085 1
      vertex 31.4344 98.5793 1
    endloop
  endfacet
  facet normal 0 0 1
    outer loop
      vertex 30.3623 102.351 1
      vertex 31.4264 100.863 1
      vertex 31.4144 100.929 1
    endloop
  endfacet
  facet normal 0 0 1
    outer loop
      vertex 30.3623 102.351 1
      vertex 31.4144 100.929 1
      vertex 31.4015 100.996 1
    endloop
  endfacet
  facet normal 0 0 1
    outer loop
      vertex 31.5156 99.8305 1
      vertex 30.3623 102.351 1
      vertex 30.3845 97.085 1
    endloop
  endfacet
  facet normal 0 0 1
    outer loop
      vertex 30.3623 102.351 1
      vertex 31.4015 100.996 1
      vertex 31.3875 101.063 1
    endloop
  endfacet
  facet normal 0 0 1
    outer loop
      vertex 31.4344 98.5793 1
      vertex 30.3845 97.085 1
      vertex 31.4154 98.4837 1
    endloop
  endfacet
  facet normal 0 0 1
    outer loop
      vertex 30.3623 102.351 1
      vertex 31.3875 101.063 1
      vertex 31.3727 101.129 1
    endloop
  endfacet
  facet normal 0 0 1
    outer loop
      vertex 30.3623 102.351 1
      vertex 31.3727 101.129 1
      vertex 31.3568 101.196 1
    endloop
  endfacet
  facet normal 0 0 1
    outer loop
      vertex 31.4154 98.4837 1
      vertex 30.3845 97.085 1
      vertex 31.3952 98.3917 1
    endloop
  endfacet
  facet normal 0 0 1
    outer loop
      vertex 30.3623 102.351 1
      vertex 31.3568 101.196 1
      vertex 31.34 101.263 1
    endloop
  endfacet
  facet normal 0 0 1
    outer loop
      vertex 31.3952 98.3917 1
      vertex 30.3845 97.085 1
      vertex 31.3739 98.3035 1
    endloop
  endfacet
  facet normal 0 0 1
    outer loop
      vertex 30.3623 102.351 1
      vertex 31.34 101.263 1
      vertex 31.3221 101.329 1
    endloop
  endfacet
  facet normal 0 0 1
    outer loop
      vertex 31.3739 98.3035 1
      vertex 30.3845 97.085 1
      vertex 31.3516 98.2189 1
    endloop
  endfacet
  facet normal 0 0 1
    outer loop
      vertex 30.3623 102.351 1
      vertex 31.3221 101.329 1
      vertex 31.303 101.393 1
    endloop
  endfacet
  facet normal 0 0 1
    outer loop
      vertex 30.3623 102.351 1
      vertex 31.303 101.393 1
      vertex 31.2826 101.456 1
    endloop
  endfacet
  facet normal 0 0 1
    outer loop
      vertex 31.3516 98.2189 1
      vertex 30.3845 97.085 1
      vertex 31.3281 98.138 1
    endloop
  endfacet
  facet normal 0 0 1
    outer loop
      vertex 30.3623 102.351 1
      vertex 31.2826 101.456 1
      vertex 31.261 101.518 1
    endloop
  endfacet
  facet normal 0 0 1
    outer loop
      vertex 31.3281 98.138 1
      vertex 30.3845 97.085 1
      vertex 31.3036 98.0609 1
    endloop
  endfacet
  facet normal 0 0 1
    outer loop
      vertex 30.3623 102.351 1
      vertex 31.261 101.518 1
      vertex 31.2382 101.579 1
    endloop
  endfacet
  facet normal 0 0 1
    outer loop
      vertex 31.3036 98.0609 1
      vertex 30.3845 97.085 1
      vertex 31.2779 97.9874 1
    endloop
  endfacet
  facet normal 0 0 1
    outer loop
      vertex 30.3623 102.351 1
      vertex 31.2382 101.579 1
      vertex 31.2141 101.638 1
    endloop
  endfacet
  facet normal 0 0 1
    outer loop
      vertex 31.2779 97.9874 1
      vertex 30.3845 97.085 1
      vertex 31.2512 97.9177 1
    endloop
  endfacet
  facet normal 0 0 1
    outer loop
      vertex 30.3623 102.351 1
      vertex 31.2141 101.638 1
      vertex 31.1888 101.696 1
    endloop
  endfacet
  facet normal 0 0 1
    outer loop
      vertex 31.2512 97.9177 1
      vertex 30.3845 97.085 1
      vertex 31.2233 97.8517 1
    endloop
  endfacet
  facet normal 0 0 1
    outer loop
      vertex 30.3623 102.351 1
      vertex 31.1888 101.696 1
      vertex 31.1622 101.752 1
    endloop
  endfacet
  facet normal 0 0 1
    outer loop
      vertex 31.2233 97.8517 1
      vertex 30.3845 97.085 1
      vertex 31.1946 97.7891 1
    endloop
  endfacet
  facet normal 0 0 1
    outer loop
      vertex 30.3623 102.351 1
      vertex 31.1622 101.752 1
      vertex 31.1344 101.807 1
    endloop
  endfacet
  facet normal 0 0 1
    outer loop
      vertex 31.1946 97.7891 1
      vertex 30.3845 97.085 1
      vertex 31.1654 97.7298 1
    endloop
  endfacet
  facet normal 0 0 1
    outer loop
      vertex 30.3623 102.351 1
      vertex 31.1344 101.807 1
      vertex 31.1053 101.86 1
    endloop
  endfacet
  facet normal 0 0 1
    outer loop
      vertex 30.3623 102.351 1
      vertex 31.1053 101.86 1
      vertex 31.0746 101.911 1
    endloop
  endfacet
  facet normal 0 0 1
    outer loop
      vertex 31.1654 97.7298 1
      vertex 30.3845 97.085 1
      vertex 31.1357 97.6739 1
    endloop
  endfacet
  facet normal 0 0 1
    outer loop
      vertex 31.1357 97.6739 1
      vertex 30.3845 97.085 1
      vertex 31.1053 97.6212 1
    endloop
  endfacet
  facet normal 0 0 1
    outer loop
      vertex 30.3623 102.351 1
      vertex 31.0746 101.911 1
      vertex 31.0424 101.959 1
    endloop
  endfacet
  facet normal 0 0 1
    outer loop
      vertex 31.1053 97.6212 1
      vertex 30.3845 97.085 1
      vertex 31.0745 97.5718 1
    endloop
  endfacet
  facet normal 0 0 1
    outer loop
      vertex 30.3623 102.351 1
      vertex 31.0424 101.959 1
      vertex 31.0088 102.006 1
    endloop
  endfacet
  facet normal 0 0 1
    outer loop
      vertex 31.0745 97.5718 1
      vertex 30.3845 97.085 1
      vertex 31.0431 97.5257 1
    endloop
  endfacet
  facet normal 0 0 1
    outer loop
      vertex 30.3623 102.351 1
      vertex 31.0088 102.006 1
      vertex 30.9736 102.049 1
    endloop
  endfacet
  facet normal 0 0 1
    outer loop
      vertex 31.0431 97.5257 1
      vertex 30.3845 97.085 1
      vertex 31.0111 97.4829 1
    endloop
  endfacet
  facet normal 0 0 1
    outer loop
      vertex 30.3623 102.351 1
      vertex 30.9736 102.049 1
      vertex 30.9369 102.091 1
    endloop
  endfacet
  facet normal 0 0 1
    outer loop
      vertex 31.0111 97.4829 1
      vertex 30.3845 97.085 1
      vertex 30.9786 97.4434 1
    endloop
  endfacet
  facet normal 0 0 1
    outer loop
      vertex 30.3623 102.351 1
      vertex 30.9369 102.091 1
      vertex 30.8987 102.13 1
    endloop
  endfacet
  facet normal 0 0 1
    outer loop
      vertex 30.9786 97.4434 1
      vertex 30.3845 97.085 1
      vertex 30.9455 97.4072 1
    endloop
  endfacet
  facet normal 0 0 1
    outer loop
      vertex 30.3623 102.351 1
      vertex 30.8987 102.13 1
      vertex 30.859 102.167 1
    endloop
  endfacet
  facet normal 0 0 1
    outer loop
      vertex 30.9455 97.4072 1
      vertex 30.3845 97.085 1
      vertex 30.9125 97.3736 1
    endloop
  endfacet
  facet normal 0 0 1
    outer loop
      vertex 30.3623 102.351 1
      vertex 30.859 102.167 1
      vertex 30.8178 102.201 1
    endloop
  endfacet
  facet normal 0 0 1
    outer loop
      vertex 30.9125 97.3736 1
      vertex 30.3845 97.085 1
      vertex 30.88 97.3422 1
    endloop
  endfacet
  facet normal 0 0 1
    outer loop
      vertex 30.88 97.3422 1
      vertex 30.3845 97.085 1
      vertex 30.848 97.3127 1
    endloop
  endfacet
  facet normal 0 0 1
    outer loop
      vertex 30.3623 102.351 1
      vertex 30.8178 102.201 1
      vertex 30.7748 102.233 1
    endloop
  endfacet
  facet normal 0 0 1
    outer loop
      vertex 30.848 97.3127 1
      vertex 30.3845 97.085 1
      vertex 30.8166 97.2854 1
    endloop
  endfacet
  facet normal 0 0 1
    outer loop
      vertex 30.3623 102.351 1
      vertex 30.7748 102.233 1
      vertex 30.73 102.261 1
    endloop
  endfacet
  facet normal 0 0 1
    outer loop
      vertex 30.8166 97.2854 1
      vertex 30.3845 97.085 1
      vertex 30.7858 97.2601 1
    endloop
  endfacet
  facet normal 0 0 1
    outer loop
      vertex 30.7858 97.2601 1
      vertex 30.3845 97.085 1
      vertex 30.7555 97.2368 1
    endloop
  endfacet
  facet normal 0 0 1
    outer loop
      vertex 30.3623 102.351 1
      vertex 30.73 102.261 1
      vertex 30.6832 102.285 1
    endloop
  endfacet
  facet normal 0 0 1
    outer loop
      vertex 30.7555 97.2368 1
      vertex 30.3845 97.085 1
      vertex 30.7257 97.2156 1
    endloop
  endfacet
  facet normal 0 0 1
    outer loop
      vertex 30.7257 97.2156 1
      vertex 30.3845 97.085 1
      vertex 30.6965 97.1965 1
    endloop
  endfacet
  facet normal 0 0 1
    outer loop
      vertex 30.3623 102.351 1
      vertex 30.6832 102.285 1
      vertex 30.6345 102.305 1
    endloop
  endfacet
  facet normal 0 0 1
    outer loop
      vertex 30.6965 97.1965 1
      vertex 30.3845 97.085 1
      vertex 30.6678 97.1794 1
    endloop
  endfacet
  facet normal 0 0 1
    outer loop
      vertex 30.6678 97.1794 1
      vertex 30.3845 97.085 1
      vertex 30.64 97.1641 1
    endloop
  endfacet
  facet normal 0 0 1
    outer loop
      vertex 30.3623 102.351 1
      vertex 30.6345 102.305 1
      vertex 30.5839 102.322 1
    endloop
  endfacet
  facet normal 0 0 1
    outer loop
      vertex 30.64 97.1641 1
      vertex 30.3845 97.085 1
      vertex 30.6135 97.1503 1
    endloop
  endfacet
  facet normal 0 0 1
    outer loop
      vertex 30.6135 97.1503 1
      vertex 30.3845 97.085 1
      vertex 30.5882 97.1381 1
    endloop
  endfacet
  facet normal 0 0 1
    outer loop
      vertex 30.3623 102.351 1
      vertex 30.5839 102.322 1
      vertex 30.5314 102.335 1
    endloop
  endfacet
  facet normal 0 -0 1
    outer loop
      vertex 30.4623 97.0961 1
      vertex 30.5882 97.1381 1
      vertex 30.3845 97.085 1
    endloop
  endfacet
  facet normal 0 0 1
    outer loop
      vertex 30.5882 97.1381 1
      vertex 30.4623 97.0961 1
      vertex 30.5641 97.1273 1
    endloop
  endfacet
  facet normal 0 0 1
    outer loop
      vertex 30.5641 97.1273 1
      vertex 30.4623 97.0961 1
      vertex 30.5413 97.1181 1
    endloop
  endfacet
  facet normal 0 0 1
    outer loop
      vertex 30.3623 102.351 1
      vertex 30.5314 102.335 1
      vertex 30.4769 102.344 1
    endloop
  endfacet
  facet normal 0 0 1
    outer loop
      vertex 30.5413 97.1181 1
      vertex 30.4623 97.0961 1
      vertex 30.5197 97.1103 1
    endloop
  endfacet
  facet normal 0 0 1
    outer loop
      vertex 30.3623 102.351 1
      vertex 30.4769 102.344 1
      vertex 30.4205 102.349 1
    endloop
  endfacet
  facet normal 0 0 1
    outer loop
      vertex 30.5197 97.1103 1
      vertex 30.4623 97.0961 1
      vertex 30.4993 97.1041 1
    endloop
  endfacet
  facet normal 0 0 1
    outer loop
      vertex 30.4993 97.1041 1
      vertex 30.4623 97.0961 1
      vertex 30.4801 97.0993 1
    endloop
  endfacet
  facet normal 0 0 1
    outer loop
      vertex 37.493 99.8268 1
      vertex 38.3929 101.038 1
      vertex 38.3923 101.09 1
    endloop
  endfacet
  facet normal 0 0 1
    outer loop
      vertex 37.493 99.8268 1
      vertex 38.3923 101.09 1
      vertex 38.3907 101.141 1
    endloop
  endfacet
  facet normal 0 0 1
    outer loop
      vertex 38.3929 101.038 1
      vertex 37.493 99.8268 1
      vertex 38.3923 100.988 1
    endloop
  endfacet
  facet normal 0 0 1
    outer loop
      vertex 37.493 102.315 1
      vertex 38.3907 101.141 1
      vertex 38.388 101.193 1
    endloop
  endfacet
  facet normal 0 0 1
    outer loop
      vertex 38.3923 100.988 1
      vertex 37.493 99.8268 1
      vertex 38.3907 100.94 1
    endloop
  endfacet
  facet normal 0 0 1
    outer loop
      vertex 37.493 102.315 1
      vertex 38.388 101.193 1
      vertex 38.3841 101.244 1
    endloop
  endfacet
  facet normal 0 0 1
    outer loop
      vertex 38.3907 100.94 1
      vertex 37.493 99.8268 1
      vertex 38.388 100.891 1
    endloop
  endfacet
  facet normal 0 0 1
    outer loop
      vertex 37.493 102.315 1
      vertex 38.3841 101.244 1
      vertex 38.3792 101.295 1
    endloop
  endfacet
  facet normal 0 0 1
    outer loop
      vertex 38.388 100.891 1
      vertex 37.493 99.8268 1
      vertex 38.3841 100.842 1
    endloop
  endfacet
  facet normal 0 0 1
    outer loop
      vertex 37.493 102.315 1
      vertex 38.3792 101.295 1
      vertex 38.3731 101.346 1
    endloop
  endfacet
  facet normal 0 0 1
    outer loop
      vertex 38.3841 100.842 1
      vertex 37.493 99.8268 1
      vertex 38.3792 100.794 1
    endloop
  endfacet
  facet normal 0 0 1
    outer loop
      vertex 37.493 102.315 1
      vertex 38.3731 101.346 1
      vertex 38.366 101.397 1
    endloop
  endfacet
  facet normal 0 0 1
    outer loop
      vertex 38.3792 100.794 1
      vertex 37.493 99.8268 1
      vertex 38.3731 100.746 1
    endloop
  endfacet
  facet normal 0 0 1
    outer loop
      vertex 37.493 102.315 1
      vertex 38.366 101.397 1
      vertex 38.3577 101.448 1
    endloop
  endfacet
  facet normal 0 0 1
    outer loop
      vertex 38.3731 100.746 1
      vertex 37.493 99.8268 1
      vertex 38.366 100.699 1
    endloop
  endfacet
  facet normal 0 0 1
    outer loop
      vertex 37.493 102.315 1
      vertex 38.3577 101.448 1
      vertex 38.3484 101.499 1
    endloop
  endfacet
  facet normal 0 0 1
    outer loop
      vertex 38.366 100.699 1
      vertex 37.493 99.8268 1
      vertex 38.3577 100.652 1
    endloop
  endfacet
  facet normal 0 0 1
    outer loop
      vertex 37.493 102.315 1
      vertex 38.3484 101.499 1
      vertex 38.3379 101.549 1
    endloop
  endfacet
  facet normal 0 0 1
    outer loop
      vertex 38.3577 100.652 1
      vertex 37.493 99.8268 1
      vertex 38.3484 100.604 1
    endloop
  endfacet
  facet normal 0 0 1
    outer loop
      vertex 37.493 102.315 1
      vertex 38.3379 101.549 1
      vertex 38.3259 101.598 1
    endloop
  endfacet
  facet normal 0 0 1
    outer loop
      vertex 38.3484 100.604 1
      vertex 37.493 99.8268 1
      vertex 38.3377 100.558 1
    endloop
  endfacet
  facet normal 0 0 1
    outer loop
      vertex 37.493 102.315 1
      vertex 38.3259 101.598 1
      vertex 38.3126 101.646 1
    endloop
  endfacet
  facet normal 0 0 1
    outer loop
      vertex 38.3377 100.558 1
      vertex 37.493 99.8268 1
      vertex 38.3254 100.513 1
    endloop
  endfacet
  facet normal 0 0 1
    outer loop
      vertex 37.493 102.315 1
      vertex 38.3126 101.646 1
      vertex 38.298 101.693 1
    endloop
  endfacet
  facet normal 0 0 1
    outer loop
      vertex 38.3254 100.513 1
      vertex 37.493 99.8268 1
      vertex 38.3114 100.469 1
    endloop
  endfacet
  facet normal 0 0 1
    outer loop
      vertex 37.493 102.315 1
      vertex 38.298 101.693 1
      vertex 38.2819 101.738 1
    endloop
  endfacet
  facet normal 0 0 1
    outer loop
      vertex 38.3114 100.469 1
      vertex 37.493 99.8268 1
      vertex 38.2958 100.426 1
    endloop
  endfacet
  facet normal 0 0 1
    outer loop
      vertex 37.493 102.315 1
      vertex 38.2819 101.738 1
      vertex 38.2645 101.783 1
    endloop
  endfacet
  facet normal 0 0 1
    outer loop
      vertex 38.3907 101.141 1
      vertex 37.493 102.315 1
      vertex 37.493 99.8268 1
    endloop
  endfacet
  facet normal 0 0 1
    outer loop
      vertex 37.493 102.315 1
      vertex 38.2645 101.783 1
      vertex 38.2457 101.826 1
    endloop
  endfacet
  facet normal 0 0 1
    outer loop
      vertex 38.2958 100.426 1
      vertex 37.493 99.8268 1
      vertex 38.2785 100.384 1
    endloop
  endfacet
  facet normal 0 0 1
    outer loop
      vertex 37.493 102.315 1
      vertex 38.2457 101.826 1
      vertex 38.2255 101.869 1
    endloop
  endfacet
  facet normal 0 0 1
    outer loop
      vertex 38.2785 100.384 1
      vertex 37.493 99.8268 1
      vertex 38.2596 100.343 1
    endloop
  endfacet
  facet normal 0 0 1
    outer loop
      vertex 37.5511 102.314 1
      vertex 38.2255 101.869 1
      vertex 38.204 101.91 1
    endloop
  endfacet
  facet normal 0 0 1
    outer loop
      vertex 38.2596 100.343 1
      vertex 37.493 99.8268 1
      vertex 38.239 100.303 1
    endloop
  endfacet
  facet normal 0 0 1
    outer loop
      vertex 37.5511 102.314 1
      vertex 38.204 101.91 1
      vertex 38.1809 101.95 1
    endloop
  endfacet
  facet normal 0 -0 1
    outer loop
      vertex 37.5487 99.8327 1
      vertex 38.239 100.303 1
      vertex 37.493 99.8268 1
    endloop
  endfacet
  facet normal 0 0 1
    outer loop
      vertex 37.6068 102.31 1
      vertex 38.1809 101.95 1
      vertex 38.156 101.988 1
    endloop
  endfacet
  facet normal 0 0 1
    outer loop
      vertex 38.239 100.303 1
      vertex 37.5487 99.8327 1
      vertex 38.2168 100.264 1
    endloop
  endfacet
  facet normal 0 0 1
    outer loop
      vertex 37.6068 102.31 1
      vertex 38.156 101.988 1
      vertex 38.1293 102.024 1
    endloop
  endfacet
  facet normal 0 0 1
    outer loop
      vertex 38.2168 100.264 1
      vertex 37.5487 99.8327 1
      vertex 38.1929 100.227 1
    endloop
  endfacet
  facet normal 0 0 1
    outer loop
      vertex 37.6068 102.31 1
      vertex 38.1293 102.024 1
      vertex 38.1008 102.059 1
    endloop
  endfacet
  facet normal 0 0 1
    outer loop
      vertex 38.1929 100.227 1
      vertex 37.5487 99.8327 1
      vertex 38.1675 100.19 1
    endloop
  endfacet
  facet normal 0 0 1
    outer loop
      vertex 37.6068 102.31 1
      vertex 38.1008 102.059 1
      vertex 38.0706 102.091 1
    endloop
  endfacet
  facet normal 0 -0 1
    outer loop
      vertex 37.6021 99.8407 1
      vertex 38.1675 100.19 1
      vertex 37.5487 99.8327 1
    endloop
  endfacet
  facet normal 0 0 1
    outer loop
      vertex 37.6068 102.31 1
      vertex 38.0706 102.091 1
      vertex 38.0386 102.122 1
    endloop
  endfacet
  facet normal 0 0 1
    outer loop
      vertex 38.1675 100.19 1
      vertex 37.6021 99.8407 1
      vertex 38.1408 100.156 1
    endloop
  endfacet
  facet normal 0 0 1
    outer loop
      vertex 37.6602 102.303 1
      vertex 38.0386 102.122 1
      vertex 38.0048 102.151 1
    endloop
  endfacet
  facet normal 0 0 1
    outer loop
      vertex 38.1408 100.156 1
      vertex 37.6021 99.8407 1
      vertex 38.1126 100.122 1
    endloop
  endfacet
  facet normal 0 0 1
    outer loop
      vertex 37.6602 102.303 1
      vertex 38.0048 102.151 1
      vertex 37.9692 102.179 1
    endloop
  endfacet
  facet normal 0 0 1
    outer loop
      vertex 38.1126 100.122 1
      vertex 37.6021 99.8407 1
      vertex 38.0831 100.091 1
    endloop
  endfacet
  facet normal 0 0 1
    outer loop
      vertex 37.7113 102.294 1
      vertex 37.9692 102.179 1
      vertex 37.9318 102.204 1
    endloop
  endfacet
  facet normal 0 0 1
    outer loop
      vertex 38.0831 100.091 1
      vertex 37.6021 99.8407 1
      vertex 38.0523 100.06 1
    endloop
  endfacet
  facet normal 0 0 1
    outer loop
      vertex 37.7113 102.294 1
      vertex 37.9318 102.204 1
      vertex 37.8923 102.228 1
    endloop
  endfacet
  facet normal 0 0 1
    outer loop
      vertex 38.0523 100.06 1
      vertex 37.6021 99.8407 1
      vertex 38.0201 100.032 1
    endloop
  endfacet
  facet normal 0 0 1
    outer loop
      vertex 37.7113 102.294 1
      vertex 37.8923 102.228 1
      vertex 37.8506 102.248 1
    endloop
  endfacet
  facet normal 0 0 1
    outer loop
      vertex 38.0201 100.032 1
      vertex 37.6021 99.8407 1
      vertex 37.9865 100.004 1
    endloop
  endfacet
  facet normal 0 0 1
    outer loop
      vertex 37.7601 102.281 1
      vertex 37.8506 102.248 1
      vertex 37.8065 102.266 1
    endloop
  endfacet
  facet normal 0 0 1
    outer loop
      vertex 37.9865 100.004 1
      vertex 37.6021 99.8407 1
      vertex 37.9515 99.9787 1
    endloop
  endfacet
  facet normal 0 0 1
    outer loop
      vertex 37.7113 102.294 1
      vertex 37.8506 102.248 1
      vertex 37.7601 102.281 1
    endloop
  endfacet
  facet normal 0 0 1
    outer loop
      vertex 37.9515 99.9787 1
      vertex 37.6021 99.8407 1
      vertex 37.9151 99.9545 1
    endloop
  endfacet
  facet normal 0 0 1
    outer loop
      vertex 37.9692 102.179 1
      vertex 37.7113 102.294 1
      vertex 37.6602 102.303 1
    endloop
  endfacet
  facet normal 0 0 1
    outer loop
      vertex 37.9151 99.9545 1
      vertex 37.6021 99.8407 1
      vertex 37.877 99.932 1
    endloop
  endfacet
  facet normal 0 0 1
    outer loop
      vertex 38.0386 102.122 1
      vertex 37.6602 102.303 1
      vertex 37.6068 102.31 1
    endloop
  endfacet
  facet normal 0 0 1
    outer loop
      vertex 38.1809 101.95 1
      vertex 37.6068 102.31 1
      vertex 37.5511 102.314 1
    endloop
  endfacet
  facet normal 0 0 1
    outer loop
      vertex 38.2255 101.869 1
      vertex 37.5511 102.314 1
      vertex 37.493 102.315 1
    endloop
  endfacet
  facet normal 0 0 1
    outer loop
      vertex 37.8367 99.9117 1
      vertex 37.6021 99.8407 1
      vertex 37.7942 99.8934 1
    endloop
  endfacet
  facet normal 0 0 1
    outer loop
      vertex 37.7495 99.8771 1
      vertex 37.6534 99.8508 1
      vertex 37.7025 99.8629 1
    endloop
  endfacet
  facet normal 0 0 1
    outer loop
      vertex 37.7495 99.8771 1
      vertex 37.6021 99.8407 1
      vertex 37.6534 99.8508 1
    endloop
  endfacet
  facet normal 0 0 1
    outer loop
      vertex 37.7942 99.8934 1
      vertex 37.6021 99.8407 1
      vertex 37.7495 99.8771 1
    endloop
  endfacet
  facet normal 0 0 1
    outer loop
      vertex 37.877 99.932 1
      vertex 37.6021 99.8407 1
      vertex 37.8367 99.9117 1
    endloop
  endfacet
  facet normal 0 0 1
    outer loop
      vertex 49.0305 101.604 1
      vertex 48.6527 98.3372 1
      vertex 49.4304 98.3372 1
    endloop
  endfacet
  facet normal 0 0 1
    outer loop
      vertex 24.9295 102.295 1
      vertex 25.8405 101.04 1
      vertex 25.8388 101.143 1
    endloop
  endfacet
  facet normal 0 0 1
    outer loop
      vertex 25.8405 101.04 1
      vertex 24.8961 99.8067 1
      vertex 25.8399 100.988 1
    endloop
  endfacet
  facet normal 0 0 1
    outer loop
      vertex 25.8399 100.988 1
      vertex 24.8961 99.8067 1
      vertex 25.838 100.937 1
    endloop
  endfacet
  facet normal 0 0 1
    outer loop
      vertex 24.9295 102.295 1
      vertex 25.8388 101.143 1
      vertex 25.8336 101.241 1
    endloop
  endfacet
  facet normal 0 0 1
    outer loop
      vertex 25.8405 101.04 1
      vertex 24.9295 102.295 1
      vertex 24.8961 99.8067 1
    endloop
  endfacet
  facet normal 0 0 1
    outer loop
      vertex 24.9295 102.295 1
      vertex 25.8336 101.241 1
      vertex 25.8251 101.333 1
    endloop
  endfacet
  facet normal 0 0 1
    outer loop
      vertex 25.838 100.937 1
      vertex 24.8961 99.8067 1
      vertex 25.835 100.885 1
    endloop
  endfacet
  facet normal 0 0 1
    outer loop
      vertex 25.835 100.885 1
      vertex 24.8961 99.8067 1
      vertex 25.8306 100.835 1
    endloop
  endfacet
  facet normal 0 0 1
    outer loop
      vertex 24.9295 102.295 1
      vertex 25.8251 101.333 1
      vertex 25.8131 101.419 1
    endloop
  endfacet
  facet normal 0 0 1
    outer loop
      vertex 25.8306 100.835 1
      vertex 24.8961 99.8067 1
      vertex 25.8251 100.784 1
    endloop
  endfacet
  facet normal 0 0 1
    outer loop
      vertex 25.8183 100.734 1
      vertex 24.8961 99.8067 1
      vertex 25.8103 100.684 1
    endloop
  endfacet
  facet normal 0 0 1
    outer loop
      vertex 24.9295 102.295 1
      vertex 25.8131 101.419 1
      vertex 25.7977 101.5 1
    endloop
  endfacet
  facet normal 0 0 1
    outer loop
      vertex 25.8251 100.784 1
      vertex 24.8961 99.8067 1
      vertex 25.8183 100.734 1
    endloop
  endfacet
  facet normal 0 0 1
    outer loop
      vertex 24.9295 102.295 1
      vertex 25.7977 101.5 1
      vertex 25.7788 101.575 1
    endloop
  endfacet
  facet normal 0 0 1
    outer loop
      vertex 25.8103 100.684 1
      vertex 24.8961 99.8067 1
      vertex 25.801 100.634 1
    endloop
  endfacet
  facet normal 0 0 1
    outer loop
      vertex 25.7905 100.584 1
      vertex 24.8961 99.8067 1
      vertex 25.7786 100.536 1
    endloop
  endfacet
  facet normal 0 0 1
    outer loop
      vertex 24.9295 102.295 1
      vertex 25.7788 101.575 1
      vertex 25.7565 101.645 1
    endloop
  endfacet
  facet normal 0 0 1
    outer loop
      vertex 25.7786 100.536 1
      vertex 24.8961 99.8067 1
      vertex 25.7653 100.488 1
    endloop
  endfacet
  facet normal 0 0 1
    outer loop
      vertex 25.7653 100.488 1
      vertex 24.8961 99.8067 1
      vertex 25.7504 100.442 1
    endloop
  endfacet
  facet normal 0 0 1
    outer loop
      vertex 25.7016 101.767 1
      vertex 25.7565 101.645 1
      vertex 25.7308 101.709 1
    endloop
  endfacet
  facet normal 0 0 1
    outer loop
      vertex 25.7504 100.442 1
      vertex 24.8961 99.8067 1
      vertex 25.734 100.397 1
    endloop
  endfacet
  facet normal 0 0 1
    outer loop
      vertex 25.7565 101.645 1
      vertex 25.7016 101.767 1
      vertex 24.9295 102.295 1
    endloop
  endfacet
  facet normal 0 0 1
    outer loop
      vertex 25.734 100.397 1
      vertex 24.8961 99.8067 1
      vertex 25.7161 100.353 1
    endloop
  endfacet
  facet normal 0 0 1
    outer loop
      vertex 25.7161 100.353 1
      vertex 24.8961 99.8067 1
      vertex 25.6967 100.31 1
    endloop
  endfacet
  facet normal 0 0 1
    outer loop
      vertex 24.9295 102.295 1
      vertex 25.7016 101.767 1
      vertex 25.6703 101.821 1
    endloop
  endfacet
  facet normal 0 0 1
    outer loop
      vertex 25.6967 100.31 1
      vertex 24.8961 99.8067 1
      vertex 25.6758 100.269 1
    endloop
  endfacet
  facet normal 0 0 1
    outer loop
      vertex 24.9295 102.295 1
      vertex 25.6703 101.821 1
      vertex 25.638 101.872 1
    endloop
  endfacet
  facet normal 0 0 1
    outer loop
      vertex 25.6758 100.269 1
      vertex 24.8961 99.8067 1
      vertex 25.6533 100.229 1
    endloop
  endfacet
  facet normal 0 0 1
    outer loop
      vertex 24.9295 102.295 1
      vertex 25.638 101.872 1
      vertex 25.6047 101.92 1
    endloop
  endfacet
  facet normal 0 -0 1
    outer loop
      vertex 24.9543 99.808 1
      vertex 25.6533 100.229 1
      vertex 24.8961 99.8067 1
    endloop
  endfacet
  facet normal 0 0 1
    outer loop
      vertex 25.6533 100.229 1
      vertex 24.9543 99.808 1
      vertex 25.6294 100.19 1
    endloop
  endfacet
  facet normal 0 0 1
    outer loop
      vertex 24.9856 102.289 1
      vertex 25.6047 101.92 1
      vertex 25.5705 101.964 1
    endloop
  endfacet
  facet normal 0 0 1
    outer loop
      vertex 25.6294 100.19 1
      vertex 24.9543 99.808 1
      vertex 25.6039 100.152 1
    endloop
  endfacet
  facet normal 0 0 1
    outer loop
      vertex 25.1456 102.253 1
      vertex 25.5705 101.964 1
      vertex 25.5353 102.006 1
    endloop
  endfacet
  facet normal 0 -0 1
    outer loop
      vertex 25.0102 99.8119 1
      vertex 25.6039 100.152 1
      vertex 24.9543 99.808 1
    endloop
  endfacet
  facet normal 0 0 1
    outer loop
      vertex 25.1962 102.236 1
      vertex 25.5353 102.006 1
      vertex 25.4992 102.044 1
    endloop
  endfacet
  facet normal 0 0 1
    outer loop
      vertex 25.6039 100.152 1
      vertex 25.0102 99.8119 1
      vertex 25.5767 100.117 1
    endloop
  endfacet
  facet normal 0 0 1
    outer loop
      vertex 25.2455 102.216 1
      vertex 25.4992 102.044 1
      vertex 25.4621 102.079 1
    endloop
  endfacet
  facet normal 0 0 1
    outer loop
      vertex 25.5767 100.117 1
      vertex 25.0102 99.8119 1
      vertex 25.5479 100.083 1
    endloop
  endfacet
  facet normal 0 0 1
    outer loop
      vertex 25.3399 102.168 1
      vertex 25.4621 102.079 1
      vertex 25.424 102.111 1
    endloop
  endfacet
  facet normal 0 0 1
    outer loop
      vertex 25.5479 100.083 1
      vertex 25.0102 99.8119 1
      vertex 25.5175 100.05 1
    endloop
  endfacet
  facet normal 0 0 1
    outer loop
      vertex 25.3399 102.168 1
      vertex 25.424 102.111 1
      vertex 25.385 102.139 1
    endloop
  endfacet
  facet normal 0 0 1
    outer loop
      vertex 25.5175 100.05 1
      vertex 25.0102 99.8119 1
      vertex 25.4854 100.019 1
    endloop
  endfacet
  facet normal 0 0 1
    outer loop
      vertex 25.4854 100.019 1
      vertex 25.0102 99.8119 1
      vertex 25.4516 99.99 1
    endloop
  endfacet
  facet normal 0 0 1
    outer loop
      vertex 25.2934 102.193 1
      vertex 25.4621 102.079 1
      vertex 25.3399 102.168 1
    endloop
  endfacet
  facet normal 0 -0 1
    outer loop
      vertex 25.064 99.8184 1
      vertex 25.4516 99.99 1
      vertex 25.0102 99.8119 1
    endloop
  endfacet
  facet normal 0 0 1
    outer loop
      vertex 25.2455 102.216 1
      vertex 25.4621 102.079 1
      vertex 25.2934 102.193 1
    endloop
  endfacet
  facet normal 0 0 1
    outer loop
      vertex 25.4516 99.99 1
      vertex 25.064 99.8184 1
      vertex 25.4162 99.9624 1
    endloop
  endfacet
  facet normal 0 0 1
    outer loop
      vertex 25.4992 102.044 1
      vertex 25.2455 102.216 1
      vertex 25.1962 102.236 1
    endloop
  endfacet
  facet normal 0 0 1
    outer loop
      vertex 25.4162 99.9624 1
      vertex 25.064 99.8184 1
      vertex 25.3792 99.9365 1
    endloop
  endfacet
  facet normal 0 0 1
    outer loop
      vertex 25.5353 102.006 1
      vertex 25.1962 102.236 1
      vertex 25.1456 102.253 1
    endloop
  endfacet
  facet normal 0 -0 1
    outer loop
      vertex 25.1156 99.8275 1
      vertex 25.3792 99.9365 1
      vertex 25.064 99.8184 1
    endloop
  endfacet
  facet normal 0 0 1
    outer loop
      vertex 25.0403 102.28 1
      vertex 25.5705 101.964 1
      vertex 25.1456 102.253 1
    endloop
  endfacet
  facet normal 0 0 1
    outer loop
      vertex 25.2999 99.8901 1
      vertex 25.2121 99.8536 1
      vertex 25.2571 99.8705 1
    endloop
  endfacet
  facet normal 0 0 1
    outer loop
      vertex 25.0403 102.28 1
      vertex 25.1456 102.253 1
      vertex 25.0936 102.268 1
    endloop
  endfacet
  facet normal 0 0 1
    outer loop
      vertex 25.3405 99.9122 1
      vertex 25.1649 99.8392 1
      vertex 25.2999 99.8901 1
    endloop
  endfacet
  facet normal 0 0 1
    outer loop
      vertex 25.5705 101.964 1
      vertex 25.0403 102.28 1
      vertex 24.9856 102.289 1
    endloop
  endfacet
  facet normal 0 0 1
    outer loop
      vertex 25.3792 99.9365 1
      vertex 25.1156 99.8275 1
      vertex 25.3405 99.9122 1
    endloop
  endfacet
  facet normal 0 0 1
    outer loop
      vertex 25.6047 101.92 1
      vertex 24.9856 102.289 1
      vertex 24.9295 102.295 1
    endloop
  endfacet
  facet normal 0 -0 1
    outer loop
      vertex 25.1649 99.8392 1
      vertex 25.3405 99.9122 1
      vertex 25.1156 99.8275 1
    endloop
  endfacet
  facet normal 0 0 1
    outer loop
      vertex 25.801 100.634 1
      vertex 24.8961 99.8067 1
      vertex 25.7905 100.584 1
    endloop
  endfacet
  facet normal 0 0 1
    outer loop
      vertex 25.2999 99.8901 1
      vertex 25.1649 99.8392 1
      vertex 25.2121 99.8536 1
    endloop
  endfacet
  facet normal 0 0 1
    outer loop
      vertex 32.8578 99.7352 1.5
      vertex 31.5176 99.7009 1.5
      vertex 31.5178 99.6626 1.5
    endloop
  endfacet
  facet normal 0 0 1
    outer loop
      vertex 31.6081 103.278 1.5
      vertex 31.5172 99.7416 1.5
      vertex 31.5176 99.7009 1.5
    endloop
  endfacet
  facet normal 0 0 1
    outer loop
      vertex 31.6081 103.278 1.5
      vertex 31.5165 99.7849 1.5
      vertex 31.5172 99.7416 1.5
    endloop
  endfacet
  facet normal 0 0 1
    outer loop
      vertex 31.6081 103.278 1.5
      vertex 31.5156 99.8305 1.5
      vertex 31.5165 99.7849 1.5
    endloop
  endfacet
  facet normal 0 0 1
    outer loop
      vertex 31.6081 103.278 1.5
      vertex 31.5143 99.8787 1.5
      vertex 31.5156 99.8305 1.5
    endloop
  endfacet
  facet normal 0 0 1
    outer loop
      vertex 31.6081 103.278 1.5
      vertex 31.5128 99.9293 1.5
      vertex 31.5143 99.8787 1.5
    endloop
  endfacet
  facet normal 0 0 1
    outer loop
      vertex 31.6081 103.278 1.5
      vertex 31.511 99.9824 1.5
      vertex 31.5128 99.9293 1.5
    endloop
  endfacet
  facet normal 0 0 1
    outer loop
      vertex 31.6081 103.278 1.5
      vertex 31.509 100.038 1.5
      vertex 31.511 99.9824 1.5
    endloop
  endfacet
  facet normal 0 0 1
    outer loop
      vertex 31.6081 103.278 1.5
      vertex 31.5067 100.096 1.5
      vertex 31.509 100.038 1.5
    endloop
  endfacet
  facet normal 0 0 1
    outer loop
      vertex 31.6081 103.278 1.5
      vertex 31.5038 100.156 1.5
      vertex 31.5067 100.096 1.5
    endloop
  endfacet
  facet normal 0 0 1
    outer loop
      vertex 31.6081 103.278 1.5
      vertex 31.5004 100.216 1.5
      vertex 31.5038 100.156 1.5
    endloop
  endfacet
  facet normal 0 0 1
    outer loop
      vertex 31.6081 103.278 1.5
      vertex 31.4962 100.277 1.5
      vertex 31.5004 100.216 1.5
    endloop
  endfacet
  facet normal 0 0 1
    outer loop
      vertex 31.6081 103.278 1.5
      vertex 31.4913 100.34 1.5
      vertex 31.4962 100.277 1.5
    endloop
  endfacet
  facet normal 0 0 1
    outer loop
      vertex 31.6081 103.278 1.5
      vertex 31.4857 100.403 1.5
      vertex 31.4913 100.34 1.5
    endloop
  endfacet
  facet normal 0 0 1
    outer loop
      vertex 31.6081 103.278 1.5
      vertex 31.4795 100.466 1.5
      vertex 31.4857 100.403 1.5
    endloop
  endfacet
  facet normal 0 0 1
    outer loop
      vertex 31.6081 103.278 1.5
      vertex 31.4726 100.531 1.5
      vertex 31.4795 100.466 1.5
    endloop
  endfacet
  facet normal 0 0 1
    outer loop
      vertex 31.6081 103.278 1.5
      vertex 31.465 100.596 1.5
      vertex 31.4726 100.531 1.5
    endloop
  endfacet
  facet normal 0 0 1
    outer loop
      vertex 31.6081 103.278 1.5
      vertex 31.4567 100.663 1.5
      vertex 31.465 100.596 1.5
    endloop
  endfacet
  facet normal 0 0 1
    outer loop
      vertex 30.7748 102.233 1.5
      vertex 31.5313 103.334 1.5
      vertex 31.4518 103.387 1.5
    endloop
  endfacet
  facet normal 0 0 1
    outer loop
      vertex 31.6081 103.278 1.5
      vertex 31.4475 100.729 1.5
      vertex 31.4567 100.663 1.5
    endloop
  endfacet
  facet normal 0 0 1
    outer loop
      vertex 31.6081 103.278 1.5
      vertex 31.4375 100.796 1.5
      vertex 31.4475 100.729 1.5
    endloop
  endfacet
  facet normal 0 0 1
    outer loop
      vertex 31.6081 103.278 1.5
      vertex 31.4264 100.863 1.5
      vertex 31.4375 100.796 1.5
    endloop
  endfacet
  facet normal 0 0 1
    outer loop
      vertex 31.6081 103.278 1.5
      vertex 31.4144 100.929 1.5
      vertex 31.4264 100.863 1.5
    endloop
  endfacet
  facet normal 0 0 1
    outer loop
      vertex 31.6081 103.278 1.5
      vertex 31.4015 100.996 1.5
      vertex 31.4144 100.929 1.5
    endloop
  endfacet
  facet normal 0 0 1
    outer loop
      vertex 31.6081 103.278 1.5
      vertex 31.3875 101.063 1.5
      vertex 31.4015 100.996 1.5
    endloop
  endfacet
  facet normal 0 0 1
    outer loop
      vertex 31.6081 103.278 1.5
      vertex 31.3727 101.129 1.5
      vertex 31.3875 101.063 1.5
    endloop
  endfacet
  facet normal 0 0 1
    outer loop
      vertex 30.73 102.261 1.5
      vertex 31.4518 103.387 1.5
      vertex 31.3695 103.436 1.5
    endloop
  endfacet
  facet normal 0 0 1
    outer loop
      vertex 31.6081 103.278 1.5
      vertex 31.3568 101.196 1.5
      vertex 31.3727 101.129 1.5
    endloop
  endfacet
  facet normal 0 0 1
    outer loop
      vertex 31.6081 103.278 1.5
      vertex 31.34 101.263 1.5
      vertex 31.3568 101.196 1.5
    endloop
  endfacet
  facet normal 0 0 1
    outer loop
      vertex 31.6081 103.278 1.5
      vertex 31.3221 101.329 1.5
      vertex 31.34 101.263 1.5
    endloop
  endfacet
  facet normal 0 0 1
    outer loop
      vertex 31.6081 103.278 1.5
      vertex 31.303 101.393 1.5
      vertex 31.3221 101.329 1.5
    endloop
  endfacet
  facet normal 0 0 1
    outer loop
      vertex 30.73 102.261 1.5
      vertex 31.3695 103.436 1.5
      vertex 31.2844 103.483 1.5
    endloop
  endfacet
  facet normal 0 0 1
    outer loop
      vertex 31.6081 103.278 1.5
      vertex 31.2826 101.456 1.5
      vertex 31.303 101.393 1.5
    endloop
  endfacet
  facet normal 0 0 1
    outer loop
      vertex 31.6081 103.278 1.5
      vertex 31.261 101.518 1.5
      vertex 31.2826 101.456 1.5
    endloop
  endfacet
  facet normal 0 0 1
    outer loop
      vertex 31.6081 103.278 1.5
      vertex 31.2382 101.579 1.5
      vertex 31.261 101.518 1.5
    endloop
  endfacet
  facet normal 0 0 1
    outer loop
      vertex 31.6081 103.278 1.5
      vertex 31.2141 101.638 1.5
      vertex 31.2382 101.579 1.5
    endloop
  endfacet
  facet normal 0 0 1
    outer loop
      vertex 30.6832 102.285 1.5
      vertex 31.2844 103.483 1.5
      vertex 31.1962 103.524 1.5
    endloop
  endfacet
  facet normal 0 0 1
    outer loop
      vertex 31.6081 103.278 1.5
      vertex 31.1888 101.696 1.5
      vertex 31.2141 101.638 1.5
    endloop
  endfacet
  facet normal 0 0 1
    outer loop
      vertex 31.6081 103.278 1.5
      vertex 31.1622 101.752 1.5
      vertex 31.1888 101.696 1.5
    endloop
  endfacet
  facet normal 0 0 1
    outer loop
      vertex 31.6081 103.278 1.5
      vertex 31.1344 101.807 1.5
      vertex 31.1622 101.752 1.5
    endloop
  endfacet
  facet normal 0 0 1
    outer loop
      vertex 31.6081 103.278 1.5
      vertex 31.1053 101.86 1.5
      vertex 31.1344 101.807 1.5
    endloop
  endfacet
  facet normal 0 0 1
    outer loop
      vertex 30.6345 102.305 1.5
      vertex 31.1962 103.524 1.5
      vertex 31.1044 103.562 1.5
    endloop
  endfacet
  facet normal 0 0 1
    outer loop
      vertex 31.6081 103.278 1.5
      vertex 31.0746 101.911 1.5
      vertex 31.1053 101.86 1.5
    endloop
  endfacet
  facet normal 0 0 1
    outer loop
      vertex 31.6081 103.278 1.5
      vertex 31.0424 101.959 1.5
      vertex 31.0746 101.911 1.5
    endloop
  endfacet
  facet normal 0 0 1
    outer loop
      vertex 30.6345 102.305 1.5
      vertex 31.1044 103.562 1.5
      vertex 31.0091 103.594 1.5
    endloop
  endfacet
  facet normal 0 0 1
    outer loop
      vertex 31.6081 103.278 1.5
      vertex 31.0088 102.006 1.5
      vertex 31.0424 101.959 1.5
    endloop
  endfacet
  facet normal 0 0 1
    outer loop
      vertex 31.6081 103.278 1.5
      vertex 30.9736 102.049 1.5
      vertex 31.0088 102.006 1.5
    endloop
  endfacet
  facet normal 0 0 1
    outer loop
      vertex 31.6081 103.278 1.5
      vertex 30.9369 102.091 1.5
      vertex 30.9736 102.049 1.5
    endloop
  endfacet
  facet normal 0 0 1
    outer loop
      vertex 30.5839 102.322 1.5
      vertex 31.0091 103.594 1.5
      vertex 30.9102 103.621 1.5
    endloop
  endfacet
  facet normal 0 0 1
    outer loop
      vertex 31.6081 103.278 1.5
      vertex 30.8987 102.13 1.5
      vertex 30.9369 102.091 1.5
    endloop
  endfacet
  facet normal 0 0 1
    outer loop
      vertex 31.6081 103.278 1.5
      vertex 30.859 102.167 1.5
      vertex 30.8987 102.13 1.5
    endloop
  endfacet
  facet normal 0 0 1
    outer loop
      vertex 31.6081 103.278 1.5
      vertex 30.8178 102.201 1.5
      vertex 30.859 102.167 1.5
    endloop
  endfacet
  facet normal 0 0 1
    outer loop
      vertex 30.5839 102.322 1.5
      vertex 30.9102 103.621 1.5
      vertex 30.8078 103.643 1.5
    endloop
  endfacet
  facet normal 0 0 1
    outer loop
      vertex 31.6081 103.278 1.5
      vertex 30.7748 102.233 1.5
      vertex 30.8178 102.201 1.5
    endloop
  endfacet
  facet normal 0 0 1
    outer loop
      vertex 31.4518 103.387 1.5
      vertex 30.73 102.261 1.5
      vertex 30.7748 102.233 1.5
    endloop
  endfacet
  facet normal 0 0 1
    outer loop
      vertex 30.5314 102.335 1.5
      vertex 30.8078 103.643 1.5
      vertex 30.7017 103.66 1.5
    endloop
  endfacet
  facet normal 0 0 1
    outer loop
      vertex 31.2844 103.483 1.5
      vertex 30.6832 102.285 1.5
      vertex 30.73 102.261 1.5
    endloop
  endfacet
  facet normal 0 0 1
    outer loop
      vertex 31.1962 103.524 1.5
      vertex 30.6345 102.305 1.5
      vertex 30.6832 102.285 1.5
    endloop
  endfacet
  facet normal 0 0 1
    outer loop
      vertex 30.4769 102.344 1.5
      vertex 30.7017 103.66 1.5
      vertex 30.5921 103.673 1.5
    endloop
  endfacet
  facet normal 0 0 1
    outer loop
      vertex 31.0091 103.594 1.5
      vertex 30.5839 102.322 1.5
      vertex 30.6345 102.305 1.5
    endloop
  endfacet
  facet normal 0 0 1
    outer loop
      vertex 30.8078 103.643 1.5
      vertex 30.5314 102.335 1.5
      vertex 30.5839 102.322 1.5
    endloop
  endfacet
  facet normal 0 0 1
    outer loop
      vertex 30.4205 102.349 1.5
      vertex 30.5921 103.673 1.5
      vertex 30.479 103.68 1.5
    endloop
  endfacet
  facet normal 0 0 1
    outer loop
      vertex 30.7017 103.66 1.5
      vertex 30.4769 102.344 1.5
      vertex 30.5314 102.335 1.5
    endloop
  endfacet
  facet normal 0 0 1
    outer loop
      vertex 30.5921 103.673 1.5
      vertex 30.4205 102.349 1.5
      vertex 30.4769 102.344 1.5
    endloop
  endfacet
  facet normal 0 0 1
    outer loop
      vertex 30.3623 103.683 1.5
      vertex 30.4205 102.349 1.5
      vertex 30.479 103.68 1.5
    endloop
  endfacet
  facet normal 0 0 1
    outer loop
      vertex 30.3623 103.683 1.5
      vertex 30.3623 102.351 1.5
      vertex 30.4205 102.349 1.5
    endloop
  endfacet
  facet normal -0 0 1
    outer loop
      vertex 29.0179 103.683 1.5
      vertex 30.3623 102.351 1.5
      vertex 30.3623 103.683 1.5
    endloop
  endfacet
  facet normal 0 0 1
    outer loop
      vertex 28.9957 95.9052 1.5
      vertex 30.3623 102.351 1.5
      vertex 29.0179 103.683 1.5
    endloop
  endfacet
  facet normal 0 0 1
    outer loop
      vertex 30.3623 102.351 1.5
      vertex 28.9957 95.9052 1.5
      vertex 30.3623 95.9052 1.5
    endloop
  endfacet
  facet normal 0 0 1
    outer loop
      vertex 31.5168 99.5219 1.5
      vertex 32.8616 99.5504 1.5
      vertex 32.8602 99.6419 1.5
    endloop
  endfacet
  facet normal 0 0 1
    outer loop
      vertex 32.8616 99.5504 1.5
      vertex 31.5168 99.5219 1.5
      vertex 32.8621 99.4606 1.5
    endloop
  endfacet
  facet normal -0 0 1
    outer loop
      vertex 31.5178 99.6626 1.5
      vertex 32.8602 99.6419 1.5
      vertex 32.8578 99.7352 1.5
    endloop
  endfacet
  facet normal 0 0 1
    outer loop
      vertex 31.5176 99.7009 1.5
      vertex 32.8578 99.7352 1.5
      vertex 32.8544 99.8304 1.5
    endloop
  endfacet
  facet normal 0 0 1
    outer loop
      vertex 31.5137 99.3864 1.5
      vertex 32.8621 99.4606 1.5
      vertex 31.5168 99.5219 1.5
    endloop
  endfacet
  facet normal 0 0 1
    outer loop
      vertex 31.5176 99.7009 1.5
      vertex 32.8544 99.8304 1.5
      vertex 32.8501 99.9273 1.5
    endloop
  endfacet
  facet normal 0 0 1
    outer loop
      vertex 31.5176 99.7009 1.5
      vertex 32.8501 99.9273 1.5
      vertex 32.8448 100.026 1.5
    endloop
  endfacet
  facet normal 0 0 1
    outer loop
      vertex 32.8621 99.4606 1.5
      vertex 31.5137 99.3864 1.5
      vertex 32.8598 99.2665 1.5
    endloop
  endfacet
  facet normal 0 0 1
    outer loop
      vertex 31.5176 99.7009 1.5
      vertex 32.8448 100.026 1.5
      vertex 32.8386 100.126 1.5
    endloop
  endfacet
  facet normal 0 0 1
    outer loop
      vertex 31.5176 99.7009 1.5
      vertex 32.8386 100.126 1.5
      vertex 32.8314 100.229 1.5
    endloop
  endfacet
  facet normal 0 0 1
    outer loop
      vertex 31.5085 99.2558 1.5
      vertex 32.8598 99.2665 1.5
      vertex 31.5137 99.3864 1.5
    endloop
  endfacet
  facet normal 0 0 1
    outer loop
      vertex 31.5176 99.7009 1.5
      vertex 32.8314 100.229 1.5
      vertex 32.8232 100.333 1.5
    endloop
  endfacet
  facet normal 0 0 1
    outer loop
      vertex 31.5176 99.7009 1.5
      vertex 32.8232 100.333 1.5
      vertex 32.8138 100.438 1.5
    endloop
  endfacet
  facet normal 0 0 1
    outer loop
      vertex 32.8598 99.2665 1.5
      vertex 31.5085 99.2558 1.5
      vertex 32.853 99.0793 1.5
    endloop
  endfacet
  facet normal 0 0 1
    outer loop
      vertex 31.5176 99.7009 1.5
      vertex 32.8138 100.438 1.5
      vertex 32.8029 100.542 1.5
    endloop
  endfacet
  facet normal 0 0 1
    outer loop
      vertex 31.5176 99.7009 1.5
      vertex 32.8029 100.542 1.5
      vertex 32.7905 100.647 1.5
    endloop
  endfacet
  facet normal 0 0 1
    outer loop
      vertex 32.8602 99.6419 1.5
      vertex 31.5178 99.6626 1.5
      vertex 31.5168 99.5219 1.5
    endloop
  endfacet
  facet normal 0 0 1
    outer loop
      vertex 31.5176 99.7009 1.5
      vertex 32.7905 100.647 1.5
      vertex 32.7766 100.751 1.5
    endloop
  endfacet
  facet normal 0 0 1
    outer loop
      vertex 31.5176 99.7009 1.5
      vertex 32.7766 100.751 1.5
      vertex 32.7612 100.856 1.5
    endloop
  endfacet
  facet normal -0 0 1
    outer loop
      vertex 31.5013 99.1304 1.5
      vertex 32.853 99.0793 1.5
      vertex 31.5085 99.2558 1.5
    endloop
  endfacet
  facet normal 0 0 1
    outer loop
      vertex 31.5176 99.7009 1.5
      vertex 32.7612 100.856 1.5
      vertex 32.7442 100.96 1.5
    endloop
  endfacet
  facet normal 0 0 1
    outer loop
      vertex 31.5176 99.7009 1.5
      vertex 32.7442 100.96 1.5
      vertex 32.7258 101.064 1.5
    endloop
  endfacet
  facet normal 0 0 1
    outer loop
      vertex 32.853 99.0793 1.5
      vertex 31.5013 99.1304 1.5
      vertex 32.8417 98.8989 1.5
    endloop
  endfacet
  facet normal 0 0 1
    outer loop
      vertex 31.5176 99.7009 1.5
      vertex 32.7258 101.064 1.5
      vertex 32.7058 101.168 1.5
    endloop
  endfacet
  facet normal 0 0 1
    outer loop
      vertex 31.5176 99.7009 1.5
      vertex 32.7058 101.168 1.5
      vertex 32.6843 101.272 1.5
    endloop
  endfacet
  facet normal -0 0 1
    outer loop
      vertex 31.4921 99.01 1.5
      vertex 32.8417 98.8989 1.5
      vertex 31.5013 99.1304 1.5
    endloop
  endfacet
  facet normal 0 0 1
    outer loop
      vertex 31.5176 99.7009 1.5
      vertex 32.6843 101.272 1.5
      vertex 32.6612 101.375 1.5
    endloop
  endfacet
  facet normal 0 0 1
    outer loop
      vertex 31.4807 98.8947 1.5
      vertex 32.8417 98.8989 1.5
      vertex 31.4921 99.01 1.5
    endloop
  endfacet
  facet normal 0 0 1
    outer loop
      vertex 31.5176 99.7009 1.5
      vertex 32.6612 101.375 1.5
      vertex 32.636 101.478 1.5
    endloop
  endfacet
  facet normal 0 0 1
    outer loop
      vertex 31.5176 99.7009 1.5
      vertex 32.636 101.478 1.5
      vertex 32.609 101.58 1.5
    endloop
  endfacet
  facet normal 0 0 1
    outer loop
      vertex 32.8417 98.8989 1.5
      vertex 31.4807 98.8947 1.5
      vertex 32.8259 98.7254 1.5
    endloop
  endfacet
  facet normal 0 0 1
    outer loop
      vertex 31.5176 99.7009 1.5
      vertex 32.609 101.58 1.5
      vertex 32.5801 101.681 1.5
    endloop
  endfacet
  facet normal 0 0 1
    outer loop
      vertex 31.5176 99.7009 1.5
      vertex 32.5801 101.681 1.5
      vertex 32.5492 101.781 1.5
    endloop
  endfacet
  facet normal -0 0 1
    outer loop
      vertex 31.4673 98.7845 1.5
      vertex 32.8259 98.7254 1.5
      vertex 31.4807 98.8947 1.5
    endloop
  endfacet
  facet normal 0 0 1
    outer loop
      vertex 31.5176 99.7009 1.5
      vertex 32.5492 101.781 1.5
      vertex 32.5164 101.881 1.5
    endloop
  endfacet
  facet normal 0 0 1
    outer loop
      vertex 32.8259 98.7254 1.5
      vertex 31.4673 98.7845 1.5
      vertex 32.8055 98.5587 1.5
    endloop
  endfacet
  facet normal 0 0 1
    outer loop
      vertex 31.5176 99.7009 1.5
      vertex 32.5164 101.881 1.5
      vertex 32.4817 101.981 1.5
    endloop
  endfacet
  facet normal 0 0 1
    outer loop
      vertex 31.5176 99.7009 1.5
      vertex 32.4817 101.981 1.5
      vertex 32.4451 102.079 1.5
    endloop
  endfacet
  facet normal -0 0 1
    outer loop
      vertex 31.4519 98.6794 1.5
      vertex 32.8055 98.5587 1.5
      vertex 31.4673 98.7845 1.5
    endloop
  endfacet
  facet normal 0 0 1
    outer loop
      vertex 31.5176 99.7009 1.5
      vertex 32.4451 102.079 1.5
      vertex 32.4066 102.177 1.5
    endloop
  endfacet
  facet normal 0 0 1
    outer loop
      vertex 32.8055 98.5587 1.5
      vertex 31.4519 98.6794 1.5
      vertex 32.7806 98.3989 1.5
    endloop
  endfacet
  facet normal 0 0 1
    outer loop
      vertex 31.5176 99.7009 1.5
      vertex 32.4066 102.177 1.5
      vertex 32.3658 102.273 1.5
    endloop
  endfacet
  facet normal -0 0 1
    outer loop
      vertex 31.4344 98.5793 1.5
      vertex 32.7806 98.3989 1.5
      vertex 31.4519 98.6794 1.5
    endloop
  endfacet
  facet normal 0 0 1
    outer loop
      vertex 31.5176 99.7009 1.5
      vertex 32.3658 102.273 1.5
      vertex 32.3226 102.367 1.5
    endloop
  endfacet
  facet normal 0 0 1
    outer loop
      vertex 31.5176 99.7009 1.5
      vertex 32.3226 102.367 1.5
      vertex 32.277 102.458 1.5
    endloop
  endfacet
  facet normal 0 0 1
    outer loop
      vertex 32.7806 98.3989 1.5
      vertex 31.4344 98.5793 1.5
      vertex 32.7512 98.2459 1.5
    endloop
  endfacet
  facet normal 0 0 1
    outer loop
      vertex 31.5176 99.7009 1.5
      vertex 32.277 102.458 1.5
      vertex 32.2288 102.546 1.5
    endloop
  endfacet
  facet normal -0 0 1
    outer loop
      vertex 31.4154 98.4837 1.5
      vertex 32.7512 98.2459 1.5
      vertex 31.4344 98.5793 1.5
    endloop
  endfacet
  facet normal 0 0 1
    outer loop
      vertex 31.5176 99.7009 1.5
      vertex 32.2288 102.546 1.5
      vertex 32.1782 102.632 1.5
    endloop
  endfacet
  facet normal 0 0 1
    outer loop
      vertex 32.7512 98.2459 1.5
      vertex 31.4154 98.4837 1.5
      vertex 32.7172 98.0998 1.5
    endloop
  endfacet
  facet normal 0 0 1
    outer loop
      vertex 31.5176 99.7009 1.5
      vertex 32.1782 102.632 1.5
      vertex 32.1251 102.715 1.5
    endloop
  endfacet
  facet normal -0 0 1
    outer loop
      vertex 31.3952 98.3917 1.5
      vertex 32.7172 98.0998 1.5
      vertex 31.4154 98.4837 1.5
    endloop
  endfacet
  facet normal 0 0 1
    outer loop
      vertex 31.5176 99.7009 1.5
      vertex 32.1251 102.715 1.5
      vertex 32.0696 102.796 1.5
    endloop
  endfacet
  facet normal 0 0 1
    outer loop
      vertex 32.7172 98.0998 1.5
      vertex 31.3952 98.3917 1.5
      vertex 32.6787 97.9606 1.5
    endloop
  endfacet
  facet normal 0 0 1
    outer loop
      vertex 31.5176 99.7009 1.5
      vertex 32.0696 102.796 1.5
      vertex 32.0116 102.874 1.5
    endloop
  endfacet
  facet normal -0 0 1
    outer loop
      vertex 31.3739 98.3035 1.5
      vertex 32.6787 97.9606 1.5
      vertex 31.3952 98.3917 1.5
    endloop
  endfacet
  facet normal 0 0 1
    outer loop
      vertex 31.5176 99.7009 1.5
      vertex 32.0116 102.874 1.5
      vertex 31.9511 102.949 1.5
    endloop
  endfacet
  facet normal 0 0 1
    outer loop
      vertex 32.6787 97.9606 1.5
      vertex 31.3739 98.3035 1.5
      vertex 32.6368 97.8276 1.5
    endloop
  endfacet
  facet normal 0 0 1
    outer loop
      vertex 31.5176 99.7009 1.5
      vertex 31.9511 102.949 1.5
      vertex 31.888 103.022 1.5
    endloop
  endfacet
  facet normal 0 0 1
    outer loop
      vertex 31.5176 99.7009 1.5
      vertex 31.888 103.022 1.5
      vertex 31.8221 103.091 1.5
    endloop
  endfacet
  facet normal -0 0 1
    outer loop
      vertex 31.3516 98.2189 1.5
      vertex 32.6368 97.8276 1.5
      vertex 31.3739 98.3035 1.5
    endloop
  endfacet
  facet normal -0 0 1
    outer loop
      vertex 31.3281 98.138 1.5
      vertex 32.6368 97.8276 1.5
      vertex 31.3516 98.2189 1.5
    endloop
  endfacet
  facet normal 0 0 1
    outer loop
      vertex 31.5176 99.7009 1.5
      vertex 31.8221 103.091 1.5
      vertex 31.7535 103.157 1.5
    endloop
  endfacet
  facet normal 0 0 1
    outer loop
      vertex 32.6368 97.8276 1.5
      vertex 31.3281 98.138 1.5
      vertex 32.5923 97.7 1.5
    endloop
  endfacet
  facet normal 0 0 1
    outer loop
      vertex 31.5176 99.7009 1.5
      vertex 31.7535 103.157 1.5
      vertex 31.6822 103.219 1.5
    endloop
  endfacet
  facet normal -0 0 1
    outer loop
      vertex 31.3036 98.0609 1.5
      vertex 32.5923 97.7 1.5
      vertex 31.3281 98.138 1.5
    endloop
  endfacet
  facet normal 0 0 1
    outer loop
      vertex 31.5176 99.7009 1.5
      vertex 31.6822 103.219 1.5
      vertex 31.6081 103.278 1.5
    endloop
  endfacet
  facet normal 0 0 1
    outer loop
      vertex 30.7748 102.233 1.5
      vertex 31.6081 103.278 1.5
      vertex 31.5313 103.334 1.5
    endloop
  endfacet
  facet normal 0 0 1
    outer loop
      vertex 32.5923 97.7 1.5
      vertex 31.3036 98.0609 1.5
      vertex 32.5454 97.5779 1.5
    endloop
  endfacet
  facet normal -0 0 1
    outer loop
      vertex 31.2779 97.9874 1.5
      vertex 32.5454 97.5779 1.5
      vertex 31.3036 98.0609 1.5
    endloop
  endfacet
  facet normal 0 0 1
    outer loop
      vertex 32.5454 97.5779 1.5
      vertex 31.2779 97.9874 1.5
      vertex 32.496 97.4613 1.5
    endloop
  endfacet
  facet normal -0 0 1
    outer loop
      vertex 31.2512 97.9177 1.5
      vertex 32.496 97.4613 1.5
      vertex 31.2779 97.9874 1.5
    endloop
  endfacet
  facet normal 0 0 1
    outer loop
      vertex 32.496 97.4613 1.5
      vertex 31.2512 97.9177 1.5
      vertex 32.4442 97.3502 1.5
    endloop
  endfacet
  facet normal -0 0 1
    outer loop
      vertex 31.2233 97.8517 1.5
      vertex 32.4442 97.3502 1.5
      vertex 31.2512 97.9177 1.5
    endloop
  endfacet
  facet normal 0 0 1
    outer loop
      vertex 32.4442 97.3502 1.5
      vertex 31.2233 97.8517 1.5
      vertex 32.3899 97.2446 1.5
    endloop
  endfacet
  facet normal -0 0 1
    outer loop
      vertex 31.1946 97.7891 1.5
      vertex 32.3899 97.2446 1.5
      vertex 31.2233 97.8517 1.5
    endloop
  endfacet
  facet normal 0 0 1
    outer loop
      vertex 32.3899 97.2446 1.5
      vertex 31.1946 97.7891 1.5
      vertex 32.3331 97.1445 1.5
    endloop
  endfacet
  facet normal -0 0 1
    outer loop
      vertex 31.1654 97.7298 1.5
      vertex 32.3331 97.1445 1.5
      vertex 31.1946 97.7891 1.5
    endloop
  endfacet
  facet normal 0 0 1
    outer loop
      vertex 32.3331 97.1445 1.5
      vertex 31.1654 97.7298 1.5
      vertex 32.2738 97.0499 1.5
    endloop
  endfacet
  facet normal -0 0 1
    outer loop
      vertex 31.1357 97.6739 1.5
      vertex 32.2738 97.0499 1.5
      vertex 31.1654 97.7298 1.5
    endloop
  endfacet
  facet normal 0 0 1
    outer loop
      vertex 32.2738 97.0499 1.5
      vertex 31.1357 97.6739 1.5
      vertex 32.2121 96.9607 1.5
    endloop
  endfacet
  facet normal -0 0 1
    outer loop
      vertex 31.1053 97.6212 1.5
      vertex 32.2121 96.9607 1.5
      vertex 31.1357 97.6739 1.5
    endloop
  endfacet
  facet normal 0 0 1
    outer loop
      vertex 32.2121 96.9607 1.5
      vertex 31.1053 97.6212 1.5
      vertex 32.1488 96.8763 1.5
    endloop
  endfacet
  facet normal -0 0 1
    outer loop
      vertex 31.0745 97.5718 1.5
      vertex 32.1488 96.8763 1.5
      vertex 31.1053 97.6212 1.5
    endloop
  endfacet
  facet normal 0 0 1
    outer loop
      vertex 32.1488 96.8763 1.5
      vertex 31.0745 97.5718 1.5
      vertex 32.0848 96.7961 1.5
    endloop
  endfacet
  facet normal -0 0 1
    outer loop
      vertex 31.0431 97.5257 1.5
      vertex 32.0848 96.7961 1.5
      vertex 31.0745 97.5718 1.5
    endloop
  endfacet
  facet normal 0 0 1
    outer loop
      vertex 32.0848 96.7961 1.5
      vertex 31.0431 97.5257 1.5
      vertex 32.0202 96.72 1.5
    endloop
  endfacet
  facet normal -0 0 1
    outer loop
      vertex 31.0111 97.4829 1.5
      vertex 32.0202 96.72 1.5
      vertex 31.0431 97.5257 1.5
    endloop
  endfacet
  facet normal 0 0 1
    outer loop
      vertex 32.0202 96.72 1.5
      vertex 31.0111 97.4829 1.5
      vertex 31.9548 96.648 1.5
    endloop
  endfacet
  facet normal -0 0 1
    outer loop
      vertex 30.9786 97.4434 1.5
      vertex 31.9548 96.648 1.5
      vertex 31.0111 97.4829 1.5
    endloop
  endfacet
  facet normal 0 0 1
    outer loop
      vertex 31.9548 96.648 1.5
      vertex 30.9786 97.4434 1.5
      vertex 31.8887 96.5801 1.5
    endloop
  endfacet
  facet normal 0 0 1
    outer loop
      vertex 31.8887 96.5801 1.5
      vertex 30.9786 97.4434 1.5
      vertex 31.822 96.5163 1.5
    endloop
  endfacet
  facet normal -0 0 1
    outer loop
      vertex 30.9455 97.4072 1.5
      vertex 31.822 96.5163 1.5
      vertex 30.9786 97.4434 1.5
    endloop
  endfacet
  facet normal 0 0 1
    outer loop
      vertex 31.822 96.5163 1.5
      vertex 30.9455 97.4072 1.5
      vertex 31.7546 96.4566 1.5
    endloop
  endfacet
  facet normal -0 0 1
    outer loop
      vertex 30.9125 97.3736 1.5
      vertex 31.7546 96.4566 1.5
      vertex 30.9455 97.4072 1.5
    endloop
  endfacet
  facet normal 0 0 1
    outer loop
      vertex 31.7546 96.4566 1.5
      vertex 30.9125 97.3736 1.5
      vertex 31.6865 96.4011 1.5
    endloop
  endfacet
  facet normal -0 0 1
    outer loop
      vertex 30.88 97.3422 1.5
      vertex 31.6865 96.4011 1.5
      vertex 30.9125 97.3736 1.5
    endloop
  endfacet
  facet normal 0 0 1
    outer loop
      vertex 31.6865 96.4011 1.5
      vertex 30.88 97.3422 1.5
      vertex 31.6177 96.3497 1.5
    endloop
  endfacet
  facet normal -0 0 1
    outer loop
      vertex 30.848 97.3127 1.5
      vertex 31.6177 96.3497 1.5
      vertex 30.88 97.3422 1.5
    endloop
  endfacet
  facet normal -0 0 1
    outer loop
      vertex 30.8166 97.2854 1.5
      vertex 31.6177 96.3497 1.5
      vertex 30.848 97.3127 1.5
    endloop
  endfacet
  facet normal 0 0 1
    outer loop
      vertex 31.6177 96.3497 1.5
      vertex 30.8166 97.2854 1.5
      vertex 31.4925 96.2673 1.5
    endloop
  endfacet
  facet normal -0 0 1
    outer loop
      vertex 30.7858 97.2601 1.5
      vertex 31.4925 96.2673 1.5
      vertex 30.8166 97.2854 1.5
    endloop
  endfacet
  facet normal -0 0 1
    outer loop
      vertex 30.7555 97.2368 1.5
      vertex 31.4925 96.2673 1.5
      vertex 30.7858 97.2601 1.5
    endloop
  endfacet
  facet normal 0 0 1
    outer loop
      vertex 31.4925 96.2673 1.5
      vertex 30.7555 97.2368 1.5
      vertex 31.3637 96.1933 1.5
    endloop
  endfacet
  facet normal -0 0 1
    outer loop
      vertex 30.7257 97.2156 1.5
      vertex 31.3637 96.1933 1.5
      vertex 30.7555 97.2368 1.5
    endloop
  endfacet
  facet normal -0 0 1
    outer loop
      vertex 30.6965 97.1965 1.5
      vertex 31.3637 96.1933 1.5
      vertex 30.7257 97.2156 1.5
    endloop
  endfacet
  facet normal 0 0 1
    outer loop
      vertex 31.3637 96.1933 1.5
      vertex 30.6965 97.1965 1.5
      vertex 31.2313 96.1274 1.5
    endloop
  endfacet
  facet normal -0 0 1
    outer loop
      vertex 30.6678 97.1794 1.5
      vertex 31.2313 96.1274 1.5
      vertex 30.6965 97.1965 1.5
    endloop
  endfacet
  facet normal -0 0 1
    outer loop
      vertex 30.64 97.1641 1.5
      vertex 31.2313 96.1274 1.5
      vertex 30.6678 97.1794 1.5
    endloop
  endfacet
  facet normal 0 0 1
    outer loop
      vertex 31.2313 96.1274 1.5
      vertex 30.64 97.1641 1.5
      vertex 31.0954 96.0698 1.5
    endloop
  endfacet
  facet normal -0 0 1
    outer loop
      vertex 30.6135 97.1503 1.5
      vertex 31.0954 96.0698 1.5
      vertex 30.64 97.1641 1.5
    endloop
  endfacet
  facet normal -0 0 1
    outer loop
      vertex 30.5882 97.1381 1.5
      vertex 31.0954 96.0698 1.5
      vertex 30.6135 97.1503 1.5
    endloop
  endfacet
  facet normal 0 0 1
    outer loop
      vertex 31.0954 96.0698 1.5
      vertex 30.5882 97.1381 1.5
      vertex 30.9559 96.0204 1.5
    endloop
  endfacet
  facet normal -0 0 1
    outer loop
      vertex 30.5641 97.1273 1.5
      vertex 30.9559 96.0204 1.5
      vertex 30.5882 97.1381 1.5
    endloop
  endfacet
  facet normal -0 0 1
    outer loop
      vertex 30.5413 97.1181 1.5
      vertex 30.9559 96.0204 1.5
      vertex 30.5641 97.1273 1.5
    endloop
  endfacet
  facet normal 0 0 1
    outer loop
      vertex 30.9559 96.0204 1.5
      vertex 30.5413 97.1181 1.5
      vertex 30.8128 95.9793 1.5
    endloop
  endfacet
  facet normal -0 0 1
    outer loop
      vertex 30.5197 97.1103 1.5
      vertex 30.8128 95.9793 1.5
      vertex 30.5413 97.1181 1.5
    endloop
  endfacet
  facet normal -0 0 1
    outer loop
      vertex 30.4993 97.1041 1.5
      vertex 30.8128 95.9793 1.5
      vertex 30.5197 97.1103 1.5
    endloop
  endfacet
  facet normal -0 0 1
    outer loop
      vertex 30.4801 97.0993 1.5
      vertex 30.8128 95.9793 1.5
      vertex 30.4993 97.1041 1.5
    endloop
  endfacet
  facet normal 0 0 1
    outer loop
      vertex 30.8128 95.9793 1.5
      vertex 30.4801 97.0993 1.5
      vertex 30.6662 95.9464 1.5
    endloop
  endfacet
  facet normal -0 0 1
    outer loop
      vertex 30.4623 97.0961 1.5
      vertex 30.6662 95.9464 1.5
      vertex 30.4801 97.0993 1.5
    endloop
  endfacet
  facet normal -0 0 1
    outer loop
      vertex 30.3845 97.085 1.5
      vertex 30.6662 95.9464 1.5
      vertex 30.4623 97.0961 1.5
    endloop
  endfacet
  facet normal 0 0 1
    outer loop
      vertex 30.6662 95.9464 1.5
      vertex 30.3845 97.085 1.5
      vertex 30.516 95.9217 1.5
    endloop
  endfacet
  facet normal 0 0 1
    outer loop
      vertex 30.3845 97.085 1.5
      vertex 30.3623 95.9052 1.5
      vertex 30.516 95.9217 1.5
    endloop
  endfacet
  facet normal 0 0 1
    outer loop
      vertex 30.3623 95.9052 1.5
      vertex 30.3845 97.085 1.5
      vertex 30.3623 102.351 1.5
    endloop
  endfacet
  facet normal -0 0 1
    outer loop
      vertex 27.4019 103.672 1.5
      vertex 28.7796 95.895 1.5
      vertex 28.7796 103.672 1.5
    endloop
  endfacet
  facet normal 0 0 1
    outer loop
      vertex 28.7796 95.895 1.5
      vertex 27.4019 103.672 1.5
      vertex 27.4019 95.895 1.5
    endloop
  endfacet
  facet normal 0 0 1
    outer loop
      vertex 27.1848 101.139 1.5
      vertex 25.8388 101.143 1.5
      vertex 25.8405 101.04 1.5
    endloop
  endfacet
  facet normal 0 0 1
    outer loop
      vertex 25.9404 103.467 1.5
      vertex 25.8336 101.241 1.5
      vertex 25.8388 101.143 1.5
    endloop
  endfacet
  facet normal 0 0 1
    outer loop
      vertex 25.9404 103.467 1.5
      vertex 25.8251 101.333 1.5
      vertex 25.8336 101.241 1.5
    endloop
  endfacet
  facet normal 0 0 1
    outer loop
      vertex 25.9404 103.467 1.5
      vertex 25.8131 101.419 1.5
      vertex 25.8251 101.333 1.5
    endloop
  endfacet
  facet normal 0 0 1
    outer loop
      vertex 25.9404 103.467 1.5
      vertex 25.7977 101.5 1.5
      vertex 25.8131 101.419 1.5
    endloop
  endfacet
  facet normal 0 0 1
    outer loop
      vertex 25.9404 103.467 1.5
      vertex 25.7788 101.575 1.5
      vertex 25.7977 101.5 1.5
    endloop
  endfacet
  facet normal 0 0 1
    outer loop
      vertex 25.2455 102.216 1.5
      vertex 25.8584 103.51 1.5
      vertex 25.7753 103.548 1.5
    endloop
  endfacet
  facet normal 0 0 1
    outer loop
      vertex 25.9404 103.467 1.5
      vertex 25.7565 101.645 1.5
      vertex 25.7788 101.575 1.5
    endloop
  endfacet
  facet normal 0 0 1
    outer loop
      vertex 25.9404 103.467 1.5
      vertex 25.7308 101.709 1.5
      vertex 25.7565 101.645 1.5
    endloop
  endfacet
  facet normal 0 0 1
    outer loop
      vertex 25.9404 103.467 1.5
      vertex 25.7016 101.767 1.5
      vertex 25.7308 101.709 1.5
    endloop
  endfacet
  facet normal 0 0 1
    outer loop
      vertex 25.1962 102.236 1.5
      vertex 25.7753 103.548 1.5
      vertex 25.6911 103.581 1.5
    endloop
  endfacet
  facet normal 0 0 1
    outer loop
      vertex 25.9404 103.467 1.5
      vertex 25.6703 101.821 1.5
      vertex 25.7016 101.767 1.5
    endloop
  endfacet
  facet normal 0 0 1
    outer loop
      vertex 25.9404 103.467 1.5
      vertex 25.638 101.872 1.5
      vertex 25.6703 101.821 1.5
    endloop
  endfacet
  facet normal 0 0 1
    outer loop
      vertex 25.1962 102.236 1.5
      vertex 25.6911 103.581 1.5
      vertex 25.6058 103.609 1.5
    endloop
  endfacet
  facet normal 0 0 1
    outer loop
      vertex 25.9404 103.467 1.5
      vertex 25.6047 101.92 1.5
      vertex 25.638 101.872 1.5
    endloop
  endfacet
  facet normal 0 0 1
    outer loop
      vertex 25.9404 103.467 1.5
      vertex 25.5705 101.964 1.5
      vertex 25.6047 101.92 1.5
    endloop
  endfacet
  facet normal 0 0 1
    outer loop
      vertex 25.9404 103.467 1.5
      vertex 25.5353 102.006 1.5
      vertex 25.5705 101.964 1.5
    endloop
  endfacet
  facet normal 0 0 1
    outer loop
      vertex 25.1456 102.253 1.5
      vertex 25.6058 103.609 1.5
      vertex 25.5193 103.632 1.5
    endloop
  endfacet
  facet normal 0 0 1
    outer loop
      vertex 25.9404 103.467 1.5
      vertex 25.4992 102.044 1.5
      vertex 25.5353 102.006 1.5
    endloop
  endfacet
  facet normal 0 0 1
    outer loop
      vertex 25.9404 103.467 1.5
      vertex 25.4621 102.079 1.5
      vertex 25.4992 102.044 1.5
    endloop
  endfacet
  facet normal 0 0 1
    outer loop
      vertex 25.1456 102.253 1.5
      vertex 25.5193 103.632 1.5
      vertex 25.4318 103.649 1.5
    endloop
  endfacet
  facet normal 0 0 1
    outer loop
      vertex 25.9404 103.467 1.5
      vertex 25.424 102.111 1.5
      vertex 25.4621 102.079 1.5
    endloop
  endfacet
  facet normal 0 0 1
    outer loop
      vertex 25.9404 103.467 1.5
      vertex 25.385 102.139 1.5
      vertex 25.424 102.111 1.5
    endloop
  endfacet
  facet normal 0 0 1
    outer loop
      vertex 25.0936 102.268 1.5
      vertex 25.4318 103.649 1.5
      vertex 25.3432 103.662 1.5
    endloop
  endfacet
  facet normal 0 0 1
    outer loop
      vertex 25.9404 103.467 1.5
      vertex 25.3399 102.168 1.5
      vertex 25.385 102.139 1.5
    endloop
  endfacet
  facet normal 0 0 1
    outer loop
      vertex 25.9404 103.467 1.5
      vertex 25.2934 102.193 1.5
      vertex 25.3399 102.168 1.5
    endloop
  endfacet
  facet normal 0 0 1
    outer loop
      vertex 25.0936 102.268 1.5
      vertex 25.3432 103.662 1.5
      vertex 25.2535 103.67 1.5
    endloop
  endfacet
  facet normal 0 0 1
    outer loop
      vertex 25.9404 103.467 1.5
      vertex 25.2455 102.216 1.5
      vertex 25.2934 102.193 1.5
    endloop
  endfacet
  facet normal 0 0 1
    outer loop
      vertex 25.7753 103.548 1.5
      vertex 25.1962 102.236 1.5
      vertex 25.2455 102.216 1.5
    endloop
  endfacet
  facet normal 0 0 1
    outer loop
      vertex 25.0403 102.28 1.5
      vertex 25.2535 103.67 1.5
      vertex 25.1628 103.672 1.5
    endloop
  endfacet
  facet normal 0 0 1
    outer loop
      vertex 25.6058 103.609 1.5
      vertex 25.1456 102.253 1.5
      vertex 25.1962 102.236 1.5
    endloop
  endfacet
  facet normal 0 0 1
    outer loop
      vertex 25.4318 103.649 1.5
      vertex 25.0936 102.268 1.5
      vertex 25.1456 102.253 1.5
    endloop
  endfacet
  facet normal 0 0 1
    outer loop
      vertex 25.2535 103.67 1.5
      vertex 25.0403 102.28 1.5
      vertex 25.0936 102.268 1.5
    endloop
  endfacet
  facet normal 0 0 1
    outer loop
      vertex 25.1628 103.672 1.5
      vertex 24.9856 102.289 1.5
      vertex 25.0403 102.28 1.5
    endloop
  endfacet
  facet normal 0 0 1
    outer loop
      vertex 25.1628 103.672 1.5
      vertex 24.9295 102.295 1.5
      vertex 24.9856 102.289 1.5
    endloop
  endfacet
  facet normal 0 0 1
    outer loop
      vertex 23.4962 95.895 1.5
      vertex 24.8961 99.8067 1.5
      vertex 23.5073 103.672 1.5
    endloop
  endfacet
  facet normal 0 0 1
    outer loop
      vertex 24.9295 102.295 1.5
      vertex 23.5073 103.672 1.5
      vertex 24.8961 99.8067 1.5
    endloop
  endfacet
  facet normal -0 0 1
    outer loop
      vertex 23.5073 103.672 1.5
      vertex 24.9295 102.295 1.5
      vertex 25.1628 103.672 1.5
    endloop
  endfacet
  facet normal -0 0 1
    outer loop
      vertex 25.8388 101.143 1.5
      vertex 27.1848 101.139 1.5
      vertex 27.1828 101.25 1.5
    endloop
  endfacet
  facet normal 0 0 1
    outer loop
      vertex 27.1848 101.139 1.5
      vertex 25.8405 101.04 1.5
      vertex 27.1836 101.03 1.5
    endloop
  endfacet
  facet normal 0 0 1
    outer loop
      vertex 25.8388 101.143 1.5
      vertex 27.1828 101.25 1.5
      vertex 27.1769 101.36 1.5
    endloop
  endfacet
  facet normal 0 0 1
    outer loop
      vertex 27.1836 101.03 1.5
      vertex 25.8405 101.04 1.5
      vertex 27.1799 100.923 1.5
    endloop
  endfacet
  facet normal 0 0 1
    outer loop
      vertex 25.8388 101.143 1.5
      vertex 27.1769 101.36 1.5
      vertex 27.1669 101.468 1.5
    endloop
  endfacet
  facet normal -0 0 1
    outer loop
      vertex 25.8399 100.988 1.5
      vertex 27.1799 100.923 1.5
      vertex 25.8405 101.04 1.5
    endloop
  endfacet
  facet normal -0 0 1
    outer loop
      vertex 25.838 100.937 1.5
      vertex 27.1799 100.923 1.5
      vertex 25.8399 100.988 1.5
    endloop
  endfacet
  facet normal 0 0 1
    outer loop
      vertex 25.8388 101.143 1.5
      vertex 27.1669 101.468 1.5
      vertex 27.153 101.576 1.5
    endloop
  endfacet
  facet normal 0 0 1
    outer loop
      vertex 27.1799 100.923 1.5
      vertex 25.838 100.937 1.5
      vertex 27.1737 100.818 1.5
    endloop
  endfacet
  facet normal 0 0 1
    outer loop
      vertex 25.8388 101.143 1.5
      vertex 27.153 101.576 1.5
      vertex 27.1351 101.683 1.5
    endloop
  endfacet
  facet normal -0 0 1
    outer loop
      vertex 25.835 100.885 1.5
      vertex 27.1737 100.818 1.5
      vertex 25.838 100.937 1.5
    endloop
  endfacet
  facet normal 0 0 1
    outer loop
      vertex 25.8388 101.143 1.5
      vertex 27.1351 101.683 1.5
      vertex 27.1132 101.789 1.5
    endloop
  endfacet
  facet normal 0 0 1
    outer loop
      vertex 27.1737 100.818 1.5
      vertex 25.835 100.885 1.5
      vertex 27.1651 100.717 1.5
    endloop
  endfacet
  facet normal 0 0 1
    outer loop
      vertex 25.8388 101.143 1.5
      vertex 27.1132 101.789 1.5
      vertex 27.0874 101.893 1.5
    endloop
  endfacet
  facet normal -0 0 1
    outer loop
      vertex 25.8306 100.835 1.5
      vertex 27.1651 100.717 1.5
      vertex 25.835 100.885 1.5
    endloop
  endfacet
  facet normal 0 0 1
    outer loop
      vertex 27.1651 100.717 1.5
      vertex 25.8306 100.835 1.5
      vertex 27.154 100.618 1.5
    endloop
  endfacet
  facet normal 0 0 1
    outer loop
      vertex 25.8388 101.143 1.5
      vertex 27.0874 101.893 1.5
      vertex 27.0575 101.997 1.5
    endloop
  endfacet
  facet normal -0 0 1
    outer loop
      vertex 25.8251 100.784 1.5
      vertex 27.154 100.618 1.5
      vertex 25.8306 100.835 1.5
    endloop
  endfacet
  facet normal 0 0 1
    outer loop
      vertex 25.8388 101.143 1.5
      vertex 27.0575 101.997 1.5
      vertex 27.0237 102.1 1.5
    endloop
  endfacet
  facet normal 0 0 1
    outer loop
      vertex 27.154 100.618 1.5
      vertex 25.8251 100.784 1.5
      vertex 27.1404 100.522 1.5
    endloop
  endfacet
  facet normal 0 0 1
    outer loop
      vertex 25.8388 101.143 1.5
      vertex 27.0237 102.1 1.5
      vertex 26.9865 102.201 1.5
    endloop
  endfacet
  facet normal -0 0 1
    outer loop
      vertex 25.8183 100.734 1.5
      vertex 27.1404 100.522 1.5
      vertex 25.8251 100.784 1.5
    endloop
  endfacet
  facet normal -0 0 1
    outer loop
      vertex 25.8103 100.684 1.5
      vertex 27.1404 100.522 1.5
      vertex 25.8183 100.734 1.5
    endloop
  endfacet
  facet normal 0 0 1
    outer loop
      vertex 25.8388 101.143 1.5
      vertex 26.9865 102.201 1.5
      vertex 26.9464 102.3 1.5
    endloop
  endfacet
  facet normal 0 0 1
    outer loop
      vertex 27.1404 100.522 1.5
      vertex 25.8103 100.684 1.5
      vertex 27.1243 100.429 1.5
    endloop
  endfacet
  facet normal 0 0 1
    outer loop
      vertex 25.8388 101.143 1.5
      vertex 26.9464 102.3 1.5
      vertex 26.9033 102.395 1.5
    endloop
  endfacet
  facet normal -0 0 1
    outer loop
      vertex 25.801 100.634 1.5
      vertex 27.1243 100.429 1.5
      vertex 25.8103 100.684 1.5
    endloop
  endfacet
  facet normal 0 0 1
    outer loop
      vertex 27.1243 100.429 1.5
      vertex 25.801 100.634 1.5
      vertex 27.1058 100.338 1.5
    endloop
  endfacet
  facet normal 0 0 1
    outer loop
      vertex 25.8388 101.143 1.5
      vertex 26.9033 102.395 1.5
      vertex 26.8575 102.488 1.5
    endloop
  endfacet
  facet normal -0 0 1
    outer loop
      vertex 25.7905 100.584 1.5
      vertex 27.1058 100.338 1.5
      vertex 25.801 100.634 1.5
    endloop
  endfacet
  facet normal 0 0 1
    outer loop
      vertex 25.8388 101.143 1.5
      vertex 26.8575 102.488 1.5
      vertex 26.8087 102.578 1.5
    endloop
  endfacet
  facet normal 0 0 1
    outer loop
      vertex 27.1058 100.338 1.5
      vertex 25.7905 100.584 1.5
      vertex 27.0848 100.25 1.5
    endloop
  endfacet
  facet normal -0 0 1
    outer loop
      vertex 25.7786 100.536 1.5
      vertex 27.0848 100.25 1.5
      vertex 25.7905 100.584 1.5
    endloop
  endfacet
  facet normal 0 0 1
    outer loop
      vertex 25.8388 101.143 1.5
      vertex 26.8087 102.578 1.5
      vertex 26.757 102.666 1.5
    endloop
  endfacet
  facet normal 0 0 1
    outer loop
      vertex 27.0848 100.25 1.5
      vertex 25.7786 100.536 1.5
      vertex 27.0619 100.165 1.5
    endloop
  endfacet
  facet normal 0 0 1
    outer loop
      vertex 25.8388 101.143 1.5
      vertex 26.757 102.666 1.5
      vertex 26.7025 102.75 1.5
    endloop
  endfacet
  facet normal -0 0 1
    outer loop
      vertex 25.7653 100.488 1.5
      vertex 27.0619 100.165 1.5
      vertex 25.7786 100.536 1.5
    endloop
  endfacet
  facet normal 0 0 1
    outer loop
      vertex 25.8388 101.143 1.5
      vertex 26.7025 102.75 1.5
      vertex 26.6451 102.832 1.5
    endloop
  endfacet
  facet normal 0 0 1
    outer loop
      vertex 27.0619 100.165 1.5
      vertex 25.7653 100.488 1.5
      vertex 27.0376 100.083 1.5
    endloop
  endfacet
  facet normal -0 0 1
    outer loop
      vertex 25.7504 100.442 1.5
      vertex 27.0376 100.083 1.5
      vertex 25.7653 100.488 1.5
    endloop
  endfacet
  facet normal 0 0 1
    outer loop
      vertex 25.8388 101.143 1.5
      vertex 26.6451 102.832 1.5
      vertex 26.5848 102.911 1.5
    endloop
  endfacet
  facet normal 0 0 1
    outer loop
      vertex 27.0376 100.083 1.5
      vertex 25.7504 100.442 1.5
      vertex 27.012 100.003 1.5
    endloop
  endfacet
  facet normal 0 0 1
    outer loop
      vertex 25.8388 101.143 1.5
      vertex 26.5848 102.911 1.5
      vertex 26.522 102.987 1.5
    endloop
  endfacet
  facet normal 0 0 1
    outer loop
      vertex 27.012 100.003 1.5
      vertex 25.7504 100.442 1.5
      vertex 26.985 99.9257 1.5
    endloop
  endfacet
  facet normal -0 0 1
    outer loop
      vertex 25.734 100.397 1.5
      vertex 26.985 99.9257 1.5
      vertex 25.7504 100.442 1.5
    endloop
  endfacet
  facet normal 0 0 1
    outer loop
      vertex 25.8388 101.143 1.5
      vertex 26.522 102.987 1.5
      vertex 26.457 103.06 1.5
    endloop
  endfacet
  facet normal 0 0 1
    outer loop
      vertex 26.985 99.9257 1.5
      vertex 25.734 100.397 1.5
      vertex 26.9566 99.851 1.5
    endloop
  endfacet
  facet normal 0 0 1
    outer loop
      vertex 25.8388 101.143 1.5
      vertex 26.457 103.06 1.5
      vertex 26.3898 103.129 1.5
    endloop
  endfacet
  facet normal -0 0 1
    outer loop
      vertex 25.7161 100.353 1.5
      vertex 26.9566 99.851 1.5
      vertex 25.734 100.397 1.5
    endloop
  endfacet
  facet normal 0 0 1
    outer loop
      vertex 26.9566 99.851 1.5
      vertex 25.7161 100.353 1.5
      vertex 26.9268 99.7789 1.5
    endloop
  endfacet
  facet normal 0 0 1
    outer loop
      vertex 25.8388 101.143 1.5
      vertex 26.3898 103.129 1.5
      vertex 26.3204 103.194 1.5
    endloop
  endfacet
  facet normal -0 0 1
    outer loop
      vertex 25.6967 100.31 1.5
      vertex 26.9268 99.7789 1.5
      vertex 25.7161 100.353 1.5
    endloop
  endfacet
  facet normal 0 0 1
    outer loop
      vertex 25.8388 101.143 1.5
      vertex 26.3204 103.194 1.5
      vertex 26.2488 103.256 1.5
    endloop
  endfacet
  facet normal 0 0 1
    outer loop
      vertex 26.9268 99.7789 1.5
      vertex 25.6967 100.31 1.5
      vertex 26.8957 99.7095 1.5
    endloop
  endfacet
  facet normal -0 0 1
    outer loop
      vertex 25.6758 100.269 1.5
      vertex 26.8957 99.7095 1.5
      vertex 25.6967 100.31 1.5
    endloop
  endfacet
  facet normal 0 0 1
    outer loop
      vertex 25.8388 101.143 1.5
      vertex 26.2488 103.256 1.5
      vertex 26.175 103.314 1.5
    endloop
  endfacet
  facet normal 0 0 1
    outer loop
      vertex 26.8957 99.7095 1.5
      vertex 25.6758 100.269 1.5
      vertex 26.8632 99.6426 1.5
    endloop
  endfacet
  facet normal 0 0 1
    outer loop
      vertex 25.8388 101.143 1.5
      vertex 26.175 103.314 1.5
      vertex 26.099 103.368 1.5
    endloop
  endfacet
  facet normal 0 0 1
    outer loop
      vertex 26.8632 99.6426 1.5
      vertex 25.6758 100.269 1.5
      vertex 26.8293 99.5784 1.5
    endloop
  endfacet
  facet normal -0 0 1
    outer loop
      vertex 25.6533 100.229 1.5
      vertex 26.8293 99.5784 1.5
      vertex 25.6758 100.269 1.5
    endloop
  endfacet
  facet normal 0 0 1
    outer loop
      vertex 25.8388 101.143 1.5
      vertex 26.099 103.368 1.5
      vertex 26.0208 103.419 1.5
    endloop
  endfacet
  facet normal 0 0 1
    outer loop
      vertex 25.8388 101.143 1.5
      vertex 26.0208 103.419 1.5
      vertex 25.9404 103.467 1.5
    endloop
  endfacet
  facet normal 0 0 1
    outer loop
      vertex 26.8293 99.5784 1.5
      vertex 25.6533 100.229 1.5
      vertex 26.7941 99.5165 1.5
    endloop
  endfacet
  facet normal 0 0 1
    outer loop
      vertex 25.2455 102.216 1.5
      vertex 25.9404 103.467 1.5
      vertex 25.8584 103.51 1.5
    endloop
  endfacet
  facet normal -0 0 1
    outer loop
      vertex 25.6294 100.19 1.5
      vertex 26.7941 99.5165 1.5
      vertex 25.6533 100.229 1.5
    endloop
  endfacet
  facet normal 0 0 1
    outer loop
      vertex 26.7941 99.5165 1.5
      vertex 25.6294 100.19 1.5
      vertex 26.7577 99.4568 1.5
    endloop
  endfacet
  facet normal 0 0 1
    outer loop
      vertex 26.7577 99.4568 1.5
      vertex 25.6294 100.19 1.5
      vertex 26.7201 99.3994 1.5
    endloop
  endfacet
  facet normal -0 0 1
    outer loop
      vertex 25.6039 100.152 1.5
      vertex 26.7201 99.3994 1.5
      vertex 25.6294 100.19 1.5
    endloop
  endfacet
  facet normal 0 0 1
    outer loop
      vertex 26.7201 99.3994 1.5
      vertex 25.6039 100.152 1.5
      vertex 26.6812 99.3441 1.5
    endloop
  endfacet
  facet normal 0 0 1
    outer loop
      vertex 26.6812 99.3441 1.5
      vertex 25.6039 100.152 1.5
      vertex 26.6411 99.291 1.5
    endloop
  endfacet
  facet normal -0 0 1
    outer loop
      vertex 25.5767 100.117 1.5
      vertex 26.6411 99.291 1.5
      vertex 25.6039 100.152 1.5
    endloop
  endfacet
  facet normal 0 0 1
    outer loop
      vertex 26.6411 99.291 1.5
      vertex 25.5767 100.117 1.5
      vertex 26.5997 99.2402 1.5
    endloop
  endfacet
  facet normal -0 0 1
    outer loop
      vertex 25.5479 100.083 1.5
      vertex 26.5997 99.2402 1.5
      vertex 25.5767 100.117 1.5
    endloop
  endfacet
  facet normal 0 0 1
    outer loop
      vertex 26.5997 99.2402 1.5
      vertex 25.5479 100.083 1.5
      vertex 26.5571 99.1915 1.5
    endloop
  endfacet
  facet normal 0 0 1
    outer loop
      vertex 26.5571 99.1915 1.5
      vertex 25.5479 100.083 1.5
      vertex 26.5133 99.145 1.5
    endloop
  endfacet
  facet normal 0 0 1
    outer loop
      vertex 26.5133 99.145 1.5
      vertex 25.5479 100.083 1.5
      vertex 26.4682 99.1007 1.5
    endloop
  endfacet
  facet normal -0 0 1
    outer loop
      vertex 25.5175 100.05 1.5
      vertex 26.4682 99.1007 1.5
      vertex 25.5479 100.083 1.5
    endloop
  endfacet
  facet normal 0 0 1
    outer loop
      vertex 26.4682 99.1007 1.5
      vertex 25.5175 100.05 1.5
      vertex 26.4223 99.0582 1.5
    endloop
  endfacet
  facet normal -0 0 1
    outer loop
      vertex 25.4854 100.019 1.5
      vertex 26.4223 99.0582 1.5
      vertex 25.5175 100.05 1.5
    endloop
  endfacet
  facet normal 0 0 1
    outer loop
      vertex 26.4223 99.0582 1.5
      vertex 25.4854 100.019 1.5
      vertex 26.376 99.0173 1.5
    endloop
  endfacet
  facet normal 0 0 1
    outer loop
      vertex 26.376 99.0173 1.5
      vertex 25.4854 100.019 1.5
      vertex 26.3293 98.9779 1.5
    endloop
  endfacet
  facet normal -0 0 1
    outer loop
      vertex 25.4516 99.99 1.5
      vertex 26.3293 98.9779 1.5
      vertex 25.4854 100.019 1.5
    endloop
  endfacet
  facet normal 0 0 1
    outer loop
      vertex 26.3293 98.9779 1.5
      vertex 25.4516 99.99 1.5
      vertex 26.2822 98.9399 1.5
    endloop
  endfacet
  facet normal 0 0 1
    outer loop
      vertex 26.2822 98.9399 1.5
      vertex 25.4516 99.99 1.5
      vertex 26.2347 98.9035 1.5
    endloop
  endfacet
  facet normal -0 0 1
    outer loop
      vertex 25.4162 99.9624 1.5
      vertex 26.2347 98.9035 1.5
      vertex 25.4516 99.99 1.5
    endloop
  endfacet
  facet normal 0 0 1
    outer loop
      vertex 26.2347 98.9035 1.5
      vertex 25.4162 99.9624 1.5
      vertex 26.1868 98.8686 1.5
    endloop
  endfacet
  facet normal 0 0 1
    outer loop
      vertex 26.1868 98.8686 1.5
      vertex 25.4162 99.9624 1.5
      vertex 26.1384 98.8352 1.5
    endloop
  endfacet
  facet normal -0 0 1
    outer loop
      vertex 25.3792 99.9365 1.5
      vertex 26.1384 98.8352 1.5
      vertex 25.4162 99.9624 1.5
    endloop
  endfacet
  facet normal 0 0 1
    outer loop
      vertex 26.1384 98.8352 1.5
      vertex 25.3792 99.9365 1.5
      vertex 26.0897 98.8033 1.5
    endloop
  endfacet
  facet normal 0 0 1
    outer loop
      vertex 26.0897 98.8033 1.5
      vertex 25.3792 99.9365 1.5
      vertex 26.0405 98.7729 1.5
    endloop
  endfacet
  facet normal -0 0 1
    outer loop
      vertex 25.3405 99.9122 1.5
      vertex 26.0405 98.7729 1.5
      vertex 25.3792 99.9365 1.5
    endloop
  endfacet
  facet normal 0 0 1
    outer loop
      vertex 26.0405 98.7729 1.5
      vertex 25.3405 99.9122 1.5
      vertex 25.9276 98.7117 1.5
    endloop
  endfacet
  facet normal -0 0 1
    outer loop
      vertex 25.2999 99.8901 1.5
      vertex 25.9276 98.7117 1.5
      vertex 25.3405 99.9122 1.5
    endloop
  endfacet
  facet normal 0 0 1
    outer loop
      vertex 25.9276 98.7117 1.5
      vertex 25.2999 99.8901 1.5
      vertex 25.8112 98.6566 1.5
    endloop
  endfacet
  facet normal -0 0 1
    outer loop
      vertex 25.2571 99.8705 1.5
      vertex 25.8112 98.6566 1.5
      vertex 25.2999 99.8901 1.5
    endloop
  endfacet
  facet normal 0 0 1
    outer loop
      vertex 25.8112 98.6566 1.5
      vertex 25.2571 99.8705 1.5
      vertex 25.6911 98.6075 1.5
    endloop
  endfacet
  facet normal -0 0 1
    outer loop
      vertex 25.2121 99.8536 1.5
      vertex 25.6911 98.6075 1.5
      vertex 25.2571 99.8705 1.5
    endloop
  endfacet
  facet normal 0 0 1
    outer loop
      vertex 25.6911 98.6075 1.5
      vertex 25.2121 99.8536 1.5
      vertex 25.5676 98.5644 1.5
    endloop
  endfacet
  facet normal -0 0 1
    outer loop
      vertex 25.1649 99.8392 1.5
      vertex 25.5676 98.5644 1.5
      vertex 25.2121 99.8536 1.5
    endloop
  endfacet
  facet normal 0 0 1
    outer loop
      vertex 25.5676 98.5644 1.5
      vertex 25.1649 99.8392 1.5
      vertex 25.4404 98.5274 1.5
    endloop
  endfacet
  facet normal -0 0 1
    outer loop
      vertex 25.1156 99.8275 1.5
      vertex 25.4404 98.5274 1.5
      vertex 25.1649 99.8392 1.5
    endloop
  endfacet
  facet normal 0 0 1
    outer loop
      vertex 25.4404 98.5274 1.5
      vertex 25.1156 99.8275 1.5
      vertex 25.3097 98.4964 1.5
    endloop
  endfacet
  facet normal -0 0 1
    outer loop
      vertex 25.064 99.8184 1.5
      vertex 25.3097 98.4964 1.5
      vertex 25.1156 99.8275 1.5
    endloop
  endfacet
  facet normal 0 0 1
    outer loop
      vertex 25.3097 98.4964 1.5
      vertex 25.064 99.8184 1.5
      vertex 25.1754 98.4715 1.5
    endloop
  endfacet
  facet normal -0 0 1
    outer loop
      vertex 25.0102 99.8119 1.5
      vertex 25.1754 98.4715 1.5
      vertex 25.064 99.8184 1.5
    endloop
  endfacet
  facet normal -0 0 1
    outer loop
      vertex 24.9543 99.808 1.5
      vertex 25.1754 98.4715 1.5
      vertex 25.0102 99.8119 1.5
    endloop
  endfacet
  facet normal 0 0 1
    outer loop
      vertex 25.1754 98.4715 1.5
      vertex 24.9543 99.808 1.5
      vertex 25.0375 98.4525 1.5
    endloop
  endfacet
  facet normal -0 0 1
    outer loop
      vertex 24.8961 99.8067 1.5
      vertex 25.0375 98.4525 1.5
      vertex 24.9543 99.808 1.5
    endloop
  endfacet
  facet normal 0 0 1
    outer loop
      vertex 25.0375 98.4525 1.5
      vertex 24.8961 99.8067 1.5
      vertex 24.8961 98.4397 1.5
    endloop
  endfacet
  facet normal 0 0 1
    outer loop
      vertex 24.8961 99.8067 1.5
      vertex 23.4962 95.895 1.5
      vertex 24.8961 98.4397 1.5
    endloop
  endfacet
  facet normal 0 0 1
    outer loop
      vertex 24.8961 98.4397 1.5
      vertex 23.4962 95.895 1.5
      vertex 24.9072 95.895 1.5
    endloop
  endfacet
  facet normal -0 0 1
    outer loop
      vertex 45.5041 99.6396 1.5
      vertex 46.9485 96.0143 1.5
      vertex 46.9485 103.672 1.5
    endloop
  endfacet
  facet normal 0 0 1
    outer loop
      vertex 45.5041 95.8848 1.5
      vertex 46.9485 96.0143 1.5
      vertex 45.5041 99.6396 1.5
    endloop
  endfacet
  facet normal 0 0 1
    outer loop
      vertex 46.9485 96.0143 1.5
      vertex 45.5041 95.8848 1.5
      vertex 46.9485 95.895 1.5
    endloop
  endfacet
  facet normal -0 0 1
    outer loop
      vertex 45.1374 103.672 1.5
      vertex 45.5041 99.6396 1.5
      vertex 46.9485 103.672 1.5
    endloop
  endfacet
  facet normal -0 0 1
    outer loop
      vertex 44.5041 99.673 1.5
      vertex 45.5041 99.6396 1.5
      vertex 45.1374 103.672 1.5
    endloop
  endfacet
  facet normal 0 0 1
    outer loop
      vertex 45.5041 99.6396 1.5
      vertex 44.5041 99.673 1.5
      vertex 44.8709 95.895 1.5
    endloop
  endfacet
  facet normal 0 0 1
    outer loop
      vertex 44.5041 99.673 1.5
      vertex 44.1264 95.895 1.5
      vertex 44.8709 95.895 1.5
    endloop
  endfacet
  facet normal 0 0 1
    outer loop
      vertex 43.4931 99.6064 1.5
      vertex 44.5041 99.673 1.5
      vertex 43.8597 103.672 1.5
    endloop
  endfacet
  facet normal 0 0 1
    outer loop
      vertex 44.5041 99.673 1.5
      vertex 43.4931 99.6064 1.5
      vertex 44.1264 95.895 1.5
    endloop
  endfacet
  facet normal -0 0 1
    outer loop
      vertex 42.0821 103.672 1.5
      vertex 43.4931 99.6064 1.5
      vertex 43.8597 103.672 1.5
    endloop
  endfacet
  facet normal 0 0 1
    outer loop
      vertex 42.0821 95.895 1.5
      vertex 43.4931 99.6064 1.5
      vertex 42.0821 103.672 1.5
    endloop
  endfacet
  facet normal 0 0 1
    outer loop
      vertex 43.4931 99.6064 1.5
      vertex 42.0821 95.895 1.5
      vertex 43.4931 95.895 1.5
    endloop
  endfacet
  facet normal 0 0 1
    outer loop
      vertex 53.6774 99.6503 1.5
      vertex 55.0996 103.672 1.5
      vertex 53.6774 103.672 1.5
    endloop
  endfacet
  facet normal 0 0 1
    outer loop
      vertex 55.0996 103.672 1.5
      vertex 53.6774 99.6503 1.5
      vertex 55.0996 95.895 1.5
    endloop
  endfacet
  facet normal 0 0 1
    outer loop
      vertex 53.6774 99.6503 1.5
      vertex 53.6774 95.895 1.5
      vertex 55.0996 95.895 1.5
    endloop
  endfacet
  facet normal 0 0 1
    outer loop
      vertex 52.4775 99.6059 1.5
      vertex 53.6774 99.6503 1.5
      vertex 52.4886 103.672 1.5
    endloop
  endfacet
  facet normal 0 0 1
    outer loop
      vertex 53.6774 99.6503 1.5
      vertex 52.4775 99.6059 1.5
      vertex 53.6774 95.895 1.5
    endloop
  endfacet
  facet normal -0 0 1
    outer loop
      vertex 51.0998 103.672 1.5
      vertex 52.4775 99.6059 1.5
      vertex 52.4886 103.672 1.5
    endloop
  endfacet
  facet normal 0 0 1
    outer loop
      vertex 51.0998 96.17 1.5
      vertex 52.4775 99.6059 1.5
      vertex 51.0998 103.672 1.5
    endloop
  endfacet
  facet normal 0 0 1
    outer loop
      vertex 52.4775 99.6059 1.5
      vertex 51.0998 96.17 1.5
      vertex 52.4775 95.8839 1.5
    endloop
  endfacet
  facet normal 0 0 1
    outer loop
      vertex 51.0998 96.17 1.5
      vertex 51.0998 95.895 1.5
      vertex 52.4775 95.8839 1.5
    endloop
  endfacet
  facet normal -0 0 1
    outer loop
      vertex 49.4304 98.3372 1.5
      vertex 51.0998 96.17 1.5
      vertex 49.9637 103.672 1.5
    endloop
  endfacet
  facet normal -0 -0 1
    outer loop
      vertex 49.5749 97.0931 1.5
      vertex 51.0998 96.17 1.5
      vertex 49.4304 98.3372 1.5
    endloop
  endfacet
  facet normal 0 0 1
    outer loop
      vertex 51.0998 96.17 1.5
      vertex 49.7304 95.895 1.5
      vertex 51.0998 95.895 1.5
    endloop
  endfacet
  facet normal 0 -0 1
    outer loop
      vertex 49.7304 95.895 1.5
      vertex 51.0998 96.17 1.5
      vertex 49.5749 97.0931 1.5
    endloop
  endfacet
  facet normal 0 0 1
    outer loop
      vertex 49.9637 103.672 1.5
      vertex 49.0305 101.604 1.5
      vertex 49.4304 98.3372 1.5
    endloop
  endfacet
  facet normal 0 0 1
    outer loop
      vertex 48.0972 103.672 1.5
      vertex 48.6527 98.3372 1.5
      vertex 49.0305 101.604 1.5
    endloop
  endfacet
  facet normal 0 0 1
    outer loop
      vertex 48.6527 98.3372 1.5
      vertex 46.9485 96.0143 1.5
      vertex 48.4861 97.0931 1.5
    endloop
  endfacet
  facet normal -0 0 1
    outer loop
      vertex 48.0972 103.672 1.5
      vertex 49.0305 101.604 1.5
      vertex 49.9637 103.672 1.5
    endloop
  endfacet
  facet normal 0 0 1
    outer loop
      vertex 48.6527 98.3372 1.5
      vertex 48.0972 103.672 1.5
      vertex 46.9485 96.0143 1.5
    endloop
  endfacet
  facet normal 0 0 1
    outer loop
      vertex 48.4861 97.0931 1.5
      vertex 46.9485 96.0143 1.5
      vertex 48.3194 95.895 1.5
    endloop
  endfacet
  facet normal 0 0 1
    outer loop
      vertex 48.3194 95.895 1.5
      vertex 46.9485 96.0143 1.5
      vertex 46.9485 95.895 1.5
    endloop
  endfacet
  facet normal -0 0 1
    outer loop
      vertex 48.6527 98.3372 1.5
      vertex 49.5749 97.0931 1.5
      vertex 49.4304 98.3372 1.5
    endloop
  endfacet
  facet normal 0 0 1
    outer loop
      vertex 49.5749 97.0931 1.5
      vertex 48.6527 98.3372 1.5
      vertex 48.4861 97.0931 1.5
    endloop
  endfacet
  facet normal 0 0 1
    outer loop
      vertex 46.9485 95.895 1.5
      vertex 45.5041 95.8848 1.5
      vertex 46.9485 95.8848 1.5
    endloop
  endfacet
  facet normal -0 0 1
    outer loop
      vertex 38.3923 100.988 1.5
      vertex 39.7903 100.9 1.5
      vertex 39.7898 101.04 1.5
    endloop
  endfacet
  facet normal -0 0 1
    outer loop
      vertex 38.3923 101.09 1.5
      vertex 39.7898 101.04 1.5
      vertex 39.7845 101.185 1.5
    endloop
  endfacet
  facet normal 0 0 1
    outer loop
      vertex 39.7903 100.9 1.5
      vertex 38.3923 100.988 1.5
      vertex 38.3907 100.94 1.5
    endloop
  endfacet
  facet normal -0 0 1
    outer loop
      vertex 38.388 101.193 1.5
      vertex 39.7845 101.185 1.5
      vertex 39.7744 101.337 1.5
    endloop
  endfacet
  facet normal 0 0 1
    outer loop
      vertex 38.388 100.891 1.5
      vertex 39.7903 100.9 1.5
      vertex 38.3907 100.94 1.5
    endloop
  endfacet
  facet normal 0 0 1
    outer loop
      vertex 38.3792 101.295 1.5
      vertex 39.7744 101.337 1.5
      vertex 39.7595 101.495 1.5
    endloop
  endfacet
  facet normal 0 0 1
    outer loop
      vertex 38.366 101.397 1.5
      vertex 39.7595 101.495 1.5
      vertex 39.7456 101.623 1.5
    endloop
  endfacet
  facet normal 0 0 1
    outer loop
      vertex 39.7898 101.04 1.5
      vertex 38.3929 101.038 1.5
      vertex 38.3923 100.988 1.5
    endloop
  endfacet
  facet normal 0 0 1
    outer loop
      vertex 38.3577 101.448 1.5
      vertex 39.7456 101.623 1.5
      vertex 39.7285 101.748 1.5
    endloop
  endfacet
  facet normal 0 0 1
    outer loop
      vertex 39.7903 100.9 1.5
      vertex 38.388 100.891 1.5
      vertex 39.7859 100.766 1.5
    endloop
  endfacet
  facet normal 0 0 1
    outer loop
      vertex 38.3379 101.549 1.5
      vertex 39.7285 101.748 1.5
      vertex 39.7083 101.867 1.5
    endloop
  endfacet
  facet normal -0 0 1
    outer loop
      vertex 38.3841 100.842 1.5
      vertex 39.7859 100.766 1.5
      vertex 38.388 100.891 1.5
    endloop
  endfacet
  facet normal 0 0 1
    outer loop
      vertex 38.3259 101.598 1.5
      vertex 39.7083 101.867 1.5
      vertex 39.6849 101.983 1.5
    endloop
  endfacet
  facet normal 0 0 1
    outer loop
      vertex 39.7859 100.766 1.5
      vertex 38.3841 100.842 1.5
      vertex 39.7768 100.638 1.5
    endloop
  endfacet
  facet normal 0 0 1
    outer loop
      vertex 38.3126 101.646 1.5
      vertex 39.6849 101.983 1.5
      vertex 39.6584 102.094 1.5
    endloop
  endfacet
  facet normal 0 0 1
    outer loop
      vertex 39.7898 101.04 1.5
      vertex 38.3923 101.09 1.5
      vertex 38.3929 101.038 1.5
    endloop
  endfacet
  facet normal 0 0 1
    outer loop
      vertex 38.298 101.693 1.5
      vertex 39.6584 102.094 1.5
      vertex 39.6287 102.201 1.5
    endloop
  endfacet
  facet normal -0 0 1
    outer loop
      vertex 38.3792 100.794 1.5
      vertex 39.7768 100.638 1.5
      vertex 38.3841 100.842 1.5
    endloop
  endfacet
  facet normal 0 0 1
    outer loop
      vertex 38.2645 101.783 1.5
      vertex 39.6287 102.201 1.5
      vertex 39.5958 102.303 1.5
    endloop
  endfacet
  facet normal -0 0 1
    outer loop
      vertex 38.3731 100.746 1.5
      vertex 39.7768 100.638 1.5
      vertex 38.3792 100.794 1.5
    endloop
  endfacet
  facet normal 0 0 1
    outer loop
      vertex 38.2457 101.826 1.5
      vertex 39.5958 102.303 1.5
      vertex 39.5598 102.401 1.5
    endloop
  endfacet
  facet normal 0 0 1
    outer loop
      vertex 39.7768 100.638 1.5
      vertex 38.3731 100.746 1.5
      vertex 39.7629 100.516 1.5
    endloop
  endfacet
  facet normal 0 0 1
    outer loop
      vertex 38.2255 101.869 1.5
      vertex 39.5598 102.401 1.5
      vertex 39.5206 102.495 1.5
    endloop
  endfacet
  facet normal -0 0 1
    outer loop
      vertex 38.366 100.699 1.5
      vertex 39.7629 100.516 1.5
      vertex 38.3731 100.746 1.5
    endloop
  endfacet
  facet normal 0 0 1
    outer loop
      vertex 38.204 101.91 1.5
      vertex 39.5206 102.495 1.5
      vertex 39.4787 102.584 1.5
    endloop
  endfacet
  facet normal 0 0 1
    outer loop
      vertex 39.7629 100.516 1.5
      vertex 38.366 100.699 1.5
      vertex 39.7442 100.4 1.5
    endloop
  endfacet
  facet normal 0 0 1
    outer loop
      vertex 39.7442 100.4 1.5
      vertex 38.3577 100.652 1.5
      vertex 39.7207 100.289 1.5
    endloop
  endfacet
  facet normal 0 0 1
    outer loop
      vertex 38.204 101.91 1.5
      vertex 39.4787 102.584 1.5
      vertex 39.4345 102.67 1.5
    endloop
  endfacet
  facet normal -0 0 1
    outer loop
      vertex 38.3484 100.604 1.5
      vertex 39.7207 100.289 1.5
      vertex 38.3577 100.652 1.5
    endloop
  endfacet
  facet normal 0 0 1
    outer loop
      vertex 38.1809 101.95 1.5
      vertex 39.4345 102.67 1.5
      vertex 39.3879 102.752 1.5
    endloop
  endfacet
  facet normal -0 0 1
    outer loop
      vertex 38.3377 100.558 1.5
      vertex 39.7207 100.289 1.5
      vertex 38.3484 100.604 1.5
    endloop
  endfacet
  facet normal 0 0 1
    outer loop
      vertex 38.156 101.988 1.5
      vertex 39.3879 102.752 1.5
      vertex 39.339 102.83 1.5
    endloop
  endfacet
  facet normal 0 0 1
    outer loop
      vertex 39.7207 100.289 1.5
      vertex 38.3377 100.558 1.5
      vertex 39.6941 100.184 1.5
    endloop
  endfacet
  facet normal 0 0 1
    outer loop
      vertex 38.1293 102.024 1.5
      vertex 39.339 102.83 1.5
      vertex 39.2878 102.905 1.5
    endloop
  endfacet
  facet normal -0 0 1
    outer loop
      vertex 38.3254 100.513 1.5
      vertex 39.6941 100.184 1.5
      vertex 38.3377 100.558 1.5
    endloop
  endfacet
  facet normal 0 0 1
    outer loop
      vertex 38.1293 102.024 1.5
      vertex 39.2878 102.905 1.5
      vertex 39.2342 102.976 1.5
    endloop
  endfacet
  facet normal 0 0 1
    outer loop
      vertex 39.6941 100.184 1.5
      vertex 38.3254 100.513 1.5
      vertex 39.6663 100.084 1.5
    endloop
  endfacet
  facet normal 0 0 1
    outer loop
      vertex 38.1008 102.059 1.5
      vertex 39.2342 102.976 1.5
      vertex 39.1783 103.043 1.5
    endloop
  endfacet
  facet normal -0 0 1
    outer loop
      vertex 38.3114 100.469 1.5
      vertex 39.6663 100.084 1.5
      vertex 38.3254 100.513 1.5
    endloop
  endfacet
  facet normal 0 0 1
    outer loop
      vertex 38.0706 102.091 1.5
      vertex 39.1783 103.043 1.5
      vertex 39.1201 103.107 1.5
    endloop
  endfacet
  facet normal -0 0 1
    outer loop
      vertex 38.3577 100.652 1.5
      vertex 39.7442 100.4 1.5
      vertex 38.366 100.699 1.5
    endloop
  endfacet
  facet normal 0 0 1
    outer loop
      vertex 38.0706 102.091 1.5
      vertex 39.1201 103.107 1.5
      vertex 39.0595 103.167 1.5
    endloop
  endfacet
  facet normal 0 0 1
    outer loop
      vertex 39.6663 100.084 1.5
      vertex 38.3114 100.469 1.5
      vertex 39.6373 99.9886 1.5
    endloop
  endfacet
  facet normal 0 0 1
    outer loop
      vertex 38.0386 102.122 1.5
      vertex 39.0595 103.167 1.5
      vertex 38.9969 103.223 1.5
    endloop
  endfacet
  facet normal -0 0 1
    outer loop
      vertex 38.2958 100.426 1.5
      vertex 39.6373 99.9886 1.5
      vertex 38.3114 100.469 1.5
    endloop
  endfacet
  facet normal 0 0 1
    outer loop
      vertex 38.0386 102.122 1.5
      vertex 38.9969 103.223 1.5
      vertex 38.9325 103.276 1.5
    endloop
  endfacet
  facet normal 0 0 1
    outer loop
      vertex 38.0048 102.151 1.5
      vertex 38.9325 103.276 1.5
      vertex 38.8663 103.325 1.5
    endloop
  endfacet
  facet normal 0 0 1
    outer loop
      vertex 37.9692 102.179 1.5
      vertex 38.8663 103.325 1.5
      vertex 38.7984 103.371 1.5
    endloop
  endfacet
  facet normal 0 0 1
    outer loop
      vertex 37.9692 102.179 1.5
      vertex 38.7984 103.371 1.5
      vertex 38.7286 103.414 1.5
    endloop
  endfacet
  facet normal 0 0 1
    outer loop
      vertex 37.9318 102.204 1.5
      vertex 38.7286 103.414 1.5
      vertex 38.6571 103.453 1.5
    endloop
  endfacet
  facet normal 0 0 1
    outer loop
      vertex 37.9318 102.204 1.5
      vertex 38.6571 103.453 1.5
      vertex 38.5838 103.489 1.5
    endloop
  endfacet
  facet normal 0 0 1
    outer loop
      vertex 37.8923 102.228 1.5
      vertex 38.5838 103.489 1.5
      vertex 38.5087 103.521 1.5
    endloop
  endfacet
  facet normal 0 0 1
    outer loop
      vertex 38.9818 98.9615 1.5
      vertex 38.4819 95.895 1.5
      vertex 39.9039 95.895 1.5
    endloop
  endfacet
  facet normal 0 0 1
    outer loop
      vertex 39.7744 101.337 1.5
      vertex 38.3841 101.244 1.5
      vertex 38.388 101.193 1.5
    endloop
  endfacet
  facet normal 0 0 1
    outer loop
      vertex 37.8923 102.228 1.5
      vertex 38.5087 103.521 1.5
      vertex 38.4318 103.55 1.5
    endloop
  endfacet
  facet normal 0 0 1
    outer loop
      vertex 39.6071 99.898 1.5
      vertex 38.2785 100.384 1.5
      vertex 39.5756 99.8122 1.5
    endloop
  endfacet
  facet normal -0 0 1
    outer loop
      vertex 38.2596 100.343 1.5
      vertex 39.5756 99.8122 1.5
      vertex 38.2785 100.384 1.5
    endloop
  endfacet
  facet normal 0 0 1
    outer loop
      vertex 39.5756 99.8122 1.5
      vertex 38.2596 100.343 1.5
      vertex 39.5429 99.7312 1.5
    endloop
  endfacet
  facet normal -0 0 1
    outer loop
      vertex 38.239 100.303 1.5
      vertex 39.5429 99.7312 1.5
      vertex 38.2596 100.343 1.5
    endloop
  endfacet
  facet normal 0 0 1
    outer loop
      vertex 39.5429 99.7312 1.5
      vertex 38.239 100.303 1.5
      vertex 39.5089 99.655 1.5
    endloop
  endfacet
  facet normal 0 0 1
    outer loop
      vertex 39.5089 99.655 1.5
      vertex 38.239 100.303 1.5
      vertex 39.4737 99.5836 1.5
    endloop
  endfacet
  facet normal -0 0 1
    outer loop
      vertex 38.2168 100.264 1.5
      vertex 39.4737 99.5836 1.5
      vertex 38.239 100.303 1.5
    endloop
  endfacet
  facet normal 0 0 1
    outer loop
      vertex 39.4737 99.5836 1.5
      vertex 38.2168 100.264 1.5
      vertex 39.4373 99.517 1.5
    endloop
  endfacet
  facet normal -0 0 1
    outer loop
      vertex 38.1929 100.227 1.5
      vertex 39.4373 99.517 1.5
      vertex 38.2168 100.264 1.5
    endloop
  endfacet
  facet normal 0 0 1
    outer loop
      vertex 39.4373 99.517 1.5
      vertex 38.1929 100.227 1.5
      vertex 39.3944 99.4399 1.5
    endloop
  endfacet
  facet normal -0 0 1
    outer loop
      vertex 38.1675 100.19 1.5
      vertex 39.3944 99.4399 1.5
      vertex 38.1929 100.227 1.5
    endloop
  endfacet
  facet normal 0 0 1
    outer loop
      vertex 39.3944 99.4399 1.5
      vertex 38.1675 100.19 1.5
      vertex 39.3495 99.3667 1.5
    endloop
  endfacet
  facet normal 0 0 1
    outer loop
      vertex 39.3495 99.3667 1.5
      vertex 38.1675 100.19 1.5
      vertex 39.3027 99.2973 1.5
    endloop
  endfacet
  facet normal -0 0 1
    outer loop
      vertex 38.1408 100.156 1.5
      vertex 39.3027 99.2973 1.5
      vertex 38.1675 100.19 1.5
    endloop
  endfacet
  facet normal 0 0 1
    outer loop
      vertex 39.3027 99.2973 1.5
      vertex 38.1408 100.156 1.5
      vertex 39.254 99.2317 1.5
    endloop
  endfacet
  facet normal -0 0 1
    outer loop
      vertex 38.1126 100.122 1.5
      vertex 39.254 99.2317 1.5
      vertex 38.1408 100.156 1.5
    endloop
  endfacet
  facet normal 0 0 1
    outer loop
      vertex 39.254 99.2317 1.5
      vertex 38.1126 100.122 1.5
      vertex 39.2034 99.17 1.5
    endloop
  endfacet
  facet normal 0 0 1
    outer loop
      vertex 39.2034 99.17 1.5
      vertex 38.1126 100.122 1.5
      vertex 39.1509 99.1121 1.5
    endloop
  endfacet
  facet normal -0 0 1
    outer loop
      vertex 38.0831 100.091 1.5
      vertex 39.1509 99.1121 1.5
      vertex 38.1126 100.122 1.5
    endloop
  endfacet
  facet normal 0 0 1
    outer loop
      vertex 39.1509 99.1121 1.5
      vertex 38.0831 100.091 1.5
      vertex 39.0964 99.0581 1.5
    endloop
  endfacet
  facet normal 0 0 1
    outer loop
      vertex 39.0964 99.0581 1.5
      vertex 38.0831 100.091 1.5
      vertex 39.0401 99.0079 1.5
    endloop
  endfacet
  facet normal -0 0 1
    outer loop
      vertex 38.0523 100.06 1.5
      vertex 39.0401 99.0079 1.5
      vertex 38.0831 100.091 1.5
    endloop
  endfacet
  facet normal 0 0 1
    outer loop
      vertex 39.0401 99.0079 1.5
      vertex 38.0523 100.06 1.5
      vertex 38.9818 98.9615 1.5
    endloop
  endfacet
  facet normal -0 0 1
    outer loop
      vertex 38.0201 100.032 1.5
      vertex 38.9818 98.9615 1.5
      vertex 38.0523 100.06 1.5
    endloop
  endfacet
  facet normal -0 0 1
    outer loop
      vertex 37.9865 100.004 1.5
      vertex 38.9818 98.9615 1.5
      vertex 38.0201 100.032 1.5
    endloop
  endfacet
  facet normal -0 0 1
    outer loop
      vertex 37.9515 99.9787 1.5
      vertex 38.9818 98.9615 1.5
      vertex 37.9865 100.004 1.5
    endloop
  endfacet
  facet normal -0 0 1
    outer loop
      vertex 37.9151 99.9545 1.5
      vertex 38.9818 98.9615 1.5
      vertex 37.9515 99.9787 1.5
    endloop
  endfacet
  facet normal -0 0 1
    outer loop
      vertex 37.877 99.932 1.5
      vertex 38.9818 98.9615 1.5
      vertex 37.9151 99.9545 1.5
    endloop
  endfacet
  facet normal 0 0 1
    outer loop
      vertex 38.9818 98.9615 1.5
      vertex 37.877 99.932 1.5
      vertex 37.8041 98.506 1.5
    endloop
  endfacet
  facet normal 0 0 1
    outer loop
      vertex 37.8041 98.506 1.5
      vertex 37.877 99.932 1.5
      vertex 37.8367 99.9117 1.5
    endloop
  endfacet
  facet normal 0 0 1
    outer loop
      vertex 38.9818 98.9615 1.5
      vertex 37.8041 98.506 1.5
      vertex 38.4819 95.895 1.5
    endloop
  endfacet
  facet normal -0 0 1
    outer loop
      vertex 37.7942 99.8934 1.5
      vertex 37.8041 98.506 1.5
      vertex 37.8367 99.9117 1.5
    endloop
  endfacet
  facet normal -0 0 1
    outer loop
      vertex 37.7495 99.8771 1.5
      vertex 37.8041 98.506 1.5
      vertex 37.7942 99.8934 1.5
    endloop
  endfacet
  facet normal -0 0 1
    outer loop
      vertex 37.7025 99.8629 1.5
      vertex 37.8041 98.506 1.5
      vertex 37.7495 99.8771 1.5
    endloop
  endfacet
  facet normal -0 0 1
    outer loop
      vertex 37.6534 99.8508 1.5
      vertex 37.8041 98.506 1.5
      vertex 37.7025 99.8629 1.5
    endloop
  endfacet
  facet normal -0 0 1
    outer loop
      vertex 37.6021 99.8407 1.5
      vertex 37.8041 98.506 1.5
      vertex 37.6534 99.8508 1.5
    endloop
  endfacet
  facet normal -0 0 1
    outer loop
      vertex 37.5487 99.8327 1.5
      vertex 37.8041 98.506 1.5
      vertex 37.6021 99.8407 1.5
    endloop
  endfacet
  facet normal -0 0 1
    outer loop
      vertex 37.493 99.8268 1.5
      vertex 37.8041 98.506 1.5
      vertex 37.5487 99.8327 1.5
    endloop
  endfacet
  facet normal 0 0 1
    outer loop
      vertex 37.8041 98.506 1.5
      vertex 37.493 99.8268 1.5
      vertex 37.493 98.4504 1.5
    endloop
  endfacet
  facet normal -0 0 1
    outer loop
      vertex 38.2785 100.384 1.5
      vertex 39.6071 99.898 1.5
      vertex 38.2958 100.426 1.5
    endloop
  endfacet
  facet normal 0 0 1
    outer loop
      vertex 39.6373 99.9886 1.5
      vertex 38.2958 100.426 1.5
      vertex 39.6071 99.898 1.5
    endloop
  endfacet
  facet normal 0 0 1
    outer loop
      vertex 39.7845 101.185 1.5
      vertex 38.3907 101.141 1.5
      vertex 38.3923 101.09 1.5
    endloop
  endfacet
  facet normal 0 0 1
    outer loop
      vertex 39.7845 101.185 1.5
      vertex 38.388 101.193 1.5
      vertex 38.3907 101.141 1.5
    endloop
  endfacet
  facet normal 0 0 1
    outer loop
      vertex 39.7744 101.337 1.5
      vertex 38.3792 101.295 1.5
      vertex 38.3841 101.244 1.5
    endloop
  endfacet
  facet normal 0 0 1
    outer loop
      vertex 39.7595 101.495 1.5
      vertex 38.3731 101.346 1.5
      vertex 38.3792 101.295 1.5
    endloop
  endfacet
  facet normal 0 0 1
    outer loop
      vertex 39.7595 101.495 1.5
      vertex 38.366 101.397 1.5
      vertex 38.3731 101.346 1.5
    endloop
  endfacet
  facet normal 0 0 1
    outer loop
      vertex 39.7456 101.623 1.5
      vertex 38.3577 101.448 1.5
      vertex 38.366 101.397 1.5
    endloop
  endfacet
  facet normal 0 0 1
    outer loop
      vertex 37.8506 102.248 1.5
      vertex 38.4318 103.55 1.5
      vertex 38.3535 103.576 1.5
    endloop
  endfacet
  facet normal 0 0 1
    outer loop
      vertex 39.7285 101.748 1.5
      vertex 38.3484 101.499 1.5
      vertex 38.3577 101.448 1.5
    endloop
  endfacet
  facet normal 0 0 1
    outer loop
      vertex 39.7285 101.748 1.5
      vertex 38.3379 101.549 1.5
      vertex 38.3484 101.499 1.5
    endloop
  endfacet
  facet normal 0 0 1
    outer loop
      vertex 39.7083 101.867 1.5
      vertex 38.3259 101.598 1.5
      vertex 38.3379 101.549 1.5
    endloop
  endfacet
  facet normal 0 0 1
    outer loop
      vertex 39.6849 101.983 1.5
      vertex 38.3126 101.646 1.5
      vertex 38.3259 101.598 1.5
    endloop
  endfacet
  facet normal 0 0 1
    outer loop
      vertex 39.6584 102.094 1.5
      vertex 38.298 101.693 1.5
      vertex 38.3126 101.646 1.5
    endloop
  endfacet
  facet normal 0 0 1
    outer loop
      vertex 39.6287 102.201 1.5
      vertex 38.2819 101.738 1.5
      vertex 38.298 101.693 1.5
    endloop
  endfacet
  facet normal 0 0 1
    outer loop
      vertex 37.8506 102.248 1.5
      vertex 38.3535 103.576 1.5
      vertex 38.2743 103.598 1.5
    endloop
  endfacet
  facet normal 0 0 1
    outer loop
      vertex 39.6287 102.201 1.5
      vertex 38.2645 101.783 1.5
      vertex 38.2819 101.738 1.5
    endloop
  endfacet
  facet normal 0 0 1
    outer loop
      vertex 39.5958 102.303 1.5
      vertex 38.2457 101.826 1.5
      vertex 38.2645 101.783 1.5
    endloop
  endfacet
  facet normal 0 0 1
    outer loop
      vertex 39.5598 102.401 1.5
      vertex 38.2255 101.869 1.5
      vertex 38.2457 101.826 1.5
    endloop
  endfacet
  facet normal 0 0 1
    outer loop
      vertex 39.5206 102.495 1.5
      vertex 38.204 101.91 1.5
      vertex 38.2255 101.869 1.5
    endloop
  endfacet
  facet normal 0 0 1
    outer loop
      vertex 37.8065 102.266 1.5
      vertex 38.2743 103.598 1.5
      vertex 38.1942 103.618 1.5
    endloop
  endfacet
  facet normal 0 0 1
    outer loop
      vertex 39.4345 102.67 1.5
      vertex 38.1809 101.95 1.5
      vertex 38.204 101.91 1.5
    endloop
  endfacet
  facet normal 0 0 1
    outer loop
      vertex 39.3879 102.752 1.5
      vertex 38.156 101.988 1.5
      vertex 38.1809 101.95 1.5
    endloop
  endfacet
  facet normal 0 0 1
    outer loop
      vertex 39.339 102.83 1.5
      vertex 38.1293 102.024 1.5
      vertex 38.156 101.988 1.5
    endloop
  endfacet
  facet normal 0 0 1
    outer loop
      vertex 37.8065 102.266 1.5
      vertex 38.1942 103.618 1.5
      vertex 38.113 103.635 1.5
    endloop
  endfacet
  facet normal 0 0 1
    outer loop
      vertex 39.2342 102.976 1.5
      vertex 38.1008 102.059 1.5
      vertex 38.1293 102.024 1.5
    endloop
  endfacet
  facet normal 0 0 1
    outer loop
      vertex 39.1783 103.043 1.5
      vertex 38.0706 102.091 1.5
      vertex 38.1008 102.059 1.5
    endloop
  endfacet
  facet normal 0 0 1
    outer loop
      vertex 39.0595 103.167 1.5
      vertex 38.0386 102.122 1.5
      vertex 38.0706 102.091 1.5
    endloop
  endfacet
  facet normal 0 0 1
    outer loop
      vertex 37.7601 102.281 1.5
      vertex 38.113 103.635 1.5
      vertex 38.0309 103.648 1.5
    endloop
  endfacet
  facet normal 0 0 1
    outer loop
      vertex 38.9325 103.276 1.5
      vertex 38.0048 102.151 1.5
      vertex 38.0386 102.122 1.5
    endloop
  endfacet
  facet normal 0 0 1
    outer loop
      vertex 38.8663 103.325 1.5
      vertex 37.9692 102.179 1.5
      vertex 38.0048 102.151 1.5
    endloop
  endfacet
  facet normal 0 0 1
    outer loop
      vertex 37.7601 102.281 1.5
      vertex 38.0309 103.648 1.5
      vertex 37.9479 103.659 1.5
    endloop
  endfacet
  facet normal 0 0 1
    outer loop
      vertex 38.7286 103.414 1.5
      vertex 37.9318 102.204 1.5
      vertex 37.9692 102.179 1.5
    endloop
  endfacet
  facet normal 0 0 1
    outer loop
      vertex 38.5838 103.489 1.5
      vertex 37.8923 102.228 1.5
      vertex 37.9318 102.204 1.5
    endloop
  endfacet
  facet normal 0 0 1
    outer loop
      vertex 37.7113 102.294 1.5
      vertex 37.9479 103.659 1.5
      vertex 37.8639 103.666 1.5
    endloop
  endfacet
  facet normal 0 0 1
    outer loop
      vertex 38.4318 103.55 1.5
      vertex 37.8506 102.248 1.5
      vertex 37.8923 102.228 1.5
    endloop
  endfacet
  facet normal 0 0 1
    outer loop
      vertex 38.2743 103.598 1.5
      vertex 37.8065 102.266 1.5
      vertex 37.8506 102.248 1.5
    endloop
  endfacet
  facet normal 0 0 1
    outer loop
      vertex 37.6602 102.303 1.5
      vertex 37.8639 103.666 1.5
      vertex 37.7789 103.671 1.5
    endloop
  endfacet
  facet normal 0 0 1
    outer loop
      vertex 38.113 103.635 1.5
      vertex 37.7601 102.281 1.5
      vertex 37.8065 102.266 1.5
    endloop
  endfacet
  facet normal 0 0 1
    outer loop
      vertex 37.9479 103.659 1.5
      vertex 37.7113 102.294 1.5
      vertex 37.7601 102.281 1.5
    endloop
  endfacet
  facet normal 0 0 1
    outer loop
      vertex 37.6602 102.303 1.5
      vertex 37.7789 103.671 1.5
      vertex 37.693 103.672 1.5
    endloop
  endfacet
  facet normal 0 0 1
    outer loop
      vertex 37.8639 103.666 1.5
      vertex 37.6602 102.303 1.5
      vertex 37.7113 102.294 1.5
    endloop
  endfacet
  facet normal 0 0 1
    outer loop
      vertex 37.693 103.672 1.5
      vertex 37.6068 102.31 1.5
      vertex 37.6602 102.303 1.5
    endloop
  endfacet
  facet normal 0 0 1
    outer loop
      vertex 37.693 103.672 1.5
      vertex 37.5511 102.314 1.5
      vertex 37.6068 102.31 1.5
    endloop
  endfacet
  facet normal 0 0 1
    outer loop
      vertex 37.693 103.672 1.5
      vertex 37.493 102.315 1.5
      vertex 37.5511 102.314 1.5
    endloop
  endfacet
  facet normal 0 0 1
    outer loop
      vertex 36.1042 103.672 1.5
      vertex 37.493 99.8268 1.5
      vertex 37.493 102.315 1.5
    endloop
  endfacet
  facet normal 0 0 1
    outer loop
      vertex 36.0931 95.895 1.5
      vertex 37.493 99.8268 1.5
      vertex 36.1042 103.672 1.5
    endloop
  endfacet
  facet normal -0 0 1
    outer loop
      vertex 36.1042 103.672 1.5
      vertex 37.493 102.315 1.5
      vertex 37.693 103.672 1.5
    endloop
  endfacet
  facet normal 0 0 1
    outer loop
      vertex 37.493 99.8268 1.5
      vertex 36.0931 95.895 1.5
      vertex 37.493 98.4504 1.5
    endloop
  endfacet
  facet normal 0 0 1
    outer loop
      vertex 37.493 98.4504 1.5
      vertex 36.0931 95.895 1.5
      vertex 37.493 95.895 1.5
    endloop
  endfacet
  facet normal 0 0 1
    outer loop
      vertex 35.7323 103.672 1.5
      vertex 34.5545 102.295 1.5
      vertex 35.7323 102.295 1.5
    endloop
  endfacet
  facet normal 0 0 1
    outer loop
      vertex 33.1213 103.672 1.5
      vertex 34.5545 100.539 1.5
      vertex 34.5545 102.295 1.5
    endloop
  endfacet
  facet normal 0 0 1
    outer loop
      vertex 33.1213 95.895 1.5
      vertex 34.4879 99.095 1.5
      vertex 33.1213 103.672 1.5
    endloop
  endfacet
  facet normal 0 0 1
    outer loop
      vertex 34.5545 100.539 1.5
      vertex 33.1213 103.672 1.5
      vertex 34.4879 99.095 1.5
    endloop
  endfacet
  facet normal -0 0 1
    outer loop
      vertex 33.1213 103.672 1.5
      vertex 34.5545 102.295 1.5
      vertex 35.7323 103.672 1.5
    endloop
  endfacet
  facet normal -0 0 1
    outer loop
      vertex 34.5545 100.539 1.5
      vertex 35.7433 99.095 1.5
      vertex 35.7433 100.539 1.5
    endloop
  endfacet
  facet normal 0 0 1
    outer loop
      vertex 35.7433 99.095 1.5
      vertex 34.5545 100.539 1.5
      vertex 34.4879 99.095 1.5
    endloop
  endfacet
  facet normal -0 0 1
    outer loop
      vertex 34.4879 97.3389 1.5
      vertex 35.7544 95.895 1.5
      vertex 35.7544 97.3389 1.5
    endloop
  endfacet
  facet normal 0 0 1
    outer loop
      vertex 34.4879 97.3389 1.5
      vertex 33.1213 95.895 1.5
      vertex 35.7544 95.895 1.5
    endloop
  endfacet
  facet normal 0 0 1
    outer loop
      vertex 34.4879 99.095 1.5
      vertex 33.1213 95.895 1.5
      vertex 34.4879 97.3389 1.5
    endloop
  endfacet
  facet normal 0 0 1
    outer loop
      vertex 22.9773 103.663 1.5
      vertex 23.2454 103.456 1.5
      vertex 23.2453 103.501 1.5
    endloop
  endfacet
  facet normal 0 0 1
    outer loop
      vertex 23.2454 103.456 1.5
      vertex 22.8486 103.653 1.5
      vertex 23.2454 102.984 1.5
    endloop
  endfacet
  facet normal 0 0 1
    outer loop
      vertex 23.1059 103.67 1.5
      vertex 23.2453 103.501 1.5
      vertex 23.2449 103.541 1.5
    endloop
  endfacet
  facet normal -0 0 1
    outer loop
      vertex 22.7197 103.637 1.5
      vertex 23.2454 102.984 1.5
      vertex 22.8486 103.653 1.5
    endloop
  endfacet
  facet normal 0 0 1
    outer loop
      vertex 23.1059 103.67 1.5
      vertex 23.2449 103.541 1.5
      vertex 23.2442 103.576 1.5
    endloop
  endfacet
  facet normal 0 0 1
    outer loop
      vertex 23.2454 103.456 1.5
      vertex 22.9773 103.663 1.5
      vertex 22.8486 103.653 1.5
    endloop
  endfacet
  facet normal 0 0 1
    outer loop
      vertex 23.1059 103.67 1.5
      vertex 23.2442 103.576 1.5
      vertex 23.2432 103.605 1.5
    endloop
  endfacet
  facet normal -0 0 1
    outer loop
      vertex 22.5907 103.617 1.5
      vertex 23.2454 102.984 1.5
      vertex 22.7197 103.637 1.5
    endloop
  endfacet
  facet normal 0 0 1
    outer loop
      vertex 23.1059 103.67 1.5
      vertex 23.2432 103.605 1.5
      vertex 23.242 103.63 1.5
    endloop
  endfacet
  facet normal -0 0 1
    outer loop
      vertex 22.4616 103.593 1.5
      vertex 23.2454 102.984 1.5
      vertex 22.5907 103.617 1.5
    endloop
  endfacet
  facet normal 0 0 1
    outer loop
      vertex 23.1059 103.67 1.5
      vertex 23.242 103.63 1.5
      vertex 23.2405 103.648 1.5
    endloop
  endfacet
  facet normal 0 0 1
    outer loop
      vertex 23.2453 103.501 1.5
      vertex 23.1059 103.67 1.5
      vertex 22.9773 103.663 1.5
    endloop
  endfacet
  facet normal 0 0 1
    outer loop
      vertex 23.2344 103.672 1.5
      vertex 23.2405 103.648 1.5
      vertex 23.2387 103.662 1.5
    endloop
  endfacet
  facet normal 0 0 1
    outer loop
      vertex 23.2454 102.984 1.5
      vertex 22.4616 103.593 1.5
      vertex 23.2453 102.914 1.5
    endloop
  endfacet
  facet normal 0 0 1
    outer loop
      vertex 23.2344 103.672 1.5
      vertex 23.2387 103.662 1.5
      vertex 23.2367 103.67 1.5
    endloop
  endfacet
  facet normal 0 -0 1
    outer loop
      vertex 22.6953 102.248 1.5
      vertex 23.2453 102.914 1.5
      vertex 22.4616 103.593 1.5
    endloop
  endfacet
  facet normal 0 0 1
    outer loop
      vertex 23.2405 103.648 1.5
      vertex 23.2344 103.672 1.5
      vertex 23.1059 103.67 1.5
    endloop
  endfacet
  facet normal 0 0 1
    outer loop
      vertex 23.2453 102.914 1.5
      vertex 22.6953 102.248 1.5
      vertex 23.2449 102.842 1.5
    endloop
  endfacet
  facet normal 0 0 1
    outer loop
      vertex 23.2367 102.37 1.5
      vertex 23.1578 102.284 1.5
      vertex 23.2344 102.285 1.5
    endloop
  endfacet
  facet normal 0 -0 1
    outer loop
      vertex 22.7727 102.258 1.5
      vertex 23.2449 102.842 1.5
      vertex 22.6953 102.248 1.5
    endloop
  endfacet
  facet normal 0 0 1
    outer loop
      vertex 23.2367 102.37 1.5
      vertex 23.081 102.282 1.5
      vertex 23.1578 102.284 1.5
    endloop
  endfacet
  facet normal 0 0 1
    outer loop
      vertex 23.2449 102.842 1.5
      vertex 22.7727 102.258 1.5
      vertex 23.2442 102.768 1.5
    endloop
  endfacet
  facet normal 0 0 1
    outer loop
      vertex 23.2387 102.454 1.5
      vertex 23.081 102.282 1.5
      vertex 23.2367 102.37 1.5
    endloop
  endfacet
  facet normal 0 0 1
    outer loop
      vertex 23.2405 102.535 1.5
      vertex 23.0042 102.278 1.5
      vertex 23.2387 102.454 1.5
    endloop
  endfacet
  facet normal 0 -0 1
    outer loop
      vertex 23.081 102.282 1.5
      vertex 23.2387 102.454 1.5
      vertex 23.0042 102.278 1.5
    endloop
  endfacet
  facet normal 0 0 1
    outer loop
      vertex 23.242 102.615 1.5
      vertex 22.9271 102.273 1.5
      vertex 23.2405 102.535 1.5
    endloop
  endfacet
  facet normal 0 -0 1
    outer loop
      vertex 23.0042 102.278 1.5
      vertex 23.2405 102.535 1.5
      vertex 22.9271 102.273 1.5
    endloop
  endfacet
  facet normal 0 0 1
    outer loop
      vertex 23.2432 102.692 1.5
      vertex 22.85 102.266 1.5
      vertex 23.242 102.615 1.5
    endloop
  endfacet
  facet normal 0 -0 1
    outer loop
      vertex 22.9271 102.273 1.5
      vertex 23.242 102.615 1.5
      vertex 22.85 102.266 1.5
    endloop
  endfacet
  facet normal 0 0 1
    outer loop
      vertex 23.2442 102.768 1.5
      vertex 22.85 102.266 1.5
      vertex 23.2432 102.692 1.5
    endloop
  endfacet
  facet normal 0 -0 1
    outer loop
      vertex 22.85 102.266 1.5
      vertex 23.2442 102.768 1.5
      vertex 22.7727 102.258 1.5
    endloop
  endfacet
  facet normal 0 0 1
    outer loop
      vertex 22.6953 102.248 1.5
      vertex 22.4616 103.593 1.5
      vertex 22.6177 102.236 1.5
    endloop
  endfacet
  facet normal -0 0 1
    outer loop
      vertex 22.3323 103.565 1.5
      vertex 22.6177 102.236 1.5
      vertex 22.4616 103.593 1.5
    endloop
  endfacet
  facet normal 0 0 1
    outer loop
      vertex 22.6177 102.236 1.5
      vertex 22.3323 103.565 1.5
      vertex 22.54 102.224 1.5
    endloop
  endfacet
  facet normal -0 0 1
    outer loop
      vertex 22.2029 103.532 1.5
      vertex 22.54 102.224 1.5
      vertex 22.3323 103.565 1.5
    endloop
  endfacet
  facet normal 0 0 1
    outer loop
      vertex 22.54 102.224 1.5
      vertex 22.2029 103.532 1.5
      vertex 22.4632 102.209 1.5
    endloop
  endfacet
  facet normal -0 0 1
    outer loop
      vertex 22.0733 103.494 1.5
      vertex 22.4632 102.209 1.5
      vertex 22.2029 103.532 1.5
    endloop
  endfacet
  facet normal 0 0 1
    outer loop
      vertex 22.4632 102.209 1.5
      vertex 22.0733 103.494 1.5
      vertex 22.3882 102.193 1.5
    endloop
  endfacet
  facet normal -0 0 1
    outer loop
      vertex 21.9451 103.453 1.5
      vertex 22.3882 102.193 1.5
      vertex 22.0733 103.494 1.5
    endloop
  endfacet
  facet normal 0 0 1
    outer loop
      vertex 22.3882 102.193 1.5
      vertex 21.9451 103.453 1.5
      vertex 22.3153 102.175 1.5
    endloop
  endfacet
  facet normal 0 0 1
    outer loop
      vertex 22.3153 102.175 1.5
      vertex 21.9451 103.453 1.5
      vertex 22.2442 102.156 1.5
    endloop
  endfacet
  facet normal -0 0 1
    outer loop
      vertex 21.8199 103.409 1.5
      vertex 22.2442 102.156 1.5
      vertex 21.9451 103.453 1.5
    endloop
  endfacet
  facet normal 0 0 1
    outer loop
      vertex 22.2442 102.156 1.5
      vertex 21.8199 103.409 1.5
      vertex 22.1751 102.135 1.5
    endloop
  endfacet
  facet normal -0 0 1
    outer loop
      vertex 21.6974 103.361 1.5
      vertex 22.1751 102.135 1.5
      vertex 21.8199 103.409 1.5
    endloop
  endfacet
  facet normal 0 0 1
    outer loop
      vertex 22.1751 102.135 1.5
      vertex 21.6974 103.361 1.5
      vertex 22.1079 102.113 1.5
    endloop
  endfacet
  facet normal -0 0 1
    outer loop
      vertex 21.5779 103.31 1.5
      vertex 22.1079 102.113 1.5
      vertex 21.6974 103.361 1.5
    endloop
  endfacet
  facet normal 0 0 1
    outer loop
      vertex 22.1079 102.113 1.5
      vertex 21.5779 103.31 1.5
      vertex 22.0426 102.088 1.5
    endloop
  endfacet
  facet normal -0 0 1
    outer loop
      vertex 21.4612 103.256 1.5
      vertex 22.0426 102.088 1.5
      vertex 21.5779 103.31 1.5
    endloop
  endfacet
  facet normal 0 0 1
    outer loop
      vertex 22.0426 102.088 1.5
      vertex 21.4612 103.256 1.5
      vertex 21.9792 102.062 1.5
    endloop
  endfacet
  facet normal -0 0 1
    outer loop
      vertex 21.3475 103.198 1.5
      vertex 21.9792 102.062 1.5
      vertex 21.4612 103.256 1.5
    endloop
  endfacet
  facet normal 0 0 1
    outer loop
      vertex 21.9792 102.062 1.5
      vertex 21.3475 103.198 1.5
      vertex 21.9177 102.035 1.5
    endloop
  endfacet
  facet normal 0 0 1
    outer loop
      vertex 21.9177 102.035 1.5
      vertex 21.3475 103.198 1.5
      vertex 21.8585 102.006 1.5
    endloop
  endfacet
  facet normal -0 0 1
    outer loop
      vertex 21.2366 103.137 1.5
      vertex 21.8585 102.006 1.5
      vertex 21.3475 103.198 1.5
    endloop
  endfacet
  facet normal 0 0 1
    outer loop
      vertex 21.8585 102.006 1.5
      vertex 21.2366 103.137 1.5
      vertex 21.8017 101.975 1.5
    endloop
  endfacet
  facet normal -0 0 1
    outer loop
      vertex 21.1285 103.073 1.5
      vertex 21.8017 101.975 1.5
      vertex 21.2366 103.137 1.5
    endloop
  endfacet
  facet normal 0 0 1
    outer loop
      vertex 21.8017 101.975 1.5
      vertex 21.1285 103.073 1.5
      vertex 21.7473 101.944 1.5
    endloop
  endfacet
  facet normal -0 0 1
    outer loop
      vertex 21.0234 103.005 1.5
      vertex 21.7473 101.944 1.5
      vertex 21.1285 103.073 1.5
    endloop
  endfacet
  facet normal 0 0 1
    outer loop
      vertex 21.7473 101.944 1.5
      vertex 21.0234 103.005 1.5
      vertex 21.6955 101.911 1.5
    endloop
  endfacet
  facet normal -0 0 1
    outer loop
      vertex 20.9218 102.935 1.5
      vertex 21.6955 101.911 1.5
      vertex 21.0234 103.005 1.5
    endloop
  endfacet
  facet normal 0 0 1
    outer loop
      vertex 21.6955 101.911 1.5
      vertex 20.9218 102.935 1.5
      vertex 21.6461 101.877 1.5
    endloop
  endfacet
  facet normal -0 0 1
    outer loop
      vertex 20.8245 102.861 1.5
      vertex 21.6461 101.877 1.5
      vertex 20.9218 102.935 1.5
    endloop
  endfacet
  facet normal 0 0 1
    outer loop
      vertex 21.6461 101.877 1.5
      vertex 20.8245 102.861 1.5
      vertex 21.5992 101.842 1.5
    endloop
  endfacet
  facet normal -0 0 1
    outer loop
      vertex 20.7314 102.784 1.5
      vertex 21.5992 101.842 1.5
      vertex 20.8245 102.861 1.5
    endloop
  endfacet
  facet normal 0 0 1
    outer loop
      vertex 21.5992 101.842 1.5
      vertex 20.7314 102.784 1.5
      vertex 21.5547 101.806 1.5
    endloop
  endfacet
  facet normal -0 0 1
    outer loop
      vertex 20.6426 102.705 1.5
      vertex 21.5547 101.806 1.5
      vertex 20.7314 102.784 1.5
    endloop
  endfacet
  facet normal 0 0 1
    outer loop
      vertex 21.5547 101.806 1.5
      vertex 20.6426 102.705 1.5
      vertex 21.5128 101.768 1.5
    endloop
  endfacet
  facet normal 0 0 1
    outer loop
      vertex 21.5128 101.768 1.5
      vertex 20.6426 102.705 1.5
      vertex 21.4733 101.729 1.5
    endloop
  endfacet
  facet normal -0 0 1
    outer loop
      vertex 20.5581 102.622 1.5
      vertex 21.4733 101.729 1.5
      vertex 20.6426 102.705 1.5
    endloop
  endfacet
  facet normal -0 0 1
    outer loop
      vertex 20.4777 102.536 1.5
      vertex 21.4733 101.729 1.5
      vertex 20.5581 102.622 1.5
    endloop
  endfacet
  facet normal 0 0 1
    outer loop
      vertex 22.0191 100.551 1.5
      vertex 21.2369 99.3168 1.5
      vertex 21.2868 99.2845 1.5
    endloop
  endfacet
  facet normal 0 0 1
    outer loop
      vertex 21.4733 101.729 1.5
      vertex 20.4777 102.536 1.5
      vertex 21.4371 101.689 1.5
    endloop
  endfacet
  facet normal -0 0 1
    outer loop
      vertex 20.4017 102.448 1.5
      vertex 21.4371 101.689 1.5
      vertex 20.4777 102.536 1.5
    endloop
  endfacet
  facet normal 0 0 1
    outer loop
      vertex 21.3029 101.274 1.5
      vertex 21.1864 99.3495 1.5
      vertex 21.2369 99.3168 1.5
    endloop
  endfacet
  facet normal 0 0 1
    outer loop
      vertex 21.3029 101.274 1.5
      vertex 21.1351 99.3829 1.5
      vertex 21.1864 99.3495 1.5
    endloop
  endfacet
  facet normal 0 0 1
    outer loop
      vertex 21.4371 101.689 1.5
      vertex 20.4017 102.448 1.5
      vertex 21.4052 101.647 1.5
    endloop
  endfacet
  facet normal 0 0 1
    outer loop
      vertex 21.3029 101.274 1.5
      vertex 21.0832 99.4168 1.5
      vertex 21.1351 99.3829 1.5
    endloop
  endfacet
  facet normal 0 0 1
    outer loop
      vertex 21.3029 101.274 1.5
      vertex 21.0306 99.4512 1.5
      vertex 21.0832 99.4168 1.5
    endloop
  endfacet
  facet normal -0 0 1
    outer loop
      vertex 20.3298 102.356 1.5
      vertex 21.4052 101.647 1.5
      vertex 20.4017 102.448 1.5
    endloop
  endfacet
  facet normal 0 0 1
    outer loop
      vertex 21.3029 101.274 1.5
      vertex 20.9773 99.4862 1.5
      vertex 21.0306 99.4512 1.5
    endloop
  endfacet
  facet normal 0 0 1
    outer loop
      vertex 21.4052 101.647 1.5
      vertex 20.3298 102.356 1.5
      vertex 21.3776 101.604 1.5
    endloop
  endfacet
  facet normal -0 0 1
    outer loop
      vertex 20.2623 102.261 1.5
      vertex 21.3776 101.604 1.5
      vertex 20.3298 102.356 1.5
    endloop
  endfacet
  facet normal 0 0 1
    outer loop
      vertex 21.3029 101.274 1.5
      vertex 20.9233 99.5217 1.5
      vertex 20.9773 99.4862 1.5
    endloop
  endfacet
  facet normal 0 0 1
    outer loop
      vertex 21.3776 101.604 1.5
      vertex 20.2623 102.261 1.5
      vertex 21.3542 101.56 1.5
    endloop
  endfacet
  facet normal 0 0 1
    outer loop
      vertex 21.3029 101.274 1.5
      vertex 20.8694 99.5585 1.5
      vertex 20.9233 99.5217 1.5
    endloop
  endfacet
  facet normal 0 0 1
    outer loop
      vertex 21.3029 101.274 1.5
      vertex 20.8161 99.5972 1.5
      vertex 20.8694 99.5585 1.5
    endloop
  endfacet
  facet normal 0 0 1
    outer loop
      vertex 21.3029 101.274 1.5
      vertex 20.7635 99.6378 1.5
      vertex 20.8161 99.5972 1.5
    endloop
  endfacet
  facet normal -0 0 1
    outer loop
      vertex 20.2005 102.164 1.5
      vertex 21.3542 101.56 1.5
      vertex 20.2623 102.261 1.5
    endloop
  endfacet
  facet normal 0 0 1
    outer loop
      vertex 21.3029 101.274 1.5
      vertex 20.7116 99.6803 1.5
      vertex 20.7635 99.6378 1.5
    endloop
  endfacet
  facet normal 0 0 1
    outer loop
      vertex 21.3029 101.274 1.5
      vertex 20.6603 99.7247 1.5
      vertex 20.7116 99.6803 1.5
    endloop
  endfacet
  facet normal 0 0 1
    outer loop
      vertex 21.3029 101.274 1.5
      vertex 20.6098 99.7711 1.5
      vertex 20.6603 99.7247 1.5
    endloop
  endfacet
  facet normal -0 0 1
    outer loop
      vertex 20.146 102.064 1.5
      vertex 21.3542 101.56 1.5
      vertex 20.2005 102.164 1.5
    endloop
  endfacet
  facet normal 0 0 1
    outer loop
      vertex 21.3029 101.274 1.5
      vertex 20.5599 99.8194 1.5
      vertex 20.6098 99.7711 1.5
    endloop
  endfacet
  facet normal 0 0 1
    outer loop
      vertex 21.3029 101.274 1.5
      vertex 20.5108 99.8696 1.5
      vertex 20.5599 99.8194 1.5
    endloop
  endfacet
  facet normal 0 0 1
    outer loop
      vertex 21.3542 101.56 1.5
      vertex 20.146 102.064 1.5
      vertex 21.3351 101.514 1.5
    endloop
  endfacet
  facet normal 0 0 1
    outer loop
      vertex 21.3029 101.274 1.5
      vertex 20.4623 99.9217 1.5
      vertex 20.5108 99.8696 1.5
    endloop
  endfacet
  facet normal 0 0 1
    outer loop
      vertex 21.3029 101.274 1.5
      vertex 20.4151 99.976 1.5
      vertex 20.4623 99.9217 1.5
    endloop
  endfacet
  facet normal -0 0 1
    outer loop
      vertex 20.0987 101.963 1.5
      vertex 21.3351 101.514 1.5
      vertex 20.146 102.064 1.5
    endloop
  endfacet
  facet normal 0 0 1
    outer loop
      vertex 21.3029 101.274 1.5
      vertex 20.3698 100.033 1.5
      vertex 20.4151 99.976 1.5
    endloop
  endfacet
  facet normal 0 0 1
    outer loop
      vertex 21.3351 101.514 1.5
      vertex 20.0987 101.963 1.5
      vertex 21.3202 101.467 1.5
    endloop
  endfacet
  facet normal 0 0 1
    outer loop
      vertex 21.3029 101.274 1.5
      vertex 20.3265 100.092 1.5
      vertex 20.3698 100.033 1.5
    endloop
  endfacet
  facet normal 0 0 1
    outer loop
      vertex 21.3029 101.274 1.5
      vertex 20.2851 100.153 1.5
      vertex 20.3265 100.092 1.5
    endloop
  endfacet
  facet normal -0 0 1
    outer loop
      vertex 20.0587 101.86 1.5
      vertex 21.3202 101.467 1.5
      vertex 20.0987 101.963 1.5
    endloop
  endfacet
  facet normal 0 0 1
    outer loop
      vertex 21.3029 101.274 1.5
      vertex 20.2456 100.216 1.5
      vertex 20.2851 100.153 1.5
    endloop
  endfacet
  facet normal 0 0 1
    outer loop
      vertex 21.3029 101.274 1.5
      vertex 20.208 100.282 1.5
      vertex 20.2456 100.216 1.5
    endloop
  endfacet
  facet normal -0 0 1
    outer loop
      vertex 20.026 101.755 1.5
      vertex 21.3202 101.467 1.5
      vertex 20.0587 101.86 1.5
    endloop
  endfacet
  facet normal 0 0 1
    outer loop
      vertex 21.3029 101.274 1.5
      vertex 19.9833 101.008 1.5
      vertex 19.9953 100.913 1.5
    endloop
  endfacet
  facet normal 0 0 1
    outer loop
      vertex 21.3202 101.467 1.5
      vertex 20.026 101.755 1.5
      vertex 21.3096 101.419 1.5
    endloop
  endfacet
  facet normal 0 0 1
    outer loop
      vertex 21.3029 101.274 1.5
      vertex 20.1723 100.351 1.5
      vertex 20.208 100.282 1.5
    endloop
  endfacet
  facet normal 0 0 1
    outer loop
      vertex 21.3029 101.274 1.5
      vertex 20.1386 100.421 1.5
      vertex 20.1723 100.351 1.5
    endloop
  endfacet
  facet normal -0 0 1
    outer loop
      vertex 20.0006 101.649 1.5
      vertex 21.3096 101.419 1.5
      vertex 20.026 101.755 1.5
    endloop
  endfacet
  facet normal 0 0 1
    outer loop
      vertex 21.3029 101.274 1.5
      vertex 20.1068 100.494 1.5
      vertex 20.1386 100.421 1.5
    endloop
  endfacet
  facet normal 0 0 1
    outer loop
      vertex 21.3096 101.419 1.5
      vertex 20.0006 101.649 1.5
      vertex 21.3032 101.369 1.5
    endloop
  endfacet
  facet normal 0 0 1
    outer loop
      vertex 21.3029 101.274 1.5
      vertex 20.0107 100.821 1.5
      vertex 20.0296 100.734 1.5
    endloop
  endfacet
  facet normal 0 0 1
    outer loop
      vertex 21.3029 101.274 1.5
      vertex 20.0519 100.65 1.5
      vertex 20.0776 100.57 1.5
    endloop
  endfacet
  facet normal -0 0 1
    outer loop
      vertex 19.9824 101.54 1.5
      vertex 21.3032 101.369 1.5
      vertex 20.0006 101.649 1.5
    endloop
  endfacet
  facet normal 0 0 1
    outer loop
      vertex 21.3029 101.274 1.5
      vertex 20.0296 100.734 1.5
      vertex 20.0519 100.65 1.5
    endloop
  endfacet
  facet normal -0 0 1
    outer loop
      vertex 19.9715 101.429 1.5
      vertex 21.3032 101.369 1.5
      vertex 19.9824 101.54 1.5
    endloop
  endfacet
  facet normal 0 0 1
    outer loop
      vertex 21.3029 101.274 1.5
      vertex 20.0776 100.57 1.5
      vertex 20.1068 100.494 1.5
    endloop
  endfacet
  facet normal 0 0 1
    outer loop
      vertex 21.3029 101.274 1.5
      vertex 19.9953 100.913 1.5
      vertex 20.0107 100.821 1.5
    endloop
  endfacet
  facet normal 0 0 1
    outer loop
      vertex 21.3032 101.369 1.5
      vertex 19.9715 101.429 1.5
      vertex 21.3011 101.318 1.5
    endloop
  endfacet
  facet normal 0 0 1
    outer loop
      vertex 21.3029 101.274 1.5
      vertex 19.9747 101.107 1.5
      vertex 19.9833 101.008 1.5
    endloop
  endfacet
  facet normal 0 0 1
    outer loop
      vertex 21.3011 101.318 1.5
      vertex 19.9715 101.429 1.5
      vertex 19.9679 101.316 1.5
    endloop
  endfacet
  facet normal 0 0 1
    outer loop
      vertex 21.3029 101.274 1.5
      vertex 19.9696 101.21 1.5
      vertex 19.9747 101.107 1.5
    endloop
  endfacet
  facet normal 0 0 1
    outer loop
      vertex 21.3011 101.318 1.5
      vertex 19.9679 101.316 1.5
      vertex 19.9696 101.21 1.5
    endloop
  endfacet
  facet normal 0 0 1
    outer loop
      vertex 23.288 98.6887 1.5
      vertex 21.8882 98.6574 1.5
      vertex 21.89 98.616 1.5
    endloop
  endfacet
  facet normal 0 0 1
    outer loop
      vertex 22.0191 100.551 1.5
      vertex 21.8828 98.6975 1.5
      vertex 21.8882 98.6574 1.5
    endloop
  endfacet
  facet normal 0 0 1
    outer loop
      vertex 22.0191 100.551 1.5
      vertex 21.8739 98.7364 1.5
      vertex 21.8828 98.6975 1.5
    endloop
  endfacet
  facet normal 0 0 1
    outer loop
      vertex 22.0191 100.551 1.5
      vertex 21.8614 98.7741 1.5
      vertex 21.8739 98.7364 1.5
    endloop
  endfacet
  facet normal 0 0 1
    outer loop
      vertex 22.0191 100.551 1.5
      vertex 21.8454 98.8105 1.5
      vertex 21.8614 98.7741 1.5
    endloop
  endfacet
  facet normal 0 0 1
    outer loop
      vertex 22.0191 100.551 1.5
      vertex 21.8257 98.8457 1.5
      vertex 21.8454 98.8105 1.5
    endloop
  endfacet
  facet normal 0 0 1
    outer loop
      vertex 21.2369 99.3168 1.5
      vertex 21.9162 100.619 1.5
      vertex 21.8177 100.685 1.5
    endloop
  endfacet
  facet normal 0 0 1
    outer loop
      vertex 22.0191 100.551 1.5
      vertex 21.8026 98.8796 1.5
      vertex 21.8257 98.8457 1.5
    endloop
  endfacet
  facet normal 0 0 1
    outer loop
      vertex 22.0191 100.551 1.5
      vertex 21.7758 98.9123 1.5
      vertex 21.8026 98.8796 1.5
    endloop
  endfacet
  facet normal 0 0 1
    outer loop
      vertex 21.2369 99.3168 1.5
      vertex 21.8177 100.685 1.5
      vertex 21.7704 100.717 1.5
    endloop
  endfacet
  facet normal 0 0 1
    outer loop
      vertex 22.0191 100.551 1.5
      vertex 21.7455 98.9438 1.5
      vertex 21.7758 98.9123 1.5
    endloop
  endfacet
  facet normal 0 0 1
    outer loop
      vertex 21.2369 99.3168 1.5
      vertex 21.7704 100.717 1.5
      vertex 21.7247 100.749 1.5
    endloop
  endfacet
  facet normal 0 0 1
    outer loop
      vertex 22.0191 100.551 1.5
      vertex 21.7125 98.9747 1.5
      vertex 21.7455 98.9438 1.5
    endloop
  endfacet
  facet normal 0 0 1
    outer loop
      vertex 21.2369 99.3168 1.5
      vertex 21.7247 100.749 1.5
      vertex 21.6807 100.781 1.5
    endloop
  endfacet
  facet normal 0 0 1
    outer loop
      vertex 22.0191 100.551 1.5
      vertex 21.6777 99.0056 1.5
      vertex 21.7125 98.9747 1.5
    endloop
  endfacet
  facet normal 0 0 1
    outer loop
      vertex 22.0191 100.551 1.5
      vertex 21.6412 99.0364 1.5
      vertex 21.6777 99.0056 1.5
    endloop
  endfacet
  facet normal 0 0 1
    outer loop
      vertex 21.2369 99.3168 1.5
      vertex 21.6807 100.781 1.5
      vertex 21.6383 100.813 1.5
    endloop
  endfacet
  facet normal 0 0 1
    outer loop
      vertex 22.0191 100.551 1.5
      vertex 21.6029 99.0673 1.5
      vertex 21.6412 99.0364 1.5
    endloop
  endfacet
  facet normal 0 0 1
    outer loop
      vertex 21.2369 99.3168 1.5
      vertex 21.6383 100.813 1.5
      vertex 21.5976 100.845 1.5
    endloop
  endfacet
  facet normal 0 0 1
    outer loop
      vertex 22.0191 100.551 1.5
      vertex 21.5627 99.0982 1.5
      vertex 21.6029 99.0673 1.5
    endloop
  endfacet
  facet normal 0 0 1
    outer loop
      vertex 21.2369 99.3168 1.5
      vertex 21.5976 100.845 1.5
      vertex 21.5585 100.877 1.5
    endloop
  endfacet
  facet normal 0 0 1
    outer loop
      vertex 21.2369 99.3168 1.5
      vertex 21.5585 100.877 1.5
      vertex 21.521 100.909 1.5
    endloop
  endfacet
  facet normal 0 0 1
    outer loop
      vertex 22.0191 100.551 1.5
      vertex 21.5208 99.1291 1.5
      vertex 21.5627 99.0982 1.5
    endloop
  endfacet
  facet normal 0 0 1
    outer loop
      vertex 21.2369 99.3168 1.5
      vertex 21.521 100.909 1.5
      vertex 21.4852 100.941 1.5
    endloop
  endfacet
  facet normal 0 0 1
    outer loop
      vertex 22.0191 100.551 1.5
      vertex 21.4772 99.1599 1.5
      vertex 21.5208 99.1291 1.5
    endloop
  endfacet
  facet normal 0 0 1
    outer loop
      vertex 21.2369 99.3168 1.5
      vertex 21.4852 100.941 1.5
      vertex 21.4511 100.973 1.5
    endloop
  endfacet
  facet normal 0 0 1
    outer loop
      vertex 22.0191 100.551 1.5
      vertex 21.4317 99.1908 1.5
      vertex 21.4772 99.1599 1.5
    endloop
  endfacet
  facet normal 0 0 1
    outer loop
      vertex 21.2369 99.3168 1.5
      vertex 21.4511 100.973 1.5
      vertex 21.4196 101.006 1.5
    endloop
  endfacet
  facet normal 0 0 1
    outer loop
      vertex 21.2369 99.3168 1.5
      vertex 21.4196 101.006 1.5
      vertex 21.3918 101.04 1.5
    endloop
  endfacet
  facet normal 0 0 1
    outer loop
      vertex 22.0191 100.551 1.5
      vertex 21.3844 99.2216 1.5
      vertex 21.4317 99.1908 1.5
    endloop
  endfacet
  facet normal 0 0 1
    outer loop
      vertex 21.2369 99.3168 1.5
      vertex 21.3918 101.04 1.5
      vertex 21.3678 101.076 1.5
    endloop
  endfacet
  facet normal 0 0 1
    outer loop
      vertex 21.2369 99.3168 1.5
      vertex 21.3678 101.076 1.5
      vertex 21.3474 101.113 1.5
    endloop
  endfacet
  facet normal 0 0 1
    outer loop
      vertex 22.0191 100.551 1.5
      vertex 21.336 99.2528 1.5
      vertex 21.3844 99.2216 1.5
    endloop
  endfacet
  facet normal 0 0 1
    outer loop
      vertex 21.2369 99.3168 1.5
      vertex 21.3474 101.113 1.5
      vertex 21.3307 101.151 1.5
    endloop
  endfacet
  facet normal 0 0 1
    outer loop
      vertex 21.2369 99.3168 1.5
      vertex 21.3307 101.151 1.5
      vertex 21.3177 101.191 1.5
    endloop
  endfacet
  facet normal 0 0 1
    outer loop
      vertex 21.2369 99.3168 1.5
      vertex 21.3177 101.191 1.5
      vertex 21.3085 101.232 1.5
    endloop
  endfacet
  facet normal 0 0 1
    outer loop
      vertex 21.2369 99.3168 1.5
      vertex 21.3085 101.232 1.5
      vertex 21.3029 101.274 1.5
    endloop
  endfacet
  facet normal 0 0 1
    outer loop
      vertex 19.9696 101.21 1.5
      vertex 21.3029 101.274 1.5
      vertex 21.3011 101.318 1.5
    endloop
  endfacet
  facet normal 0 0 1
    outer loop
      vertex 22.0191 100.551 1.5
      vertex 21.2868 99.2845 1.5
      vertex 21.336 99.2528 1.5
    endloop
  endfacet
  facet normal -0 0 1
    outer loop
      vertex 21.89 98.616 1.5
      vertex 23.2899 98.5843 1.5
      vertex 23.288 98.6887 1.5
    endloop
  endfacet
  facet normal 0 0 1
    outer loop
      vertex 21.8882 98.6574 1.5
      vertex 23.288 98.6887 1.5
      vertex 23.2825 98.7895 1.5
    endloop
  endfacet
  facet normal 0 0 1
    outer loop
      vertex 23.2899 98.5843 1.5
      vertex 21.89 98.616 1.5
      vertex 21.8896 98.5336 1.5
    endloop
  endfacet
  facet normal 0 0 1
    outer loop
      vertex 21.8882 98.6574 1.5
      vertex 23.2825 98.7895 1.5
      vertex 23.2732 98.8868 1.5
    endloop
  endfacet
  facet normal 0 0 1
    outer loop
      vertex 23.2899 98.5843 1.5
      vertex 21.8896 98.5336 1.5
      vertex 23.2867 98.4288 1.5
    endloop
  endfacet
  facet normal 0 0 1
    outer loop
      vertex 21.8882 98.6574 1.5
      vertex 23.2732 98.8868 1.5
      vertex 23.2603 98.9805 1.5
    endloop
  endfacet
  facet normal 0 0 1
    outer loop
      vertex 21.8882 98.6574 1.5
      vertex 23.2603 98.9805 1.5
      vertex 23.2436 99.0706 1.5
    endloop
  endfacet
  facet normal -0 0 1
    outer loop
      vertex 21.8834 98.4542 1.5
      vertex 23.2867 98.4288 1.5
      vertex 21.8896 98.5336 1.5
    endloop
  endfacet
  facet normal 0 0 1
    outer loop
      vertex 21.8882 98.6574 1.5
      vertex 23.2436 99.0706 1.5
      vertex 23.2232 99.1572 1.5
    endloop
  endfacet
  facet normal -0 0 1
    outer loop
      vertex 21.8714 98.3777 1.5
      vertex 23.277 98.2784 1.5
      vertex 21.8834 98.4542 1.5
    endloop
  endfacet
  facet normal 0 0 1
    outer loop
      vertex 21.8882 98.6574 1.5
      vertex 23.2232 99.1572 1.5
      vertex 23.1991 99.2402 1.5
    endloop
  endfacet
  facet normal 0 0 1
    outer loop
      vertex 23.277 98.2784 1.5
      vertex 21.8714 98.3777 1.5
      vertex 23.2609 98.133 1.5
    endloop
  endfacet
  facet normal 0 0 1
    outer loop
      vertex 21.8882 98.6574 1.5
      vertex 23.1991 99.2402 1.5
      vertex 23.1714 99.3196 1.5
    endloop
  endfacet
  facet normal 0 0 1
    outer loop
      vertex 21.8882 98.6574 1.5
      vertex 23.1714 99.3196 1.5
      vertex 23.1399 99.3955 1.5
    endloop
  endfacet
  facet normal 0 0 1
    outer loop
      vertex 23.2609 98.133 1.5
      vertex 21.8714 98.3777 1.5
      vertex 23.2383 97.9927 1.5
    endloop
  endfacet
  facet normal 0 0 1
    outer loop
      vertex 21.8882 98.6574 1.5
      vertex 23.1399 99.3955 1.5
      vertex 23.1057 99.4683 1.5
    endloop
  endfacet
  facet normal -0 0 1
    outer loop
      vertex 21.8538 98.3043 1.5
      vertex 23.2383 97.9927 1.5
      vertex 21.8714 98.3777 1.5
    endloop
  endfacet
  facet normal 0 0 1
    outer loop
      vertex 21.8882 98.6574 1.5
      vertex 23.1057 99.4683 1.5
      vertex 23.0699 99.5387 1.5
    endloop
  endfacet
  facet normal 0 0 1
    outer loop
      vertex 21.8882 98.6574 1.5
      vertex 23.0699 99.5387 1.5
      vertex 23.0325 99.6066 1.5
    endloop
  endfacet
  facet normal 0 0 1
    outer loop
      vertex 23.2383 97.9927 1.5
      vertex 21.8538 98.3043 1.5
      vertex 23.2093 97.8575 1.5
    endloop
  endfacet
  facet normal 0 0 1
    outer loop
      vertex 21.8882 98.6574 1.5
      vertex 23.0325 99.6066 1.5
      vertex 22.9934 99.6721 1.5
    endloop
  endfacet
  facet normal -0 0 1
    outer loop
      vertex 21.8303 98.2339 1.5
      vertex 23.2093 97.8575 1.5
      vertex 21.8538 98.3043 1.5
    endloop
  endfacet
  facet normal 0 0 1
    outer loop
      vertex 21.8882 98.6574 1.5
      vertex 22.9934 99.6721 1.5
      vertex 22.9527 99.735 1.5
    endloop
  endfacet
  facet normal 0 0 1
    outer loop
      vertex 21.8882 98.6574 1.5
      vertex 22.9527 99.735 1.5
      vertex 22.9103 99.7955 1.5
    endloop
  endfacet
  facet normal 0 0 1
    outer loop
      vertex 23.2093 97.8575 1.5
      vertex 21.8303 98.2339 1.5
      vertex 23.1738 97.7274 1.5
    endloop
  endfacet
  facet normal 0 0 1
    outer loop
      vertex 21.8882 98.6574 1.5
      vertex 22.9103 99.7955 1.5
      vertex 22.8662 99.8536 1.5
    endloop
  endfacet
  facet normal -0 0 1
    outer loop
      vertex 21.8011 98.1666 1.5
      vertex 23.1738 97.7274 1.5
      vertex 21.8303 98.2339 1.5
    endloop
  endfacet
  facet normal 0 0 1
    outer loop
      vertex 21.8882 98.6574 1.5
      vertex 22.8662 99.8536 1.5
      vertex 22.8206 99.9091 1.5
    endloop
  endfacet
  facet normal 0 0 1
    outer loop
      vertex 21.8882 98.6574 1.5
      vertex 22.8206 99.9091 1.5
      vertex 22.7732 99.9622 1.5
    endloop
  endfacet
  facet normal 0 0 1
    outer loop
      vertex 23.1738 97.7274 1.5
      vertex 21.8011 98.1666 1.5
      vertex 23.1319 97.6023 1.5
    endloop
  endfacet
  facet normal 0 0 1
    outer loop
      vertex 21.8882 98.6574 1.5
      vertex 22.7732 99.9622 1.5
      vertex 22.7245 100.013 1.5
    endloop
  endfacet
  facet normal 0 0 1
    outer loop
      vertex 23.1319 97.6023 1.5
      vertex 21.8011 98.1666 1.5
      vertex 23.0836 97.4823 1.5
    endloop
  endfacet
  facet normal 0 0 1
    outer loop
      vertex 21.8882 98.6574 1.5
      vertex 22.7245 100.013 1.5
      vertex 22.6748 100.063 1.5
    endloop
  endfacet
  facet normal 0 0 1
    outer loop
      vertex 21.8882 98.6574 1.5
      vertex 22.6748 100.063 1.5
      vertex 22.6239 100.111 1.5
    endloop
  endfacet
  facet normal -0 0 1
    outer loop
      vertex 21.7661 98.1022 1.5
      vertex 23.0836 97.4823 1.5
      vertex 21.8011 98.1666 1.5
    endloop
  endfacet
  facet normal 0 0 1
    outer loop
      vertex 21.8882 98.6574 1.5
      vertex 22.6239 100.111 1.5
      vertex 22.5719 100.158 1.5
    endloop
  endfacet
  facet normal 0 0 1
    outer loop
      vertex 21.8882 98.6574 1.5
      vertex 22.5719 100.158 1.5
      vertex 22.5188 100.203 1.5
    endloop
  endfacet
  facet normal 0 0 1
    outer loop
      vertex 23.0836 97.4823 1.5
      vertex 21.7661 98.1022 1.5
      vertex 23.0288 97.3674 1.5
    endloop
  endfacet
  facet normal 0 0 1
    outer loop
      vertex 21.8882 98.6574 1.5
      vertex 22.5188 100.203 1.5
      vertex 22.4646 100.246 1.5
    endloop
  endfacet
  facet normal 0 0 1
    outer loop
      vertex 23.0288 97.3674 1.5
      vertex 21.7661 98.1022 1.5
      vertex 22.9684 97.2572 1.5
    endloop
  endfacet
  facet normal 0 0 1
    outer loop
      vertex 21.8882 98.6574 1.5
      vertex 22.4646 100.246 1.5
      vertex 22.4093 100.288 1.5
    endloop
  endfacet
  facet normal 0 0 1
    outer loop
      vertex 21.8882 98.6574 1.5
      vertex 22.4093 100.288 1.5
      vertex 22.353 100.329 1.5
    endloop
  endfacet
  facet normal -0 0 1
    outer loop
      vertex 21.7254 98.0409 1.5
      vertex 22.9684 97.2572 1.5
      vertex 21.7661 98.1022 1.5
    endloop
  endfacet
  facet normal 0 0 1
    outer loop
      vertex 21.8882 98.6574 1.5
      vertex 22.353 100.329 1.5
      vertex 22.2955 100.368 1.5
    endloop
  endfacet
  facet normal 0 0 1
    outer loop
      vertex 22.9684 97.2572 1.5
      vertex 21.7254 98.0409 1.5
      vertex 22.9034 97.1515 1.5
    endloop
  endfacet
  facet normal 0 0 1
    outer loop
      vertex 21.8882 98.6574 1.5
      vertex 22.2955 100.368 1.5
      vertex 22.1816 100.443 1.5
    endloop
  endfacet
  facet normal -0 0 1
    outer loop
      vertex 21.6788 97.9826 1.5
      vertex 22.9034 97.1515 1.5
      vertex 21.7254 98.0409 1.5
    endloop
  endfacet
  facet normal 0 0 1
    outer loop
      vertex 21.8882 98.6574 1.5
      vertex 22.1816 100.443 1.5
      vertex 22.0722 100.515 1.5
    endloop
  endfacet
  facet normal 0 0 1
    outer loop
      vertex 21.8882 98.6574 1.5
      vertex 22.0722 100.515 1.5
      vertex 22.0191 100.551 1.5
    endloop
  endfacet
  facet normal 0 0 1
    outer loop
      vertex 23.2867 98.4288 1.5
      vertex 21.8834 98.4542 1.5
      vertex 23.277 98.2784 1.5
    endloop
  endfacet
  facet normal 0 0 1
    outer loop
      vertex 21.2369 99.3168 1.5
      vertex 22.0191 100.551 1.5
      vertex 21.9162 100.619 1.5
    endloop
  endfacet
  facet normal 0 0 1
    outer loop
      vertex 22.9034 97.1515 1.5
      vertex 21.6788 97.9826 1.5
      vertex 22.8337 97.0501 1.5
    endloop
  endfacet
  facet normal 0 0 1
    outer loop
      vertex 22.8337 97.0501 1.5
      vertex 21.6788 97.9826 1.5
      vertex 22.7594 96.9531 1.5
    endloop
  endfacet
  facet normal -0 0 1
    outer loop
      vertex 21.6284 97.927 1.5
      vertex 22.7594 96.9531 1.5
      vertex 21.6788 97.9826 1.5
    endloop
  endfacet
  facet normal 0 0 1
    outer loop
      vertex 22.7594 96.9531 1.5
      vertex 21.6284 97.927 1.5
      vertex 22.6804 96.8605 1.5
    endloop
  endfacet
  facet normal -0 0 1
    outer loop
      vertex 21.576 97.8739 1.5
      vertex 22.6804 96.8605 1.5
      vertex 21.6284 97.927 1.5
    endloop
  endfacet
  facet normal 0 0 1
    outer loop
      vertex 22.6804 96.8605 1.5
      vertex 21.576 97.8739 1.5
      vertex 22.5967 96.7723 1.5
    endloop
  endfacet
  facet normal -0 0 1
    outer loop
      vertex 21.5215 97.8233 1.5
      vertex 22.5967 96.7723 1.5
      vertex 21.576 97.8739 1.5
    endloop
  endfacet
  facet normal 0 0 1
    outer loop
      vertex 22.5967 96.7723 1.5
      vertex 21.5215 97.8233 1.5
      vertex 22.5084 96.6884 1.5
    endloop
  endfacet
  facet normal -0 0 1
    outer loop
      vertex 21.4649 97.7752 1.5
      vertex 22.5084 96.6884 1.5
      vertex 21.5215 97.8233 1.5
    endloop
  endfacet
  facet normal 0 0 1
    outer loop
      vertex 22.5084 96.6884 1.5
      vertex 21.4649 97.7752 1.5
      vertex 22.4154 96.609 1.5
    endloop
  endfacet
  facet normal 0 0 1
    outer loop
      vertex 22.4154 96.609 1.5
      vertex 21.4649 97.7752 1.5
      vertex 22.3177 96.534 1.5
    endloop
  endfacet
  facet normal -0 0 1
    outer loop
      vertex 21.4062 97.7295 1.5
      vertex 22.3177 96.534 1.5
      vertex 21.4649 97.7752 1.5
    endloop
  endfacet
  facet normal 0 0 1
    outer loop
      vertex 22.3177 96.534 1.5
      vertex 21.4062 97.7295 1.5
      vertex 22.2159 96.4632 1.5
    endloop
  endfacet
  facet normal -0 0 1
    outer loop
      vertex 21.3456 97.6862 1.5
      vertex 22.2159 96.4632 1.5
      vertex 21.4062 97.7295 1.5
    endloop
  endfacet
  facet normal 0 0 1
    outer loop
      vertex 22.2159 96.4632 1.5
      vertex 21.3456 97.6862 1.5
      vertex 22.1103 96.3968 1.5
    endloop
  endfacet
  facet normal -0 0 1
    outer loop
      vertex 21.2828 97.6455 1.5
      vertex 22.1103 96.3968 1.5
      vertex 21.3456 97.6862 1.5
    endloop
  endfacet
  facet normal 0 0 1
    outer loop
      vertex 22.1103 96.3968 1.5
      vertex 21.2828 97.6455 1.5
      vertex 22.0011 96.3345 1.5
    endloop
  endfacet
  facet normal -0 0 1
    outer loop
      vertex 21.218 97.6072 1.5
      vertex 22.0011 96.3345 1.5
      vertex 21.2828 97.6455 1.5
    endloop
  endfacet
  facet normal 0 0 1
    outer loop
      vertex 22.0011 96.3345 1.5
      vertex 21.218 97.6072 1.5
      vertex 21.8881 96.2766 1.5
    endloop
  endfacet
  facet normal -0 0 1
    outer loop
      vertex 21.1511 97.5714 1.5
      vertex 21.8881 96.2766 1.5
      vertex 21.218 97.6072 1.5
    endloop
  endfacet
  facet normal 0 0 1
    outer loop
      vertex 21.8881 96.2766 1.5
      vertex 21.1511 97.5714 1.5
      vertex 21.7714 96.2229 1.5
    endloop
  endfacet
  facet normal -0 0 1
    outer loop
      vertex 21.083 97.5379 1.5
      vertex 21.7714 96.2229 1.5
      vertex 21.1511 97.5714 1.5
    endloop
  endfacet
  facet normal 0 0 1
    outer loop
      vertex 21.7714 96.2229 1.5
      vertex 21.083 97.5379 1.5
      vertex 21.6511 96.1734 1.5
    endloop
  endfacet
  facet normal -0 0 1
    outer loop
      vertex 21.0145 97.5067 1.5
      vertex 21.6511 96.1734 1.5
      vertex 21.083 97.5379 1.5
    endloop
  endfacet
  facet normal 0 0 1
    outer loop
      vertex 21.6511 96.1734 1.5
      vertex 21.0145 97.5067 1.5
      vertex 21.527 96.1282 1.5
    endloop
  endfacet
  facet normal -0 0 1
    outer loop
      vertex 20.9455 97.4776 1.5
      vertex 21.527 96.1282 1.5
      vertex 21.0145 97.5067 1.5
    endloop
  endfacet
  facet normal 0 0 1
    outer loop
      vertex 21.527 96.1282 1.5
      vertex 20.9455 97.4776 1.5
      vertex 21.3992 96.0872 1.5
    endloop
  endfacet
  facet normal -0 0 1
    outer loop
      vertex 20.8762 97.4507 1.5
      vertex 21.3992 96.0872 1.5
      vertex 20.9455 97.4776 1.5
    endloop
  endfacet
  facet normal 0 0 1
    outer loop
      vertex 21.3992 96.0872 1.5
      vertex 20.8762 97.4507 1.5
      vertex 21.2677 96.0505 1.5
    endloop
  endfacet
  facet normal -0 0 1
    outer loop
      vertex 20.8065 97.426 1.5
      vertex 21.2677 96.0505 1.5
      vertex 20.8762 97.4507 1.5
    endloop
  endfacet
  facet normal 0 0 1
    outer loop
      vertex 21.2677 96.0505 1.5
      vertex 20.8065 97.426 1.5
      vertex 21.1336 96.0179 1.5
    endloop
  endfacet
  facet normal -0 0 1
    outer loop
      vertex 20.7363 97.4035 1.5
      vertex 21.1336 96.0179 1.5
      vertex 20.8065 97.426 1.5
    endloop
  endfacet
  facet normal 0 0 1
    outer loop
      vertex 21.1336 96.0179 1.5
      vertex 20.7363 97.4035 1.5
      vertex 20.9978 95.9891 1.5
    endloop
  endfacet
  facet normal -0 0 1
    outer loop
      vertex 20.6657 97.3832 1.5
      vertex 20.9978 95.9891 1.5
      vertex 20.7363 97.4035 1.5
    endloop
  endfacet
  facet normal 0 0 1
    outer loop
      vertex 20.9978 95.9891 1.5
      vertex 20.6657 97.3832 1.5
      vertex 20.8604 95.9641 1.5
    endloop
  endfacet
  facet normal -0 0 1
    outer loop
      vertex 20.5947 97.3651 1.5
      vertex 20.8604 95.9641 1.5
      vertex 20.6657 97.3832 1.5
    endloop
  endfacet
  facet normal -0 0 1
    outer loop
      vertex 20.5233 97.3492 1.5
      vertex 20.8604 95.9641 1.5
      vertex 20.5947 97.3651 1.5
    endloop
  endfacet
  facet normal 0 0 1
    outer loop
      vertex 20.8604 95.9641 1.5
      vertex 20.5233 97.3492 1.5
      vertex 20.7213 95.943 1.5
    endloop
  endfacet
  facet normal -0 0 1
    outer loop
      vertex 20.4532 97.3352 1.5
      vertex 20.7213 95.943 1.5
      vertex 20.5233 97.3492 1.5
    endloop
  endfacet
  facet normal 0 0 1
    outer loop
      vertex 20.7213 95.943 1.5
      vertex 20.4532 97.3352 1.5
      vertex 20.5806 95.9257 1.5
    endloop
  endfacet
  facet normal -0 0 1
    outer loop
      vertex 20.3862 97.3228 1.5
      vertex 20.5806 95.9257 1.5
      vertex 20.4532 97.3352 1.5
    endloop
  endfacet
  facet normal -0 0 1
    outer loop
      vertex 20.3221 97.3121 1.5
      vertex 20.5806 95.9257 1.5
      vertex 20.3862 97.3228 1.5
    endloop
  endfacet
  facet normal 0 0 1
    outer loop
      vertex 20.5806 95.9257 1.5
      vertex 20.3221 97.3121 1.5
      vertex 20.4382 95.9123 1.5
    endloop
  endfacet
  facet normal -0 0 1
    outer loop
      vertex 20.2611 97.3031 1.5
      vertex 20.4382 95.9123 1.5
      vertex 20.3221 97.3121 1.5
    endloop
  endfacet
  facet normal 0 0 1
    outer loop
      vertex 20.4382 95.9123 1.5
      vertex 20.2611 97.3031 1.5
      vertex 20.2942 95.9027 1.5
    endloop
  endfacet
  facet normal -0 0 1
    outer loop
      vertex 20.2031 97.2957 1.5
      vertex 20.2942 95.9027 1.5
      vertex 20.2611 97.3031 1.5
    endloop
  endfacet
  facet normal -0 0 1
    outer loop
      vertex 20.1481 97.2899 1.5
      vertex 20.2942 95.9027 1.5
      vertex 20.2031 97.2957 1.5
    endloop
  endfacet
  facet normal 0 0 1
    outer loop
      vertex 20.2942 95.9027 1.5
      vertex 20.1481 97.2899 1.5
      vertex 20.1485 95.8969 1.5
    endloop
  endfacet
  facet normal -0 0 1
    outer loop
      vertex 20.0961 97.2858 1.5
      vertex 20.1485 95.8969 1.5
      vertex 20.1481 97.2899 1.5
    endloop
  endfacet
  facet normal -0 0 1
    outer loop
      vertex 20.0471 97.2834 1.5
      vertex 20.1485 95.8969 1.5
      vertex 20.0961 97.2858 1.5
    endloop
  endfacet
  facet normal 0 0 1
    outer loop
      vertex 20.0012 95.895 1.5
      vertex 20.0471 97.2834 1.5
      vertex 20.0012 97.2825 1.5
    endloop
  endfacet
  facet normal 0 0 1
    outer loop
      vertex 20.0471 97.2834 1.5
      vertex 20.0012 95.895 1.5
      vertex 20.1485 95.8969 1.5
    endloop
  endfacet
  facet normal 0.162268 -0.986747 0
    outer loop
      vertex 30.516 95.9217 1
      vertex 30.6662 95.9464 1.5
      vertex 30.516 95.9217 1.5
    endloop
  endfacet
  facet normal 0.162268 -0.986747 0
    outer loop
      vertex 30.6662 95.9464 1.5
      vertex 30.516 95.9217 1
      vertex 30.6662 95.9464 1
    endloop
  endfacet
  facet normal 0.218974 -0.975731 0
    outer loop
      vertex 30.6662 95.9464 1
      vertex 30.8128 95.9793 1.5
      vertex 30.6662 95.9464 1.5
    endloop
  endfacet
  facet normal 0.218974 -0.975731 0
    outer loop
      vertex 30.8128 95.9793 1.5
      vertex 30.6662 95.9464 1
      vertex 30.8128 95.9793 1
    endloop
  endfacet
  facet normal 0.276052 -0.961143 0
    outer loop
      vertex 30.8128 95.9793 1
      vertex 30.9559 96.0204 1.5
      vertex 30.8128 95.9793 1.5
    endloop
  endfacet
  facet normal 0.276052 -0.961143 0
    outer loop
      vertex 30.9559 96.0204 1.5
      vertex 30.8128 95.9793 1
      vertex 30.9559 96.0204 1
    endloop
  endfacet
  facet normal 0.33381 -0.942641 0
    outer loop
      vertex 30.9559 96.0204 1
      vertex 31.0954 96.0698 1.5
      vertex 30.9559 96.0204 1.5
    endloop
  endfacet
  facet normal 0.33381 -0.942641 0
    outer loop
      vertex 31.0954 96.0698 1.5
      vertex 30.9559 96.0204 1
      vertex 31.0954 96.0698 1
    endloop
  endfacet
  facet normal 0.390237 -0.920715 0
    outer loop
      vertex 31.0954 96.0698 1
      vertex 31.2313 96.1274 1.5
      vertex 31.0954 96.0698 1.5
    endloop
  endfacet
  facet normal 0.390237 -0.920715 0
    outer loop
      vertex 31.2313 96.1274 1.5
      vertex 31.0954 96.0698 1
      vertex 31.2313 96.1274 1
    endloop
  endfacet
  facet normal 0.44559 -0.895237 0
    outer loop
      vertex 31.2313 96.1274 1
      vertex 31.3637 96.1933 1.5
      vertex 31.2313 96.1274 1.5
    endloop
  endfacet
  facet normal 0.44559 -0.895237 0
    outer loop
      vertex 31.3637 96.1933 1.5
      vertex 31.2313 96.1274 1
      vertex 31.3637 96.1933 1
    endloop
  endfacet
  facet normal 0.498168 -0.867081 0
    outer loop
      vertex 31.3637 96.1933 1
      vertex 31.4925 96.2673 1.5
      vertex 31.3637 96.1933 1.5
    endloop
  endfacet
  facet normal 0.498168 -0.867081 0
    outer loop
      vertex 31.4925 96.2673 1.5
      vertex 31.3637 96.1933 1
      vertex 31.4925 96.2673 1
    endloop
  endfacet
  facet normal 0.549764 -0.83532 0
    outer loop
      vertex 31.4925 96.2673 1
      vertex 31.6177 96.3497 1.5
      vertex 31.4925 96.2673 1.5
    endloop
  endfacet
  facet normal 0.549764 -0.83532 0
    outer loop
      vertex 31.6177 96.3497 1.5
      vertex 31.4925 96.2673 1
      vertex 31.6177 96.3497 1
    endloop
  endfacet
  facet normal 0.598509 -0.801116 0
    outer loop
      vertex 31.6177 96.3497 1
      vertex 31.6865 96.4011 1.5
      vertex 31.6177 96.3497 1.5
    endloop
  endfacet
  facet normal 0.598509 -0.801116 0
    outer loop
      vertex 31.6865 96.4011 1.5
      vertex 31.6177 96.3497 1
      vertex 31.6865 96.4011 1
    endloop
  endfacet
  facet normal 0.631749 -0.775173 0
    outer loop
      vertex 31.6865 96.4011 1
      vertex 31.7546 96.4566 1.5
      vertex 31.6865 96.4011 1.5
    endloop
  endfacet
  facet normal 0.631749 -0.775173 0
    outer loop
      vertex 31.7546 96.4566 1.5
      vertex 31.6865 96.4011 1
      vertex 31.7546 96.4566 1
    endloop
  endfacet
  facet normal 0.663053 -0.748572 0
    outer loop
      vertex 31.7546 96.4566 1
      vertex 31.822 96.5163 1.5
      vertex 31.7546 96.4566 1.5
    endloop
  endfacet
  facet normal 0.663053 -0.748572 0
    outer loop
      vertex 31.822 96.5163 1.5
      vertex 31.7546 96.4566 1
      vertex 31.822 96.5163 1
    endloop
  endfacet
  facet normal 0.691223 -0.722642 0
    outer loop
      vertex 31.822 96.5163 1
      vertex 31.8887 96.5801 1.5
      vertex 31.822 96.5163 1.5
    endloop
  endfacet
  facet normal 0.691223 -0.722642 0
    outer loop
      vertex 31.8887 96.5801 1.5
      vertex 31.822 96.5163 1
      vertex 31.8887 96.5801 1
    endloop
  endfacet
  facet normal 0.716541 -0.697545 0
    outer loop
      vertex 31.8887 96.5801 1.5
      vertex 31.9548 96.648 1
      vertex 31.9548 96.648 1.5
    endloop
  endfacet
  facet normal 0.716541 -0.697545 0
    outer loop
      vertex 31.9548 96.648 1
      vertex 31.8887 96.5801 1.5
      vertex 31.8887 96.5801 1
    endloop
  endfacet
  facet normal 0.740219 -0.672366 0
    outer loop
      vertex 31.9548 96.648 1.5
      vertex 32.0202 96.72 1
      vertex 32.0202 96.72 1.5
    endloop
  endfacet
  facet normal 0.740219 -0.672366 0
    outer loop
      vertex 32.0202 96.72 1
      vertex 31.9548 96.648 1.5
      vertex 31.9548 96.648 1
    endloop
  endfacet
  facet normal 0.762359 -0.647154 0
    outer loop
      vertex 32.0202 96.72 1.5
      vertex 32.0848 96.7961 1
      vertex 32.0848 96.7961 1.5
    endloop
  endfacet
  facet normal 0.762359 -0.647154 0
    outer loop
      vertex 32.0848 96.7961 1
      vertex 32.0202 96.72 1.5
      vertex 32.0202 96.72 1
    endloop
  endfacet
  facet normal 0.781629 -0.623744 0
    outer loop
      vertex 32.0848 96.7961 1.5
      vertex 32.1488 96.8763 1
      vertex 32.1488 96.8763 1.5
    endloop
  endfacet
  facet normal 0.781629 -0.623744 0
    outer loop
      vertex 32.1488 96.8763 1
      vertex 32.0848 96.7961 1.5
      vertex 32.0848 96.7961 1
    endloop
  endfacet
  facet normal 0.8 -0.6 0
    outer loop
      vertex 32.1488 96.8763 1.5
      vertex 32.2121 96.9607 1
      vertex 32.2121 96.9607 1.5
    endloop
  endfacet
  facet normal 0.8 -0.6 0
    outer loop
      vertex 32.2121 96.9607 1
      vertex 32.1488 96.8763 1.5
      vertex 32.1488 96.8763 1
    endloop
  endfacet
  facet normal 0.822424 -0.568874 0
    outer loop
      vertex 32.2121 96.9607 1.5
      vertex 32.2738 97.0499 1
      vertex 32.2738 97.0499 1.5
    endloop
  endfacet
  facet normal 0.822424 -0.568874 0
    outer loop
      vertex 32.2738 97.0499 1
      vertex 32.2121 96.9607 1.5
      vertex 32.2121 96.9607 1
    endloop
  endfacet
  facet normal 0.847293 -0.531126 0
    outer loop
      vertex 32.2738 97.0499 1.5
      vertex 32.3331 97.1445 1
      vertex 32.3331 97.1445 1.5
    endloop
  endfacet
  facet normal 0.847293 -0.531126 0
    outer loop
      vertex 32.3331 97.1445 1
      vertex 32.2738 97.0499 1.5
      vertex 32.2738 97.0499 1
    endloop
  endfacet
  facet normal 0.869736 -0.493517 0
    outer loop
      vertex 32.3331 97.1445 1.5
      vertex 32.3899 97.2446 1
      vertex 32.3899 97.2446 1.5
    endloop
  endfacet
  facet normal 0.869736 -0.493517 0
    outer loop
      vertex 32.3899 97.2446 1
      vertex 32.3331 97.1445 1.5
      vertex 32.3331 97.1445 1
    endloop
  endfacet
  facet normal 0.889317 -0.457291 0
    outer loop
      vertex 32.3899 97.2446 1.5
      vertex 32.4442 97.3502 1
      vertex 32.4442 97.3502 1.5
    endloop
  endfacet
  facet normal 0.889317 -0.457291 0
    outer loop
      vertex 32.4442 97.3502 1
      vertex 32.3899 97.2446 1.5
      vertex 32.3899 97.2446 1
    endloop
  endfacet
  facet normal 0.906329 -0.422573 0
    outer loop
      vertex 32.4442 97.3502 1.5
      vertex 32.496 97.4613 1
      vertex 32.496 97.4613 1.5
    endloop
  endfacet
  facet normal 0.906329 -0.422573 0
    outer loop
      vertex 32.496 97.4613 1
      vertex 32.4442 97.3502 1.5
      vertex 32.4442 97.3502 1
    endloop
  endfacet
  facet normal 0.920771 -0.390104 0
    outer loop
      vertex 32.496 97.4613 1.5
      vertex 32.5454 97.5779 1
      vertex 32.5454 97.5779 1.5
    endloop
  endfacet
  facet normal 0.920771 -0.390104 0
    outer loop
      vertex 32.5454 97.5779 1
      vertex 32.496 97.4613 1.5
      vertex 32.496 97.4613 1
    endloop
  endfacet
  facet normal 0.933503 -0.358569 0
    outer loop
      vertex 32.5454 97.5779 1.5
      vertex 32.5923 97.7 1
      vertex 32.5923 97.7 1.5
    endloop
  endfacet
  facet normal 0.933503 -0.358569 0
    outer loop
      vertex 32.5923 97.7 1
      vertex 32.5454 97.5779 1.5
      vertex 32.5454 97.5779 1
    endloop
  endfacet
  facet normal 0.944227 -0.329295 0
    outer loop
      vertex 32.5923 97.7 1.5
      vertex 32.6368 97.8276 1
      vertex 32.6368 97.8276 1.5
    endloop
  endfacet
  facet normal 0.944227 -0.329295 0
    outer loop
      vertex 32.6368 97.8276 1
      vertex 32.5923 97.7 1.5
      vertex 32.5923 97.7 1
    endloop
  endfacet
  facet normal 0.953788 -0.300479 0
    outer loop
      vertex 32.6368 97.8276 1.5
      vertex 32.6787 97.9606 1
      vertex 32.6787 97.9606 1.5
    endloop
  endfacet
  facet normal 0.953788 -0.300479 0
    outer loop
      vertex 32.6787 97.9606 1
      vertex 32.6368 97.8276 1.5
      vertex 32.6368 97.8276 1
    endloop
  endfacet
  facet normal 0.963815 -0.266572 0
    outer loop
      vertex 32.6787 97.9606 1.5
      vertex 32.7172 98.0998 1
      vertex 32.7172 98.0998 1.5
    endloop
  endfacet
  facet normal 0.963815 -0.266572 0
    outer loop
      vertex 32.7172 98.0998 1
      vertex 32.6787 97.9606 1.5
      vertex 32.6787 97.9606 1
    endloop
  endfacet
  facet normal 0.973974 -0.226661 0
    outer loop
      vertex 32.7172 98.0998 1.5
      vertex 32.7512 98.2459 1
      vertex 32.7512 98.2459 1.5
    endloop
  endfacet
  facet normal 0.973974 -0.226661 0
    outer loop
      vertex 32.7512 98.2459 1
      vertex 32.7172 98.0998 1.5
      vertex 32.7172 98.0998 1
    endloop
  endfacet
  facet normal 0.982034 -0.188705 0
    outer loop
      vertex 32.7512 98.2459 1.5
      vertex 32.7806 98.3989 1
      vertex 32.7806 98.3989 1.5
    endloop
  endfacet
  facet normal 0.982034 -0.188705 0
    outer loop
      vertex 32.7806 98.3989 1
      vertex 32.7512 98.2459 1.5
      vertex 32.7512 98.2459 1
    endloop
  endfacet
  facet normal 0.988077 -0.153962 0
    outer loop
      vertex 32.7806 98.3989 1.5
      vertex 32.8055 98.5587 1
      vertex 32.8055 98.5587 1.5
    endloop
  endfacet
  facet normal 0.988077 -0.153962 0
    outer loop
      vertex 32.8055 98.5587 1
      vertex 32.7806 98.3989 1.5
      vertex 32.7806 98.3989 1
    endloop
  endfacet
  facet normal 0.992595 -0.121469 0
    outer loop
      vertex 32.8055 98.5587 1.5
      vertex 32.8259 98.7254 1
      vertex 32.8259 98.7254 1.5
    endloop
  endfacet
  facet normal 0.992595 -0.121469 0
    outer loop
      vertex 32.8259 98.7254 1
      vertex 32.8055 98.5587 1.5
      vertex 32.8055 98.5587 1
    endloop
  endfacet
  facet normal 0.995879 -0.090691 0
    outer loop
      vertex 32.8259 98.7254 1.5
      vertex 32.8417 98.8989 1
      vertex 32.8417 98.8989 1.5
    endloop
  endfacet
  facet normal 0.995879 -0.090691 0
    outer loop
      vertex 32.8417 98.8989 1
      vertex 32.8259 98.7254 1.5
      vertex 32.8259 98.7254 1
    endloop
  endfacet
  facet normal 0.998044 -0.0625161 0
    outer loop
      vertex 32.8417 98.8989 1.5
      vertex 32.853 99.0793 1
      vertex 32.853 99.0793 1.5
    endloop
  endfacet
  facet normal 0.998044 -0.0625161 0
    outer loop
      vertex 32.853 99.0793 1
      vertex 32.8417 98.8989 1.5
      vertex 32.8417 98.8989 1
    endloop
  endfacet
  facet normal 0.999341 -0.0363008 0
    outer loop
      vertex 32.853 99.0793 1.5
      vertex 32.8598 99.2665 1
      vertex 32.8598 99.2665 1.5
    endloop
  endfacet
  facet normal 0.999341 -0.0363008 0
    outer loop
      vertex 32.8598 99.2665 1
      vertex 32.853 99.0793 1.5
      vertex 32.853 99.0793 1
    endloop
  endfacet
  facet normal 0.99993 -0.0118487 0
    outer loop
      vertex 32.8598 99.2665 1.5
      vertex 32.8621 99.4606 1
      vertex 32.8621 99.4606 1.5
    endloop
  endfacet
  facet normal 0.99993 -0.0118487 0
    outer loop
      vertex 32.8621 99.4606 1
      vertex 32.8598 99.2665 1.5
      vertex 32.8598 99.2665 1
    endloop
  endfacet
  facet normal 0.999984 0.00556784 0
    outer loop
      vertex 32.8621 99.4606 1.5
      vertex 32.8616 99.5504 1
      vertex 32.8616 99.5504 1.5
    endloop
  endfacet
  facet normal 0.999984 0.00556784 0
    outer loop
      vertex 32.8616 99.5504 1
      vertex 32.8621 99.4606 1.5
      vertex 32.8621 99.4606 1
    endloop
  endfacet
  facet normal 0.999883 0.0152988 0
    outer loop
      vertex 32.8616 99.5504 1.5
      vertex 32.8602 99.6419 1
      vertex 32.8602 99.6419 1.5
    endloop
  endfacet
  facet normal 0.999883 0.0152988 0
    outer loop
      vertex 32.8602 99.6419 1
      vertex 32.8616 99.5504 1.5
      vertex 32.8616 99.5504 1
    endloop
  endfacet
  facet normal 0.999669 0.025715 0
    outer loop
      vertex 32.8602 99.6419 1.5
      vertex 32.8578 99.7352 1
      vertex 32.8578 99.7352 1.5
    endloop
  endfacet
  facet normal 0.999669 0.025715 0
    outer loop
      vertex 32.8578 99.7352 1
      vertex 32.8602 99.6419 1.5
      vertex 32.8602 99.6419 1
    endloop
  endfacet
  facet normal 0.999363 0.0356915 0
    outer loop
      vertex 32.8578 99.7352 1.5
      vertex 32.8544 99.8304 1
      vertex 32.8544 99.8304 1.5
    endloop
  endfacet
  facet normal 0.999363 0.0356915 0
    outer loop
      vertex 32.8544 99.8304 1
      vertex 32.8578 99.7352 1.5
      vertex 32.8578 99.7352 1
    endloop
  endfacet
  facet normal 0.999017 0.044332 0
    outer loop
      vertex 32.8544 99.8304 1.5
      vertex 32.8501 99.9273 1
      vertex 32.8501 99.9273 1.5
    endloop
  endfacet
  facet normal 0.999017 0.044332 0
    outer loop
      vertex 32.8501 99.9273 1
      vertex 32.8544 99.8304 1.5
      vertex 32.8544 99.8304 1
    endloop
  endfacet
  facet normal 0.998561 0.0536208 0
    outer loop
      vertex 32.8501 99.9273 1.5
      vertex 32.8448 100.026 1
      vertex 32.8448 100.026 1.5
    endloop
  endfacet
  facet normal 0.998561 0.0536208 0
    outer loop
      vertex 32.8448 100.026 1
      vertex 32.8501 99.9273 1.5
      vertex 32.8501 99.9273 1
    endloop
  endfacet
  facet normal 0.998084 0.0618812 0
    outer loop
      vertex 32.8448 100.026 1.5
      vertex 32.8386 100.126 1
      vertex 32.8386 100.126 1.5
    endloop
  endfacet
  facet normal 0.998084 0.0618812 0
    outer loop
      vertex 32.8386 100.126 1
      vertex 32.8448 100.026 1.5
      vertex 32.8448 100.026 1
    endloop
  endfacet
  facet normal 0.997566 0.0697327 0
    outer loop
      vertex 32.8386 100.126 1.5
      vertex 32.8314 100.229 1
      vertex 32.8314 100.229 1.5
    endloop
  endfacet
  facet normal 0.997566 0.0697327 0
    outer loop
      vertex 32.8314 100.229 1
      vertex 32.8386 100.126 1.5
      vertex 32.8386 100.126 1
    endloop
  endfacet
  facet normal 0.996906 0.0786022 0
    outer loop
      vertex 32.8314 100.229 1.5
      vertex 32.8232 100.333 1
      vertex 32.8232 100.333 1.5
    endloop
  endfacet
  facet normal 0.996906 0.0786022 0
    outer loop
      vertex 32.8232 100.333 1
      vertex 32.8314 100.229 1.5
      vertex 32.8314 100.229 1
    endloop
  endfacet
  facet normal 0.996017 0.0891672 0
    outer loop
      vertex 32.8232 100.333 1.5
      vertex 32.8138 100.438 1
      vertex 32.8138 100.438 1.5
    endloop
  endfacet
  facet normal 0.996017 0.0891672 0
    outer loop
      vertex 32.8138 100.438 1
      vertex 32.8232 100.333 1.5
      vertex 32.8232 100.333 1
    endloop
  endfacet
  facet normal 0.994553 0.104237 0
    outer loop
      vertex 32.8138 100.438 1.5
      vertex 32.8029 100.542 1
      vertex 32.8029 100.542 1.5
    endloop
  endfacet
  facet normal 0.994553 0.104237 0
    outer loop
      vertex 32.8029 100.542 1
      vertex 32.8138 100.438 1.5
      vertex 32.8138 100.438 1
    endloop
  endfacet
  facet normal 0.993099 0.11728 0
    outer loop
      vertex 32.8029 100.542 1.5
      vertex 32.7905 100.647 1
      vertex 32.7905 100.647 1.5
    endloop
  endfacet
  facet normal 0.993099 0.11728 0
    outer loop
      vertex 32.7905 100.647 1
      vertex 32.8029 100.542 1.5
      vertex 32.8029 100.542 1
    endloop
  endfacet
  facet normal 0.991186 0.132476 0
    outer loop
      vertex 32.7905 100.647 1.5
      vertex 32.7766 100.751 1
      vertex 32.7766 100.751 1.5
    endloop
  endfacet
  facet normal 0.991186 0.132476 0
    outer loop
      vertex 32.7766 100.751 1
      vertex 32.7905 100.647 1.5
      vertex 32.7905 100.647 1
    endloop
  endfacet
  facet normal 0.989415 0.145114 0
    outer loop
      vertex 32.7766 100.751 1.5
      vertex 32.7612 100.856 1
      vertex 32.7612 100.856 1.5
    endloop
  endfacet
  facet normal 0.989415 0.145114 0
    outer loop
      vertex 32.7612 100.856 1
      vertex 32.7766 100.751 1.5
      vertex 32.7766 100.751 1
    endloop
  endfacet
  facet normal 0.986902 0.161321 0
    outer loop
      vertex 32.7612 100.856 1.5
      vertex 32.7442 100.96 1
      vertex 32.7442 100.96 1.5
    endloop
  endfacet
  facet normal 0.986902 0.161321 0
    outer loop
      vertex 32.7442 100.96 1
      vertex 32.7612 100.856 1.5
      vertex 32.7612 100.856 1
    endloop
  endfacet
  facet normal 0.984707 0.174217 0
    outer loop
      vertex 32.7442 100.96 1.5
      vertex 32.7258 101.064 1
      vertex 32.7258 101.064 1.5
    endloop
  endfacet
  facet normal 0.984707 0.174217 0
    outer loop
      vertex 32.7258 101.064 1
      vertex 32.7442 100.96 1.5
      vertex 32.7442 100.96 1
    endloop
  endfacet
  facet normal 0.982006 0.188847 0
    outer loop
      vertex 32.7258 101.064 1.5
      vertex 32.7058 101.168 1
      vertex 32.7058 101.168 1.5
    endloop
  endfacet
  facet normal 0.982006 0.188847 0
    outer loop
      vertex 32.7058 101.168 1
      vertex 32.7258 101.064 1.5
      vertex 32.7258 101.064 1
    endloop
  endfacet
  facet normal 0.979293 0.20245 0
    outer loop
      vertex 32.7058 101.168 1.5
      vertex 32.6843 101.272 1
      vertex 32.6843 101.272 1.5
    endloop
  endfacet
  facet normal 0.979293 0.20245 0
    outer loop
      vertex 32.6843 101.272 1
      vertex 32.7058 101.168 1.5
      vertex 32.7058 101.168 1
    endloop
  endfacet
  facet normal 0.975762 0.218836 0
    outer loop
      vertex 32.6843 101.272 1.5
      vertex 32.6612 101.375 1
      vertex 32.6612 101.375 1.5
    endloop
  endfacet
  facet normal 0.975762 0.218836 0
    outer loop
      vertex 32.6612 101.375 1
      vertex 32.6843 101.272 1.5
      vertex 32.6843 101.272 1
    endloop
  endfacet
  facet normal 0.971351 0.237651 0
    outer loop
      vertex 32.6612 101.375 1.5
      vertex 32.636 101.478 1
      vertex 32.636 101.478 1.5
    endloop
  endfacet
  facet normal 0.971351 0.237651 0
    outer loop
      vertex 32.636 101.478 1
      vertex 32.6612 101.375 1.5
      vertex 32.6612 101.375 1
    endloop
  endfacet
  facet normal 0.966705 0.255893 0
    outer loop
      vertex 32.636 101.478 1.5
      vertex 32.609 101.58 1
      vertex 32.609 101.58 1.5
    endloop
  endfacet
  facet normal 0.966705 0.255893 0
    outer loop
      vertex 32.609 101.58 1
      vertex 32.636 101.478 1.5
      vertex 32.636 101.478 1
    endloop
  endfacet
  facet normal 0.961416 0.275098 0
    outer loop
      vertex 32.609 101.58 1.5
      vertex 32.5801 101.681 1
      vertex 32.5801 101.681 1.5
    endloop
  endfacet
  facet normal 0.961416 0.275098 0
    outer loop
      vertex 32.5801 101.681 1
      vertex 32.609 101.58 1.5
      vertex 32.609 101.58 1
    endloop
  endfacet
  facet normal 0.955427 0.295227 0
    outer loop
      vertex 32.5801 101.681 1.5
      vertex 32.5492 101.781 1
      vertex 32.5492 101.781 1.5
    endloop
  endfacet
  facet normal 0.955427 0.295227 0
    outer loop
      vertex 32.5492 101.781 1
      vertex 32.5801 101.681 1.5
      vertex 32.5801 101.681 1
    endloop
  endfacet
  facet normal 0.950193 0.311663 0
    outer loop
      vertex 32.5492 101.781 1.5
      vertex 32.5164 101.881 1
      vertex 32.5164 101.881 1.5
    endloop
  endfacet
  facet normal 0.950193 0.311663 0
    outer loop
      vertex 32.5164 101.881 1
      vertex 32.5492 101.781 1.5
      vertex 32.5492 101.781 1
    endloop
  endfacet
  facet normal 0.944739 0.327824 0
    outer loop
      vertex 32.5164 101.881 1.5
      vertex 32.4817 101.981 1
      vertex 32.4817 101.981 1.5
    endloop
  endfacet
  facet normal 0.944739 0.327824 0
    outer loop
      vertex 32.4817 101.981 1
      vertex 32.5164 101.881 1.5
      vertex 32.5164 101.881 1
    endloop
  endfacet
  facet normal 0.9368 0.349866 0
    outer loop
      vertex 32.4817 101.981 1.5
      vertex 32.4451 102.079 1
      vertex 32.4451 102.079 1.5
    endloop
  endfacet
  facet normal 0.9368 0.349866 0
    outer loop
      vertex 32.4451 102.079 1
      vertex 32.4817 101.981 1.5
      vertex 32.4817 101.981 1
    endloop
  endfacet
  facet normal 0.930751 0.365652 0
    outer loop
      vertex 32.4451 102.079 1.5
      vertex 32.4066 102.177 1
      vertex 32.4066 102.177 1.5
    endloop
  endfacet
  facet normal 0.930751 0.365652 0
    outer loop
      vertex 32.4066 102.177 1
      vertex 32.4451 102.079 1.5
      vertex 32.4451 102.079 1
    endloop
  endfacet
  facet normal 0.920331 0.391141 0
    outer loop
      vertex 32.4066 102.177 1.5
      vertex 32.3658 102.273 1
      vertex 32.3658 102.273 1.5
    endloop
  endfacet
  facet normal 0.920331 0.391141 0
    outer loop
      vertex 32.3658 102.273 1
      vertex 32.4066 102.177 1.5
      vertex 32.4066 102.177 1
    endloop
  endfacet
  facet normal 0.908637 0.417586 0
    outer loop
      vertex 32.3658 102.273 1.5
      vertex 32.3226 102.367 1
      vertex 32.3226 102.367 1.5
    endloop
  endfacet
  facet normal 0.908637 0.417586 0
    outer loop
      vertex 32.3226 102.367 1
      vertex 32.3658 102.273 1.5
      vertex 32.3658 102.273 1
    endloop
  endfacet
  facet normal 0.894034 0.447999 0
    outer loop
      vertex 32.3226 102.367 1.5
      vertex 32.277 102.458 1
      vertex 32.277 102.458 1.5
    endloop
  endfacet
  facet normal 0.894034 0.447999 0
    outer loop
      vertex 32.277 102.458 1
      vertex 32.3226 102.367 1.5
      vertex 32.3226 102.367 1
    endloop
  endfacet
  facet normal 0.877056 0.480388 0
    outer loop
      vertex 32.277 102.458 1.5
      vertex 32.2288 102.546 1
      vertex 32.2288 102.546 1.5
    endloop
  endfacet
  facet normal 0.877056 0.480388 0
    outer loop
      vertex 32.2288 102.546 1
      vertex 32.277 102.458 1.5
      vertex 32.277 102.458 1
    endloop
  endfacet
  facet normal 0.861883 0.507108 0
    outer loop
      vertex 32.2288 102.546 1.5
      vertex 32.1782 102.632 1
      vertex 32.1782 102.632 1.5
    endloop
  endfacet
  facet normal 0.861883 0.507108 0
    outer loop
      vertex 32.1782 102.632 1
      vertex 32.2288 102.546 1.5
      vertex 32.2288 102.546 1
    endloop
  endfacet
  facet normal 0.842364 0.53891 0
    outer loop
      vertex 32.1782 102.632 1.5
      vertex 32.1251 102.715 1
      vertex 32.1251 102.715 1.5
    endloop
  endfacet
  facet normal 0.842364 0.53891 0
    outer loop
      vertex 32.1251 102.715 1
      vertex 32.1782 102.632 1.5
      vertex 32.1782 102.632 1
    endloop
  endfacet
  facet normal 0.824932 0.565231 0
    outer loop
      vertex 32.1251 102.715 1.5
      vertex 32.0696 102.796 1
      vertex 32.0696 102.796 1.5
    endloop
  endfacet
  facet normal 0.824932 0.565231 0
    outer loop
      vertex 32.0696 102.796 1
      vertex 32.1251 102.715 1.5
      vertex 32.1251 102.715 1
    endloop
  endfacet
  facet normal 0.802462 0.596703 0
    outer loop
      vertex 32.0696 102.796 1.5
      vertex 32.0116 102.874 1
      vertex 32.0116 102.874 1.5
    endloop
  endfacet
  facet normal 0.802462 0.596703 0
    outer loop
      vertex 32.0116 102.874 1
      vertex 32.0696 102.796 1.5
      vertex 32.0696 102.796 1
    endloop
  endfacet
  facet normal 0.778331 0.627854 0
    outer loop
      vertex 32.0116 102.874 1.5
      vertex 31.9511 102.949 1
      vertex 31.9511 102.949 1.5
    endloop
  endfacet
  facet normal 0.778331 0.627854 0
    outer loop
      vertex 31.9511 102.949 1
      vertex 32.0116 102.874 1.5
      vertex 32.0116 102.874 1
    endloop
  endfacet
  facet normal 0.756543 0.653944 0
    outer loop
      vertex 31.9511 102.949 1.5
      vertex 31.888 103.022 1
      vertex 31.888 103.022 1.5
    endloop
  endfacet
  facet normal 0.756543 0.653944 0
    outer loop
      vertex 31.888 103.022 1
      vertex 31.9511 102.949 1.5
      vertex 31.9511 102.949 1
    endloop
  endfacet
  facet normal 0.723165 0.690675 0
    outer loop
      vertex 31.888 103.022 1.5
      vertex 31.8221 103.091 1
      vertex 31.8221 103.091 1.5
    endloop
  endfacet
  facet normal 0.723165 0.690675 0
    outer loop
      vertex 31.8221 103.091 1
      vertex 31.888 103.022 1.5
      vertex 31.888 103.022 1
    endloop
  endfacet
  facet normal 0.693319 0.720631 -0
    outer loop
      vertex 31.8221 103.091 1
      vertex 31.7535 103.157 1.5
      vertex 31.8221 103.091 1.5
    endloop
  endfacet
  facet normal 0.693319 0.720631 0
    outer loop
      vertex 31.7535 103.157 1.5
      vertex 31.8221 103.091 1
      vertex 31.7535 103.157 1
    endloop
  endfacet
  facet normal 0.656179 0.754606 -0
    outer loop
      vertex 31.7535 103.157 1
      vertex 31.6822 103.219 1.5
      vertex 31.7535 103.157 1.5
    endloop
  endfacet
  facet normal 0.656179 0.754606 0
    outer loop
      vertex 31.6822 103.219 1.5
      vertex 31.7535 103.157 1
      vertex 31.6822 103.219 1
    endloop
  endfacet
  facet normal 0.622891 0.782309 -0
    outer loop
      vertex 31.6822 103.219 1
      vertex 31.6081 103.278 1.5
      vertex 31.6822 103.219 1.5
    endloop
  endfacet
  facet normal 0.622891 0.782309 0
    outer loop
      vertex 31.6081 103.278 1.5
      vertex 31.6822 103.219 1
      vertex 31.6081 103.278 1
    endloop
  endfacet
  facet normal 0.589172 0.808008 -0
    outer loop
      vertex 31.6081 103.278 1
      vertex 31.5313 103.334 1.5
      vertex 31.6081 103.278 1.5
    endloop
  endfacet
  facet normal 0.589172 0.808008 0
    outer loop
      vertex 31.5313 103.334 1.5
      vertex 31.6081 103.278 1
      vertex 31.5313 103.334 1
    endloop
  endfacet
  facet normal 0.5547 0.83205 -0
    outer loop
      vertex 31.5313 103.334 1
      vertex 31.4518 103.387 1.5
      vertex 31.5313 103.334 1.5
    endloop
  endfacet
  facet normal 0.5547 0.83205 0
    outer loop
      vertex 31.4518 103.387 1.5
      vertex 31.5313 103.334 1
      vertex 31.4518 103.387 1
    endloop
  endfacet
  facet normal 0.511576 0.859238 -0
    outer loop
      vertex 31.4518 103.387 1
      vertex 31.3695 103.436 1.5
      vertex 31.4518 103.387 1.5
    endloop
  endfacet
  facet normal 0.511576 0.859238 0
    outer loop
      vertex 31.3695 103.436 1.5
      vertex 31.4518 103.387 1
      vertex 31.3695 103.436 1
    endloop
  endfacet
  facet normal 0.483458 0.875368 -0
    outer loop
      vertex 31.3695 103.436 1
      vertex 31.2844 103.483 1.5
      vertex 31.3695 103.436 1.5
    endloop
  endfacet
  facet normal 0.483458 0.875368 0
    outer loop
      vertex 31.2844 103.483 1.5
      vertex 31.3695 103.436 1
      vertex 31.2844 103.483 1
    endloop
  endfacet
  facet normal 0.421534 0.906813 -0
    outer loop
      vertex 31.2844 103.483 1
      vertex 31.1962 103.524 1.5
      vertex 31.2844 103.483 1.5
    endloop
  endfacet
  facet normal 0.421534 0.906813 0
    outer loop
      vertex 31.1962 103.524 1.5
      vertex 31.2844 103.483 1
      vertex 31.1962 103.524 1
    endloop
  endfacet
  facet normal 0.38247 0.923968 -0
    outer loop
      vertex 31.1962 103.524 1
      vertex 31.1044 103.562 1.5
      vertex 31.1962 103.524 1.5
    endloop
  endfacet
  facet normal 0.38247 0.923968 0
    outer loop
      vertex 31.1044 103.562 1.5
      vertex 31.1962 103.524 1
      vertex 31.1044 103.562 1
    endloop
  endfacet
  facet normal 0.318316 0.947985 -0
    outer loop
      vertex 31.1044 103.562 1
      vertex 31.0091 103.594 1.5
      vertex 31.1044 103.562 1.5
    endloop
  endfacet
  facet normal 0.318316 0.947985 0
    outer loop
      vertex 31.0091 103.594 1.5
      vertex 31.1044 103.562 1
      vertex 31.0091 103.594 1
    endloop
  endfacet
  facet normal 0.263365 0.964696 -0
    outer loop
      vertex 31.0091 103.594 1
      vertex 30.9102 103.621 1.5
      vertex 31.0091 103.594 1.5
    endloop
  endfacet
  facet normal 0.263365 0.964696 0
    outer loop
      vertex 30.9102 103.621 1.5
      vertex 31.0091 103.594 1
      vertex 30.9102 103.621 1
    endloop
  endfacet
  facet normal 0.210051 0.97769 -0
    outer loop
      vertex 30.9102 103.621 1
      vertex 30.8078 103.643 1.5
      vertex 30.9102 103.621 1.5
    endloop
  endfacet
  facet normal 0.210051 0.97769 0
    outer loop
      vertex 30.8078 103.643 1.5
      vertex 30.9102 103.621 1
      vertex 30.8078 103.643 1
    endloop
  endfacet
  facet normal 0.158208 0.987406 -0
    outer loop
      vertex 30.8078 103.643 1
      vertex 30.7017 103.66 1.5
      vertex 30.8078 103.643 1.5
    endloop
  endfacet
  facet normal 0.158208 0.987406 0
    outer loop
      vertex 30.7017 103.66 1.5
      vertex 30.8078 103.643 1
      vertex 30.7017 103.66 1
    endloop
  endfacet
  facet normal 0.117787 0.993039 -0
    outer loop
      vertex 30.7017 103.66 1
      vertex 30.5921 103.673 1.5
      vertex 30.7017 103.66 1.5
    endloop
  endfacet
  facet normal 0.117787 0.993039 0
    outer loop
      vertex 30.5921 103.673 1.5
      vertex 30.7017 103.66 1
      vertex 30.5921 103.673 1
    endloop
  endfacet
  facet normal 0.0617739 0.99809 -0
    outer loop
      vertex 30.5921 103.673 1
      vertex 30.479 103.68 1.5
      vertex 30.5921 103.673 1.5
    endloop
  endfacet
  facet normal 0.0617739 0.99809 0
    outer loop
      vertex 30.479 103.68 1.5
      vertex 30.5921 103.673 1
      vertex 30.479 103.68 1
    endloop
  endfacet
  facet normal 0.0256985 0.99967 -0
    outer loop
      vertex 30.479 103.68 1
      vertex 30.3623 103.683 1.5
      vertex 30.479 103.68 1.5
    endloop
  endfacet
  facet normal 0.0256985 0.99967 0
    outer loop
      vertex 30.3623 103.683 1.5
      vertex 30.479 103.68 1
      vertex 30.3623 103.683 1
    endloop
  endfacet
  facet normal 0 1 -0
    outer loop
      vertex 30.3623 103.683 1
      vertex 29.0179 103.683 1.5
      vertex 30.3623 103.683 1.5
    endloop
  endfacet
  facet normal 0 1 0
    outer loop
      vertex 29.0179 103.683 1.5
      vertex 30.3623 103.683 1
      vertex 29.0179 103.683 1
    endloop
  endfacet
  facet normal -0.999996 0.00285427 0
    outer loop
      vertex 28.9957 95.9052 1
      vertex 29.0179 103.683 1.5
      vertex 29.0179 103.683 1
    endloop
  endfacet
  facet normal -0.999996 0.00285427 0
    outer loop
      vertex 29.0179 103.683 1.5
      vertex 28.9957 95.9052 1
      vertex 28.9957 95.9052 1.5
    endloop
  endfacet
  facet normal 0 -1 0
    outer loop
      vertex 28.9957 95.9052 1
      vertex 30.3623 95.9052 1.5
      vertex 28.9957 95.9052 1.5
    endloop
  endfacet
  facet normal 0 -1 -0
    outer loop
      vertex 30.3623 95.9052 1.5
      vertex 28.9957 95.9052 1
      vertex 30.3623 95.9052 1
    endloop
  endfacet
  facet normal 0.106739 -0.994287 0
    outer loop
      vertex 30.3623 95.9052 1
      vertex 30.516 95.9217 1.5
      vertex 30.3623 95.9052 1.5
    endloop
  endfacet
  facet normal 0.106739 -0.994287 0
    outer loop
      vertex 30.516 95.9217 1.5
      vertex 30.3623 95.9052 1
      vertex 30.516 95.9217 1
    endloop
  endfacet
  facet normal -0.034344 -0.99941 0
    outer loop
      vertex 30.3623 102.351 1
      vertex 30.4205 102.349 1.5
      vertex 30.3623 102.351 1.5
    endloop
  endfacet
  facet normal -0.034344 -0.99941 -0
    outer loop
      vertex 30.4205 102.349 1.5
      vertex 30.3623 102.351 1
      vertex 30.4205 102.349 1
    endloop
  endfacet
  facet normal -0.0883062 -0.996093 0
    outer loop
      vertex 30.4205 102.349 1
      vertex 30.4769 102.344 1.5
      vertex 30.4205 102.349 1.5
    endloop
  endfacet
  facet normal -0.0883062 -0.996093 -0
    outer loop
      vertex 30.4769 102.344 1.5
      vertex 30.4205 102.349 1
      vertex 30.4769 102.344 1
    endloop
  endfacet
  facet normal -0.162931 -0.986637 0
    outer loop
      vertex 30.4769 102.344 1
      vertex 30.5314 102.335 1.5
      vertex 30.4769 102.344 1.5
    endloop
  endfacet
  facet normal -0.162931 -0.986637 -0
    outer loop
      vertex 30.5314 102.335 1.5
      vertex 30.4769 102.344 1
      vertex 30.5314 102.335 1
    endloop
  endfacet
  facet normal -0.24036 -0.970684 0
    outer loop
      vertex 30.5314 102.335 1
      vertex 30.5839 102.322 1.5
      vertex 30.5314 102.335 1.5
    endloop
  endfacet
  facet normal -0.24036 -0.970684 -0
    outer loop
      vertex 30.5839 102.322 1.5
      vertex 30.5314 102.335 1
      vertex 30.5839 102.322 1
    endloop
  endfacet
  facet normal -0.318475 -0.947931 0
    outer loop
      vertex 30.5839 102.322 1
      vertex 30.6345 102.305 1.5
      vertex 30.5839 102.322 1.5
    endloop
  endfacet
  facet normal -0.318475 -0.947931 -0
    outer loop
      vertex 30.6345 102.305 1.5
      vertex 30.5839 102.322 1
      vertex 30.6345 102.305 1
    endloop
  endfacet
  facet normal -0.37989 -0.925032 0
    outer loop
      vertex 30.6345 102.305 1
      vertex 30.6832 102.285 1.5
      vertex 30.6345 102.305 1.5
    endloop
  endfacet
  facet normal -0.37989 -0.925032 -0
    outer loop
      vertex 30.6832 102.285 1.5
      vertex 30.6345 102.305 1
      vertex 30.6832 102.285 1
    endloop
  endfacet
  facet normal -0.456317 -0.889817 0
    outer loop
      vertex 30.6832 102.285 1
      vertex 30.73 102.261 1.5
      vertex 30.6832 102.285 1.5
    endloop
  endfacet
  facet normal -0.456317 -0.889817 -0
    outer loop
      vertex 30.73 102.261 1.5
      vertex 30.6832 102.285 1
      vertex 30.73 102.261 1
    endloop
  endfacet
  facet normal -0.529999 -0.847998 0
    outer loop
      vertex 30.73 102.261 1
      vertex 30.7748 102.233 1.5
      vertex 30.73 102.261 1.5
    endloop
  endfacet
  facet normal -0.529999 -0.847998 -0
    outer loop
      vertex 30.7748 102.233 1.5
      vertex 30.73 102.261 1
      vertex 30.7748 102.233 1
    endloop
  endfacet
  facet normal -0.597011 -0.802233 0
    outer loop
      vertex 30.7748 102.233 1
      vertex 30.8178 102.201 1.5
      vertex 30.7748 102.233 1.5
    endloop
  endfacet
  facet normal -0.597011 -0.802233 -0
    outer loop
      vertex 30.8178 102.201 1.5
      vertex 30.7748 102.233 1
      vertex 30.8178 102.201 1
    endloop
  endfacet
  facet normal -0.636494 -0.771281 0
    outer loop
      vertex 30.8178 102.201 1
      vertex 30.859 102.167 1.5
      vertex 30.8178 102.201 1.5
    endloop
  endfacet
  facet normal -0.636494 -0.771281 -0
    outer loop
      vertex 30.859 102.167 1.5
      vertex 30.8178 102.201 1
      vertex 30.859 102.167 1
    endloop
  endfacet
  facet normal -0.681793 -0.731545 0
    outer loop
      vertex 30.859 102.167 1
      vertex 30.8987 102.13 1.5
      vertex 30.859 102.167 1.5
    endloop
  endfacet
  facet normal -0.681793 -0.731545 -0
    outer loop
      vertex 30.8987 102.13 1.5
      vertex 30.859 102.167 1
      vertex 30.8987 102.13 1
    endloop
  endfacet
  facet normal -0.714396 -0.699742 0
    outer loop
      vertex 30.9369 102.091 1
      vertex 30.8987 102.13 1.5
      vertex 30.8987 102.13 1
    endloop
  endfacet
  facet normal -0.714396 -0.699742 0
    outer loop
      vertex 30.8987 102.13 1.5
      vertex 30.9369 102.091 1
      vertex 30.9369 102.091 1.5
    endloop
  endfacet
  facet normal -0.753021 -0.657997 0
    outer loop
      vertex 30.9736 102.049 1
      vertex 30.9369 102.091 1.5
      vertex 30.9369 102.091 1
    endloop
  endfacet
  facet normal -0.753021 -0.657997 0
    outer loop
      vertex 30.9369 102.091 1.5
      vertex 30.9736 102.049 1
      vertex 30.9736 102.049 1.5
    endloop
  endfacet
  facet normal -0.773797 -0.633434 0
    outer loop
      vertex 31.0088 102.006 1
      vertex 30.9736 102.049 1.5
      vertex 30.9736 102.049 1
    endloop
  endfacet
  facet normal -0.773797 -0.633434 0
    outer loop
      vertex 30.9736 102.049 1.5
      vertex 31.0088 102.006 1
      vertex 31.0088 102.006 1.5
    endloop
  endfacet
  facet normal -0.8135 -0.581566 0
    outer loop
      vertex 31.0424 101.959 1
      vertex 31.0088 102.006 1.5
      vertex 31.0088 102.006 1
    endloop
  endfacet
  facet normal -0.8135 -0.581566 0
    outer loop
      vertex 31.0088 102.006 1.5
      vertex 31.0424 101.959 1
      vertex 31.0424 101.959 1.5
    endloop
  endfacet
  facet normal -0.83045 -0.557093 0
    outer loop
      vertex 31.0746 101.911 1
      vertex 31.0424 101.959 1.5
      vertex 31.0424 101.959 1
    endloop
  endfacet
  facet normal -0.83045 -0.557093 0
    outer loop
      vertex 31.0424 101.959 1.5
      vertex 31.0746 101.911 1
      vertex 31.0746 101.911 1.5
    endloop
  endfacet
  facet normal -0.856751 -0.51573 0
    outer loop
      vertex 31.1053 101.86 1
      vertex 31.0746 101.911 1.5
      vertex 31.0746 101.911 1
    endloop
  endfacet
  facet normal -0.856751 -0.51573 0
    outer loop
      vertex 31.0746 101.911 1.5
      vertex 31.1053 101.86 1
      vertex 31.1053 101.86 1.5
    endloop
  endfacet
  facet normal -0.876565 -0.481284 0
    outer loop
      vertex 31.1344 101.807 1
      vertex 31.1053 101.86 1.5
      vertex 31.1053 101.86 1
    endloop
  endfacet
  facet normal -0.876565 -0.481284 0
    outer loop
      vertex 31.1053 101.86 1.5
      vertex 31.1344 101.807 1
      vertex 31.1344 101.807 1.5
    endloop
  endfacet
  facet normal -0.892472 -0.451104 0
    outer loop
      vertex 31.1622 101.752 1
      vertex 31.1344 101.807 1.5
      vertex 31.1344 101.807 1
    endloop
  endfacet
  facet normal -0.892472 -0.451104 0
    outer loop
      vertex 31.1344 101.807 1.5
      vertex 31.1622 101.752 1
      vertex 31.1622 101.752 1.5
    endloop
  endfacet
  facet normal -0.903278 -0.429057 0
    outer loop
      vertex 31.1888 101.696 1
      vertex 31.1622 101.752 1.5
      vertex 31.1622 101.752 1
    endloop
  endfacet
  facet normal -0.903278 -0.429057 0
    outer loop
      vertex 31.1622 101.752 1.5
      vertex 31.1888 101.696 1
      vertex 31.1888 101.696 1.5
    endloop
  endfacet
  facet normal -0.916592 -0.399824 0
    outer loop
      vertex 31.2141 101.638 1
      vertex 31.1888 101.696 1.5
      vertex 31.1888 101.696 1
    endloop
  endfacet
  facet normal -0.916592 -0.399824 0
    outer loop
      vertex 31.1888 101.696 1.5
      vertex 31.2141 101.638 1
      vertex 31.2141 101.638 1.5
    endloop
  endfacet
  facet normal -0.925747 -0.378144 0
    outer loop
      vertex 31.2382 101.579 1
      vertex 31.2141 101.638 1.5
      vertex 31.2141 101.638 1
    endloop
  endfacet
  facet normal -0.925747 -0.378144 0
    outer loop
      vertex 31.2141 101.638 1.5
      vertex 31.2382 101.579 1
      vertex 31.2382 101.579 1.5
    endloop
  endfacet
  facet normal -0.936707 -0.350114 0
    outer loop
      vertex 31.261 101.518 1
      vertex 31.2382 101.579 1.5
      vertex 31.2382 101.579 1
    endloop
  endfacet
  facet normal -0.936707 -0.350114 0
    outer loop
      vertex 31.2382 101.579 1.5
      vertex 31.261 101.518 1
      vertex 31.261 101.518 1.5
    endloop
  endfacet
  facet normal -0.944332 -0.328993 0
    outer loop
      vertex 31.2826 101.456 1
      vertex 31.261 101.518 1.5
      vertex 31.261 101.518 1
    endloop
  endfacet
  facet normal -0.944332 -0.328993 0
    outer loop
      vertex 31.261 101.518 1.5
      vertex 31.2826 101.456 1
      vertex 31.2826 101.456 1.5
    endloop
  endfacet
  facet normal -0.951366 -0.308062 0
    outer loop
      vertex 31.303 101.393 1
      vertex 31.2826 101.456 1.5
      vertex 31.2826 101.456 1
    endloop
  endfacet
  facet normal -0.951366 -0.308062 0
    outer loop
      vertex 31.2826 101.456 1.5
      vertex 31.303 101.393 1
      vertex 31.303 101.393 1.5
    endloop
  endfacet
  facet normal -0.958237 -0.285974 0
    outer loop
      vertex 31.3221 101.329 1
      vertex 31.303 101.393 1.5
      vertex 31.303 101.393 1
    endloop
  endfacet
  facet normal -0.958237 -0.285974 0
    outer loop
      vertex 31.303 101.393 1.5
      vertex 31.3221 101.329 1
      vertex 31.3221 101.329 1.5
    endloop
  endfacet
  facet normal -0.965134 -0.261756 0
    outer loop
      vertex 31.34 101.263 1
      vertex 31.3221 101.329 1.5
      vertex 31.3221 101.329 1
    endloop
  endfacet
  facet normal -0.965134 -0.261756 0
    outer loop
      vertex 31.3221 101.329 1.5
      vertex 31.34 101.263 1
      vertex 31.34 101.263 1.5
    endloop
  endfacet
  facet normal -0.969972 -0.243217 0
    outer loop
      vertex 31.3568 101.196 1
      vertex 31.34 101.263 1.5
      vertex 31.34 101.263 1
    endloop
  endfacet
  facet normal -0.969972 -0.243217 0
    outer loop
      vertex 31.34 101.263 1.5
      vertex 31.3568 101.196 1
      vertex 31.3568 101.196 1.5
    endloop
  endfacet
  facet normal -0.972977 -0.230901 0
    outer loop
      vertex 31.3727 101.129 1
      vertex 31.3568 101.196 1.5
      vertex 31.3568 101.196 1
    endloop
  endfacet
  facet normal -0.972977 -0.230901 0
    outer loop
      vertex 31.3568 101.196 1.5
      vertex 31.3727 101.129 1
      vertex 31.3727 101.129 1.5
    endloop
  endfacet
  facet normal -0.975768 -0.218809 0
    outer loop
      vertex 31.3875 101.063 1
      vertex 31.3727 101.129 1.5
      vertex 31.3727 101.129 1
    endloop
  endfacet
  facet normal -0.975768 -0.218809 0
    outer loop
      vertex 31.3727 101.129 1.5
      vertex 31.3875 101.063 1
      vertex 31.3875 101.063 1.5
    endloop
  endfacet
  facet normal -0.978859 -0.204538 0
    outer loop
      vertex 31.4015 100.996 1
      vertex 31.3875 101.063 1.5
      vertex 31.3875 101.063 1
    endloop
  endfacet
  facet normal -0.978859 -0.204538 0
    outer loop
      vertex 31.3875 101.063 1.5
      vertex 31.4015 100.996 1
      vertex 31.4015 100.996 1.5
    endloop
  endfacet
  facet normal -0.981965 -0.189065 0
    outer loop
      vertex 31.4144 100.929 1
      vertex 31.4015 100.996 1.5
      vertex 31.4015 100.996 1
    endloop
  endfacet
  facet normal -0.981965 -0.189065 0
    outer loop
      vertex 31.4015 100.996 1.5
      vertex 31.4144 100.929 1
      vertex 31.4144 100.929 1.5
    endloop
  endfacet
  facet normal -0.98387 -0.178885 0
    outer loop
      vertex 31.4264 100.863 1
      vertex 31.4144 100.929 1.5
      vertex 31.4144 100.929 1
    endloop
  endfacet
  facet normal -0.98387 -0.178885 0
    outer loop
      vertex 31.4144 100.929 1.5
      vertex 31.4264 100.863 1
      vertex 31.4264 100.863 1.5
    endloop
  endfacet
  facet normal -0.986553 -0.163444 0
    outer loop
      vertex 31.4375 100.796 1
      vertex 31.4264 100.863 1.5
      vertex 31.4264 100.863 1
    endloop
  endfacet
  facet normal -0.986553 -0.163444 0
    outer loop
      vertex 31.4264 100.863 1.5
      vertex 31.4375 100.796 1
      vertex 31.4375 100.796 1.5
    endloop
  endfacet
  facet normal -0.989044 -0.147619 0
    outer loop
      vertex 31.4475 100.729 1
      vertex 31.4375 100.796 1.5
      vertex 31.4375 100.796 1
    endloop
  endfacet
  facet normal -0.989044 -0.147619 0
    outer loop
      vertex 31.4375 100.796 1.5
      vertex 31.4475 100.729 1
      vertex 31.4475 100.729 1.5
    endloop
  endfacet
  facet normal -0.990424 -0.138059 0
    outer loop
      vertex 31.4567 100.663 1
      vertex 31.4475 100.729 1.5
      vertex 31.4475 100.729 1
    endloop
  endfacet
  facet normal -0.990424 -0.138059 0
    outer loop
      vertex 31.4475 100.729 1.5
      vertex 31.4567 100.663 1
      vertex 31.4567 100.663 1.5
    endloop
  endfacet
  facet normal -0.992414 -0.122941 0
    outer loop
      vertex 31.465 100.596 1
      vertex 31.4567 100.663 1.5
      vertex 31.4567 100.663 1
    endloop
  endfacet
  facet normal -0.992414 -0.122941 0
    outer loop
      vertex 31.4567 100.663 1.5
      vertex 31.465 100.596 1
      vertex 31.465 100.596 1.5
    endloop
  endfacet
  facet normal -0.993234 -0.116132 0
    outer loop
      vertex 31.4726 100.531 1
      vertex 31.465 100.596 1.5
      vertex 31.465 100.596 1
    endloop
  endfacet
  facet normal -0.993234 -0.116132 0
    outer loop
      vertex 31.465 100.596 1.5
      vertex 31.4726 100.531 1
      vertex 31.4726 100.531 1.5
    endloop
  endfacet
  facet normal -0.994413 -0.105561 0
    outer loop
      vertex 31.4795 100.466 1
      vertex 31.4726 100.531 1.5
      vertex 31.4726 100.531 1
    endloop
  endfacet
  facet normal -0.994413 -0.105561 0
    outer loop
      vertex 31.4726 100.531 1.5
      vertex 31.4795 100.466 1
      vertex 31.4795 100.466 1.5
    endloop
  endfacet
  facet normal -0.995192 -0.0979396 0
    outer loop
      vertex 31.4857 100.403 1
      vertex 31.4795 100.466 1.5
      vertex 31.4795 100.466 1
    endloop
  endfacet
  facet normal -0.995192 -0.0979396 0
    outer loop
      vertex 31.4795 100.466 1.5
      vertex 31.4857 100.403 1
      vertex 31.4857 100.403 1.5
    endloop
  endfacet
  facet normal -0.996073 -0.0885398 0
    outer loop
      vertex 31.4913 100.34 1
      vertex 31.4857 100.403 1.5
      vertex 31.4857 100.403 1
    endloop
  endfacet
  facet normal -0.996073 -0.0885398 0
    outer loop
      vertex 31.4857 100.403 1.5
      vertex 31.4913 100.34 1
      vertex 31.4913 100.34 1.5
    endloop
  endfacet
  facet normal -0.996989 -0.0775436 0
    outer loop
      vertex 31.4962 100.277 1
      vertex 31.4913 100.34 1.5
      vertex 31.4913 100.34 1
    endloop
  endfacet
  facet normal -0.996989 -0.0775436 0
    outer loop
      vertex 31.4913 100.34 1.5
      vertex 31.4962 100.277 1
      vertex 31.4962 100.277 1.5
    endloop
  endfacet
  facet normal -0.997638 -0.0686898 0
    outer loop
      vertex 31.5004 100.216 1
      vertex 31.4962 100.277 1.5
      vertex 31.4962 100.277 1
    endloop
  endfacet
  facet normal -0.997638 -0.0686898 0
    outer loop
      vertex 31.4962 100.277 1.5
      vertex 31.5004 100.216 1
      vertex 31.5004 100.216 1.5
    endloop
  endfacet
  facet normal -0.998398 -0.0565759 0
    outer loop
      vertex 31.5038 100.156 1
      vertex 31.5004 100.216 1.5
      vertex 31.5004 100.216 1
    endloop
  endfacet
  facet normal -0.998398 -0.0565759 0
    outer loop
      vertex 31.5004 100.216 1.5
      vertex 31.5038 100.156 1
      vertex 31.5038 100.156 1.5
    endloop
  endfacet
  facet normal -0.998834 -0.048277 0
    outer loop
      vertex 31.5067 100.096 1
      vertex 31.5038 100.156 1.5
      vertex 31.5038 100.156 1
    endloop
  endfacet
  facet normal -0.998834 -0.048277 0
    outer loop
      vertex 31.5038 100.156 1.5
      vertex 31.5067 100.096 1
      vertex 31.5067 100.096 1.5
    endloop
  endfacet
  facet normal -0.999215 -0.039624 0
    outer loop
      vertex 31.509 100.038 1
      vertex 31.5067 100.096 1.5
      vertex 31.5067 100.096 1
    endloop
  endfacet
  facet normal -0.999215 -0.039624 0
    outer loop
      vertex 31.5067 100.096 1.5
      vertex 31.509 100.038 1
      vertex 31.509 100.038 1.5
    endloop
  endfacet
  facet normal -0.999354 -0.035948 0
    outer loop
      vertex 31.511 99.9824 1
      vertex 31.509 100.038 1.5
      vertex 31.509 100.038 1
    endloop
  endfacet
  facet normal -0.999354 -0.035948 0
    outer loop
      vertex 31.509 100.038 1.5
      vertex 31.511 99.9824 1
      vertex 31.511 99.9824 1.5
    endloop
  endfacet
  facet normal -0.999426 -0.0338788 0
    outer loop
      vertex 31.5128 99.9293 1
      vertex 31.511 99.9824 1.5
      vertex 31.511 99.9824 1
    endloop
  endfacet
  facet normal -0.999426 -0.0338788 0
    outer loop
      vertex 31.511 99.9824 1.5
      vertex 31.5128 99.9293 1
      vertex 31.5128 99.9293 1.5
    endloop
  endfacet
  facet normal -0.999561 -0.0296313 0
    outer loop
      vertex 31.5143 99.8787 1
      vertex 31.5128 99.9293 1.5
      vertex 31.5128 99.9293 1
    endloop
  endfacet
  facet normal -0.999561 -0.0296313 0
    outer loop
      vertex 31.5128 99.9293 1.5
      vertex 31.5143 99.8787 1
      vertex 31.5143 99.8787 1.5
    endloop
  endfacet
  facet normal -0.999636 -0.0269611 0
    outer loop
      vertex 31.5156 99.8305 1
      vertex 31.5143 99.8787 1.5
      vertex 31.5143 99.8787 1
    endloop
  endfacet
  facet normal -0.999636 -0.0269611 0
    outer loop
      vertex 31.5143 99.8787 1.5
      vertex 31.5156 99.8305 1
      vertex 31.5156 99.8305 1.5
    endloop
  endfacet
  facet normal -0.999805 -0.019733 0
    outer loop
      vertex 31.5165 99.7849 1
      vertex 31.5156 99.8305 1.5
      vertex 31.5156 99.8305 1
    endloop
  endfacet
  facet normal -0.999805 -0.019733 0
    outer loop
      vertex 31.5156 99.8305 1.5
      vertex 31.5165 99.7849 1
      vertex 31.5165 99.7849 1.5
    endloop
  endfacet
  facet normal -0.999869 -0.0161642 0
    outer loop
      vertex 31.5172 99.7416 1
      vertex 31.5165 99.7849 1.5
      vertex 31.5165 99.7849 1
    endloop
  endfacet
  facet normal -0.999869 -0.0161642 0
    outer loop
      vertex 31.5165 99.7849 1.5
      vertex 31.5172 99.7416 1
      vertex 31.5172 99.7416 1.5
    endloop
  endfacet
  facet normal -0.999952 -0.00982754 0
    outer loop
      vertex 31.5176 99.7009 1
      vertex 31.5172 99.7416 1.5
      vertex 31.5172 99.7416 1
    endloop
  endfacet
  facet normal -0.999952 -0.00982754 0
    outer loop
      vertex 31.5172 99.7416 1.5
      vertex 31.5176 99.7009 1
      vertex 31.5176 99.7009 1.5
    endloop
  endfacet
  facet normal -0.999986 -0.00522186 0
    outer loop
      vertex 31.5178 99.6626 1
      vertex 31.5176 99.7009 1.5
      vertex 31.5176 99.7009 1
    endloop
  endfacet
  facet normal -0.999986 -0.00522186 0
    outer loop
      vertex 31.5176 99.7009 1.5
      vertex 31.5178 99.6626 1
      vertex 31.5178 99.6626 1.5
    endloop
  endfacet
  facet normal -0.999975 0.00710714 0
    outer loop
      vertex 31.5168 99.5219 1
      vertex 31.5178 99.6626 1.5
      vertex 31.5178 99.6626 1
    endloop
  endfacet
  facet normal -0.999975 0.00710714 0
    outer loop
      vertex 31.5178 99.6626 1.5
      vertex 31.5168 99.5219 1
      vertex 31.5168 99.5219 1.5
    endloop
  endfacet
  facet normal -0.999738 0.0228722 0
    outer loop
      vertex 31.5137 99.3864 1
      vertex 31.5168 99.5219 1.5
      vertex 31.5168 99.5219 1
    endloop
  endfacet
  facet normal -0.999738 0.0228722 0
    outer loop
      vertex 31.5168 99.5219 1.5
      vertex 31.5137 99.3864 1
      vertex 31.5137 99.3864 1.5
    endloop
  endfacet
  facet normal -0.999208 0.0397847 0
    outer loop
      vertex 31.5085 99.2558 1
      vertex 31.5137 99.3864 1.5
      vertex 31.5137 99.3864 1
    endloop
  endfacet
  facet normal -0.999208 0.0397847 0
    outer loop
      vertex 31.5137 99.3864 1.5
      vertex 31.5085 99.2558 1
      vertex 31.5085 99.2558 1.5
    endloop
  endfacet
  facet normal -0.998356 0.0573219 0
    outer loop
      vertex 31.5013 99.1304 1
      vertex 31.5085 99.2558 1.5
      vertex 31.5085 99.2558 1
    endloop
  endfacet
  facet normal -0.998356 0.0573219 0
    outer loop
      vertex 31.5085 99.2558 1.5
      vertex 31.5013 99.1304 1
      vertex 31.5013 99.1304 1.5
    endloop
  endfacet
  facet normal -0.997093 0.0761899 0
    outer loop
      vertex 31.4921 99.01 1
      vertex 31.5013 99.1304 1.5
      vertex 31.5013 99.1304 1
    endloop
  endfacet
  facet normal -0.997093 0.0761899 0
    outer loop
      vertex 31.5013 99.1304 1.5
      vertex 31.4921 99.01 1
      vertex 31.4921 99.01 1.5
    endloop
  endfacet
  facet normal -0.995148 0.0983927 0
    outer loop
      vertex 31.4807 98.8947 1
      vertex 31.4921 99.01 1.5
      vertex 31.4921 99.01 1
    endloop
  endfacet
  facet normal -0.995148 0.0983927 0
    outer loop
      vertex 31.4921 99.01 1.5
      vertex 31.4807 98.8947 1
      vertex 31.4807 98.8947 1.5
    endloop
  endfacet
  facet normal -0.992688 0.120708 0
    outer loop
      vertex 31.4673 98.7845 1
      vertex 31.4807 98.8947 1.5
      vertex 31.4807 98.8947 1
    endloop
  endfacet
  facet normal -0.992688 0.120708 0
    outer loop
      vertex 31.4807 98.8947 1.5
      vertex 31.4673 98.7845 1
      vertex 31.4673 98.7845 1.5
    endloop
  endfacet
  facet normal -0.989435 0.144979 0
    outer loop
      vertex 31.4519 98.6794 1
      vertex 31.4673 98.7845 1.5
      vertex 31.4673 98.7845 1
    endloop
  endfacet
  facet normal -0.989435 0.144979 0
    outer loop
      vertex 31.4673 98.7845 1.5
      vertex 31.4519 98.6794 1
      vertex 31.4519 98.6794 1.5
    endloop
  endfacet
  facet normal -0.98506 0.172213 0
    outer loop
      vertex 31.4344 98.5793 1
      vertex 31.4519 98.6794 1.5
      vertex 31.4519 98.6794 1
    endloop
  endfacet
  facet normal -0.98506 0.172213 0
    outer loop
      vertex 31.4519 98.6794 1.5
      vertex 31.4344 98.5793 1
      vertex 31.4344 98.5793 1.5
    endloop
  endfacet
  facet normal -0.980817 0.194932 0
    outer loop
      vertex 31.4154 98.4837 1
      vertex 31.4344 98.5793 1.5
      vertex 31.4344 98.5793 1
    endloop
  endfacet
  facet normal -0.980817 0.194932 0
    outer loop
      vertex 31.4344 98.5793 1.5
      vertex 31.4154 98.4837 1
      vertex 31.4154 98.4837 1.5
    endloop
  endfacet
  facet normal -0.976733 0.214457 0
    outer loop
      vertex 31.3952 98.3917 1
      vertex 31.4154 98.4837 1.5
      vertex 31.4154 98.4837 1
    endloop
  endfacet
  facet normal -0.976733 0.214457 0
    outer loop
      vertex 31.4154 98.4837 1.5
      vertex 31.3952 98.3917 1
      vertex 31.3952 98.3917 1.5
    endloop
  endfacet
  facet normal -0.972056 0.234748 0
    outer loop
      vertex 31.3739 98.3035 1
      vertex 31.3952 98.3917 1.5
      vertex 31.3952 98.3917 1
    endloop
  endfacet
  facet normal -0.972056 0.234748 0
    outer loop
      vertex 31.3952 98.3917 1.5
      vertex 31.3739 98.3035 1
      vertex 31.3739 98.3035 1.5
    endloop
  endfacet
  facet normal -0.966971 0.254887 0
    outer loop
      vertex 31.3516 98.2189 1
      vertex 31.3739 98.3035 1.5
      vertex 31.3739 98.3035 1
    endloop
  endfacet
  facet normal -0.966971 0.254887 0
    outer loop
      vertex 31.3739 98.3035 1.5
      vertex 31.3516 98.2189 1
      vertex 31.3516 98.2189 1.5
    endloop
  endfacet
  facet normal -0.960305 0.278951 0
    outer loop
      vertex 31.3281 98.138 1
      vertex 31.3516 98.2189 1.5
      vertex 31.3516 98.2189 1
    endloop
  endfacet
  facet normal -0.960305 0.278951 0
    outer loop
      vertex 31.3516 98.2189 1.5
      vertex 31.3281 98.138 1
      vertex 31.3281 98.138 1.5
    endloop
  endfacet
  facet normal -0.953039 0.302846 0
    outer loop
      vertex 31.3036 98.0609 1
      vertex 31.3281 98.138 1.5
      vertex 31.3281 98.138 1
    endloop
  endfacet
  facet normal -0.953039 0.302846 0
    outer loop
      vertex 31.3281 98.138 1.5
      vertex 31.3036 98.0609 1
      vertex 31.3036 98.0609 1.5
    endloop
  endfacet
  facet normal -0.943958 0.330064 0
    outer loop
      vertex 31.2779 97.9874 1
      vertex 31.3036 98.0609 1.5
      vertex 31.3036 98.0609 1
    endloop
  endfacet
  facet normal -0.943958 0.330064 0
    outer loop
      vertex 31.3036 98.0609 1.5
      vertex 31.2779 97.9874 1
      vertex 31.2779 97.9874 1.5
    endloop
  endfacet
  facet normal -0.933828 0.357722 0
    outer loop
      vertex 31.2512 97.9177 1
      vertex 31.2779 97.9874 1.5
      vertex 31.2779 97.9874 1
    endloop
  endfacet
  facet normal -0.933828 0.357722 0
    outer loop
      vertex 31.2779 97.9874 1.5
      vertex 31.2512 97.9177 1
      vertex 31.2512 97.9177 1.5
    endloop
  endfacet
  facet normal -0.921083 0.389367 0
    outer loop
      vertex 31.2233 97.8517 1
      vertex 31.2512 97.9177 1.5
      vertex 31.2512 97.9177 1
    endloop
  endfacet
  facet normal -0.921083 0.389367 0
    outer loop
      vertex 31.2512 97.9177 1.5
      vertex 31.2233 97.8517 1
      vertex 31.2233 97.8517 1.5
    endloop
  endfacet
  facet normal -0.909019 0.416755 0
    outer loop
      vertex 31.1946 97.7891 1
      vertex 31.2233 97.8517 1.5
      vertex 31.2233 97.8517 1
    endloop
  endfacet
  facet normal -0.909019 0.416755 0
    outer loop
      vertex 31.2233 97.8517 1.5
      vertex 31.1946 97.7891 1
      vertex 31.1946 97.7891 1.5
    endloop
  endfacet
  facet normal -0.897134 0.441759 0
    outer loop
      vertex 31.1654 97.7298 1
      vertex 31.1946 97.7891 1.5
      vertex 31.1946 97.7891 1
    endloop
  endfacet
  facet normal -0.897134 0.441759 0
    outer loop
      vertex 31.1946 97.7891 1.5
      vertex 31.1654 97.7298 1
      vertex 31.1654 97.7298 1.5
    endloop
  endfacet
  facet normal -0.883095 0.469194 0
    outer loop
      vertex 31.1357 97.6739 1
      vertex 31.1654 97.7298 1.5
      vertex 31.1654 97.7298 1
    endloop
  endfacet
  facet normal -0.883095 0.469194 0
    outer loop
      vertex 31.1654 97.7298 1.5
      vertex 31.1357 97.6739 1
      vertex 31.1357 97.6739 1.5
    endloop
  endfacet
  facet normal -0.866213 0.499675 0
    outer loop
      vertex 31.1053 97.6212 1
      vertex 31.1357 97.6739 1.5
      vertex 31.1357 97.6739 1
    endloop
  endfacet
  facet normal -0.866213 0.499675 0
    outer loop
      vertex 31.1357 97.6739 1.5
      vertex 31.1053 97.6212 1
      vertex 31.1053 97.6212 1.5
    endloop
  endfacet
  facet normal -0.848577 0.529072 0
    outer loop
      vertex 31.0745 97.5718 1
      vertex 31.1053 97.6212 1.5
      vertex 31.1053 97.6212 1
    endloop
  endfacet
  facet normal -0.848577 0.529072 0
    outer loop
      vertex 31.1053 97.6212 1.5
      vertex 31.0745 97.5718 1
      vertex 31.0745 97.5718 1.5
    endloop
  endfacet
  facet normal -0.826493 0.562947 0
    outer loop
      vertex 31.0431 97.5257 1
      vertex 31.0745 97.5718 1.5
      vertex 31.0745 97.5718 1
    endloop
  endfacet
  facet normal -0.826493 0.562947 0
    outer loop
      vertex 31.0745 97.5718 1.5
      vertex 31.0431 97.5257 1
      vertex 31.0431 97.5257 1.5
    endloop
  endfacet
  facet normal -0.800897 0.598802 0
    outer loop
      vertex 31.0111 97.4829 1
      vertex 31.0431 97.5257 1.5
      vertex 31.0431 97.5257 1
    endloop
  endfacet
  facet normal -0.800897 0.598802 0
    outer loop
      vertex 31.0431 97.5257 1.5
      vertex 31.0111 97.4829 1
      vertex 31.0111 97.4829 1.5
    endloop
  endfacet
  facet normal -0.772212 0.635365 0
    outer loop
      vertex 30.9786 97.4434 1
      vertex 31.0111 97.4829 1.5
      vertex 31.0111 97.4829 1
    endloop
  endfacet
  facet normal -0.772212 0.635365 0
    outer loop
      vertex 31.0111 97.4829 1.5
      vertex 30.9786 97.4434 1
      vertex 30.9786 97.4434 1.5
    endloop
  endfacet
  facet normal -0.738 0.674801 0
    outer loop
      vertex 30.9455 97.4072 1
      vertex 30.9786 97.4434 1.5
      vertex 30.9786 97.4434 1
    endloop
  endfacet
  facet normal -0.738 0.674801 0
    outer loop
      vertex 30.9786 97.4434 1.5
      vertex 30.9455 97.4072 1
      vertex 30.9455 97.4072 1.5
    endloop
  endfacet
  facet normal -0.713448 0.700708 0
    outer loop
      vertex 30.9125 97.3736 1
      vertex 30.9455 97.4072 1.5
      vertex 30.9455 97.4072 1
    endloop
  endfacet
  facet normal -0.713448 0.700708 0
    outer loop
      vertex 30.9455 97.4072 1.5
      vertex 30.9125 97.3736 1
      vertex 30.9125 97.3736 1.5
    endloop
  endfacet
  facet normal -0.694831 0.719173 0
    outer loop
      vertex 30.9125 97.3736 1
      vertex 30.88 97.3422 1.5
      vertex 30.9125 97.3736 1.5
    endloop
  endfacet
  facet normal -0.694831 0.719173 0
    outer loop
      vertex 30.88 97.3422 1.5
      vertex 30.9125 97.3736 1
      vertex 30.88 97.3422 1
    endloop
  endfacet
  facet normal -0.677803 0.735244 0
    outer loop
      vertex 30.88 97.3422 1
      vertex 30.848 97.3127 1.5
      vertex 30.88 97.3422 1.5
    endloop
  endfacet
  facet normal -0.677803 0.735244 0
    outer loop
      vertex 30.848 97.3127 1.5
      vertex 30.88 97.3422 1
      vertex 30.848 97.3127 1
    endloop
  endfacet
  facet normal -0.656119 0.754657 0
    outer loop
      vertex 30.848 97.3127 1
      vertex 30.8166 97.2854 1.5
      vertex 30.848 97.3127 1.5
    endloop
  endfacet
  facet normal -0.656119 0.754657 0
    outer loop
      vertex 30.8166 97.2854 1.5
      vertex 30.848 97.3127 1
      vertex 30.8166 97.2854 1
    endloop
  endfacet
  facet normal -0.634739 0.772726 0
    outer loop
      vertex 30.8166 97.2854 1
      vertex 30.7858 97.2601 1.5
      vertex 30.8166 97.2854 1.5
    endloop
  endfacet
  facet normal -0.634739 0.772726 0
    outer loop
      vertex 30.7858 97.2601 1.5
      vertex 30.8166 97.2854 1
      vertex 30.7858 97.2601 1
    endloop
  endfacet
  facet normal -0.609584 0.792721 0
    outer loop
      vertex 30.7858 97.2601 1
      vertex 30.7555 97.2368 1.5
      vertex 30.7858 97.2601 1.5
    endloop
  endfacet
  facet normal -0.609584 0.792721 0
    outer loop
      vertex 30.7555 97.2368 1.5
      vertex 30.7858 97.2601 1
      vertex 30.7555 97.2368 1
    endloop
  endfacet
  facet normal -0.579685 0.814841 0
    outer loop
      vertex 30.7555 97.2368 1
      vertex 30.7257 97.2156 1.5
      vertex 30.7555 97.2368 1.5
    endloop
  endfacet
  facet normal -0.579685 0.814841 0
    outer loop
      vertex 30.7257 97.2156 1.5
      vertex 30.7555 97.2368 1
      vertex 30.7257 97.2156 1
    endloop
  endfacet
  facet normal -0.547404 0.836869 0
    outer loop
      vertex 30.7257 97.2156 1
      vertex 30.6965 97.1965 1.5
      vertex 30.7257 97.2156 1.5
    endloop
  endfacet
  facet normal -0.547404 0.836869 0
    outer loop
      vertex 30.6965 97.1965 1.5
      vertex 30.7257 97.2156 1
      vertex 30.6965 97.1965 1
    endloop
  endfacet
  facet normal -0.511852 0.859074 0
    outer loop
      vertex 30.6965 97.1965 1
      vertex 30.6678 97.1794 1.5
      vertex 30.6965 97.1965 1.5
    endloop
  endfacet
  facet normal -0.511852 0.859074 0
    outer loop
      vertex 30.6678 97.1794 1.5
      vertex 30.6965 97.1965 1
      vertex 30.6678 97.1794 1
    endloop
  endfacet
  facet normal -0.482161 0.876083 0
    outer loop
      vertex 30.6678 97.1794 1
      vertex 30.64 97.1641 1.5
      vertex 30.6678 97.1794 1.5
    endloop
  endfacet
  facet normal -0.482161 0.876083 0
    outer loop
      vertex 30.64 97.1641 1.5
      vertex 30.6678 97.1794 1
      vertex 30.64 97.1641 1
    endloop
  endfacet
  facet normal -0.46188 0.886943 0
    outer loop
      vertex 30.64 97.1641 1
      vertex 30.6135 97.1503 1.5
      vertex 30.64 97.1641 1.5
    endloop
  endfacet
  facet normal -0.46188 0.886943 0
    outer loop
      vertex 30.6135 97.1503 1.5
      vertex 30.64 97.1641 1
      vertex 30.6135 97.1503 1
    endloop
  endfacet
  facet normal -0.434351 0.900744 0
    outer loop
      vertex 30.6135 97.1503 1
      vertex 30.5882 97.1381 1.5
      vertex 30.6135 97.1503 1.5
    endloop
  endfacet
  facet normal -0.434351 0.900744 0
    outer loop
      vertex 30.5882 97.1381 1.5
      vertex 30.6135 97.1503 1
      vertex 30.5882 97.1381 1
    endloop
  endfacet
  facet normal -0.408947 0.912558 0
    outer loop
      vertex 30.5882 97.1381 1
      vertex 30.5641 97.1273 1.5
      vertex 30.5882 97.1381 1.5
    endloop
  endfacet
  facet normal -0.408947 0.912558 0
    outer loop
      vertex 30.5641 97.1273 1.5
      vertex 30.5882 97.1381 1
      vertex 30.5641 97.1273 1
    endloop
  endfacet
  facet normal -0.374194 0.92735 0
    outer loop
      vertex 30.5641 97.1273 1
      vertex 30.5413 97.1181 1.5
      vertex 30.5641 97.1273 1.5
    endloop
  endfacet
  facet normal -0.374194 0.92735 0
    outer loop
      vertex 30.5413 97.1181 1.5
      vertex 30.5641 97.1273 1
      vertex 30.5413 97.1181 1
    endloop
  endfacet
  facet normal -0.339644 0.940554 0
    outer loop
      vertex 30.5413 97.1181 1
      vertex 30.5197 97.1103 1.5
      vertex 30.5413 97.1181 1.5
    endloop
  endfacet
  facet normal -0.339644 0.940554 0
    outer loop
      vertex 30.5197 97.1103 1.5
      vertex 30.5413 97.1181 1
      vertex 30.5197 97.1103 1
    endloop
  endfacet
  facet normal -0.290788 0.956787 0
    outer loop
      vertex 30.5197 97.1103 1
      vertex 30.4993 97.1041 1.5
      vertex 30.5197 97.1103 1.5
    endloop
  endfacet
  facet normal -0.290788 0.956787 0
    outer loop
      vertex 30.4993 97.1041 1.5
      vertex 30.5197 97.1103 1
      vertex 30.4993 97.1041 1
    endloop
  endfacet
  facet normal -0.242536 0.970143 0
    outer loop
      vertex 30.4993 97.1041 1
      vertex 30.4801 97.0993 1.5
      vertex 30.4993 97.1041 1.5
    endloop
  endfacet
  facet normal -0.242536 0.970143 0
    outer loop
      vertex 30.4801 97.0993 1.5
      vertex 30.4993 97.1041 1
      vertex 30.4801 97.0993 1
    endloop
  endfacet
  facet normal -0.176939 0.984222 0
    outer loop
      vertex 30.4801 97.0993 1
      vertex 30.4623 97.0961 1.5
      vertex 30.4801 97.0993 1.5
    endloop
  endfacet
  facet normal -0.176939 0.984222 0
    outer loop
      vertex 30.4623 97.0961 1.5
      vertex 30.4801 97.0993 1
      vertex 30.4623 97.0961 1
    endloop
  endfacet
  facet normal -0.141243 0.989975 0
    outer loop
      vertex 30.4623 97.0961 1
      vertex 30.3845 97.085 1.5
      vertex 30.4623 97.0961 1.5
    endloop
  endfacet
  facet normal -0.141243 0.989975 0
    outer loop
      vertex 30.3845 97.085 1.5
      vertex 30.4623 97.0961 1
      vertex 30.3845 97.085 1
    endloop
  endfacet
  facet normal 0.999991 0.00421569 0
    outer loop
      vertex 30.3845 97.085 1.5
      vertex 30.3623 102.351 1
      vertex 30.3623 102.351 1.5
    endloop
  endfacet
  facet normal 0.999991 0.00421569 0
    outer loop
      vertex 30.3623 102.351 1
      vertex 30.3845 97.085 1.5
      vertex 30.3845 97.085 1
    endloop
  endfacet
  facet normal 0.0901547 -0.995928 0
    outer loop
      vertex 24.8961 98.4397 1
      vertex 25.0375 98.4525 1.5
      vertex 24.8961 98.4397 1.5
    endloop
  endfacet
  facet normal 0.0901547 -0.995928 0
    outer loop
      vertex 25.0375 98.4525 1.5
      vertex 24.8961 98.4397 1
      vertex 25.0375 98.4525 1
    endloop
  endfacet
  facet normal 0.136492 -0.990641 0
    outer loop
      vertex 25.0375 98.4525 1
      vertex 25.1754 98.4715 1.5
      vertex 25.0375 98.4525 1.5
    endloop
  endfacet
  facet normal 0.136492 -0.990641 0
    outer loop
      vertex 25.1754 98.4715 1.5
      vertex 25.0375 98.4525 1
      vertex 25.1754 98.4715 1
    endloop
  endfacet
  facet normal 0.182299 -0.983243 0
    outer loop
      vertex 25.1754 98.4715 1
      vertex 25.3097 98.4964 1.5
      vertex 25.1754 98.4715 1.5
    endloop
  endfacet
  facet normal 0.182299 -0.983243 0
    outer loop
      vertex 25.3097 98.4964 1.5
      vertex 25.1754 98.4715 1
      vertex 25.3097 98.4964 1
    endloop
  endfacet
  facet normal 0.230782 -0.973006 0
    outer loop
      vertex 25.3097 98.4964 1
      vertex 25.4404 98.5274 1.5
      vertex 25.3097 98.4964 1.5
    endloop
  endfacet
  facet normal 0.230782 -0.973006 0
    outer loop
      vertex 25.4404 98.5274 1.5
      vertex 25.3097 98.4964 1
      vertex 25.4404 98.5274 1
    endloop
  endfacet
  facet normal 0.279304 -0.960203 0
    outer loop
      vertex 25.4404 98.5274 1
      vertex 25.5676 98.5644 1.5
      vertex 25.4404 98.5274 1.5
    endloop
  endfacet
  facet normal 0.279304 -0.960203 0
    outer loop
      vertex 25.5676 98.5644 1.5
      vertex 25.4404 98.5274 1
      vertex 25.5676 98.5644 1
    endloop
  endfacet
  facet normal 0.329499 -0.944156 0
    outer loop
      vertex 25.5676 98.5644 1
      vertex 25.6911 98.6075 1.5
      vertex 25.5676 98.5644 1.5
    endloop
  endfacet
  facet normal 0.329499 -0.944156 0
    outer loop
      vertex 25.6911 98.6075 1.5
      vertex 25.5676 98.5644 1
      vertex 25.6911 98.6075 1
    endloop
  endfacet
  facet normal 0.378423 -0.925633 0
    outer loop
      vertex 25.6911 98.6075 1
      vertex 25.8112 98.6566 1.5
      vertex 25.6911 98.6075 1.5
    endloop
  endfacet
  facet normal 0.378423 -0.925633 0
    outer loop
      vertex 25.8112 98.6566 1.5
      vertex 25.6911 98.6075 1
      vertex 25.8112 98.6566 1
    endloop
  endfacet
  facet normal 0.427853 -0.903848 0
    outer loop
      vertex 25.8112 98.6566 1
      vertex 25.9276 98.7117 1.5
      vertex 25.8112 98.6566 1.5
    endloop
  endfacet
  facet normal 0.427853 -0.903848 0
    outer loop
      vertex 25.9276 98.7117 1.5
      vertex 25.8112 98.6566 1
      vertex 25.9276 98.7117 1
    endloop
  endfacet
  facet normal 0.476559 -0.879142 0
    outer loop
      vertex 25.9276 98.7117 1
      vertex 26.0405 98.7729 1.5
      vertex 25.9276 98.7117 1.5
    endloop
  endfacet
  facet normal 0.476559 -0.879142 0
    outer loop
      vertex 26.0405 98.7729 1.5
      vertex 25.9276 98.7117 1
      vertex 26.0405 98.7729 1
    endloop
  endfacet
  facet normal 0.52564 -0.850707 0
    outer loop
      vertex 26.0405 98.7729 1
      vertex 26.0897 98.8033 1.5
      vertex 26.0405 98.7729 1.5
    endloop
  endfacet
  facet normal 0.52564 -0.850707 0
    outer loop
      vertex 26.0897 98.8033 1.5
      vertex 26.0405 98.7729 1
      vertex 26.0897 98.8033 1
    endloop
  endfacet
  facet normal 0.547943 -0.836515 0
    outer loop
      vertex 26.0897 98.8033 1
      vertex 26.1384 98.8352 1.5
      vertex 26.0897 98.8033 1.5
    endloop
  endfacet
  facet normal 0.547943 -0.836515 0
    outer loop
      vertex 26.1384 98.8352 1.5
      vertex 26.0897 98.8033 1
      vertex 26.1384 98.8352 1
    endloop
  endfacet
  facet normal 0.567971 -0.823048 0
    outer loop
      vertex 26.1384 98.8352 1
      vertex 26.1868 98.8686 1.5
      vertex 26.1384 98.8352 1.5
    endloop
  endfacet
  facet normal 0.567971 -0.823048 0
    outer loop
      vertex 26.1868 98.8686 1.5
      vertex 26.1384 98.8352 1
      vertex 26.1868 98.8686 1
    endloop
  endfacet
  facet normal 0.588874 -0.808225 0
    outer loop
      vertex 26.1868 98.8686 1
      vertex 26.2347 98.9035 1.5
      vertex 26.1868 98.8686 1.5
    endloop
  endfacet
  facet normal 0.588874 -0.808225 0
    outer loop
      vertex 26.2347 98.9035 1.5
      vertex 26.1868 98.8686 1
      vertex 26.2347 98.9035 1
    endloop
  endfacet
  facet normal 0.608256 -0.793741 0
    outer loop
      vertex 26.2347 98.9035 1
      vertex 26.2822 98.9399 1.5
      vertex 26.2347 98.9035 1.5
    endloop
  endfacet
  facet normal 0.608256 -0.793741 0
    outer loop
      vertex 26.2822 98.9399 1.5
      vertex 26.2347 98.9035 1
      vertex 26.2822 98.9399 1
    endloop
  endfacet
  facet normal 0.627914 -0.778283 0
    outer loop
      vertex 26.2822 98.9399 1
      vertex 26.3293 98.9779 1.5
      vertex 26.2822 98.9399 1.5
    endloop
  endfacet
  facet normal 0.627914 -0.778283 0
    outer loop
      vertex 26.3293 98.9779 1.5
      vertex 26.2822 98.9399 1
      vertex 26.3293 98.9779 1
    endloop
  endfacet
  facet normal 0.644841 -0.764317 0
    outer loop
      vertex 26.3293 98.9779 1
      vertex 26.376 99.0173 1.5
      vertex 26.3293 98.9779 1.5
    endloop
  endfacet
  facet normal 0.644841 -0.764317 0
    outer loop
      vertex 26.376 99.0173 1.5
      vertex 26.3293 98.9779 1
      vertex 26.376 99.0173 1
    endloop
  endfacet
  facet normal 0.66205 -0.74946 0
    outer loop
      vertex 26.376 99.0173 1
      vertex 26.4223 99.0582 1.5
      vertex 26.376 99.0173 1.5
    endloop
  endfacet
  facet normal 0.66205 -0.74946 0
    outer loop
      vertex 26.4223 99.0582 1.5
      vertex 26.376 99.0173 1
      vertex 26.4223 99.0582 1
    endloop
  endfacet
  facet normal 0.679408 -0.733761 0
    outer loop
      vertex 26.4223 99.0582 1
      vertex 26.4682 99.1007 1.5
      vertex 26.4223 99.0582 1.5
    endloop
  endfacet
  facet normal 0.679408 -0.733761 0
    outer loop
      vertex 26.4682 99.1007 1.5
      vertex 26.4223 99.0582 1
      vertex 26.4682 99.1007 1
    endloop
  endfacet
  facet normal 0.700751 -0.713406 0
    outer loop
      vertex 26.4682 99.1007 1
      vertex 26.5133 99.145 1.5
      vertex 26.4682 99.1007 1.5
    endloop
  endfacet
  facet normal 0.700751 -0.713406 0
    outer loop
      vertex 26.5133 99.145 1.5
      vertex 26.4682 99.1007 1
      vertex 26.5133 99.145 1
    endloop
  endfacet
  facet normal 0.727924 -0.685658 0
    outer loop
      vertex 26.5133 99.145 1.5
      vertex 26.5571 99.1915 1
      vertex 26.5571 99.1915 1.5
    endloop
  endfacet
  facet normal 0.727924 -0.685658 0
    outer loop
      vertex 26.5571 99.1915 1
      vertex 26.5133 99.145 1.5
      vertex 26.5133 99.145 1
    endloop
  endfacet
  facet normal 0.752672 -0.658395 0
    outer loop
      vertex 26.5571 99.1915 1.5
      vertex 26.5997 99.2402 1
      vertex 26.5997 99.2402 1.5
    endloop
  endfacet
  facet normal 0.752672 -0.658395 0
    outer loop
      vertex 26.5997 99.2402 1
      vertex 26.5571 99.1915 1.5
      vertex 26.5571 99.1915 1
    endloop
  endfacet
  facet normal 0.77518 -0.631741 0
    outer loop
      vertex 26.5997 99.2402 1.5
      vertex 26.6411 99.291 1
      vertex 26.6411 99.291 1.5
    endloop
  endfacet
  facet normal 0.77518 -0.631741 0
    outer loop
      vertex 26.6411 99.291 1
      vertex 26.5997 99.2402 1.5
      vertex 26.5997 99.2402 1
    endloop
  endfacet
  facet normal 0.798012 -0.602642 0
    outer loop
      vertex 26.6411 99.291 1.5
      vertex 26.6812 99.3441 1
      vertex 26.6812 99.3441 1.5
    endloop
  endfacet
  facet normal 0.798012 -0.602642 0
    outer loop
      vertex 26.6812 99.3441 1
      vertex 26.6411 99.291 1.5
      vertex 26.6411 99.291 1
    endloop
  endfacet
  facet normal 0.81791 -0.575347 0
    outer loop
      vertex 26.6812 99.3441 1.5
      vertex 26.7201 99.3994 1
      vertex 26.7201 99.3994 1.5
    endloop
  endfacet
  facet normal 0.81791 -0.575347 0
    outer loop
      vertex 26.7201 99.3994 1
      vertex 26.6812 99.3441 1.5
      vertex 26.6812 99.3441 1
    endloop
  endfacet
  facet normal 0.836507 -0.547956 0
    outer loop
      vertex 26.7201 99.3994 1.5
      vertex 26.7577 99.4568 1
      vertex 26.7577 99.4568 1.5
    endloop
  endfacet
  facet normal 0.836507 -0.547956 0
    outer loop
      vertex 26.7577 99.4568 1
      vertex 26.7201 99.3994 1.5
      vertex 26.7201 99.3994 1
    endloop
  endfacet
  facet normal 0.853812 -0.520582 0
    outer loop
      vertex 26.7577 99.4568 1.5
      vertex 26.7941 99.5165 1
      vertex 26.7941 99.5165 1.5
    endloop
  endfacet
  facet normal 0.853812 -0.520582 0
    outer loop
      vertex 26.7941 99.5165 1
      vertex 26.7577 99.4568 1.5
      vertex 26.7577 99.4568 1
    endloop
  endfacet
  facet normal 0.869278 -0.494323 0
    outer loop
      vertex 26.7941 99.5165 1.5
      vertex 26.8293 99.5784 1
      vertex 26.8293 99.5784 1.5
    endloop
  endfacet
  facet normal 0.869278 -0.494323 0
    outer loop
      vertex 26.8293 99.5784 1
      vertex 26.7941 99.5165 1.5
      vertex 26.7941 99.5165 1
    endloop
  endfacet
  facet normal 0.88429 -0.466938 0
    outer loop
      vertex 26.8293 99.5784 1.5
      vertex 26.8632 99.6426 1
      vertex 26.8632 99.6426 1.5
    endloop
  endfacet
  facet normal 0.88429 -0.466938 0
    outer loop
      vertex 26.8632 99.6426 1
      vertex 26.8293 99.5784 1.5
      vertex 26.8293 99.5784 1
    endloop
  endfacet
  facet normal 0.899478 -0.436966 0
    outer loop
      vertex 26.8632 99.6426 1.5
      vertex 26.8957 99.7095 1
      vertex 26.8957 99.7095 1.5
    endloop
  endfacet
  facet normal 0.899478 -0.436966 0
    outer loop
      vertex 26.8957 99.7095 1
      vertex 26.8632 99.6426 1.5
      vertex 26.8632 99.6426 1
    endloop
  endfacet
  facet normal 0.91256 -0.408943 0
    outer loop
      vertex 26.8957 99.7095 1.5
      vertex 26.9268 99.7789 1
      vertex 26.9268 99.7789 1.5
    endloop
  endfacet
  facet normal 0.91256 -0.408943 0
    outer loop
      vertex 26.9268 99.7789 1
      vertex 26.8957 99.7095 1.5
      vertex 26.8957 99.7095 1
    endloop
  endfacet
  facet normal 0.924173 -0.381974 0
    outer loop
      vertex 26.9268 99.7789 1.5
      vertex 26.9566 99.851 1
      vertex 26.9566 99.851 1.5
    endloop
  endfacet
  facet normal 0.924173 -0.381974 0
    outer loop
      vertex 26.9566 99.851 1
      vertex 26.9268 99.7789 1.5
      vertex 26.9268 99.7789 1
    endloop
  endfacet
  facet normal 0.934725 -0.355371 0
    outer loop
      vertex 26.9566 99.851 1.5
      vertex 26.985 99.9257 1
      vertex 26.985 99.9257 1.5
    endloop
  endfacet
  facet normal 0.934725 -0.355371 0
    outer loop
      vertex 26.985 99.9257 1
      vertex 26.9566 99.851 1.5
      vertex 26.9566 99.851 1
    endloop
  endfacet
  facet normal 0.944068 -0.329752 0
    outer loop
      vertex 26.985 99.9257 1.5
      vertex 27.012 100.003 1
      vertex 27.012 100.003 1.5
    endloop
  endfacet
  facet normal 0.944068 -0.329752 0
    outer loop
      vertex 27.012 100.003 1
      vertex 26.985 99.9257 1.5
      vertex 26.985 99.9257 1
    endloop
  endfacet
  facet normal 0.952424 -0.304776 0
    outer loop
      vertex 27.012 100.003 1.5
      vertex 27.0376 100.083 1
      vertex 27.0376 100.083 1.5
    endloop
  endfacet
  facet normal 0.952424 -0.304776 0
    outer loop
      vertex 27.0376 100.083 1
      vertex 27.012 100.003 1.5
      vertex 27.012 100.003 1
    endloop
  endfacet
  facet normal 0.958786 -0.284128 0
    outer loop
      vertex 27.0376 100.083 1.5
      vertex 27.0619 100.165 1
      vertex 27.0619 100.165 1.5
    endloop
  endfacet
  facet normal 0.958786 -0.284128 0
    outer loop
      vertex 27.0619 100.165 1
      vertex 27.0376 100.083 1.5
      vertex 27.0376 100.083 1
    endloop
  endfacet
  facet normal 0.965572 -0.260136 0
    outer loop
      vertex 27.0619 100.165 1.5
      vertex 27.0848 100.25 1
      vertex 27.0848 100.25 1.5
    endloop
  endfacet
  facet normal 0.965572 -0.260136 0
    outer loop
      vertex 27.0848 100.25 1
      vertex 27.0619 100.165 1.5
      vertex 27.0619 100.165 1
    endloop
  endfacet
  facet normal 0.972687 -0.232119 0
    outer loop
      vertex 27.0848 100.25 1.5
      vertex 27.1058 100.338 1
      vertex 27.1058 100.338 1.5
    endloop
  endfacet
  facet normal 0.972687 -0.232119 0
    outer loop
      vertex 27.1058 100.338 1
      vertex 27.0848 100.25 1.5
      vertex 27.0848 100.25 1
    endloop
  endfacet
  facet normal 0.979954 -0.199222 0
    outer loop
      vertex 27.1058 100.338 1.5
      vertex 27.1243 100.429 1
      vertex 27.1243 100.429 1.5
    endloop
  endfacet
  facet normal 0.979954 -0.199222 0
    outer loop
      vertex 27.1243 100.429 1
      vertex 27.1058 100.338 1.5
      vertex 27.1058 100.338 1
    endloop
  endfacet
  facet normal 0.985344 -0.170581 0
    outer loop
      vertex 27.1243 100.429 1.5
      vertex 27.1404 100.522 1
      vertex 27.1404 100.522 1.5
    endloop
  endfacet
  facet normal 0.985344 -0.170581 0
    outer loop
      vertex 27.1404 100.522 1
      vertex 27.1243 100.429 1.5
      vertex 27.1243 100.429 1
    endloop
  endfacet
  facet normal 0.990114 -0.140266 0
    outer loop
      vertex 27.1404 100.522 1.5
      vertex 27.154 100.618 1
      vertex 27.154 100.618 1.5
    endloop
  endfacet
  facet normal 0.990114 -0.140266 0
    outer loop
      vertex 27.154 100.618 1
      vertex 27.1404 100.522 1.5
      vertex 27.1404 100.522 1
    endloop
  endfacet
  facet normal 0.993773 -0.111423 0
    outer loop
      vertex 27.154 100.618 1.5
      vertex 27.1651 100.717 1
      vertex 27.1651 100.717 1.5
    endloop
  endfacet
  facet normal 0.993773 -0.111423 0
    outer loop
      vertex 27.1651 100.717 1
      vertex 27.154 100.618 1.5
      vertex 27.154 100.618 1
    endloop
  endfacet
  facet normal 0.996394 -0.0848415 0
    outer loop
      vertex 27.1651 100.717 1.5
      vertex 27.1737 100.818 1
      vertex 27.1737 100.818 1.5
    endloop
  endfacet
  facet normal 0.996394 -0.0848415 0
    outer loop
      vertex 27.1737 100.818 1
      vertex 27.1651 100.717 1.5
      vertex 27.1651 100.717 1
    endloop
  endfacet
  facet normal 0.998261 -0.0589449 0
    outer loop
      vertex 27.1737 100.818 1.5
      vertex 27.1799 100.923 1
      vertex 27.1799 100.923 1.5
    endloop
  endfacet
  facet normal 0.998261 -0.0589449 0
    outer loop
      vertex 27.1799 100.923 1
      vertex 27.1737 100.818 1.5
      vertex 27.1737 100.818 1
    endloop
  endfacet
  facet normal 0.999403 -0.0345588 0
    outer loop
      vertex 27.1799 100.923 1.5
      vertex 27.1836 101.03 1
      vertex 27.1836 101.03 1.5
    endloop
  endfacet
  facet normal 0.999403 -0.0345588 0
    outer loop
      vertex 27.1836 101.03 1
      vertex 27.1799 100.923 1.5
      vertex 27.1799 100.923 1
    endloop
  endfacet
  facet normal 0.999939 -0.0110085 0
    outer loop
      vertex 27.1836 101.03 1.5
      vertex 27.1848 101.139 1
      vertex 27.1848 101.139 1.5
    endloop
  endfacet
  facet normal 0.999939 -0.0110085 0
    outer loop
      vertex 27.1848 101.139 1
      vertex 27.1836 101.03 1.5
      vertex 27.1836 101.03 1
    endloop
  endfacet
  facet normal 0.999838 0.0180151 0
    outer loop
      vertex 27.1848 101.139 1.5
      vertex 27.1828 101.25 1
      vertex 27.1828 101.25 1.5
    endloop
  endfacet
  facet normal 0.999838 0.0180151 0
    outer loop
      vertex 27.1828 101.25 1
      vertex 27.1848 101.139 1.5
      vertex 27.1848 101.139 1
    endloop
  endfacet
  facet normal 0.998565 0.0535594 0
    outer loop
      vertex 27.1828 101.25 1.5
      vertex 27.1769 101.36 1
      vertex 27.1769 101.36 1.5
    endloop
  endfacet
  facet normal 0.998565 0.0535594 0
    outer loop
      vertex 27.1769 101.36 1
      vertex 27.1828 101.25 1.5
      vertex 27.1828 101.25 1
    endloop
  endfacet
  facet normal 0.995741 0.0921982 0
    outer loop
      vertex 27.1769 101.36 1.5
      vertex 27.1669 101.468 1
      vertex 27.1669 101.468 1.5
    endloop
  endfacet
  facet normal 0.995741 0.0921982 0
    outer loop
      vertex 27.1669 101.468 1
      vertex 27.1769 101.36 1.5
      vertex 27.1769 101.36 1
    endloop
  endfacet
  facet normal 0.991819 0.127651 0
    outer loop
      vertex 27.1669 101.468 1.5
      vertex 27.153 101.576 1
      vertex 27.153 101.576 1.5
    endloop
  endfacet
  facet normal 0.991819 0.127651 0
    outer loop
      vertex 27.153 101.576 1
      vertex 27.1669 101.468 1.5
      vertex 27.1669 101.468 1
    endloop
  endfacet
  facet normal 0.986294 0.164997 0
    outer loop
      vertex 27.153 101.576 1.5
      vertex 27.1351 101.683 1
      vertex 27.1351 101.683 1.5
    endloop
  endfacet
  facet normal 0.986294 0.164997 0
    outer loop
      vertex 27.1351 101.683 1
      vertex 27.153 101.576 1.5
      vertex 27.153 101.576 1
    endloop
  endfacet
  facet normal 0.979317 0.202331 0
    outer loop
      vertex 27.1351 101.683 1.5
      vertex 27.1132 101.789 1
      vertex 27.1132 101.789 1.5
    endloop
  endfacet
  facet normal 0.979317 0.202331 0
    outer loop
      vertex 27.1132 101.789 1
      vertex 27.1351 101.683 1.5
      vertex 27.1351 101.683 1
    endloop
  endfacet
  facet normal 0.97058 0.240779 0
    outer loop
      vertex 27.1132 101.789 1.5
      vertex 27.0874 101.893 1
      vertex 27.0874 101.893 1.5
    endloop
  endfacet
  facet normal 0.97058 0.240779 0
    outer loop
      vertex 27.0874 101.893 1
      vertex 27.1132 101.789 1.5
      vertex 27.1132 101.789 1
    endloop
  endfacet
  facet normal 0.961069 0.276307 0
    outer loop
      vertex 27.0874 101.893 1.5
      vertex 27.0575 101.997 1
      vertex 27.0575 101.997 1.5
    endloop
  endfacet
  facet normal 0.961069 0.276307 0
    outer loop
      vertex 27.0575 101.997 1
      vertex 27.0874 101.893 1.5
      vertex 27.0874 101.893 1
    endloop
  endfacet
  facet normal 0.950149 0.311796 0
    outer loop
      vertex 27.0575 101.997 1.5
      vertex 27.0237 102.1 1
      vertex 27.0237 102.1 1.5
    endloop
  endfacet
  facet normal 0.950149 0.311796 0
    outer loop
      vertex 27.0237 102.1 1
      vertex 27.0575 101.997 1.5
      vertex 27.0575 101.997 1
    endloop
  endfacet
  facet normal 0.938375 0.345619 0
    outer loop
      vertex 27.0237 102.1 1.5
      vertex 26.9865 102.201 1
      vertex 26.9865 102.201 1.5
    endloop
  endfacet
  facet normal 0.938375 0.345619 0
    outer loop
      vertex 26.9865 102.201 1
      vertex 27.0237 102.1 1.5
      vertex 27.0237 102.1 1
    endloop
  endfacet
  facet normal 0.926854 0.375423 0
    outer loop
      vertex 26.9865 102.201 1.5
      vertex 26.9464 102.3 1
      vertex 26.9464 102.3 1.5
    endloop
  endfacet
  facet normal 0.926854 0.375423 0
    outer loop
      vertex 26.9464 102.3 1
      vertex 26.9865 102.201 1.5
      vertex 26.9865 102.201 1
    endloop
  endfacet
  facet normal 0.910662 0.413153 0
    outer loop
      vertex 26.9464 102.3 1.5
      vertex 26.9033 102.395 1
      vertex 26.9033 102.395 1.5
    endloop
  endfacet
  facet normal 0.910662 0.413153 0
    outer loop
      vertex 26.9033 102.395 1
      vertex 26.9464 102.3 1.5
      vertex 26.9464 102.3 1
    endloop
  endfacet
  facet normal 0.897112 0.441803 0
    outer loop
      vertex 26.9033 102.395 1.5
      vertex 26.8575 102.488 1
      vertex 26.8575 102.488 1.5
    endloop
  endfacet
  facet normal 0.897112 0.441803 0
    outer loop
      vertex 26.8575 102.488 1
      vertex 26.9033 102.395 1.5
      vertex 26.9033 102.395 1
    endloop
  endfacet
  facet normal 0.879087 0.476661 0
    outer loop
      vertex 26.8575 102.488 1.5
      vertex 26.8087 102.578 1
      vertex 26.8087 102.578 1.5
    endloop
  endfacet
  facet normal 0.879087 0.476661 0
    outer loop
      vertex 26.8087 102.578 1
      vertex 26.8575 102.488 1.5
      vertex 26.8575 102.488 1
    endloop
  endfacet
  facet normal 0.862211 0.506549 0
    outer loop
      vertex 26.8087 102.578 1.5
      vertex 26.757 102.666 1
      vertex 26.757 102.666 1.5
    endloop
  endfacet
  facet normal 0.862211 0.506549 0
    outer loop
      vertex 26.757 102.666 1
      vertex 26.8087 102.578 1.5
      vertex 26.8087 102.578 1
    endloop
  endfacet
  facet normal 0.8389 0.544286 0
    outer loop
      vertex 26.757 102.666 1.5
      vertex 26.7025 102.75 1
      vertex 26.7025 102.75 1.5
    endloop
  endfacet
  facet normal 0.8389 0.544286 0
    outer loop
      vertex 26.7025 102.75 1
      vertex 26.757 102.666 1.5
      vertex 26.757 102.666 1
    endloop
  endfacet
  facet normal 0.819232 0.573462 0
    outer loop
      vertex 26.7025 102.75 1.5
      vertex 26.6451 102.832 1
      vertex 26.6451 102.832 1.5
    endloop
  endfacet
  facet normal 0.819232 0.573462 0
    outer loop
      vertex 26.6451 102.832 1
      vertex 26.7025 102.75 1.5
      vertex 26.7025 102.75 1
    endloop
  endfacet
  facet normal 0.7949 0.60674 0
    outer loop
      vertex 26.6451 102.832 1.5
      vertex 26.5848 102.911 1
      vertex 26.5848 102.911 1.5
    endloop
  endfacet
  facet normal 0.7949 0.60674 0
    outer loop
      vertex 26.5848 102.911 1
      vertex 26.6451 102.832 1.5
      vertex 26.6451 102.832 1
    endloop
  endfacet
  facet normal 0.770875 0.636986 0
    outer loop
      vertex 26.5848 102.911 1.5
      vertex 26.522 102.987 1
      vertex 26.522 102.987 1.5
    endloop
  endfacet
  facet normal 0.770875 0.636986 0
    outer loop
      vertex 26.522 102.987 1
      vertex 26.5848 102.911 1.5
      vertex 26.5848 102.911 1
    endloop
  endfacet
  facet normal 0.746845 0.664999 0
    outer loop
      vertex 26.522 102.987 1.5
      vertex 26.457 103.06 1
      vertex 26.457 103.06 1.5
    endloop
  endfacet
  facet normal 0.746845 0.664999 0
    outer loop
      vertex 26.457 103.06 1
      vertex 26.522 102.987 1.5
      vertex 26.522 102.987 1
    endloop
  endfacet
  facet normal 0.716389 0.697701 0
    outer loop
      vertex 26.457 103.06 1.5
      vertex 26.3898 103.129 1
      vertex 26.3898 103.129 1.5
    endloop
  endfacet
  facet normal 0.716389 0.697701 0
    outer loop
      vertex 26.3898 103.129 1
      vertex 26.457 103.06 1.5
      vertex 26.457 103.06 1
    endloop
  endfacet
  facet normal 0.683591 0.729865 -0
    outer loop
      vertex 26.3898 103.129 1
      vertex 26.3204 103.194 1.5
      vertex 26.3898 103.129 1.5
    endloop
  endfacet
  facet normal 0.683591 0.729865 0
    outer loop
      vertex 26.3204 103.194 1.5
      vertex 26.3898 103.129 1
      vertex 26.3204 103.194 1
    endloop
  endfacet
  facet normal 0.654609 0.755968 -0
    outer loop
      vertex 26.3204 103.194 1
      vertex 26.2488 103.256 1.5
      vertex 26.3204 103.194 1.5
    endloop
  endfacet
  facet normal 0.654609 0.755968 0
    outer loop
      vertex 26.2488 103.256 1.5
      vertex 26.3204 103.194 1
      vertex 26.2488 103.256 1
    endloop
  endfacet
  facet normal 0.617916 0.786244 -0
    outer loop
      vertex 26.2488 103.256 1
      vertex 26.175 103.314 1.5
      vertex 26.2488 103.256 1.5
    endloop
  endfacet
  facet normal 0.617916 0.786244 0
    outer loop
      vertex 26.175 103.314 1.5
      vertex 26.2488 103.256 1
      vertex 26.175 103.314 1
    endloop
  endfacet
  facet normal 0.579207 0.81518 -0
    outer loop
      vertex 26.175 103.314 1
      vertex 26.099 103.368 1.5
      vertex 26.175 103.314 1.5
    endloop
  endfacet
  facet normal 0.579207 0.81518 0
    outer loop
      vertex 26.099 103.368 1.5
      vertex 26.175 103.314 1
      vertex 26.099 103.368 1
    endloop
  endfacet
  facet normal 0.546268 0.837611 -0
    outer loop
      vertex 26.099 103.368 1
      vertex 26.0208 103.419 1.5
      vertex 26.099 103.368 1.5
    endloop
  endfacet
  facet normal 0.546268 0.837611 0
    outer loop
      vertex 26.0208 103.419 1.5
      vertex 26.099 103.368 1
      vertex 26.0208 103.419 1
    endloop
  endfacet
  facet normal 0.51261 0.858622 -0
    outer loop
      vertex 26.0208 103.419 1
      vertex 25.9404 103.467 1.5
      vertex 26.0208 103.419 1.5
    endloop
  endfacet
  facet normal 0.51261 0.858622 0
    outer loop
      vertex 25.9404 103.467 1.5
      vertex 26.0208 103.419 1
      vertex 25.9404 103.467 1
    endloop
  endfacet
  facet normal 0.464411 0.88562 -0
    outer loop
      vertex 25.9404 103.467 1
      vertex 25.8584 103.51 1.5
      vertex 25.9404 103.467 1.5
    endloop
  endfacet
  facet normal 0.464411 0.88562 0
    outer loop
      vertex 25.8584 103.51 1.5
      vertex 25.9404 103.467 1
      vertex 25.8584 103.51 1
    endloop
  endfacet
  facet normal 0.415863 0.909427 -0
    outer loop
      vertex 25.8584 103.51 1
      vertex 25.7753 103.548 1.5
      vertex 25.8584 103.51 1.5
    endloop
  endfacet
  facet normal 0.415863 0.909427 0
    outer loop
      vertex 25.7753 103.548 1.5
      vertex 25.8584 103.51 1
      vertex 25.7753 103.548 1
    endloop
  endfacet
  facet normal 0.3649 0.931047 -0
    outer loop
      vertex 25.7753 103.548 1
      vertex 25.6911 103.581 1.5
      vertex 25.7753 103.548 1.5
    endloop
  endfacet
  facet normal 0.3649 0.931047 0
    outer loop
      vertex 25.6911 103.581 1.5
      vertex 25.7753 103.548 1
      vertex 25.6911 103.581 1
    endloop
  endfacet
  facet normal 0.31188 0.950121 -0
    outer loop
      vertex 25.6911 103.581 1
      vertex 25.6058 103.609 1.5
      vertex 25.6911 103.581 1.5
    endloop
  endfacet
  facet normal 0.31188 0.950121 0
    outer loop
      vertex 25.6058 103.609 1.5
      vertex 25.6911 103.581 1
      vertex 25.6058 103.609 1
    endloop
  endfacet
  facet normal 0.256967 0.96642 -0
    outer loop
      vertex 25.6058 103.609 1
      vertex 25.5193 103.632 1.5
      vertex 25.6058 103.609 1.5
    endloop
  endfacet
  facet normal 0.256967 0.96642 0
    outer loop
      vertex 25.5193 103.632 1.5
      vertex 25.6058 103.609 1
      vertex 25.5193 103.632 1
    endloop
  endfacet
  facet normal 0.19072 0.981645 -0
    outer loop
      vertex 25.5193 103.632 1
      vertex 25.4318 103.649 1.5
      vertex 25.5193 103.632 1.5
    endloop
  endfacet
  facet normal 0.19072 0.981645 0
    outer loop
      vertex 25.4318 103.649 1.5
      vertex 25.5193 103.632 1
      vertex 25.4318 103.649 1
    endloop
  endfacet
  facet normal 0.145172 0.989406 -0
    outer loop
      vertex 25.4318 103.649 1
      vertex 25.3432 103.662 1.5
      vertex 25.4318 103.649 1.5
    endloop
  endfacet
  facet normal 0.145172 0.989406 0
    outer loop
      vertex 25.3432 103.662 1.5
      vertex 25.4318 103.649 1
      vertex 25.3432 103.662 1
    endloop
  endfacet
  facet normal 0.0888336 0.996046 -0
    outer loop
      vertex 25.3432 103.662 1
      vertex 25.2535 103.67 1.5
      vertex 25.3432 103.662 1.5
    endloop
  endfacet
  facet normal 0.0888336 0.996046 0
    outer loop
      vertex 25.2535 103.67 1.5
      vertex 25.3432 103.662 1
      vertex 25.2535 103.67 1
    endloop
  endfacet
  facet normal 0.0220454 0.999757 -0
    outer loop
      vertex 25.2535 103.67 1
      vertex 25.1628 103.672 1.5
      vertex 25.2535 103.67 1.5
    endloop
  endfacet
  facet normal 0.0220454 0.999757 0
    outer loop
      vertex 25.1628 103.672 1.5
      vertex 25.2535 103.67 1
      vertex 25.1628 103.672 1
    endloop
  endfacet
  facet normal 0 1 -0
    outer loop
      vertex 25.1628 103.672 1
      vertex 23.5073 103.672 1.5
      vertex 25.1628 103.672 1.5
    endloop
  endfacet
  facet normal 0 1 0
    outer loop
      vertex 23.5073 103.672 1.5
      vertex 25.1628 103.672 1
      vertex 23.5073 103.672 1
    endloop
  endfacet
  facet normal -0.999999 0.00142728 0
    outer loop
      vertex 23.4962 95.895 1
      vertex 23.5073 103.672 1.5
      vertex 23.5073 103.672 1
    endloop
  endfacet
  facet normal -0.999999 0.00142728 0
    outer loop
      vertex 23.5073 103.672 1.5
      vertex 23.4962 95.895 1
      vertex 23.4962 95.895 1.5
    endloop
  endfacet
  facet normal 0 -1 0
    outer loop
      vertex 23.4962 95.895 1
      vertex 24.9072 95.895 1.5
      vertex 23.4962 95.895 1.5
    endloop
  endfacet
  facet normal 0 -1 -0
    outer loop
      vertex 24.9072 95.895 1.5
      vertex 23.4962 95.895 1
      vertex 24.9072 95.895 1
    endloop
  endfacet
  facet normal 0.99999 0.00436197 0
    outer loop
      vertex 24.9072 95.895 1.5
      vertex 24.8961 98.4397 1
      vertex 24.8961 98.4397 1.5
    endloop
  endfacet
  facet normal 0.99999 0.00436197 0
    outer loop
      vertex 24.8961 98.4397 1
      vertex 24.9072 95.895 1.5
      vertex 24.9072 95.895 1
    endloop
  endfacet
  facet normal -0.106345 -0.994329 0
    outer loop
      vertex 24.9295 102.295 1
      vertex 24.9856 102.289 1.5
      vertex 24.9295 102.295 1.5
    endloop
  endfacet
  facet normal -0.106345 -0.994329 -0
    outer loop
      vertex 24.9856 102.289 1.5
      vertex 24.9295 102.295 1
      vertex 24.9856 102.289 1
    endloop
  endfacet
  facet normal -0.162351 -0.986733 0
    outer loop
      vertex 24.9856 102.289 1
      vertex 25.0403 102.28 1.5
      vertex 24.9856 102.289 1.5
    endloop
  endfacet
  facet normal -0.162351 -0.986733 -0
    outer loop
      vertex 25.0403 102.28 1.5
      vertex 24.9856 102.289 1
      vertex 25.0403 102.28 1
    endloop
  endfacet
  facet normal -0.219643 -0.97558 0
    outer loop
      vertex 25.0403 102.28 1
      vertex 25.0936 102.268 1.5
      vertex 25.0403 102.28 1.5
    endloop
  endfacet
  facet normal -0.219643 -0.97558 -0
    outer loop
      vertex 25.0936 102.268 1.5
      vertex 25.0403 102.28 1
      vertex 25.0936 102.268 1
    endloop
  endfacet
  facet normal -0.277161 -0.960824 0
    outer loop
      vertex 25.0936 102.268 1
      vertex 25.1456 102.253 1.5
      vertex 25.0936 102.268 1.5
    endloop
  endfacet
  facet normal -0.277161 -0.960824 -0
    outer loop
      vertex 25.1456 102.253 1.5
      vertex 25.0936 102.268 1
      vertex 25.1456 102.253 1
    endloop
  endfacet
  facet normal -0.318475 -0.947931 0
    outer loop
      vertex 25.1456 102.253 1
      vertex 25.1962 102.236 1.5
      vertex 25.1456 102.253 1.5
    endloop
  endfacet
  facet normal -0.318475 -0.947931 -0
    outer loop
      vertex 25.1962 102.236 1.5
      vertex 25.1456 102.253 1
      vertex 25.1962 102.236 1
    endloop
  endfacet
  facet normal -0.375923 -0.926651 0
    outer loop
      vertex 25.1962 102.236 1
      vertex 25.2455 102.216 1.5
      vertex 25.1962 102.236 1.5
    endloop
  endfacet
  facet normal -0.375923 -0.926651 -0
    outer loop
      vertex 25.2455 102.216 1.5
      vertex 25.1962 102.236 1
      vertex 25.2455 102.216 1
    endloop
  endfacet
  facet normal -0.432853 -0.901464 0
    outer loop
      vertex 25.2455 102.216 1
      vertex 25.2934 102.193 1.5
      vertex 25.2455 102.216 1.5
    endloop
  endfacet
  facet normal -0.432853 -0.901464 -0
    outer loop
      vertex 25.2934 102.193 1.5
      vertex 25.2455 102.216 1
      vertex 25.2934 102.193 1
    endloop
  endfacet
  facet normal -0.473535 -0.880775 0
    outer loop
      vertex 25.2934 102.193 1
      vertex 25.3399 102.168 1.5
      vertex 25.2934 102.193 1.5
    endloop
  endfacet
  facet normal -0.473535 -0.880775 -0
    outer loop
      vertex 25.3399 102.168 1.5
      vertex 25.2934 102.193 1
      vertex 25.3399 102.168 1
    endloop
  endfacet
  facet normal -0.540852 -0.841118 0
    outer loop
      vertex 25.3399 102.168 1
      vertex 25.385 102.139 1.5
      vertex 25.3399 102.168 1.5
    endloop
  endfacet
  facet normal -0.540852 -0.841118 -0
    outer loop
      vertex 25.385 102.139 1.5
      vertex 25.3399 102.168 1
      vertex 25.385 102.139 1
    endloop
  endfacet
  facet normal -0.583207 -0.812324 0
    outer loop
      vertex 25.385 102.139 1
      vertex 25.424 102.111 1.5
      vertex 25.385 102.139 1.5
    endloop
  endfacet
  facet normal -0.583207 -0.812324 -0
    outer loop
      vertex 25.424 102.111 1.5
      vertex 25.385 102.139 1
      vertex 25.424 102.111 1
    endloop
  endfacet
  facet normal -0.643145 -0.765744 0
    outer loop
      vertex 25.424 102.111 1
      vertex 25.4621 102.079 1.5
      vertex 25.424 102.111 1.5
    endloop
  endfacet
  facet normal -0.643145 -0.765744 -0
    outer loop
      vertex 25.4621 102.079 1.5
      vertex 25.424 102.111 1
      vertex 25.4621 102.079 1
    endloop
  endfacet
  facet normal -0.68622 -0.727394 0
    outer loop
      vertex 25.4621 102.079 1
      vertex 25.4992 102.044 1.5
      vertex 25.4621 102.079 1.5
    endloop
  endfacet
  facet normal -0.68622 -0.727394 -0
    outer loop
      vertex 25.4992 102.044 1.5
      vertex 25.4621 102.079 1
      vertex 25.4992 102.044 1
    endloop
  endfacet
  facet normal -0.724999 -0.688749 0
    outer loop
      vertex 25.5353 102.006 1
      vertex 25.4992 102.044 1.5
      vertex 25.4992 102.044 1
    endloop
  endfacet
  facet normal -0.724999 -0.688749 0
    outer loop
      vertex 25.4992 102.044 1.5
      vertex 25.5353 102.006 1
      vertex 25.5353 102.006 1.5
    endloop
  endfacet
  facet normal -0.766423 -0.642336 0
    outer loop
      vertex 25.5705 101.964 1
      vertex 25.5353 102.006 1.5
      vertex 25.5353 102.006 1
    endloop
  endfacet
  facet normal -0.766423 -0.642336 0
    outer loop
      vertex 25.5353 102.006 1.5
      vertex 25.5705 101.964 1
      vertex 25.5705 101.964 1.5
    endloop
  endfacet
  facet normal -0.789545 -0.613692 0
    outer loop
      vertex 25.6047 101.92 1
      vertex 25.5705 101.964 1.5
      vertex 25.5705 101.964 1
    endloop
  endfacet
  facet normal -0.789545 -0.613692 0
    outer loop
      vertex 25.5705 101.964 1.5
      vertex 25.6047 101.92 1
      vertex 25.6047 101.92 1.5
    endloop
  endfacet
  facet normal -0.821637 -0.570011 0
    outer loop
      vertex 25.638 101.872 1
      vertex 25.6047 101.92 1.5
      vertex 25.6047 101.92 1
    endloop
  endfacet
  facet normal -0.821637 -0.570011 0
    outer loop
      vertex 25.6047 101.92 1.5
      vertex 25.638 101.872 1
      vertex 25.638 101.872 1.5
    endloop
  endfacet
  facet normal -0.844819 -0.535052 0
    outer loop
      vertex 25.6703 101.821 1
      vertex 25.638 101.872 1.5
      vertex 25.638 101.872 1
    endloop
  endfacet
  facet normal -0.844819 -0.535052 0
    outer loop
      vertex 25.638 101.872 1.5
      vertex 25.6703 101.821 1
      vertex 25.6703 101.821 1.5
    endloop
  endfacet
  facet normal -0.86517 -0.501478 0
    outer loop
      vertex 25.7016 101.767 1
      vertex 25.6703 101.821 1.5
      vertex 25.6703 101.821 1
    endloop
  endfacet
  facet normal -0.86517 -0.501478 0
    outer loop
      vertex 25.6703 101.821 1.5
      vertex 25.7016 101.767 1
      vertex 25.7016 101.767 1.5
    endloop
  endfacet
  facet normal -0.893192 -0.449676 0
    outer loop
      vertex 25.7308 101.709 1
      vertex 25.7016 101.767 1.5
      vertex 25.7016 101.767 1
    endloop
  endfacet
  facet normal -0.893192 -0.449676 0
    outer loop
      vertex 25.7016 101.767 1.5
      vertex 25.7308 101.709 1
      vertex 25.7308 101.709 1.5
    endloop
  endfacet
  facet normal -0.927976 -0.37264 0
    outer loop
      vertex 25.7565 101.645 1
      vertex 25.7308 101.709 1.5
      vertex 25.7308 101.709 1
    endloop
  endfacet
  facet normal -0.927976 -0.37264 0
    outer loop
      vertex 25.7308 101.709 1.5
      vertex 25.7565 101.645 1
      vertex 25.7565 101.645 1.5
    endloop
  endfacet
  facet normal -0.952818 -0.303541 0
    outer loop
      vertex 25.7788 101.575 1
      vertex 25.7565 101.645 1.5
      vertex 25.7565 101.645 1
    endloop
  endfacet
  facet normal -0.952818 -0.303541 0
    outer loop
      vertex 25.7565 101.645 1.5
      vertex 25.7788 101.575 1
      vertex 25.7788 101.575 1.5
    endloop
  endfacet
  facet normal -0.969684 -0.24436 0
    outer loop
      vertex 25.7977 101.5 1
      vertex 25.7788 101.575 1.5
      vertex 25.7788 101.575 1
    endloop
  endfacet
  facet normal -0.969684 -0.24436 0
    outer loop
      vertex 25.7788 101.575 1.5
      vertex 25.7977 101.5 1
      vertex 25.7977 101.5 1.5
    endloop
  endfacet
  facet normal -0.982402 -0.186778 0
    outer loop
      vertex 25.8131 101.419 1
      vertex 25.7977 101.5 1.5
      vertex 25.7977 101.5 1
    endloop
  endfacet
  facet normal -0.982402 -0.186778 0
    outer loop
      vertex 25.7977 101.5 1.5
      vertex 25.8131 101.419 1
      vertex 25.8131 101.419 1.5
    endloop
  endfacet
  facet normal -0.990405 -0.138196 0
    outer loop
      vertex 25.8251 101.333 1
      vertex 25.8131 101.419 1.5
      vertex 25.8131 101.419 1
    endloop
  endfacet
  facet normal -0.990405 -0.138196 0
    outer loop
      vertex 25.8131 101.419 1.5
      vertex 25.8251 101.333 1
      vertex 25.8251 101.333 1.5
    endloop
  endfacet
  facet normal -0.995759 -0.0919995 0
    outer loop
      vertex 25.8336 101.241 1
      vertex 25.8251 101.333 1.5
      vertex 25.8251 101.333 1
    endloop
  endfacet
  facet normal -0.995759 -0.0919995 0
    outer loop
      vertex 25.8251 101.333 1.5
      vertex 25.8336 101.241 1
      vertex 25.8336 101.241 1.5
    endloop
  endfacet
  facet normal -0.998595 -0.0529867 0
    outer loop
      vertex 25.8388 101.143 1
      vertex 25.8336 101.241 1.5
      vertex 25.8336 101.241 1
    endloop
  endfacet
  facet normal -0.998595 -0.0529867 0
    outer loop
      vertex 25.8336 101.241 1.5
      vertex 25.8388 101.143 1
      vertex 25.8388 101.143 1.5
    endloop
  endfacet
  facet normal -0.999864 -0.0165026 0
    outer loop
      vertex 25.8405 101.04 1
      vertex 25.8388 101.143 1.5
      vertex 25.8388 101.143 1
    endloop
  endfacet
  facet normal -0.999864 -0.0165026 0
    outer loop
      vertex 25.8388 101.143 1.5
      vertex 25.8405 101.04 1
      vertex 25.8405 101.04 1.5
    endloop
  endfacet
  facet normal -0.999933 0.0115377 0
    outer loop
      vertex 25.8399 100.988 1
      vertex 25.8405 101.04 1.5
      vertex 25.8405 101.04 1
    endloop
  endfacet
  facet normal -0.999933 0.0115377 0
    outer loop
      vertex 25.8405 101.04 1.5
      vertex 25.8399 100.988 1
      vertex 25.8399 100.988 1.5
    endloop
  endfacet
  facet normal -0.999307 0.0372291 0
    outer loop
      vertex 25.838 100.937 1
      vertex 25.8399 100.988 1.5
      vertex 25.8399 100.988 1
    endloop
  endfacet
  facet normal -0.999307 0.0372291 0
    outer loop
      vertex 25.8399 100.988 1.5
      vertex 25.838 100.937 1
      vertex 25.838 100.937 1.5
    endloop
  endfacet
  facet normal -0.99834 0.0575965 0
    outer loop
      vertex 25.835 100.885 1
      vertex 25.838 100.937 1.5
      vertex 25.838 100.937 1
    endloop
  endfacet
  facet normal -0.99834 0.0575965 0
    outer loop
      vertex 25.838 100.937 1.5
      vertex 25.835 100.885 1
      vertex 25.835 100.885 1.5
    endloop
  endfacet
  facet normal -0.99615 0.0876612 0
    outer loop
      vertex 25.8306 100.835 1
      vertex 25.835 100.885 1.5
      vertex 25.835 100.885 1
    endloop
  endfacet
  facet normal -0.99615 0.0876612 0
    outer loop
      vertex 25.835 100.885 1.5
      vertex 25.8306 100.835 1
      vertex 25.8306 100.835 1.5
    endloop
  endfacet
  facet normal -0.994235 0.107221 0
    outer loop
      vertex 25.8251 100.784 1
      vertex 25.8306 100.835 1.5
      vertex 25.8306 100.835 1
    endloop
  endfacet
  facet normal -0.994235 0.107221 0
    outer loop
      vertex 25.8306 100.835 1.5
      vertex 25.8251 100.784 1
      vertex 25.8251 100.784 1.5
    endloop
  endfacet
  facet normal -0.990878 0.134759 0
    outer loop
      vertex 25.8183 100.734 1
      vertex 25.8251 100.784 1.5
      vertex 25.8251 100.784 1
    endloop
  endfacet
  facet normal -0.990878 0.134759 0
    outer loop
      vertex 25.8251 100.784 1.5
      vertex 25.8183 100.734 1
      vertex 25.8183 100.734 1.5
    endloop
  endfacet
  facet normal -0.987441 0.157991 0
    outer loop
      vertex 25.8103 100.684 1
      vertex 25.8183 100.734 1.5
      vertex 25.8183 100.734 1
    endloop
  endfacet
  facet normal -0.987441 0.157991 0
    outer loop
      vertex 25.8183 100.734 1.5
      vertex 25.8103 100.684 1
      vertex 25.8103 100.684 1.5
    endloop
  endfacet
  facet normal -0.983138 0.182864 0
    outer loop
      vertex 25.801 100.634 1
      vertex 25.8103 100.684 1.5
      vertex 25.8103 100.684 1
    endloop
  endfacet
  facet normal -0.983138 0.182864 0
    outer loop
      vertex 25.8103 100.684 1.5
      vertex 25.801 100.634 1
      vertex 25.801 100.634 1.5
    endloop
  endfacet
  facet normal -0.978653 0.205517 0
    outer loop
      vertex 25.7905 100.584 1
      vertex 25.801 100.634 1.5
      vertex 25.801 100.634 1
    endloop
  endfacet
  facet normal -0.978653 0.205517 0
    outer loop
      vertex 25.801 100.634 1.5
      vertex 25.7905 100.584 1
      vertex 25.7905 100.584 1.5
    endloop
  endfacet
  facet normal -0.970616 0.240632 0
    outer loop
      vertex 25.7786 100.536 1
      vertex 25.7905 100.584 1.5
      vertex 25.7905 100.584 1
    endloop
  endfacet
  facet normal -0.970616 0.240632 0
    outer loop
      vertex 25.7905 100.584 1.5
      vertex 25.7786 100.536 1
      vertex 25.7786 100.536 1.5
    endloop
  endfacet
  facet normal -0.96369 0.267023 0
    outer loop
      vertex 25.7653 100.488 1
      vertex 25.7786 100.536 1.5
      vertex 25.7786 100.536 1
    endloop
  endfacet
  facet normal -0.96369 0.267023 0
    outer loop
      vertex 25.7786 100.536 1.5
      vertex 25.7653 100.488 1
      vertex 25.7653 100.488 1.5
    endloop
  endfacet
  facet normal -0.951338 0.308151 0
    outer loop
      vertex 25.7504 100.442 1
      vertex 25.7653 100.488 1.5
      vertex 25.7653 100.488 1
    endloop
  endfacet
  facet normal -0.951338 0.308151 0
    outer loop
      vertex 25.7653 100.488 1.5
      vertex 25.7504 100.442 1
      vertex 25.7504 100.442 1.5
    endloop
  endfacet
  facet normal -0.939549 0.342414 0
    outer loop
      vertex 25.734 100.397 1
      vertex 25.7504 100.442 1.5
      vertex 25.7504 100.442 1
    endloop
  endfacet
  facet normal -0.939549 0.342414 0
    outer loop
      vertex 25.7504 100.442 1.5
      vertex 25.734 100.397 1
      vertex 25.734 100.397 1.5
    endloop
  endfacet
  facet normal -0.926283 0.376829 0
    outer loop
      vertex 25.7161 100.353 1
      vertex 25.734 100.397 1.5
      vertex 25.734 100.397 1
    endloop
  endfacet
  facet normal -0.926283 0.376829 0
    outer loop
      vertex 25.734 100.397 1.5
      vertex 25.7161 100.353 1
      vertex 25.7161 100.353 1.5
    endloop
  endfacet
  facet normal -0.911524 0.411246 0
    outer loop
      vertex 25.6967 100.31 1
      vertex 25.7161 100.353 1.5
      vertex 25.7161 100.353 1
    endloop
  endfacet
  facet normal -0.911524 0.411246 0
    outer loop
      vertex 25.7161 100.353 1.5
      vertex 25.6967 100.31 1
      vertex 25.6967 100.31 1.5
    endloop
  endfacet
  facet normal -0.890923 0.454154 0
    outer loop
      vertex 25.6758 100.269 1
      vertex 25.6967 100.31 1.5
      vertex 25.6967 100.31 1
    endloop
  endfacet
  facet normal -0.890923 0.454154 0
    outer loop
      vertex 25.6967 100.31 1.5
      vertex 25.6758 100.269 1
      vertex 25.6758 100.269 1.5
    endloop
  endfacet
  facet normal -0.871576 0.490261 0
    outer loop
      vertex 25.6533 100.229 1
      vertex 25.6758 100.269 1.5
      vertex 25.6758 100.269 1
    endloop
  endfacet
  facet normal -0.871576 0.490261 0
    outer loop
      vertex 25.6758 100.269 1.5
      vertex 25.6533 100.229 1
      vertex 25.6533 100.229 1.5
    endloop
  endfacet
  facet normal -0.852633 0.522511 0
    outer loop
      vertex 25.6294 100.19 1
      vertex 25.6533 100.229 1.5
      vertex 25.6533 100.229 1
    endloop
  endfacet
  facet normal -0.852633 0.522511 0
    outer loop
      vertex 25.6533 100.229 1.5
      vertex 25.6294 100.19 1
      vertex 25.6294 100.19 1.5
    endloop
  endfacet
  facet normal -0.830366 0.557219 0
    outer loop
      vertex 25.6039 100.152 1
      vertex 25.6294 100.19 1.5
      vertex 25.6294 100.19 1
    endloop
  endfacet
  facet normal -0.830366 0.557219 0
    outer loop
      vertex 25.6294 100.19 1.5
      vertex 25.6039 100.152 1
      vertex 25.6039 100.152 1.5
    endloop
  endfacet
  facet normal -0.789595 0.613628 0
    outer loop
      vertex 25.5767 100.117 1
      vertex 25.6039 100.152 1.5
      vertex 25.6039 100.152 1
    endloop
  endfacet
  facet normal -0.789595 0.613628 0
    outer loop
      vertex 25.6039 100.152 1.5
      vertex 25.5767 100.117 1
      vertex 25.5767 100.117 1.5
    endloop
  endfacet
  facet normal -0.763046 0.646345 0
    outer loop
      vertex 25.5479 100.083 1
      vertex 25.5767 100.117 1.5
      vertex 25.5767 100.117 1
    endloop
  endfacet
  facet normal -0.763046 0.646345 0
    outer loop
      vertex 25.5767 100.117 1.5
      vertex 25.5479 100.083 1
      vertex 25.5479 100.083 1.5
    endloop
  endfacet
  facet normal -0.735487 0.677539 0
    outer loop
      vertex 25.5175 100.05 1
      vertex 25.5479 100.083 1.5
      vertex 25.5479 100.083 1
    endloop
  endfacet
  facet normal -0.735487 0.677539 0
    outer loop
      vertex 25.5479 100.083 1.5
      vertex 25.5175 100.05 1
      vertex 25.5175 100.05 1.5
    endloop
  endfacet
  facet normal -0.694674 0.719324 0
    outer loop
      vertex 25.5175 100.05 1
      vertex 25.4854 100.019 1.5
      vertex 25.5175 100.05 1.5
    endloop
  endfacet
  facet normal -0.694674 0.719324 0
    outer loop
      vertex 25.4854 100.019 1.5
      vertex 25.5175 100.05 1
      vertex 25.4854 100.019 1
    endloop
  endfacet
  facet normal -0.651161 0.75894 0
    outer loop
      vertex 25.4854 100.019 1
      vertex 25.4516 99.99 1.5
      vertex 25.4854 100.019 1.5
    endloop
  endfacet
  facet normal -0.651161 0.75894 0
    outer loop
      vertex 25.4516 99.99 1.5
      vertex 25.4854 100.019 1
      vertex 25.4516 99.99 1
    endloop
  endfacet
  facet normal -0.614866 0.788632 0
    outer loop
      vertex 25.4516 99.99 1
      vertex 25.4162 99.9624 1.5
      vertex 25.4516 99.99 1.5
    endloop
  endfacet
  facet normal -0.614866 0.788632 0
    outer loop
      vertex 25.4162 99.9624 1.5
      vertex 25.4516 99.99 1
      vertex 25.4162 99.9624 1
    endloop
  endfacet
  facet normal -0.573462 0.819232 0
    outer loop
      vertex 25.4162 99.9624 1
      vertex 25.3792 99.9365 1.5
      vertex 25.4162 99.9624 1.5
    endloop
  endfacet
  facet normal -0.573462 0.819232 0
    outer loop
      vertex 25.3792 99.9365 1.5
      vertex 25.4162 99.9624 1
      vertex 25.3792 99.9365 1
    endloop
  endfacet
  facet normal -0.531768 0.84689 0
    outer loop
      vertex 25.3792 99.9365 1
      vertex 25.3405 99.9122 1.5
      vertex 25.3792 99.9365 1.5
    endloop
  endfacet
  facet normal -0.531768 0.84689 0
    outer loop
      vertex 25.3405 99.9122 1.5
      vertex 25.3792 99.9365 1
      vertex 25.3405 99.9122 1
    endloop
  endfacet
  facet normal -0.478094 0.878309 0
    outer loop
      vertex 25.3405 99.9122 1
      vertex 25.2999 99.8901 1.5
      vertex 25.3405 99.9122 1.5
    endloop
  endfacet
  facet normal -0.478094 0.878309 0
    outer loop
      vertex 25.2999 99.8901 1.5
      vertex 25.3405 99.9122 1
      vertex 25.2999 99.8901 1
    endloop
  endfacet
  facet normal -0.416362 0.909199 0
    outer loop
      vertex 25.2999 99.8901 1
      vertex 25.2571 99.8705 1.5
      vertex 25.2999 99.8901 1.5
    endloop
  endfacet
  facet normal -0.416362 0.909199 0
    outer loop
      vertex 25.2571 99.8705 1.5
      vertex 25.2999 99.8901 1
      vertex 25.2571 99.8705 1
    endloop
  endfacet
  facet normal -0.351579 0.936158 0
    outer loop
      vertex 25.2571 99.8705 1
      vertex 25.2121 99.8536 1.5
      vertex 25.2571 99.8705 1.5
    endloop
  endfacet
  facet normal -0.351579 0.936158 0
    outer loop
      vertex 25.2121 99.8536 1.5
      vertex 25.2571 99.8705 1
      vertex 25.2121 99.8536 1
    endloop
  endfacet
  facet normal -0.291807 0.956477 0
    outer loop
      vertex 25.2121 99.8536 1
      vertex 25.1649 99.8392 1.5
      vertex 25.2121 99.8536 1.5
    endloop
  endfacet
  facet normal -0.291807 0.956477 0
    outer loop
      vertex 25.1649 99.8392 1.5
      vertex 25.2121 99.8536 1
      vertex 25.1649 99.8392 1
    endloop
  endfacet
  facet normal -0.230909 0.972975 0
    outer loop
      vertex 25.1649 99.8392 1
      vertex 25.1156 99.8275 1.5
      vertex 25.1649 99.8392 1.5
    endloop
  endfacet
  facet normal -0.230909 0.972975 0
    outer loop
      vertex 25.1156 99.8275 1.5
      vertex 25.1649 99.8392 1
      vertex 25.1156 99.8275 1
    endloop
  endfacet
  facet normal -0.173676 0.984803 0
    outer loop
      vertex 25.1156 99.8275 1
      vertex 25.064 99.8184 1.5
      vertex 25.1156 99.8275 1.5
    endloop
  endfacet
  facet normal -0.173676 0.984803 0
    outer loop
      vertex 25.064 99.8184 1.5
      vertex 25.1156 99.8275 1
      vertex 25.064 99.8184 1
    endloop
  endfacet
  facet normal -0.119946 0.99278 0
    outer loop
      vertex 25.064 99.8184 1
      vertex 25.0102 99.8119 1.5
      vertex 25.064 99.8184 1.5
    endloop
  endfacet
  facet normal -0.119946 0.99278 0
    outer loop
      vertex 25.0102 99.8119 1.5
      vertex 25.064 99.8184 1
      vertex 25.0102 99.8119 1
    endloop
  endfacet
  facet normal -0.0695983 0.997575 0
    outer loop
      vertex 25.0102 99.8119 1
      vertex 24.9543 99.808 1.5
      vertex 25.0102 99.8119 1.5
    endloop
  endfacet
  facet normal -0.0695983 0.997575 0
    outer loop
      vertex 24.9543 99.808 1.5
      vertex 25.0102 99.8119 1
      vertex 24.9543 99.808 1
    endloop
  endfacet
  facet normal -0.0223312 0.999751 0
    outer loop
      vertex 24.9543 99.808 1
      vertex 24.8961 99.8067 1.5
      vertex 24.9543 99.808 1.5
    endloop
  endfacet
  facet normal -0.0223312 0.999751 0
    outer loop
      vertex 24.8961 99.8067 1.5
      vertex 24.9543 99.808 1
      vertex 24.8961 99.8067 1
    endloop
  endfacet
  facet normal 0.99991 -0.0134216 0
    outer loop
      vertex 24.8961 99.8067 1.5
      vertex 24.9295 102.295 1
      vertex 24.9295 102.295 1.5
    endloop
  endfacet
  facet normal 0.99991 -0.0134216 0
    outer loop
      vertex 24.9295 102.295 1
      vertex 24.8961 99.8067 1.5
      vertex 24.8961 99.8067 1
    endloop
  endfacet
  facet normal -0.951496 -0.307661 0
    outer loop
      vertex 53.6774 95.895 1
      vertex 52.4775 99.6059 1.5
      vertex 52.4775 99.6059 1
    endloop
  endfacet
  facet normal -0.951496 -0.307661 0
    outer loop
      vertex 52.4775 99.6059 1.5
      vertex 53.6774 95.895 1
      vertex 53.6774 95.895 1.5
    endloop
  endfacet
  facet normal 0 -1 0
    outer loop
      vertex 53.6774 95.895 1
      vertex 55.0996 95.895 1.5
      vertex 53.6774 95.895 1.5
    endloop
  endfacet
  facet normal 0 -1 -0
    outer loop
      vertex 55.0996 95.895 1.5
      vertex 53.6774 95.895 1
      vertex 55.0996 95.895 1
    endloop
  endfacet
  facet normal 1 -0 0
    outer loop
      vertex 55.0996 95.895 1.5
      vertex 55.0996 103.672 1
      vertex 55.0996 103.672 1.5
    endloop
  endfacet
  facet normal 1 0 0
    outer loop
      vertex 55.0996 103.672 1
      vertex 55.0996 95.895 1.5
      vertex 55.0996 95.895 1
    endloop
  endfacet
  facet normal 0 1 -0
    outer loop
      vertex 55.0996 103.672 1
      vertex 53.6774 103.672 1.5
      vertex 55.0996 103.672 1.5
    endloop
  endfacet
  facet normal 0 1 0
    outer loop
      vertex 53.6774 103.672 1.5
      vertex 55.0996 103.672 1
      vertex 53.6774 103.672 1
    endloop
  endfacet
  facet normal -1 0 0
    outer loop
      vertex 53.6774 99.6503 1
      vertex 53.6774 103.672 1.5
      vertex 53.6774 103.672 1
    endloop
  endfacet
  facet normal -1 -0 0
    outer loop
      vertex 53.6774 103.672 1.5
      vertex 53.6774 99.6503 1
      vertex 53.6774 99.6503 1.5
    endloop
  endfacet
  facet normal 0.958981 0.283471 0
    outer loop
      vertex 53.6774 99.6503 1.5
      vertex 52.4886 103.672 1
      vertex 52.4886 103.672 1.5
    endloop
  endfacet
  facet normal 0.958981 0.283471 0
    outer loop
      vertex 52.4886 103.672 1
      vertex 53.6774 99.6503 1.5
      vertex 53.6774 99.6503 1
    endloop
  endfacet
  facet normal 0 1 -0
    outer loop
      vertex 52.4886 103.672 1
      vertex 51.0998 103.672 1.5
      vertex 52.4886 103.672 1.5
    endloop
  endfacet
  facet normal 0 1 0
    outer loop
      vertex 51.0998 103.672 1.5
      vertex 52.4886 103.672 1
      vertex 51.0998 103.672 1
    endloop
  endfacet
  facet normal -1 0 0
    outer loop
      vertex 51.0998 96.17 1
      vertex 51.0998 103.672 1.5
      vertex 51.0998 103.672 1
    endloop
  endfacet
  facet normal -1 -0 0
    outer loop
      vertex 51.0998 103.672 1.5
      vertex 51.0998 96.17 1
      vertex 51.0998 96.17 1.5
    endloop
  endfacet
  facet normal 0.988727 0.149732 0
    outer loop
      vertex 51.0998 96.17 1.5
      vertex 49.9637 103.672 1
      vertex 49.9637 103.672 1.5
    endloop
  endfacet
  facet normal 0.988727 0.149732 0
    outer loop
      vertex 49.9637 103.672 1
      vertex 51.0998 96.17 1.5
      vertex 51.0998 96.17 1
    endloop
  endfacet
  facet normal 0 1 -0
    outer loop
      vertex 49.9637 103.672 1
      vertex 48.0972 103.672 1.5
      vertex 49.9637 103.672 1.5
    endloop
  endfacet
  facet normal 0 1 0
    outer loop
      vertex 48.0972 103.672 1.5
      vertex 49.9637 103.672 1
      vertex 48.0972 103.672 1
    endloop
  endfacet
  facet normal -0.988936 0.148346 0
    outer loop
      vertex 46.9485 96.0143 1
      vertex 48.0972 103.672 1.5
      vertex 48.0972 103.672 1
    endloop
  endfacet
  facet normal -0.988936 0.148346 0
    outer loop
      vertex 48.0972 103.672 1.5
      vertex 46.9485 96.0143 1
      vertex 46.9485 96.0143 1.5
    endloop
  endfacet
  facet normal 1 -0 0
    outer loop
      vertex 46.9485 96.0143 1.5
      vertex 46.9485 103.672 1
      vertex 46.9485 103.672 1.5
    endloop
  endfacet
  facet normal 1 0 0
    outer loop
      vertex 46.9485 103.672 1
      vertex 46.9485 96.0143 1.5
      vertex 46.9485 96.0143 1
    endloop
  endfacet
  facet normal 0 1 -0
    outer loop
      vertex 46.9485 103.672 1
      vertex 45.1374 103.672 1.5
      vertex 46.9485 103.672 1.5
    endloop
  endfacet
  facet normal 0 1 0
    outer loop
      vertex 45.1374 103.672 1.5
      vertex 46.9485 103.672 1
      vertex 45.1374 103.672 1
    endloop
  endfacet
  facet normal -0.987691 0.156415 0
    outer loop
      vertex 44.5041 99.673 1
      vertex 45.1374 103.672 1.5
      vertex 45.1374 103.672 1
    endloop
  endfacet
  facet normal -0.987691 0.156415 0
    outer loop
      vertex 45.1374 103.672 1.5
      vertex 44.5041 99.673 1
      vertex 44.5041 99.673 1.5
    endloop
  endfacet
  facet normal 0.987264 0.159088 0
    outer loop
      vertex 44.5041 99.673 1.5
      vertex 43.8597 103.672 1
      vertex 43.8597 103.672 1.5
    endloop
  endfacet
  facet normal 0.987264 0.159088 0
    outer loop
      vertex 43.8597 103.672 1
      vertex 44.5041 99.673 1.5
      vertex 44.5041 99.673 1
    endloop
  endfacet
  facet normal 0 1 -0
    outer loop
      vertex 43.8597 103.672 1
      vertex 42.0821 103.672 1.5
      vertex 43.8597 103.672 1.5
    endloop
  endfacet
  facet normal 0 1 0
    outer loop
      vertex 42.0821 103.672 1.5
      vertex 43.8597 103.672 1
      vertex 42.0821 103.672 1
    endloop
  endfacet
  facet normal -1 0 0
    outer loop
      vertex 42.0821 95.895 1
      vertex 42.0821 103.672 1.5
      vertex 42.0821 103.672 1
    endloop
  endfacet
  facet normal -1 -0 0
    outer loop
      vertex 42.0821 103.672 1.5
      vertex 42.0821 95.895 1
      vertex 42.0821 95.895 1.5
    endloop
  endfacet
  facet normal 0 -1 0
    outer loop
      vertex 42.0821 95.895 1
      vertex 43.4931 95.895 1.5
      vertex 42.0821 95.895 1.5
    endloop
  endfacet
  facet normal 0 -1 -0
    outer loop
      vertex 43.4931 95.895 1.5
      vertex 42.0821 95.895 1
      vertex 43.4931 95.895 1
    endloop
  endfacet
  facet normal 1 -0 0
    outer loop
      vertex 43.4931 95.895 1.5
      vertex 43.4931 99.6064 1
      vertex 43.4931 99.6064 1.5
    endloop
  endfacet
  facet normal 1 0 0
    outer loop
      vertex 43.4931 99.6064 1
      vertex 43.4931 95.895 1.5
      vertex 43.4931 95.895 1
    endloop
  endfacet
  facet normal -0.985752 -0.168205 0
    outer loop
      vertex 44.1264 95.895 1
      vertex 43.4931 99.6064 1.5
      vertex 43.4931 99.6064 1
    endloop
  endfacet
  facet normal -0.985752 -0.168205 0
    outer loop
      vertex 43.4931 99.6064 1.5
      vertex 44.1264 95.895 1
      vertex 44.1264 95.895 1.5
    endloop
  endfacet
  facet normal 0 -1 0
    outer loop
      vertex 44.1264 95.895 1
      vertex 44.8709 95.895 1.5
      vertex 44.1264 95.895 1.5
    endloop
  endfacet
  facet normal 0 -1 -0
    outer loop
      vertex 44.8709 95.895 1.5
      vertex 44.1264 95.895 1
      vertex 44.8709 95.895 1
    endloop
  endfacet
  facet normal 0.986003 -0.16673 0
    outer loop
      vertex 44.8709 95.895 1.5
      vertex 45.5041 99.6396 1
      vertex 45.5041 99.6396 1.5
    endloop
  endfacet
  facet normal 0.986003 -0.16673 0
    outer loop
      vertex 45.5041 99.6396 1
      vertex 44.8709 95.895 1.5
      vertex 44.8709 95.895 1
    endloop
  endfacet
  facet normal -1 0 0
    outer loop
      vertex 45.5041 95.8848 1
      vertex 45.5041 99.6396 1.5
      vertex 45.5041 99.6396 1
    endloop
  endfacet
  facet normal -1 -0 0
    outer loop
      vertex 45.5041 99.6396 1.5
      vertex 45.5041 95.8848 1
      vertex 45.5041 95.8848 1.5
    endloop
  endfacet
  facet normal 0 -1 0
    outer loop
      vertex 45.5041 95.8848 1
      vertex 46.9485 95.8848 1.5
      vertex 45.5041 95.8848 1.5
    endloop
  endfacet
  facet normal 0 -1 -0
    outer loop
      vertex 46.9485 95.8848 1.5
      vertex 45.5041 95.8848 1
      vertex 46.9485 95.8848 1
    endloop
  endfacet
  facet normal 1 -0 0
    outer loop
      vertex 46.9485 95.8848 1.5
      vertex 46.9485 95.895 1
      vertex 46.9485 95.895 1.5
    endloop
  endfacet
  facet normal 1 0 0
    outer loop
      vertex 46.9485 95.895 1
      vertex 46.9485 95.8848 1.5
      vertex 46.9485 95.8848 1
    endloop
  endfacet
  facet normal 0 -1 0
    outer loop
      vertex 46.9485 95.895 1
      vertex 48.3194 95.895 1.5
      vertex 46.9485 95.895 1.5
    endloop
  endfacet
  facet normal 0 -1 -0
    outer loop
      vertex 48.3194 95.895 1.5
      vertex 46.9485 95.895 1
      vertex 48.3194 95.895 1
    endloop
  endfacet
  facet normal 0.990459 -0.137809 0
    outer loop
      vertex 48.3194 95.895 1.5
      vertex 48.4861 97.0931 1
      vertex 48.4861 97.0931 1.5
    endloop
  endfacet
  facet normal 0.990459 -0.137809 0
    outer loop
      vertex 48.4861 97.0931 1
      vertex 48.3194 95.895 1.5
      vertex 48.3194 95.895 1
    endloop
  endfacet
  facet normal 0 -1 0
    outer loop
      vertex 48.4861 97.0931 1
      vertex 49.5749 97.0931 1.5
      vertex 48.4861 97.0931 1.5
    endloop
  endfacet
  facet normal 0 -1 -0
    outer loop
      vertex 49.5749 97.0931 1.5
      vertex 48.4861 97.0931 1
      vertex 49.5749 97.0931 1
    endloop
  endfacet
  facet normal -0.991682 -0.128709 0
    outer loop
      vertex 49.7304 95.895 1
      vertex 49.5749 97.0931 1.5
      vertex 49.5749 97.0931 1
    endloop
  endfacet
  facet normal -0.991682 -0.128709 0
    outer loop
      vertex 49.5749 97.0931 1.5
      vertex 49.7304 95.895 1
      vertex 49.7304 95.895 1.5
    endloop
  endfacet
  facet normal 0 -1 0
    outer loop
      vertex 49.7304 95.895 1
      vertex 51.0998 95.895 1.5
      vertex 49.7304 95.895 1.5
    endloop
  endfacet
  facet normal 0 -1 -0
    outer loop
      vertex 51.0998 95.895 1.5
      vertex 49.7304 95.895 1
      vertex 51.0998 95.895 1
    endloop
  endfacet
  facet normal -0.00805664 -0.999968 0
    outer loop
      vertex 51.0998 95.895 1
      vertex 52.4775 95.8839 1.5
      vertex 51.0998 95.895 1.5
    endloop
  endfacet
  facet normal -0.00805664 -0.999968 -0
    outer loop
      vertex 52.4775 95.8839 1.5
      vertex 51.0998 95.895 1
      vertex 52.4775 95.8839 1
    endloop
  endfacet
  facet normal 1 -0 0
    outer loop
      vertex 52.4775 95.8839 1.5
      vertex 52.4775 99.6059 1
      vertex 52.4775 99.6059 1.5
    endloop
  endfacet
  facet normal 1 0 0
    outer loop
      vertex 52.4775 99.6059 1
      vertex 52.4775 95.8839 1.5
      vertex 52.4775 95.8839 1
    endloop
  endfacet
  facet normal 0.993379 -0.114883 0
    outer loop
      vertex 48.6527 98.3372 1.5
      vertex 49.0305 101.604 1
      vertex 49.0305 101.604 1.5
    endloop
  endfacet
  facet normal 0.993379 -0.114883 0
    outer loop
      vertex 49.0305 101.604 1
      vertex 48.6527 98.3372 1.5
      vertex 48.6527 98.3372 1
    endloop
  endfacet
  facet normal -0.992591 -0.121506 0
    outer loop
      vertex 49.4304 98.3372 1
      vertex 49.0305 101.604 1.5
      vertex 49.0305 101.604 1
    endloop
  endfacet
  facet normal -0.992591 -0.121506 0
    outer loop
      vertex 49.0305 101.604 1.5
      vertex 49.4304 98.3372 1
      vertex 49.4304 98.3372 1.5
    endloop
  endfacet
  facet normal 0 1 -0
    outer loop
      vertex 49.4304 98.3372 1
      vertex 48.6527 98.3372 1.5
      vertex 49.4304 98.3372 1.5
    endloop
  endfacet
  facet normal 0 1 0
    outer loop
      vertex 48.6527 98.3372 1.5
      vertex 49.4304 98.3372 1
      vertex 48.6527 98.3372 1
    endloop
  endfacet
  facet normal 0.175933 -0.984402 0
    outer loop
      vertex 37.493 98.4504 1
      vertex 37.8041 98.506 1.5
      vertex 37.493 98.4504 1.5
    endloop
  endfacet
  facet normal 0.175933 -0.984402 0
    outer loop
      vertex 37.8041 98.506 1.5
      vertex 37.493 98.4504 1
      vertex 37.8041 98.506 1
    endloop
  endfacet
  facet normal -0.967918 -0.251266 0
    outer loop
      vertex 38.4819 95.895 1
      vertex 37.8041 98.506 1.5
      vertex 37.8041 98.506 1
    endloop
  endfacet
  facet normal -0.967918 -0.251266 0
    outer loop
      vertex 37.8041 98.506 1.5
      vertex 38.4819 95.895 1
      vertex 38.4819 95.895 1.5
    endloop
  endfacet
  facet normal 0 -1 0
    outer loop
      vertex 38.4819 95.895 1
      vertex 39.9039 95.895 1.5
      vertex 38.4819 95.895 1.5
    endloop
  endfacet
  facet normal 0 -1 -0
    outer loop
      vertex 39.9039 95.895 1.5
      vertex 38.4819 95.895 1
      vertex 39.9039 95.895 1
    endloop
  endfacet
  facet normal 0.957641 0.287964 0
    outer loop
      vertex 39.9039 95.895 1.5
      vertex 38.9818 98.9615 1
      vertex 38.9818 98.9615 1.5
    endloop
  endfacet
  facet normal 0.957641 0.287964 0
    outer loop
      vertex 38.9818 98.9615 1
      vertex 39.9039 95.895 1.5
      vertex 39.9039 95.895 1
    endloop
  endfacet
  facet normal 0.622729 -0.782438 0
    outer loop
      vertex 38.9818 98.9615 1
      vertex 39.0401 99.0079 1.5
      vertex 38.9818 98.9615 1.5
    endloop
  endfacet
  facet normal 0.622729 -0.782438 0
    outer loop
      vertex 39.0401 99.0079 1.5
      vertex 38.9818 98.9615 1
      vertex 39.0401 99.0079 1
    endloop
  endfacet
  facet normal 0.665515 -0.746384 0
    outer loop
      vertex 39.0401 99.0079 1
      vertex 39.0964 99.0581 1.5
      vertex 39.0401 99.0079 1.5
    endloop
  endfacet
  facet normal 0.665515 -0.746384 0
    outer loop
      vertex 39.0964 99.0581 1.5
      vertex 39.0401 99.0079 1
      vertex 39.0964 99.0581 1
    endloop
  endfacet
  facet normal 0.703841 -0.710358 0
    outer loop
      vertex 39.0964 99.0581 1
      vertex 39.1509 99.1121 1.5
      vertex 39.0964 99.0581 1.5
    endloop
  endfacet
  facet normal 0.703841 -0.710358 0
    outer loop
      vertex 39.1509 99.1121 1.5
      vertex 39.0964 99.0581 1
      vertex 39.1509 99.1121 1
    endloop
  endfacet
  facet normal 0.740808 -0.671717 0
    outer loop
      vertex 39.1509 99.1121 1.5
      vertex 39.2034 99.17 1
      vertex 39.2034 99.17 1.5
    endloop
  endfacet
  facet normal 0.740808 -0.671717 0
    outer loop
      vertex 39.2034 99.17 1
      vertex 39.1509 99.1121 1.5
      vertex 39.1509 99.1121 1
    endloop
  endfacet
  facet normal 0.773231 -0.634125 0
    outer loop
      vertex 39.2034 99.17 1.5
      vertex 39.254 99.2317 1
      vertex 39.254 99.2317 1.5
    endloop
  endfacet
  facet normal 0.773231 -0.634125 0
    outer loop
      vertex 39.254 99.2317 1
      vertex 39.2034 99.17 1.5
      vertex 39.2034 99.17 1
    endloop
  endfacet
  facet normal 0.802928 -0.596076 0
    outer loop
      vertex 39.254 99.2317 1.5
      vertex 39.3027 99.2973 1
      vertex 39.3027 99.2973 1.5
    endloop
  endfacet
  facet normal 0.802928 -0.596076 0
    outer loop
      vertex 39.3027 99.2973 1
      vertex 39.254 99.2317 1.5
      vertex 39.254 99.2317 1
    endloop
  endfacet
  facet normal 0.829098 -0.559103 0
    outer loop
      vertex 39.3027 99.2973 1.5
      vertex 39.3495 99.3667 1
      vertex 39.3495 99.3667 1.5
    endloop
  endfacet
  facet normal 0.829098 -0.559103 0
    outer loop
      vertex 39.3495 99.3667 1
      vertex 39.3027 99.2973 1.5
      vertex 39.3027 99.2973 1
    endloop
  endfacet
  facet normal 0.852417 -0.522862 0
    outer loop
      vertex 39.3495 99.3667 1.5
      vertex 39.3944 99.4399 1
      vertex 39.3944 99.4399 1.5
    endloop
  endfacet
  facet normal 0.852417 -0.522862 0
    outer loop
      vertex 39.3944 99.4399 1
      vertex 39.3495 99.3667 1.5
      vertex 39.3495 99.3667 1
    endloop
  endfacet
  facet normal 0.873836 -0.48622 0
    outer loop
      vertex 39.3944 99.4399 1.5
      vertex 39.4373 99.517 1
      vertex 39.4373 99.517 1.5
    endloop
  endfacet
  facet normal 0.873836 -0.48622 0
    outer loop
      vertex 39.4373 99.517 1
      vertex 39.3944 99.4399 1.5
      vertex 39.3944 99.4399 1
    endloop
  endfacet
  facet normal 0.877492 -0.47959 0
    outer loop
      vertex 39.4373 99.517 1.5
      vertex 39.4737 99.5836 1
      vertex 39.4737 99.5836 1.5
    endloop
  endfacet
  facet normal 0.877492 -0.47959 0
    outer loop
      vertex 39.4737 99.5836 1
      vertex 39.4373 99.517 1.5
      vertex 39.4373 99.517 1
    endloop
  endfacet
  facet normal 0.896925 -0.442182 0
    outer loop
      vertex 39.4737 99.5836 1.5
      vertex 39.5089 99.655 1
      vertex 39.5089 99.655 1.5
    endloop
  endfacet
  facet normal 0.896925 -0.442182 0
    outer loop
      vertex 39.5089 99.655 1
      vertex 39.4737 99.5836 1.5
      vertex 39.4737 99.5836 1
    endloop
  endfacet
  facet normal 0.913218 -0.407472 0
    outer loop
      vertex 39.5089 99.655 1.5
      vertex 39.5429 99.7312 1
      vertex 39.5429 99.7312 1.5
    endloop
  endfacet
  facet normal 0.913218 -0.407472 0
    outer loop
      vertex 39.5429 99.7312 1
      vertex 39.5089 99.655 1.5
      vertex 39.5089 99.655 1
    endloop
  endfacet
  facet normal 0.927288 -0.374349 0
    outer loop
      vertex 39.5429 99.7312 1.5
      vertex 39.5756 99.8122 1
      vertex 39.5756 99.8122 1.5
    endloop
  endfacet
  facet normal 0.927288 -0.374349 0
    outer loop
      vertex 39.5756 99.8122 1
      vertex 39.5429 99.7312 1.5
      vertex 39.5429 99.7312 1
    endloop
  endfacet
  facet normal 0.938735 -0.34464 0
    outer loop
      vertex 39.5756 99.8122 1.5
      vertex 39.6071 99.898 1
      vertex 39.6071 99.898 1.5
    endloop
  endfacet
  facet normal 0.938735 -0.34464 0
    outer loop
      vertex 39.6071 99.898 1
      vertex 39.5756 99.8122 1.5
      vertex 39.5756 99.8122 1
    endloop
  endfacet
  facet normal 0.948683 -0.316228 0
    outer loop
      vertex 39.6071 99.898 1.5
      vertex 39.6373 99.9886 1
      vertex 39.6373 99.9886 1.5
    endloop
  endfacet
  facet normal 0.948683 -0.316228 0
    outer loop
      vertex 39.6373 99.9886 1
      vertex 39.6071 99.898 1.5
      vertex 39.6071 99.898 1
    endloop
  endfacet
  facet normal 0.956771 -0.290842 0
    outer loop
      vertex 39.6373 99.9886 1.5
      vertex 39.6663 100.084 1
      vertex 39.6663 100.084 1.5
    endloop
  endfacet
  facet normal 0.956771 -0.290842 0
    outer loop
      vertex 39.6663 100.084 1
      vertex 39.6373 99.9886 1.5
      vertex 39.6373 99.9886 1
    endloop
  endfacet
  facet normal 0.963463 -0.267843 0
    outer loop
      vertex 39.6663 100.084 1.5
      vertex 39.6941 100.184 1
      vertex 39.6941 100.184 1.5
    endloop
  endfacet
  facet normal 0.963463 -0.267843 0
    outer loop
      vertex 39.6941 100.184 1
      vertex 39.6663 100.084 1.5
      vertex 39.6663 100.084 1
    endloop
  endfacet
  facet normal 0.969377 -0.245576 0
    outer loop
      vertex 39.6941 100.184 1.5
      vertex 39.7207 100.289 1
      vertex 39.7207 100.289 1.5
    endloop
  endfacet
  facet normal 0.969377 -0.245576 0
    outer loop
      vertex 39.7207 100.289 1
      vertex 39.6941 100.184 1.5
      vertex 39.6941 100.184 1
    endloop
  endfacet
  facet normal 0.978315 -0.207121 0
    outer loop
      vertex 39.7207 100.289 1.5
      vertex 39.7442 100.4 1
      vertex 39.7442 100.4 1.5
    endloop
  endfacet
  facet normal 0.978315 -0.207121 0
    outer loop
      vertex 39.7442 100.4 1
      vertex 39.7207 100.289 1.5
      vertex 39.7207 100.289 1
    endloop
  endfacet
  facet normal 0.987254 -0.159152 0
    outer loop
      vertex 39.7442 100.4 1.5
      vertex 39.7629 100.516 1
      vertex 39.7629 100.516 1.5
    endloop
  endfacet
  facet normal 0.987254 -0.159152 0
    outer loop
      vertex 39.7629 100.516 1
      vertex 39.7442 100.4 1.5
      vertex 39.7442 100.4 1
    endloop
  endfacet
  facet normal 0.993572 -0.113202 0
    outer loop
      vertex 39.7629 100.516 1.5
      vertex 39.7768 100.638 1
      vertex 39.7768 100.638 1.5
    endloop
  endfacet
  facet normal 0.993572 -0.113202 0
    outer loop
      vertex 39.7768 100.638 1
      vertex 39.7629 100.516 1.5
      vertex 39.7629 100.516 1
    endloop
  endfacet
  facet normal 0.997482 -0.0709148 0
    outer loop
      vertex 39.7768 100.638 1.5
      vertex 39.7859 100.766 1
      vertex 39.7859 100.766 1.5
    endloop
  endfacet
  facet normal 0.997482 -0.0709148 0
    outer loop
      vertex 39.7859 100.766 1
      vertex 39.7768 100.638 1.5
      vertex 39.7768 100.638 1
    endloop
  endfacet
  facet normal 0.999461 -0.0328181 0
    outer loop
      vertex 39.7859 100.766 1.5
      vertex 39.7903 100.9 1
      vertex 39.7903 100.9 1.5
    endloop
  endfacet
  facet normal 0.999461 -0.0328181 0
    outer loop
      vertex 39.7903 100.9 1
      vertex 39.7859 100.766 1.5
      vertex 39.7859 100.766 1
    endloop
  endfacet
  facet normal 0.999994 0.00357141 0
    outer loop
      vertex 39.7903 100.9 1.5
      vertex 39.7898 101.04 1
      vertex 39.7898 101.04 1.5
    endloop
  endfacet
  facet normal 0.999994 0.00357141 0
    outer loop
      vertex 39.7898 101.04 1
      vertex 39.7903 100.9 1.5
      vertex 39.7903 100.9 1
    endloop
  endfacet
  facet normal 0.999333 0.0365273 0
    outer loop
      vertex 39.7898 101.04 1.5
      vertex 39.7845 101.185 1
      vertex 39.7845 101.185 1.5
    endloop
  endfacet
  facet normal 0.999333 0.0365273 0
    outer loop
      vertex 39.7845 101.185 1
      vertex 39.7898 101.04 1.5
      vertex 39.7898 101.04 1
    endloop
  endfacet
  facet normal 0.9978 0.0663012 0
    outer loop
      vertex 39.7845 101.185 1.5
      vertex 39.7744 101.337 1
      vertex 39.7744 101.337 1.5
    endloop
  endfacet
  facet normal 0.9978 0.0663012 0
    outer loop
      vertex 39.7744 101.337 1
      vertex 39.7845 101.185 1.5
      vertex 39.7845 101.185 1
    endloop
  endfacet
  facet normal 0.995583 0.0938872 0
    outer loop
      vertex 39.7744 101.337 1.5
      vertex 39.7595 101.495 1
      vertex 39.7595 101.495 1.5
    endloop
  endfacet
  facet normal 0.995583 0.0938872 0
    outer loop
      vertex 39.7595 101.495 1
      vertex 39.7744 101.337 1.5
      vertex 39.7744 101.337 1
    endloop
  endfacet
  facet normal 0.994155 0.107959 0
    outer loop
      vertex 39.7595 101.495 1.5
      vertex 39.7456 101.623 1
      vertex 39.7456 101.623 1.5
    endloop
  endfacet
  facet normal 0.994155 0.107959 0
    outer loop
      vertex 39.7456 101.623 1
      vertex 39.7595 101.495 1.5
      vertex 39.7595 101.495 1
    endloop
  endfacet
  facet normal 0.990772 0.135538 0
    outer loop
      vertex 39.7456 101.623 1.5
      vertex 39.7285 101.748 1
      vertex 39.7285 101.748 1.5
    endloop
  endfacet
  facet normal 0.990772 0.135538 0
    outer loop
      vertex 39.7285 101.748 1
      vertex 39.7456 101.623 1.5
      vertex 39.7456 101.623 1
    endloop
  endfacet
  facet normal 0.985897 0.167354 0
    outer loop
      vertex 39.7285 101.748 1.5
      vertex 39.7083 101.867 1
      vertex 39.7083 101.867 1.5
    endloop
  endfacet
  facet normal 0.985897 0.167354 0
    outer loop
      vertex 39.7083 101.867 1
      vertex 39.7285 101.748 1.5
      vertex 39.7285 101.748 1
    endloop
  endfacet
  facet normal 0.980254 0.197741 0
    outer loop
      vertex 39.7083 101.867 1.5
      vertex 39.6849 101.983 1
      vertex 39.6849 101.983 1.5
    endloop
  endfacet
  facet normal 0.980254 0.197741 0
    outer loop
      vertex 39.6849 101.983 1
      vertex 39.7083 101.867 1.5
      vertex 39.7083 101.867 1
    endloop
  endfacet
  facet normal 0.972665 0.232213 0
    outer loop
      vertex 39.6849 101.983 1.5
      vertex 39.6584 102.094 1
      vertex 39.6584 102.094 1.5
    endloop
  endfacet
  facet normal 0.972665 0.232213 0
    outer loop
      vertex 39.6584 102.094 1
      vertex 39.6849 101.983 1.5
      vertex 39.6849 101.983 1
    endloop
  endfacet
  facet normal 0.963569 0.267458 0
    outer loop
      vertex 39.6584 102.094 1.5
      vertex 39.6287 102.201 1
      vertex 39.6287 102.201 1.5
    endloop
  endfacet
  facet normal 0.963569 0.267458 0
    outer loop
      vertex 39.6287 102.201 1
      vertex 39.6584 102.094 1.5
      vertex 39.6584 102.094 1
    endloop
  endfacet
  facet normal 0.951717 0.306976 0
    outer loop
      vertex 39.6287 102.201 1.5
      vertex 39.5958 102.303 1
      vertex 39.5958 102.303 1.5
    endloop
  endfacet
  facet normal 0.951717 0.306976 0
    outer loop
      vertex 39.5958 102.303 1
      vertex 39.6287 102.201 1.5
      vertex 39.6287 102.201 1
    endloop
  endfacet
  facet normal 0.93867 0.344817 0
    outer loop
      vertex 39.5958 102.303 1.5
      vertex 39.5598 102.401 1
      vertex 39.5598 102.401 1.5
    endloop
  endfacet
  facet normal 0.93867 0.344817 0
    outer loop
      vertex 39.5598 102.401 1
      vertex 39.5958 102.303 1.5
      vertex 39.5958 102.303 1
    endloop
  endfacet
  facet normal 0.922961 0.384894 0
    outer loop
      vertex 39.5598 102.401 1.5
      vertex 39.5206 102.495 1
      vertex 39.5206 102.495 1.5
    endloop
  endfacet
  facet normal 0.922961 0.384894 0
    outer loop
      vertex 39.5206 102.495 1
      vertex 39.5598 102.401 1.5
      vertex 39.5598 102.401 1
    endloop
  endfacet
  facet normal 0.90475 0.425944 0
    outer loop
      vertex 39.5206 102.495 1.5
      vertex 39.4787 102.584 1
      vertex 39.4787 102.584 1.5
    endloop
  endfacet
  facet normal 0.90475 0.425944 0
    outer loop
      vertex 39.4787 102.584 1
      vertex 39.5206 102.495 1.5
      vertex 39.5206 102.495 1
    endloop
  endfacet
  facet normal 0.889408 0.457114 0
    outer loop
      vertex 39.4787 102.584 1.5
      vertex 39.4345 102.67 1
      vertex 39.4345 102.67 1.5
    endloop
  endfacet
  facet normal 0.889408 0.457114 0
    outer loop
      vertex 39.4345 102.67 1
      vertex 39.4787 102.584 1.5
      vertex 39.4787 102.584 1
    endloop
  endfacet
  facet normal 0.869415 0.494082 0
    outer loop
      vertex 39.4345 102.67 1.5
      vertex 39.3879 102.752 1
      vertex 39.3879 102.752 1.5
    endloop
  endfacet
  facet normal 0.869415 0.494082 0
    outer loop
      vertex 39.3879 102.752 1
      vertex 39.4345 102.67 1.5
      vertex 39.4345 102.67 1
    endloop
  endfacet
  facet normal 0.847265 0.53117 0
    outer loop
      vertex 39.3879 102.752 1.5
      vertex 39.339 102.83 1
      vertex 39.339 102.83 1.5
    endloop
  endfacet
  facet normal 0.847265 0.53117 0
    outer loop
      vertex 39.339 102.83 1
      vertex 39.3879 102.752 1.5
      vertex 39.3879 102.752 1
    endloop
  endfacet
  facet normal 0.825901 0.563815 0
    outer loop
      vertex 39.339 102.83 1.5
      vertex 39.2878 102.905 1
      vertex 39.2878 102.905 1.5
    endloop
  endfacet
  facet normal 0.825901 0.563815 0
    outer loop
      vertex 39.2878 102.905 1
      vertex 39.339 102.83 1.5
      vertex 39.339 102.83 1
    endloop
  endfacet
  facet normal 0.798108 0.602515 0
    outer loop
      vertex 39.2878 102.905 1.5
      vertex 39.2342 102.976 1
      vertex 39.2342 102.976 1.5
    endloop
  endfacet
  facet normal 0.798108 0.602515 0
    outer loop
      vertex 39.2342 102.976 1
      vertex 39.2878 102.905 1.5
      vertex 39.2878 102.905 1
    endloop
  endfacet
  facet normal 0.767845 0.640635 0
    outer loop
      vertex 39.2342 102.976 1.5
      vertex 39.1783 103.043 1
      vertex 39.1783 103.043 1.5
    endloop
  endfacet
  facet normal 0.767845 0.640635 0
    outer loop
      vertex 39.1783 103.043 1
      vertex 39.2342 102.976 1.5
      vertex 39.2342 102.976 1
    endloop
  endfacet
  facet normal 0.739835 0.672788 0
    outer loop
      vertex 39.1783 103.043 1.5
      vertex 39.1201 103.107 1
      vertex 39.1201 103.107 1.5
    endloop
  endfacet
  facet normal 0.739835 0.672788 0
    outer loop
      vertex 39.1201 103.107 1
      vertex 39.1783 103.043 1.5
      vertex 39.1783 103.043 1
    endloop
  endfacet
  facet normal 0.70358 0.710616 -0
    outer loop
      vertex 39.1201 103.107 1
      vertex 39.0595 103.167 1.5
      vertex 39.1201 103.107 1.5
    endloop
  endfacet
  facet normal 0.70358 0.710616 0
    outer loop
      vertex 39.0595 103.167 1.5
      vertex 39.1201 103.107 1
      vertex 39.0595 103.167 1
    endloop
  endfacet
  facet normal 0.666725 0.745304 -0
    outer loop
      vertex 39.0595 103.167 1
      vertex 38.9969 103.223 1.5
      vertex 39.0595 103.167 1.5
    endloop
  endfacet
  facet normal 0.666725 0.745304 0
    outer loop
      vertex 38.9969 103.223 1.5
      vertex 39.0595 103.167 1
      vertex 38.9969 103.223 1
    endloop
  endfacet
  facet normal 0.635455 0.772138 -0
    outer loop
      vertex 38.9969 103.223 1
      vertex 38.9325 103.276 1.5
      vertex 38.9969 103.223 1.5
    endloop
  endfacet
  facet normal 0.635455 0.772138 0
    outer loop
      vertex 38.9325 103.276 1.5
      vertex 38.9969 103.223 1
      vertex 38.9325 103.276 1
    endloop
  endfacet
  facet normal 0.594937 0.803772 -0
    outer loop
      vertex 38.9325 103.276 1
      vertex 38.8663 103.325 1.5
      vertex 38.9325 103.276 1.5
    endloop
  endfacet
  facet normal 0.594937 0.803772 0
    outer loop
      vertex 38.8663 103.325 1.5
      vertex 38.9325 103.276 1
      vertex 38.8663 103.325 1
    endloop
  endfacet
  facet normal 0.560875 0.8279 -0
    outer loop
      vertex 38.8663 103.325 1
      vertex 38.7984 103.371 1.5
      vertex 38.8663 103.325 1.5
    endloop
  endfacet
  facet normal 0.560875 0.8279 0
    outer loop
      vertex 38.7984 103.371 1.5
      vertex 38.8663 103.325 1
      vertex 38.7984 103.371 1
    endloop
  endfacet
  facet normal 0.524506 0.851407 -0
    outer loop
      vertex 38.7984 103.371 1
      vertex 38.7286 103.414 1.5
      vertex 38.7984 103.371 1.5
    endloop
  endfacet
  facet normal 0.524506 0.851407 0
    outer loop
      vertex 38.7286 103.414 1.5
      vertex 38.7984 103.371 1
      vertex 38.7286 103.414 1
    endloop
  endfacet
  facet normal 0.478852 0.877896 -0
    outer loop
      vertex 38.7286 103.414 1
      vertex 38.6571 103.453 1.5
      vertex 38.7286 103.414 1.5
    endloop
  endfacet
  facet normal 0.478852 0.877896 0
    outer loop
      vertex 38.6571 103.453 1.5
      vertex 38.7286 103.414 1
      vertex 38.6571 103.453 1
    endloop
  endfacet
  facet normal 0.440835 0.897588 -0
    outer loop
      vertex 38.6571 103.453 1
      vertex 38.5838 103.489 1.5
      vertex 38.6571 103.453 1.5
    endloop
  endfacet
  facet normal 0.440835 0.897588 0
    outer loop
      vertex 38.5838 103.489 1.5
      vertex 38.6571 103.453 1
      vertex 38.5838 103.489 1
    endloop
  endfacet
  facet normal 0.391996 0.919967 -0
    outer loop
      vertex 38.5838 103.489 1
      vertex 38.5087 103.521 1.5
      vertex 38.5838 103.489 1.5
    endloop
  endfacet
  facet normal 0.391996 0.919967 0
    outer loop
      vertex 38.5087 103.521 1.5
      vertex 38.5838 103.489 1
      vertex 38.5087 103.521 1
    endloop
  endfacet
  facet normal 0.352856 0.935678 -0
    outer loop
      vertex 38.5087 103.521 1
      vertex 38.4318 103.55 1.5
      vertex 38.5087 103.521 1.5
    endloop
  endfacet
  facet normal 0.352856 0.935678 0
    outer loop
      vertex 38.4318 103.55 1.5
      vertex 38.5087 103.521 1
      vertex 38.4318 103.55 1
    endloop
  endfacet
  facet normal 0.315137 0.949046 -0
    outer loop
      vertex 38.4318 103.55 1
      vertex 38.3535 103.576 1.5
      vertex 38.4318 103.55 1.5
    endloop
  endfacet
  facet normal 0.315137 0.949046 0
    outer loop
      vertex 38.3535 103.576 1.5
      vertex 38.4318 103.55 1
      vertex 38.3535 103.576 1
    endloop
  endfacet
  facet normal 0.267644 0.963518 -0
    outer loop
      vertex 38.3535 103.576 1
      vertex 38.2743 103.598 1.5
      vertex 38.3535 103.576 1.5
    endloop
  endfacet
  facet normal 0.267644 0.963518 0
    outer loop
      vertex 38.2743 103.598 1.5
      vertex 38.3535 103.576 1
      vertex 38.2743 103.598 1
    endloop
  endfacet
  facet normal 0.242251 0.970214 -0
    outer loop
      vertex 38.2743 103.598 1
      vertex 38.1942 103.618 1.5
      vertex 38.2743 103.598 1.5
    endloop
  endfacet
  facet normal 0.242251 0.970214 0
    outer loop
      vertex 38.1942 103.618 1.5
      vertex 38.2743 103.598 1
      vertex 38.1942 103.618 1
    endloop
  endfacet
  facet normal 0.204917 0.978779 -0
    outer loop
      vertex 38.1942 103.618 1
      vertex 38.113 103.635 1.5
      vertex 38.1942 103.618 1.5
    endloop
  endfacet
  facet normal 0.204917 0.978779 0
    outer loop
      vertex 38.113 103.635 1.5
      vertex 38.1942 103.618 1
      vertex 38.113 103.635 1
    endloop
  endfacet
  facet normal 0.156395 0.987695 -0
    outer loop
      vertex 38.113 103.635 1
      vertex 38.0309 103.648 1.5
      vertex 38.113 103.635 1.5
    endloop
  endfacet
  facet normal 0.156395 0.987695 0
    outer loop
      vertex 38.0309 103.648 1.5
      vertex 38.113 103.635 1
      vertex 38.0309 103.648 1
    endloop
  endfacet
  facet normal 0.131381 0.991332 -0
    outer loop
      vertex 38.0309 103.648 1
      vertex 37.9479 103.659 1.5
      vertex 38.0309 103.648 1.5
    endloop
  endfacet
  facet normal 0.131381 0.991332 0
    outer loop
      vertex 37.9479 103.659 1.5
      vertex 38.0309 103.648 1
      vertex 37.9479 103.659 1
    endloop
  endfacet
  facet normal 0.0830455 0.996546 -0
    outer loop
      vertex 37.9479 103.659 1
      vertex 37.8639 103.666 1.5
      vertex 37.9479 103.659 1.5
    endloop
  endfacet
  facet normal 0.0830455 0.996546 0
    outer loop
      vertex 37.8639 103.666 1.5
      vertex 37.9479 103.659 1
      vertex 37.8639 103.666 1
    endloop
  endfacet
  facet normal 0.058722 0.998274 -0
    outer loop
      vertex 37.8639 103.666 1
      vertex 37.7789 103.671 1.5
      vertex 37.8639 103.666 1.5
    endloop
  endfacet
  facet normal 0.058722 0.998274 0
    outer loop
      vertex 37.7789 103.671 1.5
      vertex 37.8639 103.666 1
      vertex 37.7789 103.671 1
    endloop
  endfacet
  facet normal 0.0116407 0.999932 -0
    outer loop
      vertex 37.7789 103.671 1
      vertex 37.693 103.672 1.5
      vertex 37.7789 103.671 1.5
    endloop
  endfacet
  facet normal 0.0116407 0.999932 0
    outer loop
      vertex 37.693 103.672 1.5
      vertex 37.7789 103.671 1
      vertex 37.693 103.672 1
    endloop
  endfacet
  facet normal 0 1 -0
    outer loop
      vertex 37.693 103.672 1
      vertex 36.1042 103.672 1.5
      vertex 37.693 103.672 1.5
    endloop
  endfacet
  facet normal 0 1 0
    outer loop
      vertex 36.1042 103.672 1.5
      vertex 37.693 103.672 1
      vertex 36.1042 103.672 1
    endloop
  endfacet
  facet normal -0.999999 0.00142728 0
    outer loop
      vertex 36.0931 95.895 1
      vertex 36.1042 103.672 1.5
      vertex 36.1042 103.672 1
    endloop
  endfacet
  facet normal -0.999999 0.00142728 0
    outer loop
      vertex 36.1042 103.672 1.5
      vertex 36.0931 95.895 1
      vertex 36.0931 95.895 1.5
    endloop
  endfacet
  facet normal 0 -1 0
    outer loop
      vertex 36.0931 95.895 1
      vertex 37.493 95.895 1.5
      vertex 36.0931 95.895 1.5
    endloop
  endfacet
  facet normal 0 -1 -0
    outer loop
      vertex 37.493 95.895 1.5
      vertex 36.0931 95.895 1
      vertex 37.493 95.895 1
    endloop
  endfacet
  facet normal 1 -0 0
    outer loop
      vertex 37.493 95.895 1.5
      vertex 37.493 98.4504 1
      vertex 37.493 98.4504 1.5
    endloop
  endfacet
  facet normal 1 0 0
    outer loop
      vertex 37.493 98.4504 1
      vertex 37.493 95.895 1.5
      vertex 37.493 95.895 1
    endloop
  endfacet
  facet normal -0.0172092 -0.999852 0
    outer loop
      vertex 37.493 102.315 1
      vertex 37.5511 102.314 1.5
      vertex 37.493 102.315 1.5
    endloop
  endfacet
  facet normal -0.0172092 -0.999852 -0
    outer loop
      vertex 37.5511 102.314 1.5
      vertex 37.493 102.315 1
      vertex 37.5511 102.314 1
    endloop
  endfacet
  facet normal -0.0716288 -0.997431 0
    outer loop
      vertex 37.5511 102.314 1
      vertex 37.6068 102.31 1.5
      vertex 37.5511 102.314 1.5
    endloop
  endfacet
  facet normal -0.0716288 -0.997431 -0
    outer loop
      vertex 37.6068 102.31 1.5
      vertex 37.5511 102.314 1
      vertex 37.6068 102.31 1
    endloop
  endfacet
  facet normal -0.129974 -0.991517 0
    outer loop
      vertex 37.6068 102.31 1
      vertex 37.6602 102.303 1.5
      vertex 37.6068 102.31 1.5
    endloop
  endfacet
  facet normal -0.129974 -0.991517 -0
    outer loop
      vertex 37.6602 102.303 1.5
      vertex 37.6068 102.31 1
      vertex 37.6602 102.303 1
    endloop
  endfacet
  facet normal -0.173455 -0.984842 0
    outer loop
      vertex 37.6602 102.303 1
      vertex 37.7113 102.294 1.5
      vertex 37.6602 102.303 1.5
    endloop
  endfacet
  facet normal -0.173455 -0.984842 -0
    outer loop
      vertex 37.7113 102.294 1.5
      vertex 37.6602 102.303 1
      vertex 37.7113 102.294 1
    endloop
  endfacet
  facet normal -0.257416 -0.966301 0
    outer loop
      vertex 37.7113 102.294 1
      vertex 37.7601 102.281 1.5
      vertex 37.7113 102.294 1.5
    endloop
  endfacet
  facet normal -0.257416 -0.966301 -0
    outer loop
      vertex 37.7601 102.281 1.5
      vertex 37.7113 102.294 1
      vertex 37.7601 102.281 1
    endloop
  endfacet
  facet normal -0.307602 -0.951515 0
    outer loop
      vertex 37.7601 102.281 1
      vertex 37.8065 102.266 1.5
      vertex 37.7601 102.281 1.5
    endloop
  endfacet
  facet normal -0.307602 -0.951515 -0
    outer loop
      vertex 37.8065 102.266 1.5
      vertex 37.7601 102.281 1
      vertex 37.8065 102.266 1
    endloop
  endfacet
  facet normal -0.377897 -0.925848 0
    outer loop
      vertex 37.8065 102.266 1
      vertex 37.8506 102.248 1.5
      vertex 37.8065 102.266 1.5
    endloop
  endfacet
  facet normal -0.377897 -0.925848 -0
    outer loop
      vertex 37.8506 102.248 1.5
      vertex 37.8065 102.266 1
      vertex 37.8506 102.248 1
    endloop
  endfacet
  facet normal -0.43245 -0.901658 0
    outer loop
      vertex 37.8506 102.248 1
      vertex 37.8923 102.228 1.5
      vertex 37.8506 102.248 1.5
    endloop
  endfacet
  facet normal -0.43245 -0.901658 -0
    outer loop
      vertex 37.8923 102.228 1.5
      vertex 37.8506 102.248 1
      vertex 37.8923 102.228 1
    endloop
  endfacet
  facet normal -0.51926 -0.854616 0
    outer loop
      vertex 37.8923 102.228 1
      vertex 37.9318 102.204 1.5
      vertex 37.8923 102.228 1.5
    endloop
  endfacet
  facet normal -0.51926 -0.854616 -0
    outer loop
      vertex 37.9318 102.204 1.5
      vertex 37.8923 102.228 1
      vertex 37.9318 102.204 1
    endloop
  endfacet
  facet normal -0.555726 -0.831366 0
    outer loop
      vertex 37.9318 102.204 1
      vertex 37.9692 102.179 1.5
      vertex 37.9318 102.204 1.5
    endloop
  endfacet
  facet normal -0.555726 -0.831366 -0
    outer loop
      vertex 37.9692 102.179 1.5
      vertex 37.9318 102.204 1
      vertex 37.9692 102.179 1
    endloop
  endfacet
  facet normal -0.618212 -0.786012 0
    outer loop
      vertex 37.9692 102.179 1
      vertex 38.0048 102.151 1.5
      vertex 37.9692 102.179 1.5
    endloop
  endfacet
  facet normal -0.618212 -0.786012 -0
    outer loop
      vertex 38.0048 102.151 1.5
      vertex 37.9692 102.179 1
      vertex 38.0048 102.151 1
    endloop
  endfacet
  facet normal -0.651161 -0.75894 0
    outer loop
      vertex 38.0048 102.151 1
      vertex 38.0386 102.122 1.5
      vertex 38.0048 102.151 1.5
    endloop
  endfacet
  facet normal -0.651161 -0.75894 -0
    outer loop
      vertex 38.0386 102.122 1.5
      vertex 38.0048 102.151 1
      vertex 38.0386 102.122 1
    endloop
  endfacet
  facet normal -0.695795 -0.71824 0
    outer loop
      vertex 38.0386 102.122 1
      vertex 38.0706 102.091 1.5
      vertex 38.0386 102.122 1.5
    endloop
  endfacet
  facet normal -0.695795 -0.71824 -0
    outer loop
      vertex 38.0706 102.091 1.5
      vertex 38.0386 102.122 1
      vertex 38.0706 102.091 1
    endloop
  endfacet
  facet normal -0.727265 -0.686357 0
    outer loop
      vertex 38.1008 102.059 1
      vertex 38.0706 102.091 1.5
      vertex 38.0706 102.091 1
    endloop
  endfacet
  facet normal -0.727265 -0.686357 0
    outer loop
      vertex 38.0706 102.091 1.5
      vertex 38.1008 102.059 1
      vertex 38.1008 102.059 1.5
    endloop
  endfacet
  facet normal -0.775436 -0.631426 0
    outer loop
      vertex 38.1293 102.024 1
      vertex 38.1008 102.059 1.5
      vertex 38.1008 102.059 1
    endloop
  endfacet
  facet normal -0.775436 -0.631426 0
    outer loop
      vertex 38.1008 102.059 1.5
      vertex 38.1293 102.024 1
      vertex 38.1293 102.024 1.5
    endloop
  endfacet
  facet normal -0.803201 -0.595708 0
    outer loop
      vertex 38.156 101.988 1
      vertex 38.1293 102.024 1.5
      vertex 38.1293 102.024 1
    endloop
  endfacet
  facet normal -0.803201 -0.595708 0
    outer loop
      vertex 38.1293 102.024 1.5
      vertex 38.156 101.988 1
      vertex 38.156 101.988 1.5
    endloop
  endfacet
  facet normal -0.836426 -0.548079 0
    outer loop
      vertex 38.1809 101.95 1
      vertex 38.156 101.988 1.5
      vertex 38.156 101.988 1
    endloop
  endfacet
  facet normal -0.836426 -0.548079 0
    outer loop
      vertex 38.156 101.988 1.5
      vertex 38.1809 101.95 1
      vertex 38.1809 101.95 1.5
    endloop
  endfacet
  facet normal -0.865969 -0.500097 0
    outer loop
      vertex 38.204 101.91 1
      vertex 38.1809 101.95 1.5
      vertex 38.1809 101.95 1
    endloop
  endfacet
  facet normal -0.865969 -0.500097 0
    outer loop
      vertex 38.1809 101.95 1.5
      vertex 38.204 101.91 1
      vertex 38.204 101.91 1.5
    endloop
  endfacet
  facet normal -0.88562 -0.464411 0
    outer loop
      vertex 38.2255 101.869 1
      vertex 38.204 101.91 1.5
      vertex 38.204 101.91 1
    endloop
  endfacet
  facet normal -0.88562 -0.464411 0
    outer loop
      vertex 38.204 101.91 1.5
      vertex 38.2255 101.869 1
      vertex 38.2255 101.869 1.5
    endloop
  endfacet
  facet normal -0.905105 -0.425189 0
    outer loop
      vertex 38.2457 101.826 1
      vertex 38.2255 101.869 1.5
      vertex 38.2255 101.869 1
    endloop
  endfacet
  facet normal -0.905105 -0.425189 0
    outer loop
      vertex 38.2255 101.869 1.5
      vertex 38.2457 101.826 1
      vertex 38.2457 101.826 1.5
    endloop
  endfacet
  facet normal -0.916255 -0.400595 0
    outer loop
      vertex 38.2645 101.783 1
      vertex 38.2457 101.826 1.5
      vertex 38.2457 101.826 1
    endloop
  endfacet
  facet normal -0.916255 -0.400595 0
    outer loop
      vertex 38.2457 101.826 1.5
      vertex 38.2645 101.783 1
      vertex 38.2645 101.783 1.5
    endloop
  endfacet
  facet normal -0.932703 -0.360645 0
    outer loop
      vertex 38.2819 101.738 1
      vertex 38.2645 101.783 1.5
      vertex 38.2645 101.783 1
    endloop
  endfacet
  facet normal -0.932703 -0.360645 0
    outer loop
      vertex 38.2645 101.783 1.5
      vertex 38.2819 101.738 1
      vertex 38.2819 101.738 1.5
    endloop
  endfacet
  facet normal -0.941552 -0.336867 0
    outer loop
      vertex 38.298 101.693 1
      vertex 38.2819 101.738 1.5
      vertex 38.2819 101.738 1
    endloop
  endfacet
  facet normal -0.941552 -0.336867 0
    outer loop
      vertex 38.2819 101.738 1.5
      vertex 38.298 101.693 1
      vertex 38.298 101.693 1.5
    endloop
  endfacet
  facet normal -0.954985 -0.296655 0
    outer loop
      vertex 38.3126 101.646 1
      vertex 38.298 101.693 1.5
      vertex 38.298 101.693 1
    endloop
  endfacet
  facet normal -0.954985 -0.296655 0
    outer loop
      vertex 38.298 101.693 1.5
      vertex 38.3126 101.646 1
      vertex 38.3126 101.646 1.5
    endloop
  endfacet
  facet normal -0.96369 -0.267023 0
    outer loop
      vertex 38.3259 101.598 1
      vertex 38.3126 101.646 1.5
      vertex 38.3126 101.646 1
    endloop
  endfacet
  facet normal -0.96369 -0.267023 0
    outer loop
      vertex 38.3126 101.646 1.5
      vertex 38.3259 101.598 1
      vertex 38.3259 101.598 1.5
    endloop
  endfacet
  facet normal -0.971297 -0.237869 0
    outer loop
      vertex 38.3379 101.549 1
      vertex 38.3259 101.598 1.5
      vertex 38.3259 101.598 1
    endloop
  endfacet
  facet normal -0.971297 -0.237869 0
    outer loop
      vertex 38.3259 101.598 1.5
      vertex 38.3379 101.549 1
      vertex 38.3379 101.549 1.5
    endloop
  endfacet
  facet normal -0.978653 -0.205517 0
    outer loop
      vertex 38.3484 101.499 1
      vertex 38.3379 101.549 1.5
      vertex 38.3379 101.549 1
    endloop
  endfacet
  facet normal -0.978653 -0.205517 0
    outer loop
      vertex 38.3379 101.549 1.5
      vertex 38.3484 101.499 1
      vertex 38.3484 101.499 1.5
    endloop
  endfacet
  facet normal -0.983777 -0.179395 0
    outer loop
      vertex 38.3577 101.448 1
      vertex 38.3484 101.499 1.5
      vertex 38.3484 101.499 1
    endloop
  endfacet
  facet normal -0.983777 -0.179395 0
    outer loop
      vertex 38.3484 101.499 1.5
      vertex 38.3577 101.448 1
      vertex 38.3577 101.448 1.5
    endloop
  endfacet
  facet normal -0.987014 -0.160632 0
    outer loop
      vertex 38.366 101.397 1
      vertex 38.3577 101.448 1.5
      vertex 38.3577 101.448 1
    endloop
  endfacet
  facet normal -0.987014 -0.160632 0
    outer loop
      vertex 38.3577 101.448 1.5
      vertex 38.366 101.397 1
      vertex 38.366 101.397 1.5
    endloop
  endfacet
  facet normal -0.990448 -0.137886 0
    outer loop
      vertex 38.3731 101.346 1
      vertex 38.366 101.397 1.5
      vertex 38.366 101.397 1
    endloop
  endfacet
  facet normal -0.990448 -0.137886 0
    outer loop
      vertex 38.366 101.397 1.5
      vertex 38.3731 101.346 1
      vertex 38.3731 101.346 1.5
    endloop
  endfacet
  facet normal -0.992923 -0.118761 0
    outer loop
      vertex 38.3792 101.295 1
      vertex 38.3731 101.346 1.5
      vertex 38.3731 101.346 1
    endloop
  endfacet
  facet normal -0.992923 -0.118761 0
    outer loop
      vertex 38.3731 101.346 1.5
      vertex 38.3792 101.295 1
      vertex 38.3792 101.295 1.5
    endloop
  endfacet
  facet normal -0.995416 -0.095638 0
    outer loop
      vertex 38.3841 101.244 1
      vertex 38.3792 101.295 1.5
      vertex 38.3792 101.295 1
    endloop
  endfacet
  facet normal -0.995416 -0.095638 0
    outer loop
      vertex 38.3792 101.295 1.5
      vertex 38.3841 101.244 1
      vertex 38.3841 101.244 1.5
    endloop
  endfacet
  facet normal -0.997089 -0.076248 0
    outer loop
      vertex 38.388 101.193 1
      vertex 38.3841 101.244 1.5
      vertex 38.3841 101.244 1
    endloop
  endfacet
  facet normal -0.997089 -0.076248 0
    outer loop
      vertex 38.3841 101.244 1.5
      vertex 38.388 101.193 1
      vertex 38.388 101.193 1.5
    endloop
  endfacet
  facet normal -0.998655 -0.0518532 0
    outer loop
      vertex 38.3907 101.141 1
      vertex 38.388 101.193 1.5
      vertex 38.388 101.193 1
    endloop
  endfacet
  facet normal -0.998655 -0.0518532 0
    outer loop
      vertex 38.388 101.193 1.5
      vertex 38.3907 101.141 1
      vertex 38.3907 101.141 1.5
    endloop
  endfacet
  facet normal -0.999508 -0.0313571 0
    outer loop
      vertex 38.3923 101.09 1
      vertex 38.3907 101.141 1.5
      vertex 38.3907 101.141 1
    endloop
  endfacet
  facet normal -0.999508 -0.0313571 0
    outer loop
      vertex 38.3907 101.141 1.5
      vertex 38.3923 101.09 1
      vertex 38.3923 101.09 1.5
    endloop
  endfacet
  facet normal -0.999933 -0.0115377 0
    outer loop
      vertex 38.3929 101.038 1
      vertex 38.3923 101.09 1.5
      vertex 38.3923 101.09 1
    endloop
  endfacet
  facet normal -0.999933 -0.0115377 0
    outer loop
      vertex 38.3923 101.09 1.5
      vertex 38.3929 101.038 1
      vertex 38.3929 101.038 1.5
    endloop
  endfacet
  facet normal -0.999928 0.0119991 0
    outer loop
      vertex 38.3923 100.988 1
      vertex 38.3929 101.038 1.5
      vertex 38.3929 101.038 1
    endloop
  endfacet
  facet normal -0.999928 0.0119991 0
    outer loop
      vertex 38.3929 101.038 1.5
      vertex 38.3923 100.988 1
      vertex 38.3923 100.988 1.5
    endloop
  endfacet
  facet normal -0.999445 0.0333148 0
    outer loop
      vertex 38.3907 100.94 1
      vertex 38.3923 100.988 1.5
      vertex 38.3923 100.988 1
    endloop
  endfacet
  facet normal -0.999445 0.0333148 0
    outer loop
      vertex 38.3923 100.988 1.5
      vertex 38.3907 100.94 1
      vertex 38.3907 100.94 1.5
    endloop
  endfacet
  facet normal -0.998485 0.0550186 0
    outer loop
      vertex 38.388 100.891 1
      vertex 38.3907 100.94 1.5
      vertex 38.3907 100.94 1
    endloop
  endfacet
  facet normal -0.998485 0.0550186 0
    outer loop
      vertex 38.3907 100.94 1.5
      vertex 38.388 100.891 1
      vertex 38.388 100.891 1.5
    endloop
  endfacet
  facet normal -0.996848 0.0793409 0
    outer loop
      vertex 38.3841 100.842 1
      vertex 38.388 100.891 1.5
      vertex 38.388 100.891 1
    endloop
  endfacet
  facet normal -0.996848 0.0793409 0
    outer loop
      vertex 38.388 100.891 1.5
      vertex 38.3841 100.842 1
      vertex 38.3841 100.842 1.5
    endloop
  endfacet
  facet normal -0.99483 0.101556 0
    outer loop
      vertex 38.3792 100.794 1
      vertex 38.3841 100.842 1.5
      vertex 38.3841 100.842 1
    endloop
  endfacet
  facet normal -0.99483 0.101556 0
    outer loop
      vertex 38.3841 100.842 1.5
      vertex 38.3792 100.794 1
      vertex 38.3792 100.794 1.5
    endloop
  endfacet
  facet normal -0.992021 0.126069 0
    outer loop
      vertex 38.3731 100.746 1
      vertex 38.3792 100.794 1.5
      vertex 38.3792 100.794 1
    endloop
  endfacet
  facet normal -0.992021 0.126069 0
    outer loop
      vertex 38.3792 100.794 1.5
      vertex 38.3731 100.746 1
      vertex 38.3731 100.746 1.5
    endloop
  endfacet
  facet normal -0.988782 0.149369 0
    outer loop
      vertex 38.366 100.699 1
      vertex 38.3731 100.746 1.5
      vertex 38.3731 100.746 1
    endloop
  endfacet
  facet normal -0.988782 0.149369 0
    outer loop
      vertex 38.3731 100.746 1.5
      vertex 38.366 100.699 1
      vertex 38.366 100.699 1.5
    endloop
  endfacet
  facet normal -0.984762 0.173905 0
    outer loop
      vertex 38.3577 100.652 1
      vertex 38.366 100.699 1.5
      vertex 38.366 100.699 1
    endloop
  endfacet
  facet normal -0.984762 0.173905 0
    outer loop
      vertex 38.366 100.699 1.5
      vertex 38.3577 100.652 1
      vertex 38.3577 100.652 1.5
    endloop
  endfacet
  facet normal -0.981743 0.190213 0
    outer loop
      vertex 38.3484 100.604 1
      vertex 38.3577 100.652 1.5
      vertex 38.3577 100.652 1
    endloop
  endfacet
  facet normal -0.981743 0.190213 0
    outer loop
      vertex 38.3577 100.652 1.5
      vertex 38.3484 100.604 1
      vertex 38.3484 100.604 1.5
    endloop
  endfacet
  facet normal -0.973997 0.22656 0
    outer loop
      vertex 38.3377 100.558 1
      vertex 38.3484 100.604 1.5
      vertex 38.3484 100.604 1
    endloop
  endfacet
  facet normal -0.973997 0.22656 0
    outer loop
      vertex 38.3484 100.604 1.5
      vertex 38.3377 100.558 1
      vertex 38.3377 100.558 1.5
    endloop
  endfacet
  facet normal -0.964615 0.263662 0
    outer loop
      vertex 38.3254 100.513 1
      vertex 38.3377 100.558 1.5
      vertex 38.3377 100.558 1
    endloop
  endfacet
  facet normal -0.964615 0.263662 0
    outer loop
      vertex 38.3377 100.558 1.5
      vertex 38.3254 100.513 1
      vertex 38.3254 100.513 1.5
    endloop
  endfacet
  facet normal -0.952926 0.303204 0
    outer loop
      vertex 38.3114 100.469 1
      vertex 38.3254 100.513 1.5
      vertex 38.3254 100.513 1
    endloop
  endfacet
  facet normal -0.952926 0.303204 0
    outer loop
      vertex 38.3254 100.513 1.5
      vertex 38.3114 100.469 1
      vertex 38.3114 100.469 1.5
    endloop
  endfacet
  facet normal -0.940048 0.341041 0
    outer loop
      vertex 38.2958 100.426 1
      vertex 38.3114 100.469 1.5
      vertex 38.3114 100.469 1
    endloop
  endfacet
  facet normal -0.940048 0.341041 0
    outer loop
      vertex 38.3114 100.469 1.5
      vertex 38.2958 100.426 1
      vertex 38.2958 100.426 1.5
    endloop
  endfacet
  facet normal -0.924632 0.380861 0
    outer loop
      vertex 38.2785 100.384 1
      vertex 38.2958 100.426 1.5
      vertex 38.2958 100.426 1
    endloop
  endfacet
  facet normal -0.924632 0.380861 0
    outer loop
      vertex 38.2958 100.426 1.5
      vertex 38.2785 100.384 1
      vertex 38.2785 100.384 1.5
    endloop
  endfacet
  facet normal -0.908154 0.418637 0
    outer loop
      vertex 38.2596 100.343 1
      vertex 38.2785 100.384 1.5
      vertex 38.2785 100.384 1
    endloop
  endfacet
  facet normal -0.908154 0.418637 0
    outer loop
      vertex 38.2785 100.384 1.5
      vertex 38.2596 100.343 1
      vertex 38.2596 100.343 1.5
    endloop
  endfacet
  facet normal -0.889029 0.45785 0
    outer loop
      vertex 38.239 100.303 1
      vertex 38.2596 100.343 1.5
      vertex 38.2596 100.343 1
    endloop
  endfacet
  facet normal -0.889029 0.45785 0
    outer loop
      vertex 38.2596 100.343 1.5
      vertex 38.239 100.303 1
      vertex 38.239 100.303 1.5
    endloop
  endfacet
  facet normal -0.869065 0.494698 0
    outer loop
      vertex 38.2168 100.264 1
      vertex 38.239 100.303 1.5
      vertex 38.239 100.303 1
    endloop
  endfacet
  facet normal -0.869065 0.494698 0
    outer loop
      vertex 38.239 100.303 1.5
      vertex 38.2168 100.264 1
      vertex 38.2168 100.264 1.5
    endloop
  endfacet
  facet normal -0.839996 0.542592 0
    outer loop
      vertex 38.1929 100.227 1
      vertex 38.2168 100.264 1.5
      vertex 38.2168 100.264 1
    endloop
  endfacet
  facet normal -0.839996 0.542592 0
    outer loop
      vertex 38.2168 100.264 1.5
      vertex 38.1929 100.227 1
      vertex 38.1929 100.227 1.5
    endloop
  endfacet
  facet normal -0.824432 0.565961 0
    outer loop
      vertex 38.1675 100.19 1
      vertex 38.1929 100.227 1.5
      vertex 38.1929 100.227 1
    endloop
  endfacet
  facet normal -0.824432 0.565961 0
    outer loop
      vertex 38.1929 100.227 1.5
      vertex 38.1675 100.19 1
      vertex 38.1675 100.19 1.5
    endloop
  endfacet
  facet normal -0.786479 0.617617 0
    outer loop
      vertex 38.1408 100.156 1
      vertex 38.1675 100.19 1.5
      vertex 38.1675 100.19 1
    endloop
  endfacet
  facet normal -0.786479 0.617617 0
    outer loop
      vertex 38.1675 100.19 1.5
      vertex 38.1408 100.156 1
      vertex 38.1408 100.156 1.5
    endloop
  endfacet
  facet normal -0.769704 0.638401 0
    outer loop
      vertex 38.1126 100.122 1
      vertex 38.1408 100.156 1.5
      vertex 38.1408 100.156 1
    endloop
  endfacet
  facet normal -0.769704 0.638401 0
    outer loop
      vertex 38.1408 100.156 1.5
      vertex 38.1126 100.122 1
      vertex 38.1126 100.122 1.5
    endloop
  endfacet
  facet normal -0.724416 0.689363 0
    outer loop
      vertex 38.0831 100.091 1
      vertex 38.1126 100.122 1.5
      vertex 38.1126 100.122 1
    endloop
  endfacet
  facet normal -0.724416 0.689363 0
    outer loop
      vertex 38.1126 100.122 1.5
      vertex 38.0831 100.091 1
      vertex 38.0831 100.091 1.5
    endloop
  endfacet
  facet normal -0.709391 0.704815 0
    outer loop
      vertex 38.0831 100.091 1
      vertex 38.0523 100.06 1.5
      vertex 38.0831 100.091 1.5
    endloop
  endfacet
  facet normal -0.709391 0.704815 0
    outer loop
      vertex 38.0523 100.06 1.5
      vertex 38.0831 100.091 1
      vertex 38.0523 100.06 1
    endloop
  endfacet
  facet normal -0.656179 0.754606 0
    outer loop
      vertex 38.0523 100.06 1
      vertex 38.0201 100.032 1.5
      vertex 38.0523 100.06 1.5
    endloop
  endfacet
  facet normal -0.656179 0.754606 0
    outer loop
      vertex 38.0201 100.032 1.5
      vertex 38.0523 100.06 1
      vertex 38.0201 100.032 1
    endloop
  endfacet
  facet normal -0.640184 0.768221 0
    outer loop
      vertex 38.0201 100.032 1
      vertex 37.9865 100.004 1.5
      vertex 38.0201 100.032 1.5
    endloop
  endfacet
  facet normal -0.640184 0.768221 0
    outer loop
      vertex 37.9865 100.004 1.5
      vertex 38.0201 100.032 1
      vertex 37.9865 100.004 1
    endloop
  endfacet
  facet normal -0.585829 0.810435 0
    outer loop
      vertex 37.9865 100.004 1
      vertex 37.9515 99.9787 1.5
      vertex 37.9865 100.004 1.5
    endloop
  endfacet
  facet normal -0.585829 0.810435 0
    outer loop
      vertex 37.9515 99.9787 1.5
      vertex 37.9865 100.004 1
      vertex 37.9515 99.9787 1
    endloop
  endfacet
  facet normal -0.553644 0.832754 0
    outer loop
      vertex 37.9515 99.9787 1
      vertex 37.9151 99.9545 1.5
      vertex 37.9515 99.9787 1.5
    endloop
  endfacet
  facet normal -0.553644 0.832754 0
    outer loop
      vertex 37.9151 99.9545 1.5
      vertex 37.9515 99.9787 1
      vertex 37.9151 99.9545 1
    endloop
  endfacet
  facet normal -0.508501 0.861061 0
    outer loop
      vertex 37.9151 99.9545 1
      vertex 37.877 99.932 1.5
      vertex 37.9151 99.9545 1.5
    endloop
  endfacet
  facet normal -0.508501 0.861061 0
    outer loop
      vertex 37.877 99.932 1.5
      vertex 37.9151 99.9545 1
      vertex 37.877 99.932 1
    endloop
  endfacet
  facet normal -0.449871 0.893094 0
    outer loop
      vertex 37.877 99.932 1
      vertex 37.8367 99.9117 1.5
      vertex 37.877 99.932 1.5
    endloop
  endfacet
  facet normal -0.449871 0.893094 0
    outer loop
      vertex 37.8367 99.9117 1.5
      vertex 37.877 99.932 1
      vertex 37.8367 99.9117 1
    endloop
  endfacet
  facet normal -0.395484 0.918473 0
    outer loop
      vertex 37.8367 99.9117 1
      vertex 37.7942 99.8934 1.5
      vertex 37.8367 99.9117 1.5
    endloop
  endfacet
  facet normal -0.395484 0.918473 0
    outer loop
      vertex 37.7942 99.8934 1.5
      vertex 37.8367 99.9117 1
      vertex 37.7942 99.8934 1
    endloop
  endfacet
  facet normal -0.342587 0.939486 0
    outer loop
      vertex 37.7942 99.8934 1
      vertex 37.7495 99.8771 1.5
      vertex 37.7942 99.8934 1.5
    endloop
  endfacet
  facet normal -0.342587 0.939486 0
    outer loop
      vertex 37.7495 99.8771 1.5
      vertex 37.7942 99.8934 1
      vertex 37.7495 99.8771 1
    endloop
  endfacet
  facet normal -0.289216 0.957264 0
    outer loop
      vertex 37.7495 99.8771 1
      vertex 37.7025 99.8629 1.5
      vertex 37.7495 99.8771 1.5
    endloop
  endfacet
  facet normal -0.289216 0.957264 0
    outer loop
      vertex 37.7025 99.8629 1.5
      vertex 37.7495 99.8771 1
      vertex 37.7025 99.8629 1
    endloop
  endfacet
  facet normal -0.239277 0.970951 0
    outer loop
      vertex 37.7025 99.8629 1
      vertex 37.6534 99.8508 1.5
      vertex 37.7025 99.8629 1.5
    endloop
  endfacet
  facet normal -0.239277 0.970951 0
    outer loop
      vertex 37.6534 99.8508 1.5
      vertex 37.7025 99.8629 1
      vertex 37.6534 99.8508 1
    endloop
  endfacet
  facet normal -0.193173 0.981165 0
    outer loop
      vertex 37.6534 99.8508 1
      vertex 37.6021 99.8407 1.5
      vertex 37.6534 99.8508 1.5
    endloop
  endfacet
  facet normal -0.193173 0.981165 0
    outer loop
      vertex 37.6021 99.8407 1.5
      vertex 37.6534 99.8508 1
      vertex 37.6021 99.8407 1
    endloop
  endfacet
  facet normal -0.148159 0.988964 0
    outer loop
      vertex 37.6021 99.8407 1
      vertex 37.5487 99.8327 1.5
      vertex 37.6021 99.8407 1.5
    endloop
  endfacet
  facet normal -0.148159 0.988964 0
    outer loop
      vertex 37.5487 99.8327 1.5
      vertex 37.6021 99.8407 1
      vertex 37.5487 99.8327 1
    endloop
  endfacet
  facet normal -0.105335 0.994437 0
    outer loop
      vertex 37.5487 99.8327 1
      vertex 37.493 99.8268 1.5
      vertex 37.5487 99.8327 1.5
    endloop
  endfacet
  facet normal -0.105335 0.994437 0
    outer loop
      vertex 37.493 99.8268 1.5
      vertex 37.5487 99.8327 1
      vertex 37.493 99.8268 1
    endloop
  endfacet
  facet normal 1 -0 0
    outer loop
      vertex 37.493 99.8268 1.5
      vertex 37.493 102.315 1
      vertex 37.493 102.315 1.5
    endloop
  endfacet
  facet normal 1 0 0
    outer loop
      vertex 37.493 102.315 1
      vertex 37.493 99.8268 1.5
      vertex 37.493 99.8268 1
    endloop
  endfacet
  facet normal 0 1 -0
    outer loop
      vertex 35.7544 97.3389 1
      vertex 34.4879 97.3389 1.5
      vertex 35.7544 97.3389 1.5
    endloop
  endfacet
  facet normal 0 1 0
    outer loop
      vertex 34.4879 97.3389 1.5
      vertex 35.7544 97.3389 1
      vertex 34.4879 97.3389 1
    endloop
  endfacet
  facet normal 1 -0 0
    outer loop
      vertex 34.4879 97.3389 1.5
      vertex 34.4879 99.095 1
      vertex 34.4879 99.095 1.5
    endloop
  endfacet
  facet normal 1 0 0
    outer loop
      vertex 34.4879 99.095 1
      vertex 34.4879 97.3389 1.5
      vertex 34.4879 97.3389 1
    endloop
  endfacet
  facet normal 0 -1 0
    outer loop
      vertex 34.4879 99.095 1
      vertex 35.7433 99.095 1.5
      vertex 34.4879 99.095 1.5
    endloop
  endfacet
  facet normal 0 -1 -0
    outer loop
      vertex 35.7433 99.095 1.5
      vertex 34.4879 99.095 1
      vertex 35.7433 99.095 1
    endloop
  endfacet
  facet normal 1 -0 0
    outer loop
      vertex 35.7433 99.095 1.5
      vertex 35.7433 100.539 1
      vertex 35.7433 100.539 1.5
    endloop
  endfacet
  facet normal 1 0 0
    outer loop
      vertex 35.7433 100.539 1
      vertex 35.7433 99.095 1.5
      vertex 35.7433 99.095 1
    endloop
  endfacet
  facet normal 0 1 -0
    outer loop
      vertex 35.7433 100.539 1
      vertex 34.5545 100.539 1.5
      vertex 35.7433 100.539 1.5
    endloop
  endfacet
  facet normal 0 1 0
    outer loop
      vertex 34.5545 100.539 1.5
      vertex 35.7433 100.539 1
      vertex 34.5545 100.539 1
    endloop
  endfacet
  facet normal 1 -0 0
    outer loop
      vertex 34.5545 100.539 1.5
      vertex 34.5545 102.295 1
      vertex 34.5545 102.295 1.5
    endloop
  endfacet
  facet normal 1 0 0
    outer loop
      vertex 34.5545 102.295 1
      vertex 34.5545 100.539 1.5
      vertex 34.5545 100.539 1
    endloop
  endfacet
  facet normal 0 -1 0
    outer loop
      vertex 34.5545 102.295 1
      vertex 35.7323 102.295 1.5
      vertex 34.5545 102.295 1.5
    endloop
  endfacet
  facet normal 0 -1 -0
    outer loop
      vertex 35.7323 102.295 1.5
      vertex 34.5545 102.295 1
      vertex 35.7323 102.295 1
    endloop
  endfacet
  facet normal 1 -0 0
    outer loop
      vertex 35.7323 102.295 1.5
      vertex 35.7323 103.672 1
      vertex 35.7323 103.672 1.5
    endloop
  endfacet
  facet normal 1 0 0
    outer loop
      vertex 35.7323 103.672 1
      vertex 35.7323 102.295 1.5
      vertex 35.7323 102.295 1
    endloop
  endfacet
  facet normal 0 1 -0
    outer loop
      vertex 35.7323 103.672 1
      vertex 33.1213 103.672 1.5
      vertex 35.7323 103.672 1.5
    endloop
  endfacet
  facet normal 0 1 0
    outer loop
      vertex 33.1213 103.672 1.5
      vertex 35.7323 103.672 1
      vertex 33.1213 103.672 1
    endloop
  endfacet
  facet normal -1 0 0
    outer loop
      vertex 33.1213 95.895 1
      vertex 33.1213 103.672 1.5
      vertex 33.1213 103.672 1
    endloop
  endfacet
  facet normal -1 -0 0
    outer loop
      vertex 33.1213 103.672 1.5
      vertex 33.1213 95.895 1
      vertex 33.1213 95.895 1.5
    endloop
  endfacet
  facet normal 0 -1 0
    outer loop
      vertex 33.1213 95.895 1
      vertex 35.7544 95.895 1.5
      vertex 33.1213 95.895 1.5
    endloop
  endfacet
  facet normal 0 -1 -0
    outer loop
      vertex 35.7544 95.895 1.5
      vertex 33.1213 95.895 1
      vertex 35.7544 95.895 1
    endloop
  endfacet
  facet normal 1 -0 0
    outer loop
      vertex 35.7544 95.895 1.5
      vertex 35.7544 97.3389 1
      vertex 35.7544 97.3389 1.5
    endloop
  endfacet
  facet normal 1 0 0
    outer loop
      vertex 35.7544 97.3389 1
      vertex 35.7544 95.895 1.5
      vertex 35.7544 95.895 1
    endloop
  endfacet
  facet normal 0 1 -0
    outer loop
      vertex 28.7796 103.672 1
      vertex 27.4019 103.672 1.5
      vertex 28.7796 103.672 1.5
    endloop
  endfacet
  facet normal 0 1 0
    outer loop
      vertex 27.4019 103.672 1.5
      vertex 28.7796 103.672 1
      vertex 27.4019 103.672 1
    endloop
  endfacet
  facet normal -1 0 0
    outer loop
      vertex 27.4019 95.895 1
      vertex 27.4019 103.672 1.5
      vertex 27.4019 103.672 1
    endloop
  endfacet
  facet normal -1 -0 0
    outer loop
      vertex 27.4019 103.672 1.5
      vertex 27.4019 95.895 1
      vertex 27.4019 95.895 1.5
    endloop
  endfacet
  facet normal 0 -1 0
    outer loop
      vertex 27.4019 95.895 1
      vertex 28.7796 95.895 1.5
      vertex 27.4019 95.895 1.5
    endloop
  endfacet
  facet normal 0 -1 -0
    outer loop
      vertex 28.7796 95.895 1.5
      vertex 27.4019 95.895 1
      vertex 28.7796 95.895 1
    endloop
  endfacet
  facet normal 1 -0 0
    outer loop
      vertex 28.7796 95.895 1.5
      vertex 28.7796 103.672 1
      vertex 28.7796 103.672 1.5
    endloop
  endfacet
  facet normal 1 0 0
    outer loop
      vertex 28.7796 103.672 1
      vertex 28.7796 95.895 1.5
      vertex 28.7796 95.895 1
    endloop
  endfacet
  facet normal 0.0397763 -0.999209 0
    outer loop
      vertex 20.1485 95.8969 1
      vertex 20.2942 95.9027 1.5
      vertex 20.1485 95.8969 1.5
    endloop
  endfacet
  facet normal 0.0397763 -0.999209 0
    outer loop
      vertex 20.2942 95.9027 1.5
      vertex 20.1485 95.8969 1
      vertex 20.2942 95.9027 1
    endloop
  endfacet
  facet normal 0.066519 -0.997785 0
    outer loop
      vertex 20.2942 95.9027 1
      vertex 20.4382 95.9123 1.5
      vertex 20.2942 95.9027 1.5
    endloop
  endfacet
  facet normal 0.066519 -0.997785 0
    outer loop
      vertex 20.4382 95.9123 1.5
      vertex 20.2942 95.9027 1
      vertex 20.4382 95.9123 1
    endloop
  endfacet
  facet normal 0.0936872 -0.995602 0
    outer loop
      vertex 20.4382 95.9123 1
      vertex 20.5806 95.9257 1.5
      vertex 20.4382 95.9123 1.5
    endloop
  endfacet
  facet normal 0.0936872 -0.995602 0
    outer loop
      vertex 20.5806 95.9257 1.5
      vertex 20.4382 95.9123 1
      vertex 20.5806 95.9257 1
    endloop
  endfacet
  facet normal 0.122038 -0.992525 0
    outer loop
      vertex 20.5806 95.9257 1
      vertex 20.7213 95.943 1.5
      vertex 20.5806 95.9257 1.5
    endloop
  endfacet
  facet normal 0.122038 -0.992525 0
    outer loop
      vertex 20.7213 95.943 1.5
      vertex 20.5806 95.9257 1
      vertex 20.7213 95.943 1
    endloop
  endfacet
  facet normal 0.149974 -0.98869 0
    outer loop
      vertex 20.7213 95.943 1
      vertex 20.8604 95.9641 1.5
      vertex 20.7213 95.943 1.5
    endloop
  endfacet
  facet normal 0.149974 -0.98869 0
    outer loop
      vertex 20.8604 95.9641 1.5
      vertex 20.7213 95.943 1
      vertex 20.8604 95.9641 1
    endloop
  endfacet
  facet normal 0.179011 -0.983847 0
    outer loop
      vertex 20.8604 95.9641 1
      vertex 20.9978 95.9891 1.5
      vertex 20.8604 95.9641 1.5
    endloop
  endfacet
  facet normal 0.179011 -0.983847 0
    outer loop
      vertex 20.9978 95.9891 1.5
      vertex 20.8604 95.9641 1
      vertex 20.9978 95.9891 1
    endloop
  endfacet
  facet normal 0.207462 -0.978243 0
    outer loop
      vertex 20.9978 95.9891 1
      vertex 21.1336 96.0179 1.5
      vertex 20.9978 95.9891 1.5
    endloop
  endfacet
  facet normal 0.207462 -0.978243 0
    outer loop
      vertex 21.1336 96.0179 1.5
      vertex 20.9978 95.9891 1
      vertex 21.1336 96.0179 1
    endloop
  endfacet
  facet normal 0.236222 -0.971699 0
    outer loop
      vertex 21.1336 96.0179 1
      vertex 21.2677 96.0505 1.5
      vertex 21.1336 96.0179 1.5
    endloop
  endfacet
  facet normal 0.236222 -0.971699 0
    outer loop
      vertex 21.2677 96.0505 1.5
      vertex 21.1336 96.0179 1
      vertex 21.2677 96.0505 1
    endloop
  endfacet
  facet normal 0.268815 -0.963192 0
    outer loop
      vertex 21.2677 96.0505 1
      vertex 21.3992 96.0872 1.5
      vertex 21.2677 96.0505 1.5
    endloop
  endfacet
  facet normal 0.268815 -0.963192 0
    outer loop
      vertex 21.3992 96.0872 1.5
      vertex 21.2677 96.0505 1
      vertex 21.3992 96.0872 1
    endloop
  endfacet
  facet normal 0.305479 -0.952199 0
    outer loop
      vertex 21.3992 96.0872 1
      vertex 21.527 96.1282 1.5
      vertex 21.3992 96.0872 1.5
    endloop
  endfacet
  facet normal 0.305479 -0.952199 0
    outer loop
      vertex 21.527 96.1282 1.5
      vertex 21.3992 96.0872 1
      vertex 21.527 96.1282 1
    endloop
  endfacet
  facet normal 0.342229 -0.939616 0
    outer loop
      vertex 21.527 96.1282 1
      vertex 21.6511 96.1734 1.5
      vertex 21.527 96.1282 1.5
    endloop
  endfacet
  facet normal 0.342229 -0.939616 0
    outer loop
      vertex 21.6511 96.1734 1.5
      vertex 21.527 96.1282 1
      vertex 21.6511 96.1734 1
    endloop
  endfacet
  facet normal 0.380518 -0.924774 0
    outer loop
      vertex 21.6511 96.1734 1
      vertex 21.7714 96.2229 1.5
      vertex 21.6511 96.1734 1.5
    endloop
  endfacet
  facet normal 0.380518 -0.924774 0
    outer loop
      vertex 21.7714 96.2229 1.5
      vertex 21.6511 96.1734 1
      vertex 21.7714 96.2229 1
    endloop
  endfacet
  facet normal 0.418021 -0.908437 0
    outer loop
      vertex 21.7714 96.2229 1
      vertex 21.8881 96.2766 1.5
      vertex 21.7714 96.2229 1.5
    endloop
  endfacet
  facet normal 0.418021 -0.908437 0
    outer loop
      vertex 21.8881 96.2766 1.5
      vertex 21.7714 96.2229 1
      vertex 21.8881 96.2766 1
    endloop
  endfacet
  facet normal 0.456013 -0.889973 0
    outer loop
      vertex 21.8881 96.2766 1
      vertex 22.0011 96.3345 1.5
      vertex 21.8881 96.2766 1.5
    endloop
  endfacet
  facet normal 0.456013 -0.889973 0
    outer loop
      vertex 22.0011 96.3345 1.5
      vertex 21.8881 96.2766 1
      vertex 22.0011 96.3345 1
    endloop
  endfacet
  facet normal 0.495539 -0.868586 0
    outer loop
      vertex 22.0011 96.3345 1
      vertex 22.1103 96.3968 1.5
      vertex 22.0011 96.3345 1.5
    endloop
  endfacet
  facet normal 0.495539 -0.868586 0
    outer loop
      vertex 22.1103 96.3968 1.5
      vertex 22.0011 96.3345 1
      vertex 22.1103 96.3968 1
    endloop
  endfacet
  facet normal 0.532303 -0.846554 0
    outer loop
      vertex 22.1103 96.3968 1
      vertex 22.2159 96.4632 1.5
      vertex 22.1103 96.3968 1.5
    endloop
  endfacet
  facet normal 0.532303 -0.846554 0
    outer loop
      vertex 22.2159 96.4632 1.5
      vertex 22.1103 96.3968 1
      vertex 22.2159 96.4632 1
    endloop
  endfacet
  facet normal 0.57097 -0.820971 0
    outer loop
      vertex 22.2159 96.4632 1
      vertex 22.3177 96.534 1.5
      vertex 22.2159 96.4632 1.5
    endloop
  endfacet
  facet normal 0.57097 -0.820971 0
    outer loop
      vertex 22.3177 96.534 1.5
      vertex 22.2159 96.4632 1
      vertex 22.3177 96.534 1
    endloop
  endfacet
  facet normal 0.608926 -0.793227 0
    outer loop
      vertex 22.3177 96.534 1
      vertex 22.4154 96.609 1.5
      vertex 22.3177 96.534 1.5
    endloop
  endfacet
  facet normal 0.608926 -0.793227 0
    outer loop
      vertex 22.4154 96.609 1.5
      vertex 22.3177 96.534 1
      vertex 22.4154 96.609 1
    endloop
  endfacet
  facet normal 0.649309 -0.760525 0
    outer loop
      vertex 22.4154 96.609 1
      vertex 22.5084 96.6884 1.5
      vertex 22.4154 96.609 1.5
    endloop
  endfacet
  facet normal 0.649309 -0.760525 0
    outer loop
      vertex 22.5084 96.6884 1.5
      vertex 22.4154 96.609 1
      vertex 22.5084 96.6884 1
    endloop
  endfacet
  facet normal 0.688814 -0.724938 0
    outer loop
      vertex 22.5084 96.6884 1
      vertex 22.5967 96.7723 1.5
      vertex 22.5084 96.6884 1.5
    endloop
  endfacet
  facet normal 0.688814 -0.724938 0
    outer loop
      vertex 22.5967 96.7723 1.5
      vertex 22.5084 96.6884 1
      vertex 22.5967 96.7723 1
    endloop
  endfacet
  facet normal 0.725369 -0.68836 0
    outer loop
      vertex 22.5967 96.7723 1.5
      vertex 22.6804 96.8605 1
      vertex 22.6804 96.8605 1.5
    endloop
  endfacet
  facet normal 0.725369 -0.68836 0
    outer loop
      vertex 22.6804 96.8605 1
      vertex 22.5967 96.7723 1.5
      vertex 22.5967 96.7723 1
    endloop
  endfacet
  facet normal 0.760762 -0.649031 0
    outer loop
      vertex 22.6804 96.8605 1.5
      vertex 22.7594 96.9531 1
      vertex 22.7594 96.9531 1.5
    endloop
  endfacet
  facet normal 0.760762 -0.649031 0
    outer loop
      vertex 22.7594 96.9531 1
      vertex 22.6804 96.8605 1.5
      vertex 22.6804 96.8605 1
    endloop
  endfacet
  facet normal 0.79387 -0.608088 0
    outer loop
      vertex 22.7594 96.9531 1.5
      vertex 22.8337 97.0501 1
      vertex 22.8337 97.0501 1.5
    endloop
  endfacet
  facet normal 0.79387 -0.608088 0
    outer loop
      vertex 22.8337 97.0501 1
      vertex 22.7594 96.9531 1.5
      vertex 22.7594 96.9531 1
    endloop
  endfacet
  facet normal 0.824089 -0.56646 0
    outer loop
      vertex 22.8337 97.0501 1.5
      vertex 22.9034 97.1515 1
      vertex 22.9034 97.1515 1.5
    endloop
  endfacet
  facet normal 0.824089 -0.56646 0
    outer loop
      vertex 22.9034 97.1515 1
      vertex 22.8337 97.0501 1.5
      vertex 22.8337 97.0501 1
    endloop
  endfacet
  facet normal 0.851824 -0.523828 0
    outer loop
      vertex 22.9034 97.1515 1.5
      vertex 22.9684 97.2572 1
      vertex 22.9684 97.2572 1.5
    endloop
  endfacet
  facet normal 0.851824 -0.523828 0
    outer loop
      vertex 22.9684 97.2572 1
      vertex 22.9034 97.1515 1.5
      vertex 22.9034 97.1515 1
    endloop
  endfacet
  facet normal 0.876921 -0.480635 0
    outer loop
      vertex 22.9684 97.2572 1.5
      vertex 23.0288 97.3674 1
      vertex 23.0288 97.3674 1.5
    endloop
  endfacet
  facet normal 0.876921 -0.480635 0
    outer loop
      vertex 23.0288 97.3674 1
      vertex 22.9684 97.2572 1.5
      vertex 22.9684 97.2572 1
    endloop
  endfacet
  facet normal 0.902599 -0.430482 0
    outer loop
      vertex 23.0288 97.3674 1.5
      vertex 23.0836 97.4823 1
      vertex 23.0836 97.4823 1.5
    endloop
  endfacet
  facet normal 0.902599 -0.430482 0
    outer loop
      vertex 23.0836 97.4823 1
      vertex 23.0288 97.3674 1.5
      vertex 23.0288 97.3674 1
    endloop
  endfacet
  facet normal 0.927675 -0.373389 0
    outer loop
      vertex 23.0836 97.4823 1.5
      vertex 23.1319 97.6023 1
      vertex 23.1319 97.6023 1.5
    endloop
  endfacet
  facet normal 0.927675 -0.373389 0
    outer loop
      vertex 23.1319 97.6023 1
      vertex 23.0836 97.4823 1.5
      vertex 23.0836 97.4823 1
    endloop
  endfacet
  facet normal 0.948228 -0.317592 0
    outer loop
      vertex 23.1319 97.6023 1.5
      vertex 23.1738 97.7274 1
      vertex 23.1738 97.7274 1.5
    endloop
  endfacet
  facet normal 0.948228 -0.317592 0
    outer loop
      vertex 23.1738 97.7274 1
      vertex 23.1319 97.6023 1.5
      vertex 23.1319 97.6023 1
    endloop
  endfacet
  facet normal 0.96473 -0.263243 0
    outer loop
      vertex 23.1738 97.7274 1.5
      vertex 23.2093 97.8575 1
      vertex 23.2093 97.8575 1.5
    endloop
  endfacet
  facet normal 0.96473 -0.263243 0
    outer loop
      vertex 23.2093 97.8575 1
      vertex 23.1738 97.7274 1.5
      vertex 23.1738 97.7274 1
    endloop
  endfacet
  facet normal 0.97776 -0.209727 0
    outer loop
      vertex 23.2093 97.8575 1.5
      vertex 23.2383 97.9927 1
      vertex 23.2383 97.9927 1.5
    endloop
  endfacet
  facet normal 0.97776 -0.209727 0
    outer loop
      vertex 23.2383 97.9927 1
      vertex 23.2093 97.8575 1.5
      vertex 23.2093 97.8575 1
    endloop
  endfacet
  facet normal 0.987273 -0.159033 0
    outer loop
      vertex 23.2383 97.9927 1.5
      vertex 23.2609 98.133 1
      vertex 23.2609 98.133 1.5
    endloop
  endfacet
  facet normal 0.987273 -0.159033 0
    outer loop
      vertex 23.2609 98.133 1
      vertex 23.2383 97.9927 1.5
      vertex 23.2383 97.9927 1
    endloop
  endfacet
  facet normal 0.993925 -0.110056 0
    outer loop
      vertex 23.2609 98.133 1.5
      vertex 23.277 98.2784 1
      vertex 23.277 98.2784 1.5
    endloop
  endfacet
  facet normal 0.993925 -0.110056 0
    outer loop
      vertex 23.277 98.2784 1
      vertex 23.2609 98.133 1.5
      vertex 23.2609 98.133 1
    endloop
  endfacet
  facet normal 0.997927 -0.064361 0
    outer loop
      vertex 23.277 98.2784 1.5
      vertex 23.2867 98.4288 1
      vertex 23.2867 98.4288 1.5
    endloop
  endfacet
  facet normal 0.997927 -0.064361 0
    outer loop
      vertex 23.2867 98.4288 1
      vertex 23.277 98.2784 1.5
      vertex 23.277 98.2784 1
    endloop
  endfacet
  facet normal 0.999788 -0.0205744 0
    outer loop
      vertex 23.2867 98.4288 1.5
      vertex 23.2899 98.5843 1
      vertex 23.2899 98.5843 1.5
    endloop
  endfacet
  facet normal 0.999788 -0.0205744 0
    outer loop
      vertex 23.2899 98.5843 1
      vertex 23.2867 98.4288 1.5
      vertex 23.2867 98.4288 1
    endloop
  endfacet
  facet normal 0.999834 0.0181962 0
    outer loop
      vertex 23.2899 98.5843 1.5
      vertex 23.288 98.6887 1
      vertex 23.288 98.6887 1.5
    endloop
  endfacet
  facet normal 0.999834 0.0181962 0
    outer loop
      vertex 23.288 98.6887 1
      vertex 23.2899 98.5843 1.5
      vertex 23.2899 98.5843 1
    endloop
  endfacet
  facet normal 0.998515 0.0544825 0
    outer loop
      vertex 23.288 98.6887 1.5
      vertex 23.2825 98.7895 1
      vertex 23.2825 98.7895 1.5
    endloop
  endfacet
  facet normal 0.998515 0.0544825 0
    outer loop
      vertex 23.2825 98.7895 1
      vertex 23.288 98.6887 1.5
      vertex 23.288 98.6887 1
    endloop
  endfacet
  facet normal 0.995463 0.0951471 0
    outer loop
      vertex 23.2825 98.7895 1.5
      vertex 23.2732 98.8868 1
      vertex 23.2732 98.8868 1.5
    endloop
  endfacet
  facet normal 0.995463 0.0951471 0
    outer loop
      vertex 23.2732 98.8868 1
      vertex 23.2825 98.7895 1.5
      vertex 23.2825 98.7895 1
    endloop
  endfacet
  facet normal 0.990656 0.136387 0
    outer loop
      vertex 23.2732 98.8868 1.5
      vertex 23.2603 98.9805 1
      vertex 23.2603 98.9805 1.5
    endloop
  endfacet
  facet normal 0.990656 0.136387 0
    outer loop
      vertex 23.2603 98.9805 1
      vertex 23.2732 98.8868 1.5
      vertex 23.2732 98.8868 1
    endloop
  endfacet
  facet normal 0.983253 0.182246 0
    outer loop
      vertex 23.2603 98.9805 1.5
      vertex 23.2436 99.0706 1
      vertex 23.2436 99.0706 1.5
    endloop
  endfacet
  facet normal 0.983253 0.182246 0
    outer loop
      vertex 23.2436 99.0706 1
      vertex 23.2603 98.9805 1.5
      vertex 23.2603 98.9805 1
    endloop
  endfacet
  facet normal 0.973358 0.22929 0
    outer loop
      vertex 23.2436 99.0706 1.5
      vertex 23.2232 99.1572 1
      vertex 23.2232 99.1572 1.5
    endloop
  endfacet
  facet normal 0.973358 0.22929 0
    outer loop
      vertex 23.2232 99.1572 1
      vertex 23.2436 99.0706 1.5
      vertex 23.2436 99.0706 1
    endloop
  endfacet
  facet normal 0.960336 0.278845 0
    outer loop
      vertex 23.2232 99.1572 1.5
      vertex 23.1991 99.2402 1
      vertex 23.1991 99.2402 1.5
    endloop
  endfacet
  facet normal 0.960336 0.278845 0
    outer loop
      vertex 23.1991 99.2402 1
      vertex 23.2232 99.1572 1.5
      vertex 23.2232 99.1572 1
    endloop
  endfacet
  facet normal 0.944192 0.329397 0
    outer loop
      vertex 23.1991 99.2402 1.5
      vertex 23.1714 99.3196 1
      vertex 23.1714 99.3196 1.5
    endloop
  endfacet
  facet normal 0.944192 0.329397 0
    outer loop
      vertex 23.1714 99.3196 1
      vertex 23.1991 99.2402 1.5
      vertex 23.1991 99.2402 1
    endloop
  endfacet
  facet normal 0.923616 0.383319 0
    outer loop
      vertex 23.1714 99.3196 1.5
      vertex 23.1399 99.3955 1
      vertex 23.1399 99.3955 1.5
    endloop
  endfacet
  facet normal 0.923616 0.383319 0
    outer loop
      vertex 23.1399 99.3955 1
      vertex 23.1714 99.3196 1.5
      vertex 23.1714 99.3196 1
    endloop
  endfacet
  facet normal 0.9051 0.425198 0
    outer loop
      vertex 23.1399 99.3955 1.5
      vertex 23.1057 99.4683 1
      vertex 23.1057 99.4683 1.5
    endloop
  endfacet
  facet normal 0.9051 0.425198 0
    outer loop
      vertex 23.1057 99.4683 1
      vertex 23.1399 99.3955 1.5
      vertex 23.1399 99.3955 1
    endloop
  endfacet
  facet normal 0.891368 0.453281 0
    outer loop
      vertex 23.1057 99.4683 1.5
      vertex 23.0699 99.5387 1
      vertex 23.0699 99.5387 1.5
    endloop
  endfacet
  facet normal 0.891368 0.453281 0
    outer loop
      vertex 23.0699 99.5387 1
      vertex 23.1057 99.4683 1.5
      vertex 23.1057 99.4683 1
    endloop
  endfacet
  facet normal 0.875916 0.482463 0
    outer loop
      vertex 23.0699 99.5387 1.5
      vertex 23.0325 99.6066 1
      vertex 23.0325 99.6066 1.5
    endloop
  endfacet
  facet normal 0.875916 0.482463 0
    outer loop
      vertex 23.0325 99.6066 1
      vertex 23.0699 99.5387 1.5
      vertex 23.0699 99.5387 1
    endloop
  endfacet
  facet normal 0.858647 0.512567 0
    outer loop
      vertex 23.0325 99.6066 1.5
      vertex 22.9934 99.6721 1
      vertex 22.9934 99.6721 1.5
    endloop
  endfacet
  facet normal 0.858647 0.512567 0
    outer loop
      vertex 22.9934 99.6721 1
      vertex 23.0325 99.6066 1.5
      vertex 23.0325 99.6066 1
    endloop
  endfacet
  facet normal 0.83957 0.543251 0
    outer loop
      vertex 22.9934 99.6721 1.5
      vertex 22.9527 99.735 1
      vertex 22.9527 99.735 1.5
    endloop
  endfacet
  facet normal 0.83957 0.543251 0
    outer loop
      vertex 22.9527 99.735 1
      vertex 22.9934 99.6721 1.5
      vertex 22.9934 99.6721 1
    endloop
  endfacet
  facet normal 0.818914 0.573916 0
    outer loop
      vertex 22.9527 99.735 1.5
      vertex 22.9103 99.7955 1
      vertex 22.9103 99.7955 1.5
    endloop
  endfacet
  facet normal 0.818914 0.573916 0
    outer loop
      vertex 22.9103 99.7955 1
      vertex 22.9527 99.735 1.5
      vertex 22.9527 99.735 1
    endloop
  endfacet
  facet normal 0.796532 0.604597 0
    outer loop
      vertex 22.9103 99.7955 1.5
      vertex 22.8662 99.8536 1
      vertex 22.8662 99.8536 1.5
    endloop
  endfacet
  facet normal 0.796532 0.604597 0
    outer loop
      vertex 22.8662 99.8536 1
      vertex 22.9103 99.7955 1.5
      vertex 22.9103 99.7955 1
    endloop
  endfacet
  facet normal 0.772653 0.634828 0
    outer loop
      vertex 22.8662 99.8536 1.5
      vertex 22.8206 99.9091 1
      vertex 22.8206 99.9091 1.5
    endloop
  endfacet
  facet normal 0.772653 0.634828 0
    outer loop
      vertex 22.8206 99.9091 1
      vertex 22.8662 99.8536 1.5
      vertex 22.8662 99.8536 1
    endloop
  endfacet
  facet normal 0.746012 0.665932 0
    outer loop
      vertex 22.8206 99.9091 1.5
      vertex 22.7732 99.9622 1
      vertex 22.7732 99.9622 1.5
    endloop
  endfacet
  facet normal 0.746012 0.665932 0
    outer loop
      vertex 22.7732 99.9622 1
      vertex 22.8206 99.9091 1.5
      vertex 22.8206 99.9091 1
    endloop
  endfacet
  facet normal 0.72187 0.692029 0
    outer loop
      vertex 22.7732 99.9622 1.5
      vertex 22.7245 100.013 1
      vertex 22.7245 100.013 1.5
    endloop
  endfacet
  facet normal 0.72187 0.692029 0
    outer loop
      vertex 22.7245 100.013 1
      vertex 22.7732 99.9622 1.5
      vertex 22.7732 99.9622 1
    endloop
  endfacet
  facet normal 0.709231 0.704976 -0
    outer loop
      vertex 22.7245 100.013 1
      vertex 22.6748 100.063 1.5
      vertex 22.7245 100.013 1.5
    endloop
  endfacet
  facet normal 0.709231 0.704976 0
    outer loop
      vertex 22.6748 100.063 1.5
      vertex 22.7245 100.013 1
      vertex 22.6748 100.063 1
    endloop
  endfacet
  facet normal 0.686078 0.727528 -0
    outer loop
      vertex 22.6748 100.063 1
      vertex 22.6239 100.111 1.5
      vertex 22.6748 100.063 1.5
    endloop
  endfacet
  facet normal 0.686078 0.727528 0
    outer loop
      vertex 22.6239 100.111 1.5
      vertex 22.6748 100.063 1
      vertex 22.6239 100.111 1
    endloop
  endfacet
  facet normal 0.67054 0.741874 -0
    outer loop
      vertex 22.6239 100.111 1
      vertex 22.5719 100.158 1.5
      vertex 22.6239 100.111 1.5
    endloop
  endfacet
  facet normal 0.67054 0.741874 0
    outer loop
      vertex 22.5719 100.158 1.5
      vertex 22.6239 100.111 1
      vertex 22.5719 100.158 1
    endloop
  endfacet
  facet normal 0.646522 0.762896 -0
    outer loop
      vertex 22.5719 100.158 1
      vertex 22.5188 100.203 1.5
      vertex 22.5719 100.158 1.5
    endloop
  endfacet
  facet normal 0.646522 0.762896 0
    outer loop
      vertex 22.5188 100.203 1.5
      vertex 22.5719 100.158 1
      vertex 22.5188 100.203 1
    endloop
  endfacet
  facet normal 0.621517 0.783401 -0
    outer loop
      vertex 22.5188 100.203 1
      vertex 22.4646 100.246 1.5
      vertex 22.5188 100.203 1.5
    endloop
  endfacet
  facet normal 0.621517 0.783401 0
    outer loop
      vertex 22.4646 100.246 1.5
      vertex 22.5188 100.203 1
      vertex 22.4646 100.246 1
    endloop
  endfacet
  facet normal 0.604828 0.796356 -0
    outer loop
      vertex 22.4646 100.246 1
      vertex 22.4093 100.288 1.5
      vertex 22.4646 100.246 1.5
    endloop
  endfacet
  facet normal 0.604828 0.796356 0
    outer loop
      vertex 22.4093 100.288 1.5
      vertex 22.4646 100.246 1
      vertex 22.4093 100.288 1
    endloop
  endfacet
  facet normal 0.588684 0.808363 -0
    outer loop
      vertex 22.4093 100.288 1
      vertex 22.353 100.329 1.5
      vertex 22.4093 100.288 1.5
    endloop
  endfacet
  facet normal 0.588684 0.808363 0
    outer loop
      vertex 22.353 100.329 1.5
      vertex 22.4093 100.288 1
      vertex 22.353 100.329 1
    endloop
  endfacet
  facet normal 0.561325 0.827595 -0
    outer loop
      vertex 22.353 100.329 1
      vertex 22.2955 100.368 1.5
      vertex 22.353 100.329 1.5
    endloop
  endfacet
  facet normal 0.561325 0.827595 0
    outer loop
      vertex 22.2955 100.368 1.5
      vertex 22.353 100.329 1
      vertex 22.2955 100.368 1
    endloop
  endfacet
  facet normal 0.549953 0.835196 -0
    outer loop
      vertex 22.2955 100.368 1
      vertex 22.1816 100.443 1.5
      vertex 22.2955 100.368 1.5
    endloop
  endfacet
  facet normal 0.549953 0.835196 0
    outer loop
      vertex 22.1816 100.443 1.5
      vertex 22.2955 100.368 1
      vertex 22.1816 100.443 1
    endloop
  endfacet
  facet normal 0.549757 0.835325 -0
    outer loop
      vertex 22.1816 100.443 1
      vertex 22.0722 100.515 1.5
      vertex 22.1816 100.443 1.5
    endloop
  endfacet
  facet normal 0.549757 0.835325 0
    outer loop
      vertex 22.0722 100.515 1.5
      vertex 22.1816 100.443 1
      vertex 22.0722 100.515 1
    endloop
  endfacet
  facet normal 0.561158 0.827708 -0
    outer loop
      vertex 22.0722 100.515 1
      vertex 22.0191 100.551 1.5
      vertex 22.0722 100.515 1.5
    endloop
  endfacet
  facet normal 0.561158 0.827708 0
    outer loop
      vertex 22.0191 100.551 1.5
      vertex 22.0722 100.515 1
      vertex 22.0191 100.551 1
    endloop
  endfacet
  facet normal 0.551328 0.834289 -0
    outer loop
      vertex 22.0191 100.551 1
      vertex 21.9162 100.619 1.5
      vertex 22.0191 100.551 1.5
    endloop
  endfacet
  facet normal 0.551328 0.834289 0
    outer loop
      vertex 21.9162 100.619 1.5
      vertex 22.0191 100.551 1
      vertex 21.9162 100.619 1
    endloop
  endfacet
  facet normal 0.556645 0.83075 -0
    outer loop
      vertex 21.9162 100.619 1
      vertex 21.8177 100.685 1.5
      vertex 21.9162 100.619 1.5
    endloop
  endfacet
  facet normal 0.556645 0.83075 0
    outer loop
      vertex 21.8177 100.685 1.5
      vertex 21.9162 100.619 1
      vertex 21.8177 100.685 1
    endloop
  endfacet
  facet normal 0.560345 0.82826 -0
    outer loop
      vertex 21.8177 100.685 1
      vertex 21.7704 100.717 1.5
      vertex 21.8177 100.685 1.5
    endloop
  endfacet
  facet normal 0.560345 0.82826 0
    outer loop
      vertex 21.7704 100.717 1.5
      vertex 21.8177 100.685 1
      vertex 21.7704 100.717 1
    endloop
  endfacet
  facet normal 0.573583 0.819148 -0
    outer loop
      vertex 21.7704 100.717 1
      vertex 21.7247 100.749 1.5
      vertex 21.7704 100.717 1.5
    endloop
  endfacet
  facet normal 0.573583 0.819148 0
    outer loop
      vertex 21.7247 100.749 1.5
      vertex 21.7704 100.717 1
      vertex 21.7247 100.749 1
    endloop
  endfacet
  facet normal 0.588172 0.808736 -0
    outer loop
      vertex 21.7247 100.749 1
      vertex 21.6807 100.781 1.5
      vertex 21.7247 100.749 1.5
    endloop
  endfacet
  facet normal 0.588172 0.808736 0
    outer loop
      vertex 21.6807 100.781 1.5
      vertex 21.7247 100.749 1
      vertex 21.6807 100.781 1
    endloop
  endfacet
  facet normal 0.602407 0.798189 -0
    outer loop
      vertex 21.6807 100.781 1
      vertex 21.6383 100.813 1.5
      vertex 21.6807 100.781 1.5
    endloop
  endfacet
  facet normal 0.602407 0.798189 0
    outer loop
      vertex 21.6383 100.813 1.5
      vertex 21.6807 100.781 1
      vertex 21.6383 100.813 1
    endloop
  endfacet
  facet normal 0.618077 0.786117 -0
    outer loop
      vertex 21.6383 100.813 1
      vertex 21.5976 100.845 1.5
      vertex 21.6383 100.813 1.5
    endloop
  endfacet
  facet normal 0.618077 0.786117 0
    outer loop
      vertex 21.5976 100.845 1.5
      vertex 21.6383 100.813 1
      vertex 21.5976 100.845 1
    endloop
  endfacet
  facet normal 0.633346 0.773869 -0
    outer loop
      vertex 21.5976 100.845 1
      vertex 21.5585 100.877 1.5
      vertex 21.5976 100.845 1.5
    endloop
  endfacet
  facet normal 0.633346 0.773869 0
    outer loop
      vertex 21.5585 100.877 1.5
      vertex 21.5976 100.845 1
      vertex 21.5585 100.877 1
    endloop
  endfacet
  facet normal 0.649119 0.760687 -0
    outer loop
      vertex 21.5585 100.877 1
      vertex 21.521 100.909 1.5
      vertex 21.5585 100.877 1.5
    endloop
  endfacet
  facet normal 0.649119 0.760687 0
    outer loop
      vertex 21.521 100.909 1.5
      vertex 21.5585 100.877 1
      vertex 21.521 100.909 1
    endloop
  endfacet
  facet normal 0.66643 0.745568 -0
    outer loop
      vertex 21.521 100.909 1
      vertex 21.4852 100.941 1.5
      vertex 21.521 100.909 1.5
    endloop
  endfacet
  facet normal 0.66643 0.745568 0
    outer loop
      vertex 21.4852 100.941 1.5
      vertex 21.521 100.909 1
      vertex 21.4852 100.941 1
    endloop
  endfacet
  facet normal 0.684297 0.729204 -0
    outer loop
      vertex 21.4852 100.941 1
      vertex 21.4511 100.973 1.5
      vertex 21.4852 100.941 1.5
    endloop
  endfacet
  facet normal 0.684297 0.729204 0
    outer loop
      vertex 21.4511 100.973 1.5
      vertex 21.4852 100.941 1
      vertex 21.4511 100.973 1
    endloop
  endfacet
  facet normal 0.723356 0.690476 0
    outer loop
      vertex 21.4511 100.973 1.5
      vertex 21.4196 101.006 1
      vertex 21.4196 101.006 1.5
    endloop
  endfacet
  facet normal 0.723356 0.690476 0
    outer loop
      vertex 21.4196 101.006 1
      vertex 21.4511 100.973 1.5
      vertex 21.4511 100.973 1
    endloop
  endfacet
  facet normal 0.77416 0.63299 0
    outer loop
      vertex 21.4196 101.006 1.5
      vertex 21.3918 101.04 1
      vertex 21.3918 101.04 1.5
    endloop
  endfacet
  facet normal 0.77416 0.63299 0
    outer loop
      vertex 21.3918 101.04 1
      vertex 21.4196 101.006 1.5
      vertex 21.4196 101.006 1
    endloop
  endfacet
  facet normal 0.83205 0.5547 0
    outer loop
      vertex 21.3918 101.04 1.5
      vertex 21.3678 101.076 1
      vertex 21.3678 101.076 1.5
    endloop
  endfacet
  facet normal 0.83205 0.5547 0
    outer loop
      vertex 21.3678 101.076 1
      vertex 21.3918 101.04 1.5
      vertex 21.3918 101.04 1
    endloop
  endfacet
  facet normal 0.875716 0.482827 0
    outer loop
      vertex 21.3678 101.076 1.5
      vertex 21.3474 101.113 1
      vertex 21.3474 101.113 1.5
    endloop
  endfacet
  facet normal 0.875716 0.482827 0
    outer loop
      vertex 21.3474 101.113 1
      vertex 21.3678 101.076 1.5
      vertex 21.3678 101.076 1
    endloop
  endfacet
  facet normal 0.915493 0.402335 0
    outer loop
      vertex 21.3474 101.113 1.5
      vertex 21.3307 101.151 1
      vertex 21.3307 101.151 1.5
    endloop
  endfacet
  facet normal 0.915493 0.402335 0
    outer loop
      vertex 21.3307 101.151 1
      vertex 21.3474 101.113 1.5
      vertex 21.3474 101.113 1
    endloop
  endfacet
  facet normal 0.951034 0.309086 0
    outer loop
      vertex 21.3307 101.151 1.5
      vertex 21.3177 101.191 1
      vertex 21.3177 101.191 1.5
    endloop
  endfacet
  facet normal 0.951034 0.309086 0
    outer loop
      vertex 21.3177 101.191 1
      vertex 21.3307 101.151 1.5
      vertex 21.3307 101.151 1
    endloop
  endfacet
  facet normal 0.975737 0.218946 0
    outer loop
      vertex 21.3177 101.191 1.5
      vertex 21.3085 101.232 1
      vertex 21.3085 101.232 1.5
    endloop
  endfacet
  facet normal 0.975737 0.218946 0
    outer loop
      vertex 21.3085 101.232 1
      vertex 21.3177 101.191 1.5
      vertex 21.3177 101.191 1
    endloop
  endfacet
  facet normal 0.991228 0.132164 0
    outer loop
      vertex 21.3085 101.232 1.5
      vertex 21.3029 101.274 1
      vertex 21.3029 101.274 1.5
    endloop
  endfacet
  facet normal 0.991228 0.132164 0
    outer loop
      vertex 21.3029 101.274 1
      vertex 21.3085 101.232 1.5
      vertex 21.3085 101.232 1
    endloop
  endfacet
  facet normal 0.999164 0.0408749 0
    outer loop
      vertex 21.3029 101.274 1.5
      vertex 21.3011 101.318 1
      vertex 21.3011 101.318 1.5
    endloop
  endfacet
  facet normal 0.999164 0.0408749 0
    outer loop
      vertex 21.3011 101.318 1
      vertex 21.3029 101.274 1.5
      vertex 21.3029 101.274 1
    endloop
  endfacet
  facet normal 0.999153 -0.0411416 0
    outer loop
      vertex 21.3011 101.318 1.5
      vertex 21.3032 101.369 1
      vertex 21.3032 101.369 1.5
    endloop
  endfacet
  facet normal 0.999153 -0.0411416 0
    outer loop
      vertex 21.3032 101.369 1
      vertex 21.3011 101.318 1.5
      vertex 21.3011 101.318 1
    endloop
  endfacet
  facet normal 0.991907 -0.126964 0
    outer loop
      vertex 21.3032 101.369 1.5
      vertex 21.3096 101.419 1
      vertex 21.3096 101.419 1.5
    endloop
  endfacet
  facet normal 0.991907 -0.126964 0
    outer loop
      vertex 21.3096 101.419 1
      vertex 21.3032 101.369 1.5
      vertex 21.3032 101.369 1
    endloop
  endfacet
  facet normal 0.976473 -0.215638 0
    outer loop
      vertex 21.3096 101.419 1.5
      vertex 21.3202 101.467 1
      vertex 21.3202 101.467 1.5
    endloop
  endfacet
  facet normal 0.976473 -0.215638 0
    outer loop
      vertex 21.3202 101.467 1
      vertex 21.3096 101.419 1.5
      vertex 21.3096 101.419 1
    endloop
  endfacet
  facet normal 0.953245 -0.302199 0
    outer loop
      vertex 21.3202 101.467 1.5
      vertex 21.3351 101.514 1
      vertex 21.3351 101.514 1.5
    endloop
  endfacet
  facet normal 0.953245 -0.302199 0
    outer loop
      vertex 21.3351 101.514 1
      vertex 21.3202 101.467 1.5
      vertex 21.3202 101.467 1
    endloop
  endfacet
  facet normal 0.923551 -0.383475 0
    outer loop
      vertex 21.3351 101.514 1.5
      vertex 21.3542 101.56 1
      vertex 21.3542 101.56 1.5
    endloop
  endfacet
  facet normal 0.923551 -0.383475 0
    outer loop
      vertex 21.3542 101.56 1
      vertex 21.3351 101.514 1.5
      vertex 21.3351 101.514 1
    endloop
  endfacet
  facet normal 0.882908 -0.469546 0
    outer loop
      vertex 21.3542 101.56 1.5
      vertex 21.3776 101.604 1
      vertex 21.3776 101.604 1.5
    endloop
  endfacet
  facet normal 0.882908 -0.469546 0
    outer loop
      vertex 21.3776 101.604 1
      vertex 21.3542 101.56 1.5
      vertex 21.3542 101.56 1
    endloop
  endfacet
  facet normal 0.84156 -0.540164 0
    outer loop
      vertex 21.3776 101.604 1.5
      vertex 21.4052 101.647 1
      vertex 21.4052 101.647 1.5
    endloop
  endfacet
  facet normal 0.84156 -0.540164 0
    outer loop
      vertex 21.4052 101.647 1
      vertex 21.3776 101.604 1.5
      vertex 21.3776 101.604 1
    endloop
  endfacet
  facet normal 0.796345 -0.604843 0
    outer loop
      vertex 21.4052 101.647 1.5
      vertex 21.4371 101.689 1
      vertex 21.4371 101.689 1.5
    endloop
  endfacet
  facet normal 0.796345 -0.604843 0
    outer loop
      vertex 21.4371 101.689 1
      vertex 21.4052 101.647 1.5
      vertex 21.4052 101.647 1
    endloop
  endfacet
  facet normal 0.741448 -0.67101 0
    outer loop
      vertex 21.4371 101.689 1.5
      vertex 21.4733 101.729 1
      vertex 21.4733 101.729 1.5
    endloop
  endfacet
  facet normal 0.741448 -0.67101 0
    outer loop
      vertex 21.4733 101.729 1
      vertex 21.4371 101.689 1.5
      vertex 21.4371 101.689 1
    endloop
  endfacet
  facet normal 0.702589 -0.711596 0
    outer loop
      vertex 21.4733 101.729 1
      vertex 21.5128 101.768 1.5
      vertex 21.4733 101.729 1.5
    endloop
  endfacet
  facet normal 0.702589 -0.711596 0
    outer loop
      vertex 21.5128 101.768 1.5
      vertex 21.4733 101.729 1
      vertex 21.5128 101.768 1
    endloop
  endfacet
  facet normal 0.671792 -0.740739 0
    outer loop
      vertex 21.5128 101.768 1
      vertex 21.5547 101.806 1.5
      vertex 21.5128 101.768 1.5
    endloop
  endfacet
  facet normal 0.671792 -0.740739 0
    outer loop
      vertex 21.5547 101.806 1.5
      vertex 21.5128 101.768 1
      vertex 21.5547 101.806 1
    endloop
  endfacet
  facet normal 0.628947 -0.777448 0
    outer loop
      vertex 21.5547 101.806 1
      vertex 21.5992 101.842 1.5
      vertex 21.5547 101.806 1.5
    endloop
  endfacet
  facet normal 0.628947 -0.777448 0
    outer loop
      vertex 21.5992 101.842 1.5
      vertex 21.5547 101.806 1
      vertex 21.5992 101.842 1
    endloop
  endfacet
  facet normal 0.598084 -0.801433 0
    outer loop
      vertex 21.5992 101.842 1
      vertex 21.6461 101.877 1.5
      vertex 21.5992 101.842 1.5
    endloop
  endfacet
  facet normal 0.598084 -0.801433 0
    outer loop
      vertex 21.6461 101.877 1.5
      vertex 21.5992 101.842 1
      vertex 21.6461 101.877 1
    endloop
  endfacet
  facet normal 0.566953 -0.82375 0
    outer loop
      vertex 21.6461 101.877 1
      vertex 21.6955 101.911 1.5
      vertex 21.6461 101.877 1.5
    endloop
  endfacet
  facet normal 0.566953 -0.82375 0
    outer loop
      vertex 21.6955 101.911 1.5
      vertex 21.6461 101.877 1
      vertex 21.6955 101.911 1
    endloop
  endfacet
  facet normal 0.537297 -0.843393 0
    outer loop
      vertex 21.6955 101.911 1
      vertex 21.7473 101.944 1.5
      vertex 21.6955 101.911 1.5
    endloop
  endfacet
  facet normal 0.537297 -0.843393 0
    outer loop
      vertex 21.7473 101.944 1.5
      vertex 21.6955 101.911 1
      vertex 21.7473 101.944 1
    endloop
  endfacet
  facet normal 0.495107 -0.868832 0
    outer loop
      vertex 21.7473 101.944 1
      vertex 21.8017 101.975 1.5
      vertex 21.7473 101.944 1.5
    endloop
  endfacet
  facet normal 0.495107 -0.868832 0
    outer loop
      vertex 21.8017 101.975 1.5
      vertex 21.7473 101.944 1
      vertex 21.8017 101.975 1
    endloop
  endfacet
  facet normal 0.479069 -0.877777 0
    outer loop
      vertex 21.8017 101.975 1
      vertex 21.8585 102.006 1.5
      vertex 21.8017 101.975 1.5
    endloop
  endfacet
  facet normal 0.479069 -0.877777 0
    outer loop
      vertex 21.8585 102.006 1.5
      vertex 21.8017 101.975 1
      vertex 21.8585 102.006 1
    endloop
  endfacet
  facet normal 0.439917 -0.898038 0
    outer loop
      vertex 21.8585 102.006 1
      vertex 21.9177 102.035 1.5
      vertex 21.8585 102.006 1.5
    endloop
  endfacet
  facet normal 0.439917 -0.898038 0
    outer loop
      vertex 21.9177 102.035 1.5
      vertex 21.8585 102.006 1
      vertex 21.9177 102.035 1
    endloop
  endfacet
  facet normal 0.40199 -0.915644 0
    outer loop
      vertex 21.9177 102.035 1
      vertex 21.9792 102.062 1.5
      vertex 21.9177 102.035 1.5
    endloop
  endfacet
  facet normal 0.40199 -0.915644 0
    outer loop
      vertex 21.9792 102.062 1.5
      vertex 21.9177 102.035 1
      vertex 21.9792 102.062 1
    endloop
  endfacet
  facet normal 0.379428 -0.925221 0
    outer loop
      vertex 21.9792 102.062 1
      vertex 22.0426 102.088 1.5
      vertex 21.9792 102.062 1.5
    endloop
  endfacet
  facet normal 0.379428 -0.925221 0
    outer loop
      vertex 22.0426 102.088 1.5
      vertex 21.9792 102.062 1
      vertex 22.0426 102.088 1
    endloop
  endfacet
  facet normal 0.357541 -0.933897 0
    outer loop
      vertex 22.0426 102.088 1
      vertex 22.1079 102.113 1.5
      vertex 22.0426 102.088 1.5
    endloop
  endfacet
  facet normal 0.357541 -0.933897 0
    outer loop
      vertex 22.1079 102.113 1.5
      vertex 22.0426 102.088 1
      vertex 22.1079 102.113 1
    endloop
  endfacet
  facet normal 0.311132 -0.950367 0
    outer loop
      vertex 22.1079 102.113 1
      vertex 22.1751 102.135 1.5
      vertex 22.1079 102.113 1.5
    endloop
  endfacet
  facet normal 0.311132 -0.950367 0
    outer loop
      vertex 22.1751 102.135 1.5
      vertex 22.1079 102.113 1
      vertex 22.1751 102.135 1
    endloop
  endfacet
  facet normal 0.290776 -0.956791 0
    outer loop
      vertex 22.1751 102.135 1
      vertex 22.2442 102.156 1.5
      vertex 22.1751 102.135 1.5
    endloop
  endfacet
  facet normal 0.290776 -0.956791 0
    outer loop
      vertex 22.2442 102.156 1.5
      vertex 22.1751 102.135 1
      vertex 22.2442 102.156 1
    endloop
  endfacet
  facet normal 0.25817 -0.966099 0
    outer loop
      vertex 22.2442 102.156 1
      vertex 22.3153 102.175 1.5
      vertex 22.2442 102.156 1.5
    endloop
  endfacet
  facet normal 0.25817 -0.966099 0
    outer loop
      vertex 22.3153 102.175 1.5
      vertex 22.2442 102.156 1
      vertex 22.3153 102.175 1
    endloop
  endfacet
  facet normal 0.239714 -0.970843 0
    outer loop
      vertex 22.3153 102.175 1
      vertex 22.3882 102.193 1.5
      vertex 22.3153 102.175 1.5
    endloop
  endfacet
  facet normal 0.239714 -0.970843 0
    outer loop
      vertex 22.3882 102.193 1.5
      vertex 22.3153 102.175 1
      vertex 22.3882 102.193 1
    endloop
  endfacet
  facet normal 0.208638 -0.977993 0
    outer loop
      vertex 22.3882 102.193 1
      vertex 22.4632 102.209 1.5
      vertex 22.3882 102.193 1.5
    endloop
  endfacet
  facet normal 0.208638 -0.977993 0
    outer loop
      vertex 22.4632 102.209 1.5
      vertex 22.3882 102.193 1
      vertex 22.4632 102.209 1
    endloop
  endfacet
  facet normal 0.191691 -0.981455 0
    outer loop
      vertex 22.4632 102.209 1
      vertex 22.54 102.224 1.5
      vertex 22.4632 102.209 1.5
    endloop
  endfacet
  facet normal 0.191691 -0.981455 0
    outer loop
      vertex 22.54 102.224 1.5
      vertex 22.4632 102.209 1
      vertex 22.54 102.224 1
    endloop
  endfacet
  facet normal 0.152631 -0.988283 0
    outer loop
      vertex 22.54 102.224 1
      vertex 22.6177 102.236 1.5
      vertex 22.54 102.224 1.5
    endloop
  endfacet
  facet normal 0.152631 -0.988283 0
    outer loop
      vertex 22.6177 102.236 1.5
      vertex 22.54 102.224 1
      vertex 22.6177 102.236 1
    endloop
  endfacet
  facet normal 0.152823 -0.988254 0
    outer loop
      vertex 22.6177 102.236 1
      vertex 22.6953 102.248 1.5
      vertex 22.6177 102.236 1.5
    endloop
  endfacet
  facet normal 0.152823 -0.988254 0
    outer loop
      vertex 22.6953 102.248 1.5
      vertex 22.6177 102.236 1
      vertex 22.6953 102.248 1
    endloop
  endfacet
  facet normal 0.128134 -0.991757 0
    outer loop
      vertex 22.6953 102.248 1
      vertex 22.7727 102.258 1.5
      vertex 22.6953 102.248 1.5
    endloop
  endfacet
  facet normal 0.128134 -0.991757 0
    outer loop
      vertex 22.7727 102.258 1.5
      vertex 22.6953 102.248 1
      vertex 22.7727 102.258 1
    endloop
  endfacet
  facet normal 0.102943 -0.994687 0
    outer loop
      vertex 22.7727 102.258 1
      vertex 22.85 102.266 1.5
      vertex 22.7727 102.258 1.5
    endloop
  endfacet
  facet normal 0.102943 -0.994687 0
    outer loop
      vertex 22.85 102.266 1.5
      vertex 22.7727 102.258 1
      vertex 22.85 102.266 1
    endloop
  endfacet
  facet normal 0.0904193 -0.995904 0
    outer loop
      vertex 22.85 102.266 1
      vertex 22.9271 102.273 1.5
      vertex 22.85 102.266 1.5
    endloop
  endfacet
  facet normal 0.0904193 -0.995904 0
    outer loop
      vertex 22.9271 102.273 1.5
      vertex 22.85 102.266 1
      vertex 22.9271 102.273 1
    endloop
  endfacet
  facet normal 0.0647149 -0.997904 0
    outer loop
      vertex 22.9271 102.273 1
      vertex 23.0042 102.278 1.5
      vertex 22.9271 102.273 1.5
    endloop
  endfacet
  facet normal 0.0647149 -0.997904 0
    outer loop
      vertex 23.0042 102.278 1.5
      vertex 22.9271 102.273 1
      vertex 23.0042 102.278 1
    endloop
  endfacet
  facet normal 0.0520128 -0.998646 0
    outer loop
      vertex 23.0042 102.278 1
      vertex 23.081 102.282 1.5
      vertex 23.0042 102.278 1.5
    endloop
  endfacet
  facet normal 0.0520128 -0.998646 0
    outer loop
      vertex 23.081 102.282 1.5
      vertex 23.0042 102.278 1
      vertex 23.081 102.282 1
    endloop
  endfacet
  facet normal 0.0260328 -0.999661 0
    outer loop
      vertex 23.081 102.282 1
      vertex 23.1578 102.284 1.5
      vertex 23.081 102.282 1.5
    endloop
  endfacet
  facet normal 0.0260328 -0.999661 0
    outer loop
      vertex 23.1578 102.284 1.5
      vertex 23.081 102.282 1
      vertex 23.1578 102.284 1
    endloop
  endfacet
  facet normal 0.0130537 -0.999915 0
    outer loop
      vertex 23.1578 102.284 1
      vertex 23.2344 102.285 1.5
      vertex 23.1578 102.284 1.5
    endloop
  endfacet
  facet normal 0.0130537 -0.999915 0
    outer loop
      vertex 23.2344 102.285 1.5
      vertex 23.1578 102.284 1
      vertex 23.2344 102.285 1
    endloop
  endfacet
  facet normal 0.999634 -0.0270489 0
    outer loop
      vertex 23.2344 102.285 1.5
      vertex 23.2367 102.37 1
      vertex 23.2367 102.37 1.5
    endloop
  endfacet
  facet normal 0.999634 -0.0270489 0
    outer loop
      vertex 23.2367 102.37 1
      vertex 23.2344 102.285 1.5
      vertex 23.2344 102.285 1
    endloop
  endfacet
  facet normal 0.999717 -0.0238028 0
    outer loop
      vertex 23.2367 102.37 1.5
      vertex 23.2387 102.454 1
      vertex 23.2387 102.454 1.5
    endloop
  endfacet
  facet normal 0.999717 -0.0238028 0
    outer loop
      vertex 23.2387 102.454 1
      vertex 23.2367 102.37 1.5
      vertex 23.2367 102.37 1
    endloop
  endfacet
  facet normal 0.999753 -0.0222167 0
    outer loop
      vertex 23.2387 102.454 1.5
      vertex 23.2405 102.535 1
      vertex 23.2405 102.535 1.5
    endloop
  endfacet
  facet normal 0.999753 -0.0222167 0
    outer loop
      vertex 23.2405 102.535 1
      vertex 23.2387 102.454 1.5
      vertex 23.2387 102.454 1
    endloop
  endfacet
  facet normal 0.999824 -0.0187467 0
    outer loop
      vertex 23.2405 102.535 1.5
      vertex 23.242 102.615 1
      vertex 23.242 102.615 1.5
    endloop
  endfacet
  facet normal 0.999824 -0.0187467 0
    outer loop
      vertex 23.242 102.615 1
      vertex 23.2405 102.535 1.5
      vertex 23.2405 102.535 1
    endloop
  endfacet
  facet normal 0.999879 -0.0155825 0
    outer loop
      vertex 23.242 102.615 1.5
      vertex 23.2432 102.692 1
      vertex 23.2432 102.692 1.5
    endloop
  endfacet
  facet normal 0.999879 -0.0155825 0
    outer loop
      vertex 23.2432 102.692 1
      vertex 23.242 102.615 1.5
      vertex 23.242 102.615 1
    endloop
  endfacet
  facet normal 0.999913 -0.0131568 0
    outer loop
      vertex 23.2432 102.692 1.5
      vertex 23.2442 102.768 1
      vertex 23.2442 102.768 1.5
    endloop
  endfacet
  facet normal 0.999913 -0.0131568 0
    outer loop
      vertex 23.2442 102.768 1
      vertex 23.2432 102.692 1.5
      vertex 23.2432 102.692 1
    endloop
  endfacet
  facet normal 0.999955 -0.00945904 0
    outer loop
      vertex 23.2442 102.768 1.5
      vertex 23.2449 102.842 1
      vertex 23.2449 102.842 1.5
    endloop
  endfacet
  facet normal 0.999955 -0.00945904 0
    outer loop
      vertex 23.2449 102.842 1
      vertex 23.2442 102.768 1.5
      vertex 23.2442 102.768 1
    endloop
  endfacet
  facet normal 0.999985 -0.00555547 0
    outer loop
      vertex 23.2449 102.842 1.5
      vertex 23.2453 102.914 1
      vertex 23.2453 102.914 1.5
    endloop
  endfacet
  facet normal 0.999985 -0.00555547 0
    outer loop
      vertex 23.2453 102.914 1
      vertex 23.2449 102.842 1.5
      vertex 23.2449 102.842 1
    endloop
  endfacet
  facet normal 0.999999 -0.00142857 0
    outer loop
      vertex 23.2453 102.914 1.5
      vertex 23.2454 102.984 1
      vertex 23.2454 102.984 1.5
    endloop
  endfacet
  facet normal 0.999999 -0.00142857 0
    outer loop
      vertex 23.2454 102.984 1
      vertex 23.2453 102.914 1.5
      vertex 23.2453 102.914 1
    endloop
  endfacet
  facet normal 1 -0 0
    outer loop
      vertex 23.2454 102.984 1.5
      vertex 23.2454 103.456 1
      vertex 23.2454 103.456 1.5
    endloop
  endfacet
  facet normal 1 0 0
    outer loop
      vertex 23.2454 103.456 1
      vertex 23.2454 102.984 1.5
      vertex 23.2454 102.984 1
    endloop
  endfacet
  facet normal 0.999998 0.00222222 0
    outer loop
      vertex 23.2454 103.456 1.5
      vertex 23.2453 103.501 1
      vertex 23.2453 103.501 1.5
    endloop
  endfacet
  facet normal 0.999998 0.00222222 0
    outer loop
      vertex 23.2453 103.501 1
      vertex 23.2454 103.456 1.5
      vertex 23.2454 103.456 1
    endloop
  endfacet
  facet normal 0.99995 0.0099995 0
    outer loop
      vertex 23.2453 103.501 1.5
      vertex 23.2449 103.541 1
      vertex 23.2449 103.541 1.5
    endloop
  endfacet
  facet normal 0.99995 0.0099995 0
    outer loop
      vertex 23.2449 103.541 1
      vertex 23.2453 103.501 1.5
      vertex 23.2453 103.501 1
    endloop
  endfacet
  facet normal 0.9998 0.019996 0
    outer loop
      vertex 23.2449 103.541 1.5
      vertex 23.2442 103.576 1
      vertex 23.2442 103.576 1.5
    endloop
  endfacet
  facet normal 0.9998 0.019996 0
    outer loop
      vertex 23.2442 103.576 1
      vertex 23.2449 103.541 1.5
      vertex 23.2449 103.541 1
    endloop
  endfacet
  facet normal 0.999406 0.0344623 0
    outer loop
      vertex 23.2442 103.576 1.5
      vertex 23.2432 103.605 1
      vertex 23.2432 103.605 1.5
    endloop
  endfacet
  facet normal 0.999406 0.0344623 0
    outer loop
      vertex 23.2432 103.605 1
      vertex 23.2442 103.576 1.5
      vertex 23.2442 103.576 1
    endloop
  endfacet
  facet normal 0.99885 0.0479448 0
    outer loop
      vertex 23.2432 103.605 1.5
      vertex 23.242 103.63 1
      vertex 23.242 103.63 1.5
    endloop
  endfacet
  facet normal 0.99885 0.0479448 0
    outer loop
      vertex 23.242 103.63 1
      vertex 23.2432 103.605 1.5
      vertex 23.2432 103.605 1
    endloop
  endfacet
  facet normal 0.996546 0.0830455 0
    outer loop
      vertex 23.242 103.63 1.5
      vertex 23.2405 103.648 1
      vertex 23.2405 103.648 1.5
    endloop
  endfacet
  facet normal 0.996546 0.0830455 0
    outer loop
      vertex 23.2405 103.648 1
      vertex 23.242 103.63 1.5
      vertex 23.242 103.63 1
    endloop
  endfacet
  facet normal 0.991836 0.127522 0
    outer loop
      vertex 23.2405 103.648 1.5
      vertex 23.2387 103.662 1
      vertex 23.2387 103.662 1.5
    endloop
  endfacet
  facet normal 0.991836 0.127522 0
    outer loop
      vertex 23.2387 103.662 1
      vertex 23.2405 103.648 1.5
      vertex 23.2405 103.648 1
    endloop
  endfacet
  facet normal 0.970143 0.242536 0
    outer loop
      vertex 23.2387 103.662 1.5
      vertex 23.2367 103.67 1
      vertex 23.2367 103.67 1.5
    endloop
  endfacet
  facet normal 0.970143 0.242536 0
    outer loop
      vertex 23.2367 103.67 1
      vertex 23.2387 103.662 1.5
      vertex 23.2387 103.662 1
    endloop
  endfacet
  facet normal 0.656179 0.754606 0
    outer loop
      vertex 23.2367 103.67 1.5
      vertex 23.2344 103.672 1
      vertex 23.2344 103.672 1.5
    endloop
  endfacet
  facet normal 0.656179 0.754606 0
    outer loop
      vertex 23.2344 103.672 1
      vertex 23.2367 103.67 1.5
      vertex 23.2367 103.67 1
    endloop
  endfacet
  facet normal -0.0155623 0.999879 0
    outer loop
      vertex 23.2344 103.672 1
      vertex 23.1059 103.67 1.5
      vertex 23.2344 103.672 1.5
    endloop
  endfacet
  facet normal -0.0155623 0.999879 0
    outer loop
      vertex 23.1059 103.67 1.5
      vertex 23.2344 103.672 1
      vertex 23.1059 103.67 1
    endloop
  endfacet
  facet normal -0.0543519 0.998522 0
    outer loop
      vertex 23.1059 103.67 1
      vertex 22.9773 103.663 1.5
      vertex 23.1059 103.67 1.5
    endloop
  endfacet
  facet normal -0.0543519 0.998522 0
    outer loop
      vertex 22.9773 103.663 1.5
      vertex 23.1059 103.67 1
      vertex 22.9773 103.663 1
    endloop
  endfacet
  facet normal -0.0774666 0.996995 0
    outer loop
      vertex 22.9773 103.663 1
      vertex 22.8486 103.653 1.5
      vertex 22.9773 103.663 1.5
    endloop
  endfacet
  facet normal -0.0774666 0.996995 0
    outer loop
      vertex 22.8486 103.653 1.5
      vertex 22.9773 103.663 1
      vertex 22.8486 103.653 1
    endloop
  endfacet
  facet normal -0.123182 0.992384 0
    outer loop
      vertex 22.8486 103.653 1
      vertex 22.7197 103.637 1.5
      vertex 22.8486 103.653 1.5
    endloop
  endfacet
  facet normal -0.123182 0.992384 0
    outer loop
      vertex 22.7197 103.637 1.5
      vertex 22.8486 103.653 1
      vertex 22.7197 103.637 1
    endloop
  endfacet
  facet normal -0.153208 0.988194 0
    outer loop
      vertex 22.7197 103.637 1
      vertex 22.5907 103.617 1.5
      vertex 22.7197 103.637 1.5
    endloop
  endfacet
  facet normal -0.153208 0.988194 0
    outer loop
      vertex 22.5907 103.617 1.5
      vertex 22.7197 103.637 1
      vertex 22.5907 103.617 1
    endloop
  endfacet
  facet normal -0.182771 0.983156 0
    outer loop
      vertex 22.5907 103.617 1
      vertex 22.4616 103.593 1.5
      vertex 22.5907 103.617 1.5
    endloop
  endfacet
  facet normal -0.182771 0.983156 0
    outer loop
      vertex 22.4616 103.593 1.5
      vertex 22.5907 103.617 1
      vertex 22.4616 103.593 1
    endloop
  endfacet
  facet normal -0.211645 0.977347 0
    outer loop
      vertex 22.4616 103.593 1
      vertex 22.3323 103.565 1.5
      vertex 22.4616 103.593 1.5
    endloop
  endfacet
  facet normal -0.211645 0.977347 0
    outer loop
      vertex 22.3323 103.565 1.5
      vertex 22.4616 103.593 1
      vertex 22.3323 103.565 1
    endloop
  endfacet
  facet normal -0.247114 0.968986 0
    outer loop
      vertex 22.3323 103.565 1
      vertex 22.2029 103.532 1.5
      vertex 22.3323 103.565 1.5
    endloop
  endfacet
  facet normal -0.247114 0.968986 0
    outer loop
      vertex 22.2029 103.532 1.5
      vertex 22.3323 103.565 1
      vertex 22.2029 103.532 1
    endloop
  endfacet
  facet normal -0.281364 0.959601 0
    outer loop
      vertex 22.2029 103.532 1
      vertex 22.0733 103.494 1.5
      vertex 22.2029 103.532 1.5
    endloop
  endfacet
  facet normal -0.281364 0.959601 0
    outer loop
      vertex 22.0733 103.494 1.5
      vertex 22.2029 103.532 1
      vertex 22.0733 103.494 1
    endloop
  endfacet
  facet normal -0.304614 0.952476 0
    outer loop
      vertex 22.0733 103.494 1
      vertex 21.9451 103.453 1.5
      vertex 22.0733 103.494 1.5
    endloop
  endfacet
  facet normal -0.304614 0.952476 0
    outer loop
      vertex 21.9451 103.453 1.5
      vertex 22.0733 103.494 1
      vertex 21.9451 103.453 1
    endloop
  endfacet
  facet normal -0.331559 0.943435 0
    outer loop
      vertex 21.9451 103.453 1
      vertex 21.8199 103.409 1.5
      vertex 21.9451 103.453 1.5
    endloop
  endfacet
  facet normal -0.331559 0.943435 0
    outer loop
      vertex 21.8199 103.409 1.5
      vertex 21.9451 103.453 1
      vertex 21.8199 103.409 1
    endloop
  endfacet
  facet normal -0.364829 0.931074 0
    outer loop
      vertex 21.8199 103.409 1
      vertex 21.6974 103.361 1.5
      vertex 21.8199 103.409 1.5
    endloop
  endfacet
  facet normal -0.364829 0.931074 0
    outer loop
      vertex 21.6974 103.361 1.5
      vertex 21.8199 103.409 1
      vertex 21.6974 103.361 1
    endloop
  endfacet
  facet normal -0.392525 0.919741 0
    outer loop
      vertex 21.6974 103.361 1
      vertex 21.5779 103.31 1.5
      vertex 21.6974 103.361 1.5
    endloop
  endfacet
  facet normal -0.392525 0.919741 0
    outer loop
      vertex 21.5779 103.31 1.5
      vertex 21.6974 103.361 1
      vertex 21.5779 103.31 1
    endloop
  endfacet
  facet normal -0.419946 0.907549 0
    outer loop
      vertex 21.5779 103.31 1
      vertex 21.4612 103.256 1.5
      vertex 21.5779 103.31 1.5
    endloop
  endfacet
  facet normal -0.419946 0.907549 0
    outer loop
      vertex 21.4612 103.256 1.5
      vertex 21.5779 103.31 1
      vertex 21.4612 103.256 1
    endloop
  endfacet
  facet normal -0.454407 0.890794 0
    outer loop
      vertex 21.4612 103.256 1
      vertex 21.3475 103.198 1.5
      vertex 21.4612 103.256 1.5
    endloop
  endfacet
  facet normal -0.454407 0.890794 0
    outer loop
      vertex 21.3475 103.198 1.5
      vertex 21.4612 103.256 1
      vertex 21.3475 103.198 1
    endloop
  endfacet
  facet normal -0.481949 0.876199 0
    outer loop
      vertex 21.3475 103.198 1
      vertex 21.2366 103.137 1.5
      vertex 21.3475 103.198 1.5
    endloop
  endfacet
  facet normal -0.481949 0.876199 0
    outer loop
      vertex 21.2366 103.137 1.5
      vertex 21.3475 103.198 1
      vertex 21.2366 103.137 1
    endloop
  endfacet
  facet normal -0.509453 0.860498 0
    outer loop
      vertex 21.2366 103.137 1
      vertex 21.1285 103.073 1.5
      vertex 21.2366 103.137 1.5
    endloop
  endfacet
  facet normal -0.509453 0.860498 0
    outer loop
      vertex 21.1285 103.073 1.5
      vertex 21.2366 103.137 1
      vertex 21.1285 103.073 1
    endloop
  endfacet
  facet normal -0.543218 0.839592 0
    outer loop
      vertex 21.1285 103.073 1
      vertex 21.0234 103.005 1.5
      vertex 21.1285 103.073 1.5
    endloop
  endfacet
  facet normal -0.543218 0.839592 0
    outer loop
      vertex 21.0234 103.005 1.5
      vertex 21.1285 103.073 1
      vertex 21.0234 103.005 1
    endloop
  endfacet
  facet normal -0.567354 0.823474 0
    outer loop
      vertex 21.0234 103.005 1
      vertex 20.9218 102.935 1.5
      vertex 21.0234 103.005 1.5
    endloop
  endfacet
  facet normal -0.567354 0.823474 0
    outer loop
      vertex 20.9218 102.935 1.5
      vertex 21.0234 103.005 1
      vertex 20.9218 102.935 1
    endloop
  endfacet
  facet normal -0.605353 0.795957 0
    outer loop
      vertex 20.9218 102.935 1
      vertex 20.8245 102.861 1.5
      vertex 20.9218 102.935 1.5
    endloop
  endfacet
  facet normal -0.605353 0.795957 0
    outer loop
      vertex 20.8245 102.861 1.5
      vertex 20.9218 102.935 1
      vertex 20.8245 102.861 1
    endloop
  endfacet
  facet normal -0.637331 0.770591 0
    outer loop
      vertex 20.8245 102.861 1
      vertex 20.7314 102.784 1.5
      vertex 20.8245 102.861 1.5
    endloop
  endfacet
  facet normal -0.637331 0.770591 0
    outer loop
      vertex 20.7314 102.784 1.5
      vertex 20.8245 102.861 1
      vertex 20.7314 102.784 1
    endloop
  endfacet
  facet normal -0.664677 0.747131 0
    outer loop
      vertex 20.7314 102.784 1
      vertex 20.6426 102.705 1.5
      vertex 20.7314 102.784 1.5
    endloop
  endfacet
  facet normal -0.664677 0.747131 0
    outer loop
      vertex 20.6426 102.705 1.5
      vertex 20.7314 102.784 1
      vertex 20.6426 102.705 1
    endloop
  endfacet
  facet normal -0.700746 0.71341 0
    outer loop
      vertex 20.6426 102.705 1
      vertex 20.5581 102.622 1.5
      vertex 20.6426 102.705 1.5
    endloop
  endfacet
  facet normal -0.700746 0.71341 0
    outer loop
      vertex 20.5581 102.622 1.5
      vertex 20.6426 102.705 1
      vertex 20.5581 102.622 1
    endloop
  endfacet
  facet normal -0.73049 0.682923 0
    outer loop
      vertex 20.4777 102.536 1
      vertex 20.5581 102.622 1.5
      vertex 20.5581 102.622 1
    endloop
  endfacet
  facet normal -0.73049 0.682923 0
    outer loop
      vertex 20.5581 102.622 1.5
      vertex 20.4777 102.536 1
      vertex 20.4777 102.536 1.5
    endloop
  endfacet
  facet normal -0.756823 0.65362 0
    outer loop
      vertex 20.4017 102.448 1
      vertex 20.4777 102.536 1.5
      vertex 20.4777 102.536 1
    endloop
  endfacet
  facet normal -0.756823 0.65362 0
    outer loop
      vertex 20.4777 102.536 1.5
      vertex 20.4017 102.448 1
      vertex 20.4017 102.448 1.5
    endloop
  endfacet
  facet normal -0.78792 0.615777 0
    outer loop
      vertex 20.3298 102.356 1
      vertex 20.4017 102.448 1.5
      vertex 20.4017 102.448 1
    endloop
  endfacet
  facet normal -0.78792 0.615777 0
    outer loop
      vertex 20.4017 102.448 1.5
      vertex 20.3298 102.356 1
      vertex 20.3298 102.356 1.5
    endloop
  endfacet
  facet normal -0.81518 0.579207 0
    outer loop
      vertex 20.2623 102.261 1
      vertex 20.3298 102.356 1.5
      vertex 20.3298 102.356 1
    endloop
  endfacet
  facet normal -0.81518 0.579207 0
    outer loop
      vertex 20.3298 102.356 1.5
      vertex 20.2623 102.261 1
      vertex 20.2623 102.261 1.5
    endloop
  endfacet
  facet normal -0.843375 0.537325 0
    outer loop
      vertex 20.2005 102.164 1
      vertex 20.2623 102.261 1.5
      vertex 20.2623 102.261 1
    endloop
  endfacet
  facet normal -0.843375 0.537325 0
    outer loop
      vertex 20.2623 102.261 1.5
      vertex 20.2005 102.164 1
      vertex 20.2005 102.164 1.5
    endloop
  endfacet
  facet normal -0.878063 0.478544 0
    outer loop
      vertex 20.146 102.064 1
      vertex 20.2005 102.164 1.5
      vertex 20.2005 102.164 1
    endloop
  endfacet
  facet normal -0.878063 0.478544 0
    outer loop
      vertex 20.2005 102.164 1.5
      vertex 20.146 102.064 1
      vertex 20.146 102.064 1.5
    endloop
  endfacet
  facet normal -0.90561 0.424112 0
    outer loop
      vertex 20.0987 101.963 1
      vertex 20.146 102.064 1.5
      vertex 20.146 102.064 1
    endloop
  endfacet
  facet normal -0.90561 0.424112 0
    outer loop
      vertex 20.146 102.064 1.5
      vertex 20.0987 101.963 1
      vertex 20.0987 101.963 1.5
    endloop
  endfacet
  facet normal -0.932174 0.362009 0
    outer loop
      vertex 20.0587 101.86 1
      vertex 20.0987 101.963 1.5
      vertex 20.0987 101.963 1
    endloop
  endfacet
  facet normal -0.932174 0.362009 0
    outer loop
      vertex 20.0987 101.963 1.5
      vertex 20.0587 101.86 1
      vertex 20.0587 101.86 1.5
    endloop
  endfacet
  facet normal -0.954771 0.297343 0
    outer loop
      vertex 20.026 101.755 1
      vertex 20.0587 101.86 1.5
      vertex 20.0587 101.86 1
    endloop
  endfacet
  facet normal -0.954771 0.297343 0
    outer loop
      vertex 20.0587 101.86 1.5
      vertex 20.026 101.755 1
      vertex 20.026 101.755 1.5
    endloop
  endfacet
  facet normal -0.972471 0.233026 0
    outer loop
      vertex 20.0006 101.649 1
      vertex 20.026 101.755 1.5
      vertex 20.026 101.755 1
    endloop
  endfacet
  facet normal -0.972471 0.233026 0
    outer loop
      vertex 20.026 101.755 1.5
      vertex 20.0006 101.649 1
      vertex 20.0006 101.649 1.5
    endloop
  endfacet
  facet normal -0.986345 0.164692 0
    outer loop
      vertex 19.9824 101.54 1
      vertex 20.0006 101.649 1.5
      vertex 20.0006 101.649 1
    endloop
  endfacet
  facet normal -0.986345 0.164692 0
    outer loop
      vertex 20.0006 101.649 1.5
      vertex 19.9824 101.54 1
      vertex 19.9824 101.54 1.5
    endloop
  endfacet
  facet normal -0.995213 0.0977281 0
    outer loop
      vertex 19.9715 101.429 1
      vertex 19.9824 101.54 1.5
      vertex 19.9824 101.54 1
    endloop
  endfacet
  facet normal -0.995213 0.0977281 0
    outer loop
      vertex 19.9824 101.54 1.5
      vertex 19.9715 101.429 1
      vertex 19.9715 101.429 1.5
    endloop
  endfacet
  facet normal -0.999493 0.0318423 0
    outer loop
      vertex 19.9679 101.316 1
      vertex 19.9715 101.429 1.5
      vertex 19.9715 101.429 1
    endloop
  endfacet
  facet normal -0.999493 0.0318423 0
    outer loop
      vertex 19.9715 101.429 1.5
      vertex 19.9679 101.316 1
      vertex 19.9679 101.316 1.5
    endloop
  endfacet
  facet normal -0.999871 -0.0160357 0
    outer loop
      vertex 19.9696 101.21 1
      vertex 19.9679 101.316 1.5
      vertex 19.9679 101.316 1
    endloop
  endfacet
  facet normal -0.999871 -0.0160357 0
    outer loop
      vertex 19.9679 101.316 1.5
      vertex 19.9696 101.21 1
      vertex 19.9696 101.21 1.5
    endloop
  endfacet
  facet normal -0.998776 -0.049454 0
    outer loop
      vertex 19.9747 101.107 1
      vertex 19.9696 101.21 1.5
      vertex 19.9696 101.21 1
    endloop
  endfacet
  facet normal -0.998776 -0.049454 0
    outer loop
      vertex 19.9696 101.21 1.5
      vertex 19.9747 101.107 1
      vertex 19.9747 101.107 1.5
    endloop
  endfacet
  facet normal -0.996248 -0.0865428 0
    outer loop
      vertex 19.9833 101.008 1
      vertex 19.9747 101.107 1.5
      vertex 19.9747 101.107 1
    endloop
  endfacet
  facet normal -0.996248 -0.0865428 0
    outer loop
      vertex 19.9747 101.107 1.5
      vertex 19.9833 101.008 1
      vertex 19.9833 101.008 1.5
    endloop
  endfacet
  facet normal -0.992116 -0.12532 0
    outer loop
      vertex 19.9953 100.913 1
      vertex 19.9833 101.008 1.5
      vertex 19.9833 101.008 1
    endloop
  endfacet
  facet normal -0.992116 -0.12532 0
    outer loop
      vertex 19.9833 101.008 1.5
      vertex 19.9953 100.913 1
      vertex 19.9953 100.913 1.5
    endloop
  endfacet
  facet normal -0.986278 -0.165094 0
    outer loop
      vertex 20.0107 100.821 1
      vertex 19.9953 100.913 1.5
      vertex 19.9953 100.913 1
    endloop
  endfacet
  facet normal -0.986278 -0.165094 0
    outer loop
      vertex 19.9953 100.913 1.5
      vertex 20.0107 100.821 1
      vertex 20.0107 100.821 1.5
    endloop
  endfacet
  facet normal -0.977207 -0.21229 0
    outer loop
      vertex 20.0296 100.734 1
      vertex 20.0107 100.821 1.5
      vertex 20.0107 100.821 1
    endloop
  endfacet
  facet normal -0.977207 -0.21229 0
    outer loop
      vertex 20.0107 100.821 1.5
      vertex 20.0296 100.734 1
      vertex 20.0296 100.734 1.5
    endloop
  endfacet
  facet normal -0.966521 -0.256588 0
    outer loop
      vertex 20.0519 100.65 1
      vertex 20.0296 100.734 1.5
      vertex 20.0296 100.734 1
    endloop
  endfacet
  facet normal -0.966521 -0.256588 0
    outer loop
      vertex 20.0296 100.734 1.5
      vertex 20.0519 100.65 1
      vertex 20.0519 100.65 1.5
    endloop
  endfacet
  facet normal -0.952078 -0.305855 0
    outer loop
      vertex 20.0776 100.57 1
      vertex 20.0519 100.65 1.5
      vertex 20.0519 100.65 1
    endloop
  endfacet
  facet normal -0.952078 -0.305855 0
    outer loop
      vertex 20.0519 100.65 1.5
      vertex 20.0776 100.57 1
      vertex 20.0776 100.57 1.5
    endloop
  endfacet
  facet normal -0.933472 -0.35865 0
    outer loop
      vertex 20.1068 100.494 1
      vertex 20.0776 100.57 1.5
      vertex 20.0776 100.57 1
    endloop
  endfacet
  facet normal -0.933472 -0.35865 0
    outer loop
      vertex 20.0776 100.57 1.5
      vertex 20.1068 100.494 1
      vertex 20.1068 100.494 1.5
    endloop
  endfacet
  facet normal -0.91679 -0.399369 0
    outer loop
      vertex 20.1386 100.421 1
      vertex 20.1068 100.494 1.5
      vertex 20.1068 100.494 1
    endloop
  endfacet
  facet normal -0.91679 -0.399369 0
    outer loop
      vertex 20.1068 100.494 1.5
      vertex 20.1386 100.421 1
      vertex 20.1386 100.421 1.5
    endloop
  endfacet
  facet normal -0.90102 -0.433777 0
    outer loop
      vertex 20.1723 100.351 1
      vertex 20.1386 100.421 1.5
      vertex 20.1386 100.421 1
    endloop
  endfacet
  facet normal -0.90102 -0.433777 0
    outer loop
      vertex 20.1386 100.421 1.5
      vertex 20.1723 100.351 1
      vertex 20.1723 100.351 1.5
    endloop
  endfacet
  facet normal -0.888163 -0.459528 0
    outer loop
      vertex 20.208 100.282 1
      vertex 20.1723 100.351 1.5
      vertex 20.1723 100.351 1
    endloop
  endfacet
  facet normal -0.888163 -0.459528 0
    outer loop
      vertex 20.1723 100.351 1.5
      vertex 20.208 100.282 1
      vertex 20.208 100.282 1.5
    endloop
  endfacet
  facet normal -0.868891 -0.495004 0
    outer loop
      vertex 20.2456 100.216 1
      vertex 20.208 100.282 1.5
      vertex 20.208 100.282 1
    endloop
  endfacet
  facet normal -0.868891 -0.495004 0
    outer loop
      vertex 20.208 100.282 1.5
      vertex 20.2456 100.216 1
      vertex 20.2456 100.216 1.5
    endloop
  endfacet
  facet normal -0.847242 -0.531207 0
    outer loop
      vertex 20.2851 100.153 1
      vertex 20.2456 100.216 1.5
      vertex 20.2456 100.216 1
    endloop
  endfacet
  facet normal -0.847242 -0.531207 0
    outer loop
      vertex 20.2456 100.216 1.5
      vertex 20.2851 100.153 1
      vertex 20.2851 100.153 1.5
    endloop
  endfacet
  facet normal -0.827431 -0.561568 0
    outer loop
      vertex 20.3265 100.092 1
      vertex 20.2851 100.153 1.5
      vertex 20.2851 100.153 1
    endloop
  endfacet
  facet normal -0.827431 -0.561568 0
    outer loop
      vertex 20.2851 100.153 1.5
      vertex 20.3265 100.092 1
      vertex 20.3265 100.092 1.5
    endloop
  endfacet
  facet normal -0.806188 -0.59166 0
    outer loop
      vertex 20.3698 100.033 1
      vertex 20.3265 100.092 1.5
      vertex 20.3265 100.092 1
    endloop
  endfacet
  facet normal -0.806188 -0.59166 0
    outer loop
      vertex 20.3265 100.092 1.5
      vertex 20.3698 100.033 1
      vertex 20.3698 100.033 1.5
    endloop
  endfacet
  facet normal -0.782875 -0.622179 0
    outer loop
      vertex 20.4151 99.976 1
      vertex 20.3698 100.033 1.5
      vertex 20.3698 100.033 1
    endloop
  endfacet
  facet normal -0.782875 -0.622179 0
    outer loop
      vertex 20.3698 100.033 1.5
      vertex 20.4151 99.976 1
      vertex 20.4151 99.976 1.5
    endloop
  endfacet
  facet normal -0.754725 -0.656041 0
    outer loop
      vertex 20.4623 99.9217 1
      vertex 20.4151 99.976 1.5
      vertex 20.4151 99.976 1
    endloop
  endfacet
  facet normal -0.754725 -0.656041 0
    outer loop
      vertex 20.4151 99.976 1.5
      vertex 20.4623 99.9217 1
      vertex 20.4623 99.9217 1.5
    endloop
  endfacet
  facet normal -0.731942 -0.681367 0
    outer loop
      vertex 20.5108 99.8696 1
      vertex 20.4623 99.9217 1.5
      vertex 20.4623 99.9217 1
    endloop
  endfacet
  facet normal -0.731942 -0.681367 0
    outer loop
      vertex 20.4623 99.9217 1.5
      vertex 20.5108 99.8696 1
      vertex 20.5108 99.8696 1.5
    endloop
  endfacet
  facet normal -0.714896 -0.699231 0
    outer loop
      vertex 20.5599 99.8194 1
      vertex 20.5108 99.8696 1.5
      vertex 20.5108 99.8696 1
    endloop
  endfacet
  facet normal -0.714896 -0.699231 0
    outer loop
      vertex 20.5108 99.8696 1.5
      vertex 20.5599 99.8194 1
      vertex 20.5599 99.8194 1.5
    endloop
  endfacet
  facet normal -0.695493 -0.718533 0
    outer loop
      vertex 20.5599 99.8194 1
      vertex 20.6098 99.7711 1.5
      vertex 20.5599 99.8194 1.5
    endloop
  endfacet
  facet normal -0.695493 -0.718533 -0
    outer loop
      vertex 20.6098 99.7711 1.5
      vertex 20.5599 99.8194 1
      vertex 20.6098 99.7711 1
    endloop
  endfacet
  facet normal -0.676583 -0.736367 0
    outer loop
      vertex 20.6098 99.7711 1
      vertex 20.6603 99.7247 1.5
      vertex 20.6098 99.7711 1.5
    endloop
  endfacet
  facet normal -0.676583 -0.736367 -0
    outer loop
      vertex 20.6603 99.7247 1.5
      vertex 20.6098 99.7711 1
      vertex 20.6603 99.7247 1
    endloop
  endfacet
  facet normal -0.654425 -0.756127 0
    outer loop
      vertex 20.6603 99.7247 1
      vertex 20.7116 99.6803 1.5
      vertex 20.6603 99.7247 1.5
    endloop
  endfacet
  facet normal -0.654425 -0.756127 -0
    outer loop
      vertex 20.7116 99.6803 1.5
      vertex 20.6603 99.7247 1
      vertex 20.7116 99.6803 1
    endloop
  endfacet
  facet normal -0.633562 -0.773692 0
    outer loop
      vertex 20.7116 99.6803 1
      vertex 20.7635 99.6378 1.5
      vertex 20.7116 99.6803 1.5
    endloop
  endfacet
  facet normal -0.633562 -0.773692 -0
    outer loop
      vertex 20.7635 99.6378 1.5
      vertex 20.7116 99.6803 1
      vertex 20.7635 99.6378 1
    endloop
  endfacet
  facet normal -0.611019 -0.791616 0
    outer loop
      vertex 20.7635 99.6378 1
      vertex 20.8161 99.5972 1.5
      vertex 20.7635 99.6378 1.5
    endloop
  endfacet
  facet normal -0.611019 -0.791616 -0
    outer loop
      vertex 20.8161 99.5972 1.5
      vertex 20.7635 99.6378 1
      vertex 20.8161 99.5972 1
    endloop
  endfacet
  facet normal -0.58754 -0.809195 0
    outer loop
      vertex 20.8161 99.5972 1
      vertex 20.8694 99.5585 1.5
      vertex 20.8161 99.5972 1.5
    endloop
  endfacet
  facet normal -0.58754 -0.809195 -0
    outer loop
      vertex 20.8694 99.5585 1.5
      vertex 20.8161 99.5972 1
      vertex 20.8694 99.5585 1
    endloop
  endfacet
  facet normal -0.56386 -0.825871 0
    outer loop
      vertex 20.8694 99.5585 1
      vertex 20.9233 99.5217 1.5
      vertex 20.8694 99.5585 1.5
    endloop
  endfacet
  facet normal -0.56386 -0.825871 -0
    outer loop
      vertex 20.9233 99.5217 1.5
      vertex 20.8694 99.5585 1
      vertex 20.9233 99.5217 1
    endloop
  endfacet
  facet normal -0.549332 -0.835604 0
    outer loop
      vertex 20.9233 99.5217 1
      vertex 20.9773 99.4862 1.5
      vertex 20.9233 99.5217 1.5
    endloop
  endfacet
  facet normal -0.549332 -0.835604 -0
    outer loop
      vertex 20.9773 99.4862 1.5
      vertex 20.9233 99.5217 1
      vertex 20.9773 99.4862 1
    endloop
  endfacet
  facet normal -0.548896 -0.835891 0
    outer loop
      vertex 20.9773 99.4862 1
      vertex 21.0306 99.4512 1.5
      vertex 20.9773 99.4862 1.5
    endloop
  endfacet
  facet normal -0.548896 -0.835891 -0
    outer loop
      vertex 21.0306 99.4512 1.5
      vertex 20.9773 99.4862 1
      vertex 21.0306 99.4512 1
    endloop
  endfacet
  facet normal -0.547335 -0.836914 0
    outer loop
      vertex 21.0306 99.4512 1
      vertex 21.0832 99.4168 1.5
      vertex 21.0306 99.4512 1.5
    endloop
  endfacet
  facet normal -0.547335 -0.836914 -0
    outer loop
      vertex 21.0832 99.4168 1.5
      vertex 21.0306 99.4512 1
      vertex 21.0832 99.4168 1
    endloop
  endfacet
  facet normal -0.546858 -0.837225 0
    outer loop
      vertex 21.0832 99.4168 1
      vertex 21.1351 99.3829 1.5
      vertex 21.0832 99.4168 1.5
    endloop
  endfacet
  facet normal -0.546858 -0.837225 -0
    outer loop
      vertex 21.1351 99.3829 1.5
      vertex 21.0832 99.4168 1
      vertex 21.1351 99.3829 1
    endloop
  endfacet
  facet normal -0.54562 -0.838033 0
    outer loop
      vertex 21.1351 99.3829 1
      vertex 21.1864 99.3495 1.5
      vertex 21.1351 99.3829 1.5
    endloop
  endfacet
  facet normal -0.54562 -0.838033 -0
    outer loop
      vertex 21.1864 99.3495 1.5
      vertex 21.1351 99.3829 1
      vertex 21.1864 99.3495 1
    endloop
  endfacet
  facet normal -0.543527 -0.839392 0
    outer loop
      vertex 21.1864 99.3495 1
      vertex 21.2369 99.3168 1.5
      vertex 21.1864 99.3495 1.5
    endloop
  endfacet
  facet normal -0.543527 -0.839392 -0
    outer loop
      vertex 21.2369 99.3168 1.5
      vertex 21.1864 99.3495 1
      vertex 21.2369 99.3168 1
    endloop
  endfacet
  facet normal -0.543391 -0.83948 0
    outer loop
      vertex 21.2369 99.3168 1
      vertex 21.2868 99.2845 1.5
      vertex 21.2369 99.3168 1.5
    endloop
  endfacet
  facet normal -0.543391 -0.83948 -0
    outer loop
      vertex 21.2868 99.2845 1.5
      vertex 21.2369 99.3168 1
      vertex 21.2868 99.2845 1
    endloop
  endfacet
  facet normal -0.541621 -0.840623 0
    outer loop
      vertex 21.2868 99.2845 1
      vertex 21.336 99.2528 1.5
      vertex 21.2868 99.2845 1.5
    endloop
  endfacet
  facet normal -0.541621 -0.840623 -0
    outer loop
      vertex 21.336 99.2528 1.5
      vertex 21.2868 99.2845 1
      vertex 21.336 99.2528 1
    endloop
  endfacet
  facet normal -0.54181 -0.840501 0
    outer loop
      vertex 21.336 99.2528 1
      vertex 21.3844 99.2216 1.5
      vertex 21.336 99.2528 1.5
    endloop
  endfacet
  facet normal -0.54181 -0.840501 -0
    outer loop
      vertex 21.3844 99.2216 1.5
      vertex 21.336 99.2528 1
      vertex 21.3844 99.2216 1
    endloop
  endfacet
  facet normal -0.545673 -0.837998 0
    outer loop
      vertex 21.3844 99.2216 1
      vertex 21.4317 99.1908 1.5
      vertex 21.3844 99.2216 1.5
    endloop
  endfacet
  facet normal -0.545673 -0.837998 -0
    outer loop
      vertex 21.4317 99.1908 1.5
      vertex 21.3844 99.2216 1
      vertex 21.4317 99.1908 1
    endloop
  endfacet
  facet normal -0.561813 -0.827265 0
    outer loop
      vertex 21.4317 99.1908 1
      vertex 21.4772 99.1599 1.5
      vertex 21.4317 99.1908 1.5
    endloop
  endfacet
  facet normal -0.561813 -0.827265 -0
    outer loop
      vertex 21.4772 99.1599 1.5
      vertex 21.4317 99.1908 1
      vertex 21.4772 99.1599 1
    endloop
  endfacet
  facet normal -0.576977 -0.81676 0
    outer loop
      vertex 21.4772 99.1599 1
      vertex 21.5208 99.1291 1.5
      vertex 21.4772 99.1599 1.5
    endloop
  endfacet
  facet normal -0.576977 -0.81676 -0
    outer loop
      vertex 21.5208 99.1291 1.5
      vertex 21.4772 99.1599 1
      vertex 21.5208 99.1291 1
    endloop
  endfacet
  facet normal -0.593527 -0.804814 0
    outer loop
      vertex 21.5208 99.1291 1
      vertex 21.5627 99.0982 1.5
      vertex 21.5208 99.1291 1.5
    endloop
  endfacet
  facet normal -0.593527 -0.804814 -0
    outer loop
      vertex 21.5627 99.0982 1.5
      vertex 21.5208 99.1291 1
      vertex 21.5627 99.0982 1
    endloop
  endfacet
  facet normal -0.609425 -0.792844 0
    outer loop
      vertex 21.5627 99.0982 1
      vertex 21.6029 99.0673 1.5
      vertex 21.5627 99.0982 1.5
    endloop
  endfacet
  facet normal -0.609425 -0.792844 -0
    outer loop
      vertex 21.6029 99.0673 1.5
      vertex 21.5627 99.0982 1
      vertex 21.6029 99.0673 1
    endloop
  endfacet
  facet normal -0.627911 -0.778285 0
    outer loop
      vertex 21.6029 99.0673 1
      vertex 21.6412 99.0364 1.5
      vertex 21.6029 99.0673 1.5
    endloop
  endfacet
  facet normal -0.627911 -0.778285 -0
    outer loop
      vertex 21.6412 99.0364 1.5
      vertex 21.6029 99.0673 1
      vertex 21.6412 99.0364 1
    endloop
  endfacet
  facet normal -0.644909 -0.764259 0
    outer loop
      vertex 21.6412 99.0364 1
      vertex 21.6777 99.0056 1.5
      vertex 21.6412 99.0364 1.5
    endloop
  endfacet
  facet normal -0.644909 -0.764259 -0
    outer loop
      vertex 21.6777 99.0056 1.5
      vertex 21.6412 99.0364 1
      vertex 21.6777 99.0056 1
    endloop
  endfacet
  facet normal -0.663964 -0.747765 0
    outer loop
      vertex 21.6777 99.0056 1
      vertex 21.7125 98.9747 1.5
      vertex 21.6777 99.0056 1.5
    endloop
  endfacet
  facet normal -0.663964 -0.747765 -0
    outer loop
      vertex 21.7125 98.9747 1.5
      vertex 21.6777 99.0056 1
      vertex 21.7125 98.9747 1
    endloop
  endfacet
  facet normal -0.6835 -0.729951 0
    outer loop
      vertex 21.7125 98.9747 1
      vertex 21.7455 98.9438 1.5
      vertex 21.7125 98.9747 1.5
    endloop
  endfacet
  facet normal -0.6835 -0.729951 -0
    outer loop
      vertex 21.7455 98.9438 1.5
      vertex 21.7125 98.9747 1
      vertex 21.7455 98.9438 1
    endloop
  endfacet
  facet normal -0.720701 -0.693246 0
    outer loop
      vertex 21.7758 98.9123 1
      vertex 21.7455 98.9438 1.5
      vertex 21.7455 98.9438 1
    endloop
  endfacet
  facet normal -0.720701 -0.693246 0
    outer loop
      vertex 21.7455 98.9438 1.5
      vertex 21.7758 98.9123 1
      vertex 21.7758 98.9123 1.5
    endloop
  endfacet
  facet normal -0.77343 -0.633882 0
    outer loop
      vertex 21.8026 98.8796 1
      vertex 21.7758 98.9123 1.5
      vertex 21.7758 98.9123 1
    endloop
  endfacet
  facet normal -0.77343 -0.633882 0
    outer loop
      vertex 21.7758 98.9123 1.5
      vertex 21.8026 98.8796 1
      vertex 21.8026 98.8796 1.5
    endloop
  endfacet
  facet normal -0.826382 -0.56311 0
    outer loop
      vertex 21.8257 98.8457 1
      vertex 21.8026 98.8796 1.5
      vertex 21.8026 98.8796 1
    endloop
  endfacet
  facet normal -0.826382 -0.56311 0
    outer loop
      vertex 21.8026 98.8796 1.5
      vertex 21.8257 98.8457 1
      vertex 21.8257 98.8457 1.5
    endloop
  endfacet
  facet normal -0.872633 -0.488377 0
    outer loop
      vertex 21.8454 98.8105 1
      vertex 21.8257 98.8457 1.5
      vertex 21.8257 98.8457 1
    endloop
  endfacet
  facet normal -0.872633 -0.488377 0
    outer loop
      vertex 21.8257 98.8457 1.5
      vertex 21.8454 98.8105 1
      vertex 21.8454 98.8105 1.5
    endloop
  endfacet
  facet normal -0.915463 -0.402401 0
    outer loop
      vertex 21.8614 98.7741 1
      vertex 21.8454 98.8105 1.5
      vertex 21.8454 98.8105 1
    endloop
  endfacet
  facet normal -0.915463 -0.402401 0
    outer loop
      vertex 21.8454 98.8105 1.5
      vertex 21.8614 98.7741 1
      vertex 21.8614 98.7741 1.5
    endloop
  endfacet
  facet normal -0.949186 -0.314717 0
    outer loop
      vertex 21.8739 98.7364 1
      vertex 21.8614 98.7741 1.5
      vertex 21.8614 98.7741 1
    endloop
  endfacet
  facet normal -0.949186 -0.314717 0
    outer loop
      vertex 21.8614 98.7741 1.5
      vertex 21.8739 98.7364 1
      vertex 21.8739 98.7364 1.5
    endloop
  endfacet
  facet normal -0.974812 -0.223029 0
    outer loop
      vertex 21.8828 98.6975 1
      vertex 21.8739 98.7364 1.5
      vertex 21.8739 98.7364 1
    endloop
  endfacet
  facet normal -0.974812 -0.223029 0
    outer loop
      vertex 21.8739 98.7364 1.5
      vertex 21.8828 98.6975 1
      vertex 21.8828 98.6975 1.5
    endloop
  endfacet
  facet normal -0.991054 -0.133459 0
    outer loop
      vertex 21.8882 98.6574 1
      vertex 21.8828 98.6975 1.5
      vertex 21.8828 98.6975 1
    endloop
  endfacet
  facet normal -0.991054 -0.133459 0
    outer loop
      vertex 21.8828 98.6975 1.5
      vertex 21.8882 98.6574 1
      vertex 21.8882 98.6574 1.5
    endloop
  endfacet
  facet normal -0.999056 -0.0434372 0
    outer loop
      vertex 21.89 98.616 1
      vertex 21.8882 98.6574 1.5
      vertex 21.8882 98.6574 1
    endloop
  endfacet
  facet normal -0.999056 -0.0434372 0
    outer loop
      vertex 21.8882 98.6574 1.5
      vertex 21.89 98.616 1
      vertex 21.89 98.616 1.5
    endloop
  endfacet
  facet normal -0.999988 0.00485431 0
    outer loop
      vertex 21.8896 98.5336 1
      vertex 21.89 98.616 1.5
      vertex 21.89 98.616 1
    endloop
  endfacet
  facet normal -0.999988 0.00485431 0
    outer loop
      vertex 21.89 98.616 1.5
      vertex 21.8896 98.5336 1
      vertex 21.8896 98.5336 1.5
    endloop
  endfacet
  facet normal -0.996965 0.0778487 0
    outer loop
      vertex 21.8834 98.4542 1
      vertex 21.8896 98.5336 1.5
      vertex 21.8896 98.5336 1
    endloop
  endfacet
  facet normal -0.996965 0.0778487 0
    outer loop
      vertex 21.8896 98.5336 1.5
      vertex 21.8834 98.4542 1
      vertex 21.8834 98.4542 1.5
    endloop
  endfacet
  facet normal -0.98792 0.154968 0
    outer loop
      vertex 21.8714 98.3777 1
      vertex 21.8834 98.4542 1.5
      vertex 21.8834 98.4542 1
    endloop
  endfacet
  facet normal -0.98792 0.154968 0
    outer loop
      vertex 21.8834 98.4542 1.5
      vertex 21.8714 98.3777 1
      vertex 21.8714 98.3777 1.5
    endloop
  endfacet
  facet normal -0.972435 0.233173 0
    outer loop
      vertex 21.8538 98.3043 1
      vertex 21.8714 98.3777 1.5
      vertex 21.8714 98.3777 1
    endloop
  endfacet
  facet normal -0.972435 0.233173 0
    outer loop
      vertex 21.8714 98.3777 1.5
      vertex 21.8538 98.3043 1
      vertex 21.8538 98.3043 1.5
    endloop
  endfacet
  facet normal -0.948548 0.316632 0
    outer loop
      vertex 21.8303 98.2339 1
      vertex 21.8538 98.3043 1.5
      vertex 21.8538 98.3043 1
    endloop
  endfacet
  facet normal -0.948548 0.316632 0
    outer loop
      vertex 21.8538 98.3043 1.5
      vertex 21.8303 98.2339 1
      vertex 21.8303 98.2339 1.5
    endloop
  endfacet
  facet normal -0.917373 0.398028 0
    outer loop
      vertex 21.8011 98.1666 1
      vertex 21.8303 98.2339 1.5
      vertex 21.8303 98.2339 1
    endloop
  endfacet
  facet normal -0.917373 0.398028 0
    outer loop
      vertex 21.8303 98.2339 1.5
      vertex 21.8011 98.1666 1
      vertex 21.8011 98.1666 1.5
    endloop
  endfacet
  facet normal -0.878625 0.477513 0
    outer loop
      vertex 21.7661 98.1022 1
      vertex 21.8011 98.1666 1.5
      vertex 21.8011 98.1666 1
    endloop
  endfacet
  facet normal -0.878625 0.477513 0
    outer loop
      vertex 21.8011 98.1666 1.5
      vertex 21.7661 98.1022 1
      vertex 21.7661 98.1022 1.5
    endloop
  endfacet
  facet normal -0.833094 0.553131 0
    outer loop
      vertex 21.7254 98.0409 1
      vertex 21.7661 98.1022 1.5
      vertex 21.7661 98.1022 1
    endloop
  endfacet
  facet normal -0.833094 0.553131 0
    outer loop
      vertex 21.7661 98.1022 1.5
      vertex 21.7254 98.0409 1
      vertex 21.7254 98.0409 1.5
    endloop
  endfacet
  facet normal -0.78113 0.624368 0
    outer loop
      vertex 21.6788 97.9826 1
      vertex 21.7254 98.0409 1.5
      vertex 21.7254 98.0409 1
    endloop
  endfacet
  facet normal -0.78113 0.624368 0
    outer loop
      vertex 21.7254 98.0409 1.5
      vertex 21.6788 97.9826 1
      vertex 21.6788 97.9826 1.5
    endloop
  endfacet
  facet normal -0.740904 0.671611 0
    outer loop
      vertex 21.6284 97.927 1
      vertex 21.6788 97.9826 1.5
      vertex 21.6788 97.9826 1
    endloop
  endfacet
  facet normal -0.740904 0.671611 0
    outer loop
      vertex 21.6788 97.9826 1.5
      vertex 21.6284 97.927 1
      vertex 21.6284 97.927 1.5
    endloop
  endfacet
  facet normal -0.711783 0.7024 0
    outer loop
      vertex 21.576 97.8739 1
      vertex 21.6284 97.927 1.5
      vertex 21.6284 97.927 1
    endloop
  endfacet
  facet normal -0.711783 0.7024 0
    outer loop
      vertex 21.6284 97.927 1.5
      vertex 21.576 97.8739 1
      vertex 21.576 97.8739 1.5
    endloop
  endfacet
  facet normal -0.6804 0.732841 0
    outer loop
      vertex 21.576 97.8739 1
      vertex 21.5215 97.8233 1.5
      vertex 21.576 97.8739 1.5
    endloop
  endfacet
  facet normal -0.6804 0.732841 0
    outer loop
      vertex 21.5215 97.8233 1.5
      vertex 21.576 97.8739 1
      vertex 21.5215 97.8233 1
    endloop
  endfacet
  facet normal -0.64757 0.762006 0
    outer loop
      vertex 21.5215 97.8233 1
      vertex 21.4649 97.7752 1.5
      vertex 21.5215 97.8233 1.5
    endloop
  endfacet
  facet normal -0.64757 0.762006 0
    outer loop
      vertex 21.4649 97.7752 1.5
      vertex 21.5215 97.8233 1
      vertex 21.4649 97.7752 1
    endloop
  endfacet
  facet normal -0.614313 0.789063 0
    outer loop
      vertex 21.4649 97.7752 1
      vertex 21.4062 97.7295 1.5
      vertex 21.4649 97.7752 1.5
    endloop
  endfacet
  facet normal -0.614313 0.789063 0
    outer loop
      vertex 21.4062 97.7295 1.5
      vertex 21.4649 97.7752 1
      vertex 21.4062 97.7295 1
    endloop
  endfacet
  facet normal -0.581365 0.813643 0
    outer loop
      vertex 21.4062 97.7295 1
      vertex 21.3456 97.6862 1.5
      vertex 21.4062 97.7295 1.5
    endloop
  endfacet
  facet normal -0.581365 0.813643 0
    outer loop
      vertex 21.3456 97.6862 1.5
      vertex 21.4062 97.7295 1
      vertex 21.3456 97.6862 1
    endloop
  endfacet
  facet normal -0.543861 0.839176 0
    outer loop
      vertex 21.3456 97.6862 1
      vertex 21.2828 97.6455 1.5
      vertex 21.3456 97.6862 1.5
    endloop
  endfacet
  facet normal -0.543861 0.839176 0
    outer loop
      vertex 21.2828 97.6455 1.5
      vertex 21.3456 97.6862 1
      vertex 21.2828 97.6455 1
    endloop
  endfacet
  facet normal -0.508819 0.860874 0
    outer loop
      vertex 21.2828 97.6455 1
      vertex 21.218 97.6072 1.5
      vertex 21.2828 97.6455 1.5
    endloop
  endfacet
  facet normal -0.508819 0.860874 0
    outer loop
      vertex 21.218 97.6072 1.5
      vertex 21.2828 97.6455 1
      vertex 21.218 97.6072 1
    endloop
  endfacet
  facet normal -0.471819 0.881695 0
    outer loop
      vertex 21.218 97.6072 1
      vertex 21.1511 97.5714 1.5
      vertex 21.218 97.6072 1.5
    endloop
  endfacet
  facet normal -0.471819 0.881695 0
    outer loop
      vertex 21.1511 97.5714 1.5
      vertex 21.218 97.6072 1
      vertex 21.1511 97.5714 1
    endloop
  endfacet
  facet normal -0.441407 0.897307 0
    outer loop
      vertex 21.1511 97.5714 1
      vertex 21.083 97.5379 1.5
      vertex 21.1511 97.5714 1.5
    endloop
  endfacet
  facet normal -0.441407 0.897307 0
    outer loop
      vertex 21.083 97.5379 1.5
      vertex 21.1511 97.5714 1
      vertex 21.083 97.5379 1
    endloop
  endfacet
  facet normal -0.414503 0.910048 0
    outer loop
      vertex 21.083 97.5379 1
      vertex 21.0145 97.5067 1.5
      vertex 21.083 97.5379 1.5
    endloop
  endfacet
  facet normal -0.414503 0.910048 0
    outer loop
      vertex 21.0145 97.5067 1.5
      vertex 21.083 97.5379 1
      vertex 21.0145 97.5067 1
    endloop
  endfacet
  facet normal -0.388594 0.921409 0
    outer loop
      vertex 21.0145 97.5067 1
      vertex 20.9455 97.4776 1.5
      vertex 21.0145 97.5067 1.5
    endloop
  endfacet
  facet normal -0.388594 0.921409 0
    outer loop
      vertex 20.9455 97.4776 1.5
      vertex 21.0145 97.5067 1
      vertex 20.9455 97.4776 1
    endloop
  endfacet
  facet normal -0.361862 0.932232 0
    outer loop
      vertex 20.9455 97.4776 1
      vertex 20.8762 97.4507 1.5
      vertex 20.9455 97.4776 1.5
    endloop
  endfacet
  facet normal -0.361862 0.932232 0
    outer loop
      vertex 20.8762 97.4507 1.5
      vertex 20.9455 97.4776 1
      vertex 20.8762 97.4507 1
    endloop
  endfacet
  facet normal -0.334022 0.942565 0
    outer loop
      vertex 20.8762 97.4507 1
      vertex 20.8065 97.426 1.5
      vertex 20.8762 97.4507 1.5
    endloop
  endfacet
  facet normal -0.334022 0.942565 0
    outer loop
      vertex 20.8065 97.426 1.5
      vertex 20.8762 97.4507 1
      vertex 20.8065 97.426 1
    endloop
  endfacet
  facet normal -0.305219 0.952282 0
    outer loop
      vertex 20.8065 97.426 1
      vertex 20.7363 97.4035 1.5
      vertex 20.8065 97.426 1.5
    endloop
  endfacet
  facet normal -0.305219 0.952282 0
    outer loop
      vertex 20.7363 97.4035 1.5
      vertex 20.8065 97.426 1
      vertex 20.7363 97.4035 1
    endloop
  endfacet
  facet normal -0.276339 0.96106 0
    outer loop
      vertex 20.7363 97.4035 1
      vertex 20.6657 97.3832 1.5
      vertex 20.7363 97.4035 1.5
    endloop
  endfacet
  facet normal -0.276339 0.96106 0
    outer loop
      vertex 20.6657 97.3832 1.5
      vertex 20.7363 97.4035 1
      vertex 20.6657 97.3832 1
    endloop
  endfacet
  facet normal -0.247029 0.969008 0
    outer loop
      vertex 20.6657 97.3832 1
      vertex 20.5947 97.3651 1.5
      vertex 20.6657 97.3832 1.5
    endloop
  endfacet
  facet normal -0.247029 0.969008 0
    outer loop
      vertex 20.5947 97.3651 1.5
      vertex 20.6657 97.3832 1
      vertex 20.5947 97.3651 1
    endloop
  endfacet
  facet normal -0.217365 0.97609 0
    outer loop
      vertex 20.5947 97.3651 1
      vertex 20.5233 97.3492 1.5
      vertex 20.5947 97.3651 1.5
    endloop
  endfacet
  facet normal -0.217365 0.97609 0
    outer loop
      vertex 20.5233 97.3492 1.5
      vertex 20.5947 97.3651 1
      vertex 20.5233 97.3492 1
    endloop
  endfacet
  facet normal -0.195847 0.980634 0
    outer loop
      vertex 20.5233 97.3492 1
      vertex 20.4532 97.3352 1.5
      vertex 20.5233 97.3492 1.5
    endloop
  endfacet
  facet normal -0.195847 0.980634 0
    outer loop
      vertex 20.4532 97.3352 1.5
      vertex 20.5233 97.3492 1
      vertex 20.4532 97.3352 1
    endloop
  endfacet
  facet normal -0.181984 0.983301 0
    outer loop
      vertex 20.4532 97.3352 1
      vertex 20.3862 97.3228 1.5
      vertex 20.4532 97.3352 1.5
    endloop
  endfacet
  facet normal -0.181984 0.983301 0
    outer loop
      vertex 20.3862 97.3228 1.5
      vertex 20.4532 97.3352 1
      vertex 20.3862 97.3228 1
    endloop
  endfacet
  facet normal -0.164649 0.986352 0
    outer loop
      vertex 20.3862 97.3228 1
      vertex 20.3221 97.3121 1.5
      vertex 20.3862 97.3228 1.5
    endloop
  endfacet
  facet normal -0.164649 0.986352 0
    outer loop
      vertex 20.3221 97.3121 1.5
      vertex 20.3862 97.3228 1
      vertex 20.3221 97.3121 1
    endloop
  endfacet
  facet normal -0.145961 0.98929 0
    outer loop
      vertex 20.3221 97.3121 1
      vertex 20.2611 97.3031 1.5
      vertex 20.3221 97.3121 1.5
    endloop
  endfacet
  facet normal -0.145961 0.98929 0
    outer loop
      vertex 20.2611 97.3031 1.5
      vertex 20.3221 97.3121 1
      vertex 20.2611 97.3031 1
    endloop
  endfacet
  facet normal -0.12656 0.991959 0
    outer loop
      vertex 20.2611 97.3031 1
      vertex 20.2031 97.2957 1.5
      vertex 20.2611 97.3031 1.5
    endloop
  endfacet
  facet normal -0.12656 0.991959 0
    outer loop
      vertex 20.2031 97.2957 1.5
      vertex 20.2611 97.3031 1
      vertex 20.2031 97.2957 1
    endloop
  endfacet
  facet normal -0.104873 0.994486 0
    outer loop
      vertex 20.2031 97.2957 1
      vertex 20.1481 97.2899 1.5
      vertex 20.2031 97.2957 1.5
    endloop
  endfacet
  facet normal -0.104873 0.994486 0
    outer loop
      vertex 20.1481 97.2899 1.5
      vertex 20.2031 97.2957 1
      vertex 20.1481 97.2899 1
    endloop
  endfacet
  facet normal -0.0786022 0.996906 0
    outer loop
      vertex 20.1481 97.2899 1
      vertex 20.0961 97.2858 1.5
      vertex 20.1481 97.2899 1.5
    endloop
  endfacet
  facet normal -0.0786022 0.996906 0
    outer loop
      vertex 20.0961 97.2858 1.5
      vertex 20.1481 97.2899 1
      vertex 20.0961 97.2858 1
    endloop
  endfacet
  facet normal -0.0489209 0.998803 0
    outer loop
      vertex 20.0961 97.2858 1
      vertex 20.0471 97.2834 1.5
      vertex 20.0961 97.2858 1.5
    endloop
  endfacet
  facet normal -0.0489209 0.998803 0
    outer loop
      vertex 20.0471 97.2834 1.5
      vertex 20.0961 97.2858 1
      vertex 20.0471 97.2834 1
    endloop
  endfacet
  facet normal -0.0196041 0.999808 0
    outer loop
      vertex 20.0471 97.2834 1
      vertex 20.0012 97.2825 1.5
      vertex 20.0471 97.2834 1.5
    endloop
  endfacet
  facet normal -0.0196041 0.999808 0
    outer loop
      vertex 20.0012 97.2825 1.5
      vertex 20.0471 97.2834 1
      vertex 20.0012 97.2825 1
    endloop
  endfacet
  facet normal -1 0 0
    outer loop
      vertex 20.0012 95.895 1
      vertex 20.0012 97.2825 1.5
      vertex 20.0012 97.2825 1
    endloop
  endfacet
  facet normal -1 -0 0
    outer loop
      vertex 20.0012 97.2825 1.5
      vertex 20.0012 95.895 1
      vertex 20.0012 95.895 1.5
    endloop
  endfacet
  facet normal 0.0128978 -0.999917 0
    outer loop
      vertex 20.0012 95.895 1
      vertex 20.1485 95.8969 1.5
      vertex 20.0012 95.895 1.5
    endloop
  endfacet
  facet normal 0.0128978 -0.999917 0
    outer loop
      vertex 20.1485 95.8969 1.5
      vertex 20.0012 95.895 1
      vertex 20.1485 95.8969 1
    endloop
  endfacet
  facet normal -0 0 1
    outer loop
      vertex 0 95.5 1.5
      vertex 75 94.5 1.5
      vertex 75 95.5 1.5
    endloop
  endfacet
  facet normal 0 0 1
    outer loop
      vertex 75 94.5 1.5
      vertex 0 95.5 1.5
      vertex 0 94.5 1.5
    endloop
  endfacet
  facet normal 0 1 -0
    outer loop
      vertex 75 95.5 1
      vertex 0 95.5 1.5
      vertex 75 95.5 1.5
    endloop
  endfacet
  facet normal 0 1 0
    outer loop
      vertex 0 95.5 1.5
      vertex 75 95.5 1
      vertex 0 95.5 1
    endloop
  endfacet
  facet normal 0 -1 0
    outer loop
      vertex 0 94.5 1
      vertex 75 94.5 1.5
      vertex 0 94.5 1.5
    endloop
  endfacet
  facet normal 0 -1 -0
    outer loop
      vertex 75 94.5 1.5
      vertex 0 94.5 1
      vertex 75 94.5 1
    endloop
  endfacet
endsolid OpenSCAD_Model
