solid OpenSCAD_Model
  facet normal -0.98918 -0.146707 0
    outer loop
      vertex 0.0384216 1.60982 0
      vertex 0.0096283 1.80396 1
      vertex 0.0096283 1.80396 0
    endloop
  endfacet
  facet normal -0.98918 -0.146707 0
    outer loop
      vertex 0.0096283 1.80396 1
      vertex 0.0384216 1.60982 0
      vertex 0.0384216 1.60982 1
    endloop
  endfacet
  facet normal 1 0 0
    outer loop
      vertex 75 95.5 1.5
      vertex 75 94.5 1.5
      vertex 75 95.5 1
    endloop
  endfacet
  facet normal 1 -0 0
    outer loop
      vertex 75 95.5 1
      vertex 75 103 0
      vertex 75 103 1
    endloop
  endfacet
  facet normal 1 0 0
    outer loop
      vertex 75 94.5 1
      vertex 75 95.5 1
      vertex 75 94.5 1.5
    endloop
  endfacet
  facet normal 1 -0 0
    outer loop
      vertex 75 94.5 1
      vertex 75 103 0
      vertex 75 95.5 1
    endloop
  endfacet
  facet normal 1 0 0
    outer loop
      vertex 75 2 0
      vertex 75 94.5 1
      vertex 75 2 1
    endloop
  endfacet
  facet normal 1 0 0
    outer loop
      vertex 75 94.5 1
      vertex 75 2 0
      vertex 75 103 0
    endloop
  endfacet
  facet normal 0.857747 -0.514072 0
    outer loop
      vertex 74.6629 0.888855 1
      vertex 74.7638 1.05721 0
      vertex 74.7638 1.05721 1
    endloop
  endfacet
  facet normal 0.857747 -0.514072 0
    outer loop
      vertex 74.7638 1.05721 0
      vertex 74.6629 0.888855 1
      vertex 74.6629 0.888855 0
    endloop
  endfacet
  facet normal 0.970023 -0.243015 0
    outer loop
      vertex 74.9139 1.41942 1
      vertex 74.9616 1.60982 0
      vertex 74.9616 1.60982 1
    endloop
  endfacet
  facet normal 0.970023 -0.243015 0
    outer loop
      vertex 74.9616 1.60982 0
      vertex 74.9139 1.41942 1
      vertex 74.9139 1.41942 0
    endloop
  endfacet
  facet normal -0.970042 -0.242937 0
    outer loop
      vertex 0.0861053 1.41942 0
      vertex 0.0384216 1.60982 1
      vertex 0.0384216 1.60982 0
    endloop
  endfacet
  facet normal -0.970042 -0.242937 0
    outer loop
      vertex 0.0384216 1.60982 1
      vertex 0.0861053 1.41942 0
      vertex 0.0861053 1.41942 1
    endloop
  endfacet
  facet normal -0.998796 -0.0490548 0
    outer loop
      vertex 0.0096283 1.80396 0
      vertex 0 2 1
      vertex 0 2 0
    endloop
  endfacet
  facet normal -0.998796 -0.0490548 0
    outer loop
      vertex 0 2 1
      vertex 0.0096283 1.80396 0
      vertex 0.0096283 1.80396 1
    endloop
  endfacet
  facet normal 0.739986 0.672622 0
    outer loop
      vertex 74.546 104.269 1
      vertex 74.4142 104.414 0
      vertex 74.4142 104.414 1
    endloop
  endfacet
  facet normal 0.739986 0.672622 0
    outer loop
      vertex 74.4142 104.414 0
      vertex 74.546 104.269 1
      vertex 74.546 104.269 0
    endloop
  endfacet
  facet normal 0.998803 -0.048911 0
    outer loop
      vertex 74.9904 1.80396 1
      vertex 75 2 0
      vertex 75 2 1
    endloop
  endfacet
  facet normal 0.998803 -0.048911 0
    outer loop
      vertex 75 2 0
      vertex 74.9904 1.80396 1
      vertex 74.9904 1.80396 0
    endloop
  endfacet
  facet normal 0.857268 0.514871 0
    outer loop
      vertex 74.7638 103.943 1
      vertex 74.6629 104.111 0
      vertex 74.6629 104.111 1
    endloop
  endfacet
  facet normal 0.857268 0.514871 0
    outer loop
      vertex 74.6629 104.111 0
      vertex 74.7638 103.943 1
      vertex 74.7638 103.943 0
    endloop
  endfacet
  facet normal -0.739933 0.672681 0
    outer loop
      vertex 0.453964 104.269 0
      vertex 0.585785 104.414 1
      vertex 0.585785 104.414 0
    endloop
  endfacet
  facet normal -0.739933 0.672681 0
    outer loop
      vertex 0.585785 104.414 1
      vertex 0.453964 104.269 0
      vertex 0.453964 104.269 1
    endloop
  endfacet
  facet normal -0.857733 -0.514095 0
    outer loop
      vertex 0.337051 0.888855 0
      vertex 0.236145 1.05721 1
      vertex 0.236145 1.05721 0
    endloop
  endfacet
  facet normal -0.857733 -0.514095 0
    outer loop
      vertex 0.236145 1.05721 1
      vertex 0.337051 0.888855 0
      vertex 0.337051 0.888855 1
    endloop
  endfacet
  facet normal 0 1 -0
    outer loop
      vertex 73 105 0
      vertex 2 105 1
      vertex 73 105 1
    endloop
  endfacet
  facet normal 0 1 0
    outer loop
      vertex 2 105 1
      vertex 73 105 0
      vertex 2 105 0
    endloop
  endfacet
  facet normal 0.514571 0.857448 -0
    outer loop
      vertex 74.1111 104.663 0
      vertex 73.9428 104.764 1
      vertex 74.1111 104.663 1
    endloop
  endfacet
  facet normal 0.514571 0.857448 0
    outer loop
      vertex 73.9428 104.764 1
      vertex 74.1111 104.663 0
      vertex 73.9428 104.764 0
    endloop
  endfacet
  facet normal -0.998796 0.0490648 0
    outer loop
      vertex 0 103 0
      vertex 0.0096283 103.196 1
      vertex 0.0096283 103.196 0
    endloop
  endfacet
  facet normal -0.998796 0.0490648 0
    outer loop
      vertex 0.0096283 103.196 1
      vertex 0 103 0
      vertex 0 103 1
    endloop
  endfacet
  facet normal 0.998803 0.0489209 0
    outer loop
      vertex 75 103 1
      vertex 74.9904 103.196 0
      vertex 74.9904 103.196 1
    endloop
  endfacet
  facet normal 0.998803 0.0489209 0
    outer loop
      vertex 74.9904 103.196 0
      vertex 75 103 1
      vertex 75 103 0
    endloop
  endfacet
  facet normal -1 0 0
    outer loop
      vertex 0 103 0
      vertex 0 95.5 1
      vertex 0 103 1
    endloop
  endfacet
  facet normal -1 0 0
    outer loop
      vertex 0 95.5 1
      vertex 0 94.5 1
      vertex 0 95.5 1.5
    endloop
  endfacet
  facet normal -1 0 0
    outer loop
      vertex 0 103 0
      vertex 0 94.5 1
      vertex 0 95.5 1
    endloop
  endfacet
  facet normal -1 0 0
    outer loop
      vertex 0 2 0
      vertex 0 94.5 1
      vertex 0 103 0
    endloop
  endfacet
  facet normal -1 -0 0
    outer loop
      vertex 0 94.5 1
      vertex 0 2 0
      vertex 0 2 1
    endloop
  endfacet
  facet normal -1 -0 0
    outer loop
      vertex 0 95.5 1.5
      vertex 0 94.5 1
      vertex 0 94.5 1.5
    endloop
  endfacet
  facet normal -0.672125 0.740438 0
    outer loop
      vertex 0.731201 104.546 0
      vertex 0.585785 104.414 1
      vertex 0.731201 104.546 1
    endloop
  endfacet
  facet normal -0.672125 0.740438 0
    outer loop
      vertex 0.585785 104.414 1
      vertex 0.731201 104.546 0
      vertex 0.585785 104.414 0
    endloop
  endfacet
  facet normal -0.671625 -0.740891 0
    outer loop
      vertex 0.585785 0.585785 0
      vertex 0.731201 0.453964 1
      vertex 0.585785 0.585785 1
    endloop
  endfacet
  facet normal -0.671625 -0.740891 -0
    outer loop
      vertex 0.731201 0.453964 1
      vertex 0.585785 0.585785 0
      vertex 0.731201 0.453964 0
    endloop
  endfacet
  facet normal 0.98916 0.146844 0
    outer loop
      vertex 74.9904 103.196 1
      vertex 74.9616 103.39 0
      vertex 74.9616 103.39 1
    endloop
  endfacet
  facet normal 0.98916 0.146844 0
    outer loop
      vertex 74.9616 103.39 0
      vertex 74.9904 103.196 1
      vertex 74.9904 103.196 0
    endloop
  endfacet
  facet normal 0 -1 0
    outer loop
      vertex 2 0 0
      vertex 73 0 1
      vertex 2 0 1
    endloop
  endfacet
  facet normal 0 -1 -0
    outer loop
      vertex 73 0 1
      vertex 2 0 0
      vertex 73 0 0
    endloop
  endfacet
  facet normal -0.740891 -0.671625 0
    outer loop
      vertex 0.585785 0.585785 0
      vertex 0.453964 0.731201 1
      vertex 0.453964 0.731201 0
    endloop
  endfacet
  facet normal -0.740891 -0.671625 0
    outer loop
      vertex 0.453964 0.731201 1
      vertex 0.585785 0.585785 0
      vertex 0.585785 0.585785 1
    endloop
  endfacet
  facet normal 0.0490648 -0.998796 0
    outer loop
      vertex 73 0 0
      vertex 73.196 0.0096283 1
      vertex 73 0 1
    endloop
  endfacet
  facet normal 0.0490648 -0.998796 0
    outer loop
      vertex 73.196 0.0096283 1
      vertex 73 0 0
      vertex 73.196 0.0096283 0
    endloop
  endfacet
  facet normal -0.427935 0.903809 0
    outer loop
      vertex 1.23462 104.848 0
      vertex 1.05721 104.764 1
      vertex 1.23462 104.848 1
    endloop
  endfacet
  facet normal -0.427935 0.903809 0
    outer loop
      vertex 1.05721 104.764 1
      vertex 1.23462 104.848 0
      vertex 1.05721 104.764 0
    endloop
  endfacet
  facet normal -0.970222 0.242219 0
    outer loop
      vertex 0.0384216 103.39 0
      vertex 0.0861053 103.581 1
      vertex 0.0861053 103.581 0
    endloop
  endfacet
  facet normal -0.970222 0.242219 0
    outer loop
      vertex 0.0861053 103.581 1
      vertex 0.0384216 103.39 0
      vertex 0.0384216 103.39 1
    endloop
  endfacet
  facet normal 0.941419 -0.33724 0
    outer loop
      vertex 74.8477 1.23462 1
      vertex 74.9139 1.41942 0
      vertex 74.9139 1.41942 1
    endloop
  endfacet
  facet normal 0.941419 -0.33724 0
    outer loop
      vertex 74.9139 1.41942 0
      vertex 74.8477 1.23462 1
      vertex 74.8477 1.23462 0
    endloop
  endfacet
  facet normal 0.970202 0.242297 0
    outer loop
      vertex 74.9616 103.39 1
      vertex 74.9139 103.581 0
      vertex 74.9139 103.581 1
    endloop
  endfacet
  facet normal 0.970202 0.242297 0
    outer loop
      vertex 74.9139 103.581 0
      vertex 74.9616 103.39 1
      vertex 74.9616 103.39 0
    endloop
  endfacet
  facet normal -0.989165 0.146811 0
    outer loop
      vertex 0.0096283 103.196 0
      vertex 0.0384216 103.39 1
      vertex 0.0384216 103.39 0
    endloop
  endfacet
  facet normal -0.989165 0.146811 0
    outer loop
      vertex 0.0384216 103.39 1
      vertex 0.0096283 103.196 0
      vertex 0.0096283 103.196 1
    endloop
  endfacet
  facet normal -0.0490548 -0.998796 0
    outer loop
      vertex 1.80396 0.0096283 0
      vertex 2 0 1
      vertex 1.80396 0.0096283 1
    endloop
  endfacet
  facet normal -0.0490548 -0.998796 -0
    outer loop
      vertex 2 0 1
      vertex 1.80396 0.0096283 0
      vertex 2 0 0
    endloop
  endfacet
  facet normal -0.142749 0.989759 0
    outer loop
      vertex 1.80396 104.99 0
      vertex 1.60982 104.962 1
      vertex 1.80396 104.99 1
    endloop
  endfacet
  facet normal -0.142749 0.989759 0
    outer loop
      vertex 1.60982 104.962 1
      vertex 1.80396 104.99 0
      vertex 1.60982 104.962 0
    endloop
  endfacet
  facet normal -0.244452 0.969661 0
    outer loop
      vertex 1.60982 104.962 0
      vertex 1.41942 104.914 1
      vertex 1.60982 104.962 1
    endloop
  endfacet
  facet normal -0.244452 0.969661 0
    outer loop
      vertex 1.41942 104.914 1
      vertex 1.60982 104.962 0
      vertex 1.41942 104.914 0
    endloop
  endfacet
  facet normal -0.857254 0.514893 0
    outer loop
      vertex 0.236145 103.943 0
      vertex 0.337051 104.111 1
      vertex 0.337051 104.111 0
    endloop
  endfacet
  facet normal -0.857254 0.514893 0
    outer loop
      vertex 0.337051 104.111 1
      vertex 0.236145 103.943 0
      vertex 0.236145 103.943 1
    endloop
  endfacet
  facet normal 0.803891 0.594777 0
    outer loop
      vertex 74.6629 104.111 1
      vertex 74.546 104.269 0
      vertex 74.546 104.269 1
    endloop
  endfacet
  facet normal 0.803891 0.594777 0
    outer loop
      vertex 74.546 104.269 0
      vertex 74.6629 104.111 1
      vertex 74.6629 104.111 0
    endloop
  endfacet
  facet normal -0.146707 -0.98918 0
    outer loop
      vertex 1.60982 0.0384216 0
      vertex 1.80396 0.0096283 1
      vertex 1.60982 0.0384216 1
    endloop
  endfacet
  facet normal -0.146707 -0.98918 -0
    outer loop
      vertex 1.80396 0.0096283 1
      vertex 1.60982 0.0384216 0
      vertex 1.80396 0.0096283 0
    endloop
  endfacet
  facet normal -0.803859 0.59482 0
    outer loop
      vertex 0.337051 104.111 0
      vertex 0.453964 104.269 1
      vertex 0.453964 104.269 0
    endloop
  endfacet
  facet normal -0.803859 0.59482 0
    outer loop
      vertex 0.453964 104.269 1
      vertex 0.337051 104.111 0
      vertex 0.337051 104.111 1
    endloop
  endfacet
  facet normal 0.242937 -0.970042 0
    outer loop
      vertex 73.3902 0.0384216 0
      vertex 73.5806 0.0861053 1
      vertex 73.3902 0.0384216 1
    endloop
  endfacet
  facet normal 0.242937 -0.970042 0
    outer loop
      vertex 73.5806 0.0861053 1
      vertex 73.3902 0.0384216 0
      vertex 73.5806 0.0861053 0
    endloop
  endfacet
  facet normal -0.242937 -0.970042 0
    outer loop
      vertex 1.41942 0.0861053 0
      vertex 1.60982 0.0384216 1
      vertex 1.41942 0.0861053 1
    endloop
  endfacet
  facet normal -0.242937 -0.970042 -0
    outer loop
      vertex 1.60982 0.0384216 1
      vertex 1.41942 0.0861053 0
      vertex 1.60982 0.0384216 0
    endloop
  endfacet
  facet normal -0.803235 -0.595663 0
    outer loop
      vertex 0.453964 0.731201 0
      vertex 0.337051 0.888855 1
      vertex 0.337051 0.888855 0
    endloop
  endfacet
  facet normal -0.803235 -0.595663 0
    outer loop
      vertex 0.337051 0.888855 1
      vertex 0.453964 0.731201 0
      vertex 0.453964 0.731201 1
    endloop
  endfacet
  facet normal -0.941529 -0.336931 0
    outer loop
      vertex 0.152237 1.23462 0
      vertex 0.0861053 1.41942 1
      vertex 0.0861053 1.41942 0
    endloop
  endfacet
  facet normal -0.941529 -0.336931 0
    outer loop
      vertex 0.0861053 1.41942 1
      vertex 0.152237 1.23462 0
      vertex 0.152237 1.23462 1
    endloop
  endfacet
  facet normal 0.740944 -0.671566 0
    outer loop
      vertex 74.4142 0.585785 1
      vertex 74.546 0.731201 0
      vertex 74.546 0.731201 1
    endloop
  endfacet
  facet normal 0.740944 -0.671566 0
    outer loop
      vertex 74.546 0.731201 0
      vertex 74.4142 0.585785 1
      vertex 74.4142 0.585785 0
    endloop
  endfacet
  facet normal -0.903991 -0.427552 0
    outer loop
      vertex 0.236145 1.05721 0
      vertex 0.152237 1.23462 1
      vertex 0.152237 1.23462 0
    endloop
  endfacet
  facet normal -0.903991 -0.427552 0
    outer loop
      vertex 0.152237 1.23462 1
      vertex 0.236145 1.05721 0
      vertex 0.236145 1.05721 1
    endloop
  endfacet
  facet normal 0.671666 -0.740854 0
    outer loop
      vertex 74.2688 0.453964 0
      vertex 74.4142 0.585785 1
      vertex 74.2688 0.453964 1
    endloop
  endfacet
  facet normal 0.671666 -0.740854 0
    outer loop
      vertex 74.4142 0.585785 1
      vertex 74.2688 0.453964 0
      vertex 74.4142 0.585785 0
    endloop
  endfacet
  facet normal -0.514095 -0.857733 0
    outer loop
      vertex 0.888855 0.337051 0
      vertex 1.05721 0.236145 1
      vertex 0.888855 0.337051 1
    endloop
  endfacet
  facet normal -0.514095 -0.857733 -0
    outer loop
      vertex 1.05721 0.236145 1
      vertex 0.888855 0.337051 0
      vertex 1.05721 0.236145 0
    endloop
  endfacet
  facet normal 0.427572 -0.903981 0
    outer loop
      vertex 73.7654 0.152237 0
      vertex 73.9428 0.236145 1
      vertex 73.7654 0.152237 1
    endloop
  endfacet
  facet normal 0.427572 -0.903981 0
    outer loop
      vertex 73.9428 0.236145 1
      vertex 73.7654 0.152237 0
      vertex 73.9428 0.236145 0
    endloop
  endfacet
  facet normal -0.514447 0.857522 0
    outer loop
      vertex 1.05721 104.764 0
      vertex 0.888855 104.663 1
      vertex 1.05721 104.764 1
    endloop
  endfacet
  facet normal -0.514447 0.857522 0
    outer loop
      vertex 0.888855 104.663 1
      vertex 1.05721 104.764 0
      vertex 0.888855 104.663 0
    endloop
  endfacet
  facet normal 0.0509541 0.998701 -0
    outer loop
      vertex 73.196 104.99 0
      vertex 73 105 1
      vertex 73.196 104.99 1
    endloop
  endfacet
  facet normal 0.0509541 0.998701 0
    outer loop
      vertex 73 105 1
      vertex 73.196 104.99 0
      vertex 73 105 0
    endloop
  endfacet
  facet normal 0.989175 -0.146741 0
    outer loop
      vertex 74.9616 1.60982 1
      vertex 74.9904 1.80396 0
      vertex 74.9904 1.80396 1
    endloop
  endfacet
  facet normal 0.989175 -0.146741 0
    outer loop
      vertex 74.9904 1.80396 0
      vertex 74.9616 1.60982 1
      vertex 74.9616 1.60982 0
    endloop
  endfacet
  facet normal 0.427955 0.9038 -0
    outer loop
      vertex 73.9428 104.764 0
      vertex 73.7654 104.848 1
      vertex 73.9428 104.764 1
    endloop
  endfacet
  facet normal 0.427955 0.9038 0
    outer loop
      vertex 73.7654 104.848 1
      vertex 73.9428 104.764 0
      vertex 73.7654 104.848 0
    endloop
  endfacet
  facet normal 0.904006 -0.427519 0
    outer loop
      vertex 74.7638 1.05721 1
      vertex 74.8477 1.23462 0
      vertex 74.8477 1.23462 1
    endloop
  endfacet
  facet normal 0.904006 -0.427519 0
    outer loop
      vertex 74.8477 1.23462 0
      vertex 74.7638 1.05721 1
      vertex 74.7638 1.05721 0
    endloop
  endfacet
  facet normal 0.940953 0.338538 0
    outer loop
      vertex 74.9139 103.581 1
      vertex 74.8477 103.765 0
      vertex 74.8477 103.765 1
    endloop
  endfacet
  facet normal 0.940953 0.338538 0
    outer loop
      vertex 74.8477 103.765 0
      vertex 74.9139 103.581 1
      vertex 74.9139 103.581 0
    endloop
  endfacet
  facet normal -0.0509438 0.998702 0
    outer loop
      vertex 2 105 0
      vertex 1.80396 104.99 1
      vertex 2 105 1
    endloop
  endfacet
  facet normal -0.0509438 0.998702 0
    outer loop
      vertex 1.80396 104.99 1
      vertex 2 105 0
      vertex 1.80396 104.99 0
    endloop
  endfacet
  facet normal -0.595663 -0.803235 0
    outer loop
      vertex 0.731201 0.453964 0
      vertex 0.888855 0.337051 1
      vertex 0.731201 0.453964 1
    endloop
  endfacet
  facet normal -0.595663 -0.803235 -0
    outer loop
      vertex 0.888855 0.337051 1
      vertex 0.731201 0.453964 0
      vertex 0.888855 0.337051 0
    endloop
  endfacet
  facet normal -0.941064 0.338229 0
    outer loop
      vertex 0.0861053 103.581 0
      vertex 0.152237 103.765 1
      vertex 0.152237 103.765 0
    endloop
  endfacet
  facet normal -0.941064 0.338229 0
    outer loop
      vertex 0.152237 103.765 1
      vertex 0.0861053 103.581 0
      vertex 0.0861053 103.581 1
    endloop
  endfacet
  facet normal 0.514218 -0.857659 0
    outer loop
      vertex 73.9428 0.236145 0
      vertex 74.1111 0.337051 1
      vertex 73.9428 0.236145 1
    endloop
  endfacet
  facet normal 0.514218 -0.857659 0
    outer loop
      vertex 74.1111 0.337051 1
      vertex 73.9428 0.236145 0
      vertex 74.1111 0.337051 0
    endloop
  endfacet
  facet normal 0.146663 -0.989187 0
    outer loop
      vertex 73.196 0.0096283 0
      vertex 73.3902 0.0384216 1
      vertex 73.196 0.0096283 1
    endloop
  endfacet
  facet normal 0.146663 -0.989187 0
    outer loop
      vertex 73.3902 0.0384216 1
      vertex 73.196 0.0096283 0
      vertex 73.3902 0.0384216 0
    endloop
  endfacet
  facet normal 0.336931 -0.941529 0
    outer loop
      vertex 73.5806 0.0861053 0
      vertex 73.7654 0.152237 1
      vertex 73.5806 0.0861053 1
    endloop
  endfacet
  facet normal 0.336931 -0.941529 0
    outer loop
      vertex 73.7654 0.152237 1
      vertex 73.5806 0.0861053 0
      vertex 73.7654 0.152237 0
    endloop
  endfacet
  facet normal -0.595948 0.803023 0
    outer loop
      vertex 0.888855 104.663 0
      vertex 0.731201 104.546 1
      vertex 0.888855 104.663 1
    endloop
  endfacet
  facet normal -0.595948 0.803023 0
    outer loop
      vertex 0.731201 104.546 1
      vertex 0.888855 104.663 0
      vertex 0.731201 104.546 0
    endloop
  endfacet
  facet normal 0 0 -1
    outer loop
      vertex 73 0 0
      vertex 75 2 0
      vertex 74.9904 1.80396 0
    endloop
  endfacet
  facet normal 0 0 -1
    outer loop
      vertex 75 2 0
      vertex 0 2 0
      vertex 75 103 0
    endloop
  endfacet
  facet normal 0 0 -1
    outer loop
      vertex 73 0 0
      vertex 74.9904 1.80396 0
      vertex 74.9616 1.60982 0
    endloop
  endfacet
  facet normal 0 0 -1
    outer loop
      vertex 0 103 0
      vertex 75 103 0
      vertex 0 2 0
    endloop
  endfacet
  facet normal 0 0 -1
    outer loop
      vertex 73 0 0
      vertex 74.9616 1.60982 0
      vertex 74.9139 1.41942 0
    endloop
  endfacet
  facet normal 0 -0 -1
    outer loop
      vertex 73 105 0
      vertex 75 103 0
      vertex 0 103 0
    endloop
  endfacet
  facet normal 0 0 -1
    outer loop
      vertex 73 0 0
      vertex 74.9139 1.41942 0
      vertex 74.8477 1.23462 0
    endloop
  endfacet
  facet normal -0 0 -1
    outer loop
      vertex 75 2 0
      vertex 73 0 0
      vertex 0 2 0
    endloop
  endfacet
  facet normal 0 0 -1
    outer loop
      vertex 73 0 0
      vertex 74.8477 1.23462 0
      vertex 74.7638 1.05721 0
    endloop
  endfacet
  facet normal 0 0 -1
    outer loop
      vertex 75 103 0
      vertex 73 105 0
      vertex 74.9904 103.196 0
    endloop
  endfacet
  facet normal 0 0 -1
    outer loop
      vertex 73 0 0
      vertex 74.7638 1.05721 0
      vertex 74.6629 0.888855 0
    endloop
  endfacet
  facet normal 0 0 -1
    outer loop
      vertex 74.9139 103.581 0
      vertex 73 105 0
      vertex 74.8477 103.765 0
    endloop
  endfacet
  facet normal 0 0 -1
    outer loop
      vertex 73 0 0
      vertex 74.6629 0.888855 0
      vertex 74.546 0.731201 0
    endloop
  endfacet
  facet normal 0 0 -1
    outer loop
      vertex 74.8477 103.765 0
      vertex 73 105 0
      vertex 74.7638 103.943 0
    endloop
  endfacet
  facet normal 0 0 -1
    outer loop
      vertex 73 0 0
      vertex 74.546 0.731201 0
      vertex 74.4142 0.585785 0
    endloop
  endfacet
  facet normal 0 0 -1
    outer loop
      vertex 74.7638 103.943 0
      vertex 73 105 0
      vertex 74.6629 104.111 0
    endloop
  endfacet
  facet normal 0 0 -1
    outer loop
      vertex 73 0 0
      vertex 74.4142 0.585785 0
      vertex 74.2688 0.453964 0
    endloop
  endfacet
  facet normal 0 0 -1
    outer loop
      vertex 74.6629 104.111 0
      vertex 73 105 0
      vertex 74.546 104.269 0
    endloop
  endfacet
  facet normal 0 0 -1
    outer loop
      vertex 73 0 0
      vertex 74.2688 0.453964 0
      vertex 74.1111 0.337051 0
    endloop
  endfacet
  facet normal 0 0 -1
    outer loop
      vertex 74.546 104.269 0
      vertex 73 105 0
      vertex 74.4142 104.414 0
    endloop
  endfacet
  facet normal 0 0 -1
    outer loop
      vertex 73 0 0
      vertex 74.1111 0.337051 0
      vertex 73.9428 0.236145 0
    endloop
  endfacet
  facet normal 0 0 -1
    outer loop
      vertex 74.4142 104.414 0
      vertex 73 105 0
      vertex 74.2688 104.546 0
    endloop
  endfacet
  facet normal 0 0 -1
    outer loop
      vertex 73 0 0
      vertex 73.9428 0.236145 0
      vertex 73.7654 0.152237 0
    endloop
  endfacet
  facet normal 0 0 -1
    outer loop
      vertex 74.2688 104.546 0
      vertex 73 105 0
      vertex 74.1111 104.663 0
    endloop
  endfacet
  facet normal 0 0 -1
    outer loop
      vertex 73 0 0
      vertex 73.7654 0.152237 0
      vertex 73.5806 0.0861053 0
    endloop
  endfacet
  facet normal 0 0 -1
    outer loop
      vertex 74.1111 104.663 0
      vertex 73 105 0
      vertex 73.9428 104.764 0
    endloop
  endfacet
  facet normal 0 0 -1
    outer loop
      vertex 73 0 0
      vertex 73.5806 0.0861053 0
      vertex 73.3902 0.0384216 0
    endloop
  endfacet
  facet normal 0 0 -1
    outer loop
      vertex 73.9428 104.764 0
      vertex 73 105 0
      vertex 73.7654 104.848 0
    endloop
  endfacet
  facet normal 0 0 -1
    outer loop
      vertex 73 0 0
      vertex 73.3902 0.0384216 0
      vertex 73.196 0.0096283 0
    endloop
  endfacet
  facet normal 0 0 -1
    outer loop
      vertex 73.7654 104.848 0
      vertex 73 105 0
      vertex 73.5806 104.914 0
    endloop
  endfacet
  facet normal 0 0 -1
    outer loop
      vertex 73.5806 104.914 0
      vertex 73 105 0
      vertex 73.3902 104.962 0
    endloop
  endfacet
  facet normal 0 0 -1
    outer loop
      vertex 73.3902 104.962 0
      vertex 73 105 0
      vertex 73.196 104.99 0
    endloop
  endfacet
  facet normal 0 0 -1
    outer loop
      vertex 0 2 0
      vertex 73 0 0
      vertex 2 0 0
    endloop
  endfacet
  facet normal 0 0 -1
    outer loop
      vertex 74.9904 103.196 0
      vertex 73 105 0
      vertex 74.9616 103.39 0
    endloop
  endfacet
  facet normal 0 0 -1
    outer loop
      vertex 0 2 0
      vertex 2 0 0
      vertex 1.80396 0.0096283 0
    endloop
  endfacet
  facet normal 0 0 -1
    outer loop
      vertex 74.9616 103.39 0
      vertex 73 105 0
      vertex 74.9139 103.581 0
    endloop
  endfacet
  facet normal 0 0 -1
    outer loop
      vertex 0 2 0
      vertex 1.80396 0.0096283 0
      vertex 1.60982 0.0384216 0
    endloop
  endfacet
  facet normal -0 0 -1
    outer loop
      vertex 73 105 0
      vertex 0 103 0
      vertex 2 105 0
    endloop
  endfacet
  facet normal 0 0 -1
    outer loop
      vertex 0 2 0
      vertex 1.60982 0.0384216 0
      vertex 1.41942 0.0861053 0
    endloop
  endfacet
  facet normal 0 0 -1
    outer loop
      vertex 2 105 0
      vertex 0 103 0
      vertex 1.80396 104.99 0
    endloop
  endfacet
  facet normal 0 0 -1
    outer loop
      vertex 0 2 0
      vertex 1.41942 0.0861053 0
      vertex 1.23462 0.152237 0
    endloop
  endfacet
  facet normal 0 0 -1
    outer loop
      vertex 1.80396 104.99 0
      vertex 0 103 0
      vertex 1.60982 104.962 0
    endloop
  endfacet
  facet normal 0 0 -1
    outer loop
      vertex 0 2 0
      vertex 1.23462 0.152237 0
      vertex 1.05721 0.236145 0
    endloop
  endfacet
  facet normal 0 0 -1
    outer loop
      vertex 1.60982 104.962 0
      vertex 0 103 0
      vertex 1.41942 104.914 0
    endloop
  endfacet
  facet normal 0 0 -1
    outer loop
      vertex 0 2 0
      vertex 1.05721 0.236145 0
      vertex 0.888855 0.337051 0
    endloop
  endfacet
  facet normal 0 0 -1
    outer loop
      vertex 1.41942 104.914 0
      vertex 0 103 0
      vertex 1.23462 104.848 0
    endloop
  endfacet
  facet normal 0 0 -1
    outer loop
      vertex 0 2 0
      vertex 0.888855 0.337051 0
      vertex 0.731201 0.453964 0
    endloop
  endfacet
  facet normal 0 0 -1
    outer loop
      vertex 1.23462 104.848 0
      vertex 0 103 0
      vertex 1.05721 104.764 0
    endloop
  endfacet
  facet normal 0 0 -1
    outer loop
      vertex 0 2 0
      vertex 0.731201 0.453964 0
      vertex 0.585785 0.585785 0
    endloop
  endfacet
  facet normal 0 0 -1
    outer loop
      vertex 1.05721 104.764 0
      vertex 0 103 0
      vertex 0.888855 104.663 0
    endloop
  endfacet
  facet normal 0 0 -1
    outer loop
      vertex 0 2 0
      vertex 0.585785 0.585785 0
      vertex 0.453964 0.731201 0
    endloop
  endfacet
  facet normal 0 0 -1
    outer loop
      vertex 0.888855 104.663 0
      vertex 0 103 0
      vertex 0.731201 104.546 0
    endloop
  endfacet
  facet normal 0 0 -1
    outer loop
      vertex 0 2 0
      vertex 0.453964 0.731201 0
      vertex 0.337051 0.888855 0
    endloop
  endfacet
  facet normal 0 0 -1
    outer loop
      vertex 0.731201 104.546 0
      vertex 0 103 0
      vertex 0.585785 104.414 0
    endloop
  endfacet
  facet normal 0 0 -1
    outer loop
      vertex 0 2 0
      vertex 0.337051 0.888855 0
      vertex 0.236145 1.05721 0
    endloop
  endfacet
  facet normal 0 0 -1
    outer loop
      vertex 0.585785 104.414 0
      vertex 0 103 0
      vertex 0.453964 104.269 0
    endloop
  endfacet
  facet normal 0 0 -1
    outer loop
      vertex 0 2 0
      vertex 0.236145 1.05721 0
      vertex 0.152237 1.23462 0
    endloop
  endfacet
  facet normal 0 0 -1
    outer loop
      vertex 0.453964 104.269 0
      vertex 0 103 0
      vertex 0.337051 104.111 0
    endloop
  endfacet
  facet normal 0 0 -1
    outer loop
      vertex 0 2 0
      vertex 0.152237 1.23462 0
      vertex 0.0861053 1.41942 0
    endloop
  endfacet
  facet normal 0 0 -1
    outer loop
      vertex 0.337051 104.111 0
      vertex 0 103 0
      vertex 0.236145 103.943 0
    endloop
  endfacet
  facet normal 0 0 -1
    outer loop
      vertex 0 2 0
      vertex 0.0861053 1.41942 0
      vertex 0.0384216 1.60982 0
    endloop
  endfacet
  facet normal 0 0 -1
    outer loop
      vertex 0.236145 103.943 0
      vertex 0 103 0
      vertex 0.152237 103.765 0
    endloop
  endfacet
  facet normal 0 0 -1
    outer loop
      vertex 0 2 0
      vertex 0.0384216 1.60982 0
      vertex 0.0096283 1.80396 0
    endloop
  endfacet
  facet normal 0 0 -1
    outer loop
      vertex 0.152237 103.765 0
      vertex 0 103 0
      vertex 0.0861053 103.581 0
    endloop
  endfacet
  facet normal 0 0 -1
    outer loop
      vertex 0.0861053 103.581 0
      vertex 0 103 0
      vertex 0.0384216 103.39 0
    endloop
  endfacet
  facet normal 0 0 -1
    outer loop
      vertex 0.0384216 103.39 0
      vertex 0 103 0
      vertex 0.0096283 103.196 0
    endloop
  endfacet
  facet normal 0.142706 0.989765 -0
    outer loop
      vertex 73.3902 104.962 0
      vertex 73.196 104.99 1
      vertex 73.3902 104.962 1
    endloop
  endfacet
  facet normal 0.142706 0.989765 0
    outer loop
      vertex 73.196 104.99 1
      vertex 73.3902 104.962 0
      vertex 73.196 104.99 0
    endloop
  endfacet
  facet normal -0.427552 -0.903991 0
    outer loop
      vertex 1.05721 0.236145 0
      vertex 1.23462 0.152237 1
      vertex 1.05721 0.236145 1
    endloop
  endfacet
  facet normal -0.427552 -0.903991 -0
    outer loop
      vertex 1.23462 0.152237 1
      vertex 1.05721 0.236145 0
      vertex 1.23462 0.152237 0
    endloop
  endfacet
  facet normal 0.803266 -0.59562 0
    outer loop
      vertex 74.546 0.731201 1
      vertex 74.6629 0.888855 0
      vertex 74.6629 0.888855 1
    endloop
  endfacet
  facet normal 0.803266 -0.59562 0
    outer loop
      vertex 74.6629 0.888855 0
      vertex 74.546 0.731201 1
      vertex 74.546 0.731201 0
    endloop
  endfacet
  facet normal -0.904538 0.426393 0
    outer loop
      vertex 0.152237 103.765 0
      vertex 0.236145 103.943 1
      vertex 0.236145 103.943 0
    endloop
  endfacet
  facet normal -0.904538 0.426393 0
    outer loop
      vertex 0.236145 103.943 1
      vertex 0.152237 103.765 0
      vertex 0.152237 103.765 1
    endloop
  endfacet
  facet normal 0.336336 0.941742 -0
    outer loop
      vertex 73.7654 104.848 0
      vertex 73.5806 104.914 1
      vertex 73.7654 104.848 1
    endloop
  endfacet
  facet normal 0.336336 0.941742 0
    outer loop
      vertex 73.5806 104.914 1
      vertex 73.7654 104.848 0
      vertex 73.5806 104.914 0
    endloop
  endfacet
  facet normal 0.904554 0.42636 0
    outer loop
      vertex 74.8477 103.765 1
      vertex 74.7638 103.943 0
      vertex 74.7638 103.943 1
    endloop
  endfacet
  facet normal 0.904554 0.42636 0
    outer loop
      vertex 74.7638 103.943 0
      vertex 74.8477 103.765 1
      vertex 74.8477 103.765 0
    endloop
  endfacet
  facet normal 0.244452 0.969661 -0
    outer loop
      vertex 73.5806 104.914 0
      vertex 73.3902 104.962 1
      vertex 73.5806 104.914 1
    endloop
  endfacet
  facet normal 0.244452 0.969661 0
    outer loop
      vertex 73.3902 104.962 1
      vertex 73.5806 104.914 0
      vertex 73.3902 104.962 0
    endloop
  endfacet
  facet normal -0.336336 0.941742 0
    outer loop
      vertex 1.41942 104.914 0
      vertex 1.23462 104.848 1
      vertex 1.41942 104.914 1
    endloop
  endfacet
  facet normal -0.336336 0.941742 0
    outer loop
      vertex 1.23462 104.848 1
      vertex 1.41942 104.914 0
      vertex 1.23462 104.848 0
    endloop
  endfacet
  facet normal 0.59555 -0.803318 0
    outer loop
      vertex 74.1111 0.337051 0
      vertex 74.2688 0.453964 1
      vertex 74.1111 0.337051 1
    endloop
  endfacet
  facet normal 0.59555 -0.803318 0
    outer loop
      vertex 74.2688 0.453964 1
      vertex 74.1111 0.337051 0
      vertex 74.2688 0.453964 0
    endloop
  endfacet
  facet normal 0.672166 0.740401 -0
    outer loop
      vertex 74.4142 104.414 0
      vertex 74.2688 104.546 1
      vertex 74.4142 104.414 1
    endloop
  endfacet
  facet normal 0.672166 0.740401 0
    outer loop
      vertex 74.2688 104.546 1
      vertex 74.4142 104.414 0
      vertex 74.2688 104.546 0
    endloop
  endfacet
  facet normal -0.336931 -0.941529 0
    outer loop
      vertex 1.23462 0.152237 0
      vertex 1.41942 0.0861053 1
      vertex 1.23462 0.152237 1
    endloop
  endfacet
  facet normal -0.336931 -0.941529 -0
    outer loop
      vertex 1.41942 0.0861053 1
      vertex 1.23462 0.152237 0
      vertex 1.41942 0.0861053 0
    endloop
  endfacet
  facet normal 0.595836 0.803106 -0
    outer loop
      vertex 74.2688 104.546 0
      vertex 74.1111 104.663 1
      vertex 74.2688 104.546 1
    endloop
  endfacet
  facet normal 0.595836 0.803106 0
    outer loop
      vertex 74.1111 104.663 1
      vertex 74.2688 104.546 0
      vertex 74.1111 104.663 0
    endloop
  endfacet
  facet normal -0 0 1
    outer loop
      vertex 9.87814 102.101 1
      vertex 10.4615 100.457 1
      vertex 10.6987 102.101 1
    endloop
  endfacet
  facet normal 0 0 1
    outer loop
      vertex 10.4615 100.457 1
      vertex 9.87814 102.101 1
      vertex 9.87814 100.457 1
    endloop
  endfacet
  facet normal 0 0 1
    outer loop
      vertex 73 105 1
      vertex 70.088 103.612 1
      vertex 70.9534 103.612 1
    endloop
  endfacet
  facet normal -0 0 1
    outer loop
      vertex 69.8059 102.112 1
      vertex 70.088 102.001 1
      vertex 70.088 103.612 1
    endloop
  endfacet
  facet normal 0 0 1
    outer loop
      vertex 70.088 102.001 1
      vertex 70.0258 100.393 1
      vertex 70.0593 100.102 1
    endloop
  endfacet
  facet normal 0 0 1
    outer loop
      vertex 70.088 102.001 1
      vertex 69.9906 100.685 1
      vertex 70.0258 100.393 1
    endloop
  endfacet
  facet normal 0 0 1
    outer loop
      vertex 70.088 102.001 1
      vertex 69.9543 100.978 1
      vertex 69.9906 100.685 1
    endloop
  endfacet
  facet normal 0 0 1
    outer loop
      vertex 70.088 102.001 1
      vertex 69.9173 101.269 1
      vertex 69.9543 100.978 1
    endloop
  endfacet
  facet normal 0 0 1
    outer loop
      vertex 70.088 102.001 1
      vertex 69.8799 101.556 1
      vertex 69.9173 101.269 1
    endloop
  endfacet
  facet normal 0 0 1
    outer loop
      vertex 70.088 102.001 1
      vertex 69.8427 101.838 1
      vertex 69.8799 101.556 1
    endloop
  endfacet
  facet normal 0 0 1
    outer loop
      vertex 70.088 102.001 1
      vertex 69.8059 102.112 1
      vertex 69.8427 101.838 1
    endloop
  endfacet
  facet normal 0 0 1
    outer loop
      vertex 70.088 103.612 1
      vertex 69.6072 103.612 1
      vertex 69.8059 102.112 1
    endloop
  endfacet
  facet normal 0 0 1
    outer loop
      vertex 73 105 1
      vertex 69.6072 103.612 1
      vertex 70.088 103.612 1
    endloop
  endfacet
  facet normal 0 0 1
    outer loop
      vertex 73 105 1
      vertex 68.6712 103.612 1
      vertex 69.6072 103.612 1
    endloop
  endfacet
  facet normal 0 0 1
    outer loop
      vertex 68.6712 103.612 1
      vertex 68.4624 99.5011 1
      vertex 68.6712 95.5 1
    endloop
  endfacet
  facet normal 0 0 1
    outer loop
      vertex 68.6712 103.612 1
      vertex 68.4239 100.312 1
      vertex 68.4624 99.5011 1
    endloop
  endfacet
  facet normal 0 0 1
    outer loop
      vertex 68.6712 103.612 1
      vertex 68.3958 101.054 1
      vertex 68.4239 100.312 1
    endloop
  endfacet
  facet normal 0 0 1
    outer loop
      vertex 68.6712 103.612 1
      vertex 68.3517 101.697 1
      vertex 68.3958 101.054 1
    endloop
  endfacet
  facet normal 0 0 1
    outer loop
      vertex 68.6712 103.612 1
      vertex 68.2881 102.245 1
      vertex 68.3517 101.697 1
    endloop
  endfacet
  facet normal 0 0 1
    outer loop
      vertex 68.6712 103.612 1
      vertex 68.2014 102.699 1
      vertex 68.2881 102.245 1
    endloop
  endfacet
  facet normal 0 0 1
    outer loop
      vertex 68.6712 103.612 1
      vertex 68.088 103.064 1
      vertex 68.2014 102.699 1
    endloop
  endfacet
  facet normal 0 0 1
    outer loop
      vertex 68.6712 103.612 1
      vertex 67.9443 103.343 1
      vertex 68.088 103.064 1
    endloop
  endfacet
  facet normal 0 0 1
    outer loop
      vertex 68.6712 103.612 1
      vertex 67.7667 103.538 1
      vertex 67.9443 103.343 1
    endloop
  endfacet
  facet normal -0 0 1
    outer loop
      vertex 67.2957 103.69 1
      vertex 68.6712 103.612 1
      vertex 73 105 1
    endloop
  endfacet
  facet normal 0 0 1
    outer loop
      vertex 68.6712 103.612 1
      vertex 67.5517 103.652 1
      vertex 67.7667 103.538 1
    endloop
  endfacet
  facet normal 0 0 1
    outer loop
      vertex 68.6712 103.612 1
      vertex 67.2957 103.69 1
      vertex 67.5517 103.652 1
    endloop
  endfacet
  facet normal 0 0 1
    outer loop
      vertex 65.8472 103.612 1
      vertex 67.2957 103.69 1
      vertex 73 105 1
    endloop
  endfacet
  facet normal 0 0 1
    outer loop
      vertex 66.0855 100.438 1
      vertex 65.8472 103.612 1
      vertex 66.0712 99.5011 1
    endloop
  endfacet
  facet normal 0 0 1
    outer loop
      vertex 66.129 101.244 1
      vertex 65.8472 103.612 1
      vertex 66.0855 100.438 1
    endloop
  endfacet
  facet normal 0 0 1
    outer loop
      vertex 66.202 101.925 1
      vertex 65.8472 103.612 1
      vertex 66.129 101.244 1
    endloop
  endfacet
  facet normal 0 0 1
    outer loop
      vertex 66.3053 102.487 1
      vertex 65.8472 103.612 1
      vertex 66.202 101.925 1
    endloop
  endfacet
  facet normal 0 0 1
    outer loop
      vertex 66.4394 102.935 1
      vertex 65.8472 103.612 1
      vertex 66.3053 102.487 1
    endloop
  endfacet
  facet normal 0 0 1
    outer loop
      vertex 66.6049 103.273 1
      vertex 65.8472 103.612 1
      vertex 66.4394 102.935 1
    endloop
  endfacet
  facet normal 0 0 1
    outer loop
      vertex 66.8024 103.508 1
      vertex 65.8472 103.612 1
      vertex 66.6049 103.273 1
    endloop
  endfacet
  facet normal 0 0 1
    outer loop
      vertex 67.0325 103.645 1
      vertex 65.8472 103.612 1
      vertex 66.8024 103.508 1
    endloop
  endfacet
  facet normal 0 0 1
    outer loop
      vertex 67.2957 103.69 1
      vertex 65.8472 103.612 1
      vertex 67.0325 103.645 1
    endloop
  endfacet
  facet normal 0 0 1
    outer loop
      vertex 73 105 1
      vertex 64.8343 103.612 1
      vertex 65.8472 103.612 1
    endloop
  endfacet
  facet normal 0 0 1
    outer loop
      vertex 64.8343 103.612 1
      vertex 64.7478 95.5 1
      vertex 64.8343 95.5 1
    endloop
  endfacet
  facet normal 0 0 1
    outer loop
      vertex 64.8343 103.612 1
      vertex 63.9951 103.646 1
      vertex 64.7478 95.5 1
    endloop
  endfacet
  facet normal 0 0 1
    outer loop
      vertex 73 105 1
      vertex 63.9951 103.646 1
      vertex 64.8343 103.612 1
    endloop
  endfacet
  facet normal 0 0 1
    outer loop
      vertex 73 105 1
      vertex 62.9374 103.646 1
      vertex 63.9951 103.646 1
    endloop
  endfacet
  facet normal 0 0 1
    outer loop
      vertex 62.9374 103.646 1
      vertex 62.4483 101.546 1
      vertex 62.4716 100.812 1
    endloop
  endfacet
  facet normal 0 0 1
    outer loop
      vertex 62.9374 103.646 1
      vertex 62.3823 102.142 1
      vertex 62.4483 101.546 1
    endloop
  endfacet
  facet normal 0 0 1
    outer loop
      vertex 62.9374 103.646 1
      vertex 62.2793 102.615 1
      vertex 62.3823 102.142 1
    endloop
  endfacet
  facet normal 0 0 1
    outer loop
      vertex 62.9374 103.646 1
      vertex 62.1449 102.977 1
      vertex 62.2793 102.615 1
    endloop
  endfacet
  facet normal 0 0 1
    outer loop
      vertex 62.9374 103.646 1
      vertex 61.9849 103.242 1
      vertex 62.1449 102.977 1
    endloop
  endfacet
  facet normal 0 0 1
    outer loop
      vertex 62.9374 103.646 1
      vertex 61.8049 103.425 1
      vertex 61.9849 103.242 1
    endloop
  endfacet
  facet normal 0 0 1
    outer loop
      vertex 62.9374 103.646 1
      vertex 61.6107 103.538 1
      vertex 61.8049 103.425 1
    endloop
  endfacet
  facet normal 0 0 1
    outer loop
      vertex 61.2023 103.612 1
      vertex 62.9374 103.646 1
      vertex 73 105 1
    endloop
  endfacet
  facet normal 0 0 1
    outer loop
      vertex 62.9374 103.646 1
      vertex 61.4079 103.596 1
      vertex 61.6107 103.538 1
    endloop
  endfacet
  facet normal 0 0 1
    outer loop
      vertex 62.9374 103.646 1
      vertex 61.2023 103.612 1
      vertex 61.4079 103.596 1
    endloop
  endfacet
  facet normal 0 0 1
    outer loop
      vertex 73 105 1
      vertex 60.1445 103.612 1
      vertex 61.2023 103.612 1
    endloop
  endfacet
  facet normal 0 0 1
    outer loop
      vertex 60.1445 103.612 1
      vertex 59.9063 103.612 1
      vertex 60.1445 95.5 1
    endloop
  endfacet
  facet normal 0 0 1
    outer loop
      vertex 73 105 1
      vertex 59.9063 103.612 1
      vertex 60.1445 103.612 1
    endloop
  endfacet
  facet normal 0 0 1
    outer loop
      vertex 73 105 1
      vertex 58.7203 103.612 1
      vertex 59.9063 103.612 1
    endloop
  endfacet
  facet normal 0 0 1
    outer loop
      vertex 58.7203 103.612 1
      vertex 58.4446 99.2345 1
      vertex 58.4511 99.2345 1
    endloop
  endfacet
  facet normal 0 0 1
    outer loop
      vertex 58.7203 103.612 1
      vertex 58.1754 103.612 1
      vertex 58.4446 99.2345 1
    endloop
  endfacet
  facet normal 0 0 1
    outer loop
      vertex 73 105 1
      vertex 58.1754 103.612 1
      vertex 58.7203 103.612 1
    endloop
  endfacet
  facet normal -0 0 1
    outer loop
      vertex 56.1758 103.646 1
      vertex 58.1754 103.612 1
      vertex 73 105 1
    endloop
  endfacet
  facet normal 0 0 1
    outer loop
      vertex 56.983 103.612 1
      vertex 56.9286 95.5 1
      vertex 56.983 95.5 1
    endloop
  endfacet
  facet normal 0 0 1
    outer loop
      vertex 56.983 103.612 1
      vertex 56.1758 103.646 1
      vertex 56.9286 95.5 1
    endloop
  endfacet
  facet normal 0 0 1
    outer loop
      vertex 58.1754 103.612 1
      vertex 56.1758 103.646 1
      vertex 56.983 103.612 1
    endloop
  endfacet
  facet normal -0 0 1
    outer loop
      vertex 53.291 103.69 1
      vertex 56.1758 103.646 1
      vertex 73 105 1
    endloop
  endfacet
  facet normal 0 0 1
    outer loop
      vertex 55.1181 103.646 1
      vertex 54.445 100.312 1
      vertex 54.4706 98.5678 1
    endloop
  endfacet
  facet normal 0 0 1
    outer loop
      vertex 55.1181 103.646 1
      vertex 54.4328 101.145 1
      vertex 54.445 100.312 1
    endloop
  endfacet
  facet normal 0 0 1
    outer loop
      vertex 55.1181 103.646 1
      vertex 54.3954 101.836 1
      vertex 54.4328 101.145 1
    endloop
  endfacet
  facet normal 0 0 1
    outer loop
      vertex 55.1181 103.646 1
      vertex 54.331 102.398 1
      vertex 54.3954 101.836 1
    endloop
  endfacet
  facet normal 0 0 1
    outer loop
      vertex 55.1181 103.646 1
      vertex 54.2381 102.841 1
      vertex 54.331 102.398 1
    endloop
  endfacet
  facet normal 0 0 1
    outer loop
      vertex 55.1181 103.646 1
      vertex 54.1152 103.178 1
      vertex 54.2381 102.841 1
    endloop
  endfacet
  facet normal 0 0 1
    outer loop
      vertex 55.1181 103.646 1
      vertex 53.9606 103.419 1
      vertex 54.1152 103.178 1
    endloop
  endfacet
  facet normal 0 0 1
    outer loop
      vertex 55.1181 103.646 1
      vertex 53.7727 103.577 1
      vertex 53.9606 103.419 1
    endloop
  endfacet
  facet normal 0 0 1
    outer loop
      vertex 56.1758 103.646 1
      vertex 53.291 103.69 1
      vertex 55.1181 103.646 1
    endloop
  endfacet
  facet normal 0 0 1
    outer loop
      vertex 55.1181 103.646 1
      vertex 53.5501 103.664 1
      vertex 53.7727 103.577 1
    endloop
  endfacet
  facet normal 0 0 1
    outer loop
      vertex 55.1181 103.646 1
      vertex 53.291 103.69 1
      vertex 53.5501 103.664 1
    endloop
  endfacet
  facet normal 0 0 1
    outer loop
      vertex 52.0809 100.452 1
      vertex 51.383 103.612 1
      vertex 52.0666 99.5011 1
    endloop
  endfacet
  facet normal 0 0 1
    outer loop
      vertex 52.1243 101.267 1
      vertex 51.383 103.612 1
      vertex 52.0809 100.452 1
    endloop
  endfacet
  facet normal 0 0 1
    outer loop
      vertex 52.1974 101.95 1
      vertex 51.383 103.612 1
      vertex 52.1243 101.267 1
    endloop
  endfacet
  facet normal 0 0 1
    outer loop
      vertex 52.3007 102.51 1
      vertex 51.383 103.612 1
      vertex 52.1974 101.95 1
    endloop
  endfacet
  facet normal 0 0 1
    outer loop
      vertex 52.4348 102.953 1
      vertex 51.383 103.612 1
      vertex 52.3007 102.51 1
    endloop
  endfacet
  facet normal 0 0 1
    outer loop
      vertex 52.6003 103.285 1
      vertex 51.383 103.612 1
      vertex 52.4348 102.953 1
    endloop
  endfacet
  facet normal 0 0 1
    outer loop
      vertex 52.7978 103.515 1
      vertex 51.383 103.612 1
      vertex 52.6003 103.285 1
    endloop
  endfacet
  facet normal 0 0 1
    outer loop
      vertex 53.0279 103.647 1
      vertex 51.383 103.612 1
      vertex 52.7978 103.515 1
    endloop
  endfacet
  facet normal 0 0 1
    outer loop
      vertex 53.291 103.69 1
      vertex 51.383 103.612 1
      vertex 53.0279 103.647 1
    endloop
  endfacet
  facet normal 0 0 1
    outer loop
      vertex 46.7305 103.69 1
      vertex 53.291 103.69 1
      vertex 73 105 1
    endloop
  endfacet
  facet normal 0 0 1
    outer loop
      vertex 53.291 103.69 1
      vertex 50.4727 103.612 1
      vertex 51.383 103.612 1
    endloop
  endfacet
  facet normal -0 0 1
    outer loop
      vertex 50.2803 98.7131 1
      vertex 50.2932 98.49 1
      vertex 50.2994 98.7185 1
    endloop
  endfacet
  facet normal -0 0 1
    outer loop
      vertex 50.2737 98.9188 1
      vertex 50.2994 98.7185 1
      vertex 50.3053 98.9264 1
    endloop
  endfacet
  facet normal -0 0 1
    outer loop
      vertex 50.2668 99.1122 1
      vertex 50.3053 98.9264 1
      vertex 50.311 99.1192 1
    endloop
  endfacet
  facet normal -0 0 1
    outer loop
      vertex 50.2594 99.2982 1
      vertex 50.311 99.1192 1
      vertex 50.3167 99.3027 1
    endloop
  endfacet
  facet normal -0 0 1
    outer loop
      vertex 50.2514 99.4818 1
      vertex 50.3167 99.3027 1
      vertex 50.3226 99.4826 1
    endloop
  endfacet
  facet normal 0 0 1
    outer loop
      vertex 50.2514 99.4818 1
      vertex 50.3226 99.4826 1
      vertex 50.3288 99.6645 1
    endloop
  endfacet
  facet normal -0 0 1
    outer loop
      vertex 50.2426 99.6678 1
      vertex 50.3288 99.6645 1
      vertex 50.3355 99.854 1
    endloop
  endfacet
  facet normal 0 0 1
    outer loop
      vertex 50.2932 98.49 1
      vertex 50.2803 98.7131 1
      vertex 50.2867 98.49 1
    endloop
  endfacet
  facet normal -0 0 1
    outer loop
      vertex 50.2328 99.8612 1
      vertex 50.3355 99.854 1
      vertex 50.3428 100.057 1
    endloop
  endfacet
  facet normal -0 0 1
    outer loop
      vertex 50.222 100.067 1
      vertex 50.3428 100.057 1
      vertex 50.3509 100.279 1
    endloop
  endfacet
  facet normal -0 0 1
    outer loop
      vertex 50.2098 100.29 1
      vertex 50.3509 100.279 1
      vertex 50.4727 103.612 1
    endloop
  endfacet
  facet normal 0 0 1
    outer loop
      vertex 50.2994 98.7185 1
      vertex 50.2737 98.9188 1
      vertex 50.2803 98.7131 1
    endloop
  endfacet
  facet normal 0 0 1
    outer loop
      vertex 50.3053 98.9264 1
      vertex 50.2668 99.1122 1
      vertex 50.2737 98.9188 1
    endloop
  endfacet
  facet normal 0 0 1
    outer loop
      vertex 50.311 99.1192 1
      vertex 50.2594 99.2982 1
      vertex 50.2668 99.1122 1
    endloop
  endfacet
  facet normal 0 0 1
    outer loop
      vertex 50.3167 99.3027 1
      vertex 50.2514 99.4818 1
      vertex 50.2594 99.2982 1
    endloop
  endfacet
  facet normal 0 0 1
    outer loop
      vertex 50.3288 99.6645 1
      vertex 50.2426 99.6678 1
      vertex 50.2514 99.4818 1
    endloop
  endfacet
  facet normal 0 0 1
    outer loop
      vertex 50.3355 99.854 1
      vertex 50.2328 99.8612 1
      vertex 50.2426 99.6678 1
    endloop
  endfacet
  facet normal 0 0 1
    outer loop
      vertex 50.3428 100.057 1
      vertex 50.222 100.067 1
      vertex 50.2328 99.8612 1
    endloop
  endfacet
  facet normal 0 0 1
    outer loop
      vertex 50.3509 100.279 1
      vertex 50.2098 100.29 1
      vertex 50.222 100.067 1
    endloop
  endfacet
  facet normal 0 0 1
    outer loop
      vertex 50.4727 103.612 1
      vertex 50.0432 103.612 1
      vertex 50.2098 100.29 1
    endloop
  endfacet
  facet normal 0 0 1
    outer loop
      vertex 53.291 103.69 1
      vertex 46.7305 103.69 1
      vertex 50.4727 103.612 1
    endloop
  endfacet
  facet normal 0 0 1
    outer loop
      vertex 50.4727 103.612 1
      vertex 46.7305 103.69 1
      vertex 50.0432 103.612 1
    endloop
  endfacet
  facet normal 0 0 1
    outer loop
      vertex 49.1392 100.257 1
      vertex 49.0564 98.7764 1
      vertex 49.0565 98.7499 1
    endloop
  endfacet
  facet normal -0 0 1
    outer loop
      vertex 49.0284 99.1258 1
      vertex 49.0564 98.7764 1
      vertex 49.1392 100.257 1
    endloop
  endfacet
  facet normal 0 0 1
    outer loop
      vertex 49.0461 98.5643 1
      vertex 49.0386 98.7086 1
      vertex 49.0431 98.49 1
    endloop
  endfacet
  facet normal 0 0 1
    outer loop
      vertex 49.049 98.6332 1
      vertex 49.0386 98.7086 1
      vertex 49.0461 98.5643 1
    endloop
  endfacet
  facet normal 0 0 1
    outer loop
      vertex 49.0521 98.7022 1
      vertex 49.0386 98.7086 1
      vertex 49.049 98.6332 1
    endloop
  endfacet
  facet normal 0 0 1
    outer loop
      vertex 49.0548 98.7552 1
      vertex 49.0386 98.7086 1
      vertex 49.0521 98.7022 1
    endloop
  endfacet
  facet normal -0 -0 1
    outer loop
      vertex 49.0337 98.9204 1
      vertex 49.0564 98.7764 1
      vertex 49.0284 99.1258 1
    endloop
  endfacet
  facet normal -0 0 1
    outer loop
      vertex 48.8636 103.612 1
      vertex 49.1392 100.257 1
      vertex 49.3572 103.612 1
    endloop
  endfacet
  facet normal 0 0 1
    outer loop
      vertex 49.0564 98.7764 1
      vertex 49.0386 98.7086 1
      vertex 49.0548 98.7552 1
    endloop
  endfacet
  facet normal 0 -0 1
    outer loop
      vertex 49.0386 98.7086 1
      vertex 49.0564 98.7764 1
      vertex 49.0337 98.9204 1
    endloop
  endfacet
  facet normal 0 0 1
    outer loop
      vertex 49.1392 100.257 1
      vertex 49.0228 99.3255 1
      vertex 49.0284 99.1258 1
    endloop
  endfacet
  facet normal 0 0 1
    outer loop
      vertex 49.1392 100.257 1
      vertex 49.0169 99.52 1
      vertex 49.0228 99.3255 1
    endloop
  endfacet
  facet normal 0 0 1
    outer loop
      vertex 49.1392 100.257 1
      vertex 49.0108 99.7098 1
      vertex 49.0169 99.52 1
    endloop
  endfacet
  facet normal 0 0 1
    outer loop
      vertex 49.1392 100.257 1
      vertex 49.0046 99.8954 1
      vertex 49.0108 99.7098 1
    endloop
  endfacet
  facet normal 0 0 1
    outer loop
      vertex 49.1392 100.257 1
      vertex 48.9982 100.078 1
      vertex 49.0046 99.8954 1
    endloop
  endfacet
  facet normal 0 0 1
    outer loop
      vertex 49.1392 100.257 1
      vertex 48.9918 100.257 1
      vertex 48.9982 100.078 1
    endloop
  endfacet
  facet normal 0 0 1
    outer loop
      vertex 49.1392 100.257 1
      vertex 48.8636 103.612 1
      vertex 48.9918 100.257 1
    endloop
  endfacet
  facet normal 0 0 1
    outer loop
      vertex 50.0432 103.612 1
      vertex 46.7305 103.69 1
      vertex 49.3572 103.612 1
    endloop
  endfacet
  facet normal 0 0 1
    outer loop
      vertex 49.3572 103.612 1
      vertex 46.7305 103.69 1
      vertex 48.8636 103.612 1
    endloop
  endfacet
  facet normal 0 0 1
    outer loop
      vertex 47.8763 103.612 1
      vertex 47.7299 102.51 1
      vertex 47.8369 101.95 1
    endloop
  endfacet
  facet normal 0 0 1
    outer loop
      vertex 47.8763 103.612 1
      vertex 47.5921 102.953 1
      vertex 47.7299 102.51 1
    endloop
  endfacet
  facet normal 0 0 1
    outer loop
      vertex 47.8763 103.612 1
      vertex 47.4233 103.285 1
      vertex 47.5921 102.953 1
    endloop
  endfacet
  facet normal 0 0 1
    outer loop
      vertex 47.8763 103.612 1
      vertex 47.2235 103.515 1
      vertex 47.4233 103.285 1
    endloop
  endfacet
  facet normal 0 0 1
    outer loop
      vertex 47.8763 103.612 1
      vertex 46.9926 103.647 1
      vertex 47.2235 103.515 1
    endloop
  endfacet
  facet normal 0 0 1
    outer loop
      vertex 48.8636 103.612 1
      vertex 46.7305 103.69 1
      vertex 47.8763 103.612 1
    endloop
  endfacet
  facet normal 0 0 1
    outer loop
      vertex 47.8763 103.612 1
      vertex 46.7305 103.69 1
      vertex 46.9926 103.647 1
    endloop
  endfacet
  facet normal 0 0 1
    outer loop
      vertex 45.5018 100.452 1
      vertex 45.4088 99.5011 1
      vertex 45.4868 99.5011 1
    endloop
  endfacet
  facet normal -0 0 1
    outer loop
      vertex 45.3872 100.608 1
      vertex 45.5018 100.452 1
      vertex 45.547 101.267 1
    endloop
  endfacet
  facet normal 0 0 1
    outer loop
      vertex 45.5018 100.452 1
      vertex 45.3872 100.608 1
      vertex 45.4088 99.5011 1
    endloop
  endfacet
  facet normal -0 0 1
    outer loop
      vertex 45.3239 101.499 1
      vertex 45.547 101.267 1
      vertex 45.6226 101.95 1
    endloop
  endfacet
  facet normal 0 0 1
    outer loop
      vertex 45.547 101.267 1
      vertex 45.3239 101.499 1
      vertex 45.3872 100.608 1
    endloop
  endfacet
  facet normal -0 0 1
    outer loop
      vertex 45.2205 102.197 1
      vertex 45.6226 101.95 1
      vertex 45.729 102.51 1
    endloop
  endfacet
  facet normal -0 0 1
    outer loop
      vertex 45.079 102.724 1
      vertex 45.729 102.51 1
      vertex 45.8663 102.953 1
    endloop
  endfacet
  facet normal 0 0 1
    outer loop
      vertex 45.6226 101.95 1
      vertex 45.2205 102.197 1
      vertex 45.3239 101.499 1
    endloop
  endfacet
  facet normal -0 0 1
    outer loop
      vertex 44.9011 103.105 1
      vertex 45.8663 102.953 1
      vertex 46.0348 103.285 1
    endloop
  endfacet
  facet normal 0 0 1
    outer loop
      vertex 45.729 102.51 1
      vertex 45.079 102.724 1
      vertex 45.2205 102.197 1
    endloop
  endfacet
  facet normal -0 0 1
    outer loop
      vertex 44.6889 103.361 1
      vertex 46.0348 103.285 1
      vertex 46.2349 103.515 1
    endloop
  endfacet
  facet normal 0 0 1
    outer loop
      vertex 45.8663 102.953 1
      vertex 44.9011 103.105 1
      vertex 45.079 102.724 1
    endloop
  endfacet
  facet normal -0 0 1
    outer loop
      vertex 44.444 103.516 1
      vertex 46.2349 103.515 1
      vertex 46.4667 103.647 1
    endloop
  endfacet
  facet normal 0 0 1
    outer loop
      vertex 46.0348 103.285 1
      vertex 44.6889 103.361 1
      vertex 44.9011 103.105 1
    endloop
  endfacet
  facet normal 0 0 1
    outer loop
      vertex 44.1683 103.592 1
      vertex 46.4667 103.647 1
      vertex 46.7305 103.69 1
    endloop
  endfacet
  facet normal 0 0 1
    outer loop
      vertex 46.2349 103.515 1
      vertex 44.444 103.516 1
      vertex 44.6889 103.361 1
    endloop
  endfacet
  facet normal 0 0 1
    outer loop
      vertex 46.4667 103.647 1
      vertex 44.1683 103.592 1
      vertex 44.444 103.516 1
    endloop
  endfacet
  facet normal 0 0 1
    outer loop
      vertex 42.1399 103.646 1
      vertex 46.7305 103.69 1
      vertex 73 105 1
    endloop
  endfacet
  facet normal 0 0 1
    outer loop
      vertex 46.7305 103.69 1
      vertex 43.8638 103.612 1
      vertex 44.1683 103.592 1
    endloop
  endfacet
  facet normal 0 0 1
    outer loop
      vertex 46.7305 103.69 1
      vertex 42.1399 103.646 1
      vertex 43.8638 103.612 1
    endloop
  endfacet
  facet normal 0 0 1
    outer loop
      vertex 42.947 103.612 1
      vertex 42.8926 95.5 1
      vertex 42.947 95.5 1
    endloop
  endfacet
  facet normal 0 0 1
    outer loop
      vertex 42.947 103.612 1
      vertex 42.1399 103.646 1
      vertex 42.8926 95.5 1
    endloop
  endfacet
  facet normal 0 0 1
    outer loop
      vertex 43.8638 103.612 1
      vertex 42.1399 103.646 1
      vertex 42.947 103.612 1
    endloop
  endfacet
  facet normal 0 0 1
    outer loop
      vertex 73 105 1
      vertex 41.0822 103.646 1
      vertex 42.1399 103.646 1
    endloop
  endfacet
  facet normal 0 0 1
    outer loop
      vertex 41.0822 103.646 1
      vertex 40.2731 103.612 1
      vertex 40.3231 95.5 1
    endloop
  endfacet
  facet normal -0 0 1
    outer loop
      vertex 36.5241 103.69 1
      vertex 41.0822 103.646 1
      vertex 73 105 1
    endloop
  endfacet
  facet normal 0 -0 1
    outer loop
      vertex 39.2602 103.612 1
      vertex 41.0822 103.646 1
      vertex 36.5241 103.69 1
    endloop
  endfacet
  facet normal 0 0 1
    outer loop
      vertex 39.2602 103.612 1
      vertex 38.914 103.612 1
      vertex 39.2602 100.446 1
    endloop
  endfacet
  facet normal 0 0 1
    outer loop
      vertex 41.0822 103.646 1
      vertex 39.2602 103.612 1
      vertex 40.2731 103.612 1
    endloop
  endfacet
  facet normal 0 0 1
    outer loop
      vertex 39.2602 103.612 1
      vertex 36.5241 103.69 1
      vertex 38.914 103.612 1
    endloop
  endfacet
  facet normal -0 0 1
    outer loop
      vertex 37.7337 97.8557 1
      vertex 37.9011 95.5 1
      vertex 37.9011 103.612 1
    endloop
  endfacet
  facet normal 0 0 1
    outer loop
      vertex 37.9011 95.5 1
      vertex 37.7337 97.8557 1
      vertex 37.7485 97.4234 1
    endloop
  endfacet
  facet normal 0 0 1
    outer loop
      vertex 37.9011 103.612 1
      vertex 37.7036 101.057 1
      vertex 37.7337 97.8557 1
    endloop
  endfacet
  facet normal 0 0 1
    outer loop
      vertex 37.9011 103.612 1
      vertex 37.684 101.598 1
      vertex 37.7036 101.057 1
    endloop
  endfacet
  facet normal 0 0 1
    outer loop
      vertex 37.9011 103.612 1
      vertex 37.6445 102.079 1
      vertex 37.684 101.598 1
    endloop
  endfacet
  facet normal 0 0 1
    outer loop
      vertex 37.9011 103.612 1
      vertex 37.5816 102.5 1
      vertex 37.6445 102.079 1
    endloop
  endfacet
  facet normal 0 0 1
    outer loop
      vertex 37.9011 103.612 1
      vertex 37.4919 102.859 1
      vertex 37.5816 102.5 1
    endloop
  endfacet
  facet normal 0 0 1
    outer loop
      vertex 37.9011 103.612 1
      vertex 37.3721 103.155 1
      vertex 37.4919 102.859 1
    endloop
  endfacet
  facet normal 0 0 1
    outer loop
      vertex 37.9011 103.612 1
      vertex 37.2188 103.388 1
      vertex 37.3721 103.155 1
    endloop
  endfacet
  facet normal 0 0 1
    outer loop
      vertex 37.9011 103.612 1
      vertex 37.0286 103.555 1
      vertex 37.2188 103.388 1
    endloop
  endfacet
  facet normal 0 0 1
    outer loop
      vertex 37.9011 103.612 1
      vertex 36.7981 103.656 1
      vertex 37.0286 103.555 1
    endloop
  endfacet
  facet normal 0 0 1
    outer loop
      vertex 38.914 103.612 1
      vertex 36.5241 103.69 1
      vertex 37.9011 103.612 1
    endloop
  endfacet
  facet normal 0 0 1
    outer loop
      vertex 37.9011 103.612 1
      vertex 36.5241 103.69 1
      vertex 36.7981 103.656 1
    endloop
  endfacet
  facet normal 0 0 1
    outer loop
      vertex 35.5994 100.147 1
      vertex 34.4304 97.4234 1
      vertex 35.3316 98.09 1
    endloop
  endfacet
  facet normal -0 0 1
    outer loop
      vertex 34.366 101.598 1
      vertex 35.4022 101.546 1
      vertex 35.416 101.964 1
    endloop
  endfacet
  facet normal -0 0 1
    outer loop
      vertex 34.3265 102.079 1
      vertex 35.416 101.964 1
      vertex 35.4573 102.345 1
    endloop
  endfacet
  facet normal -0 0 1
    outer loop
      vertex 34.2635 102.5 1
      vertex 35.4573 102.345 1
      vertex 35.5264 102.684 1
    endloop
  endfacet
  facet normal 0 0 1
    outer loop
      vertex 35.4163 101.144 1
      vertex 34.4156 97.8557 1
      vertex 34.4304 97.4234 1
    endloop
  endfacet
  facet normal 0 0 1
    outer loop
      vertex 34.0116 99.4019 1
      vertex 35.4163 101.144 1
      vertex 34.3856 101.057 1
    endloop
  endfacet
  facet normal -0 0 1
    outer loop
      vertex 34.1739 102.859 1
      vertex 35.5264 102.684 1
      vertex 35.6231 102.979 1
    endloop
  endfacet
  facet normal -0 0 1
    outer loop
      vertex 34.0541 103.155 1
      vertex 35.6231 102.979 1
      vertex 35.7476 103.227 1
    endloop
  endfacet
  facet normal 0 0 1
    outer loop
      vertex 35.4022 101.546 1
      vertex 34.366 101.598 1
      vertex 34.3856 101.057 1
    endloop
  endfacet
  facet normal -0 0 1
    outer loop
      vertex 33.9007 103.388 1
      vertex 35.7476 103.227 1
      vertex 35.8998 103.425 1
    endloop
  endfacet
  facet normal 0 0 1
    outer loop
      vertex 35.416 101.964 1
      vertex 34.3265 102.079 1
      vertex 34.366 101.598 1
    endloop
  endfacet
  facet normal 0 0 1
    outer loop
      vertex 35.4573 102.345 1
      vertex 34.2635 102.5 1
      vertex 34.3265 102.079 1
    endloop
  endfacet
  facet normal -0 0 1
    outer loop
      vertex 33.7106 103.555 1
      vertex 35.8998 103.425 1
      vertex 36.08 103.57 1
    endloop
  endfacet
  facet normal 0 0 1
    outer loop
      vertex 35.5264 102.684 1
      vertex 34.1739 102.859 1
      vertex 34.2635 102.5 1
    endloop
  endfacet
  facet normal -0 0 1
    outer loop
      vertex 33.4801 103.656 1
      vertex 36.08 103.57 1
      vertex 36.288 103.66 1
    endloop
  endfacet
  facet normal 0 0 1
    outer loop
      vertex 35.6231 102.979 1
      vertex 34.0541 103.155 1
      vertex 34.1739 102.859 1
    endloop
  endfacet
  facet normal 0 0 1
    outer loop
      vertex 35.7476 103.227 1
      vertex 33.9007 103.388 1
      vertex 34.0541 103.155 1
    endloop
  endfacet
  facet normal 0 0 1
    outer loop
      vertex 33.4801 103.656 1
      vertex 36.288 103.66 1
      vertex 36.5241 103.69 1
    endloop
  endfacet
  facet normal 0 0 1
    outer loop
      vertex 35.8998 103.425 1
      vertex 33.7106 103.555 1
      vertex 33.9007 103.388 1
    endloop
  endfacet
  facet normal 0 0 1
    outer loop
      vertex 36.08 103.57 1
      vertex 33.4801 103.656 1
      vertex 33.7106 103.555 1
    endloop
  endfacet
  facet normal 0 0 1
    outer loop
      vertex 33.206 103.69 1
      vertex 36.5241 103.69 1
      vertex 73 105 1
    endloop
  endfacet
  facet normal 0 0 1
    outer loop
      vertex 36.5241 103.69 1
      vertex 33.206 103.69 1
      vertex 33.4801 103.656 1
    endloop
  endfacet
  facet normal 0 0 1
    outer loop
      vertex 32.0979 101.964 1
      vertex 31.8944 103.046 1
      vertex 32.0841 101.546 1
    endloop
  endfacet
  facet normal 0 0 1
    outer loop
      vertex 32.1393 102.345 1
      vertex 31.8944 103.046 1
      vertex 32.0979 101.964 1
    endloop
  endfacet
  facet normal 0 0 1
    outer loop
      vertex 32.2083 102.684 1
      vertex 31.8944 103.046 1
      vertex 32.1393 102.345 1
    endloop
  endfacet
  facet normal 0 0 1
    outer loop
      vertex 32.3051 102.979 1
      vertex 31.8944 103.046 1
      vertex 32.2083 102.684 1
    endloop
  endfacet
  facet normal 0 0 1
    outer loop
      vertex 32.4295 103.227 1
      vertex 31.8944 103.046 1
      vertex 32.3051 102.979 1
    endloop
  endfacet
  facet normal 0 0 1
    outer loop
      vertex 31.8944 103.046 1
      vertex 32.4295 103.227 1
      vertex 31.8944 103.612 1
    endloop
  endfacet
  facet normal 0 0 1
    outer loop
      vertex 32.5818 103.425 1
      vertex 31.8944 103.612 1
      vertex 32.4295 103.227 1
    endloop
  endfacet
  facet normal 0 0 1
    outer loop
      vertex 32.762 103.57 1
      vertex 31.8944 103.612 1
      vertex 32.5818 103.425 1
    endloop
  endfacet
  facet normal 0 0 1
    outer loop
      vertex 32.97 103.66 1
      vertex 31.8944 103.612 1
      vertex 32.762 103.57 1
    endloop
  endfacet
  facet normal 0 0 1
    outer loop
      vertex 33.206 103.69 1
      vertex 31.8944 103.612 1
      vertex 32.97 103.66 1
    endloop
  endfacet
  facet normal 0 0 1
    outer loop
      vertex 33.206 103.69 1
      vertex 30.9072 103.612 1
      vertex 31.8944 103.612 1
    endloop
  endfacet
  facet normal 0 0 1
    outer loop
      vertex 30.9072 103.612 1
      vertex 30.7051 103.612 1
      vertex 30.9072 103.046 1
    endloop
  endfacet
  facet normal 0 0 1
    outer loop
      vertex 33.206 103.69 1
      vertex 30.7051 103.612 1
      vertex 30.9072 103.612 1
    endloop
  endfacet
  facet normal -0 0 1
    outer loop
      vertex 2 105 1
      vertex 33.206 103.69 1
      vertex 73 105 1
    endloop
  endfacet
  facet normal 0 0 1
    outer loop
      vertex 33.206 103.69 1
      vertex 27.6157 103.646 1
      vertex 30.7051 103.612 1
    endloop
  endfacet
  facet normal -0 0 1
    outer loop
      vertex 29.5576 102.112 1
      vertex 29.8396 102.001 1
      vertex 29.8396 103.612 1
    endloop
  endfacet
  facet normal 0 0 1
    outer loop
      vertex 29.8396 102.001 1
      vertex 29.7774 100.393 1
      vertex 29.811 100.102 1
    endloop
  endfacet
  facet normal 0 0 1
    outer loop
      vertex 29.8396 102.001 1
      vertex 29.7423 100.685 1
      vertex 29.7774 100.393 1
    endloop
  endfacet
  facet normal 0 0 1
    outer loop
      vertex 29.8396 102.001 1
      vertex 29.706 100.978 1
      vertex 29.7423 100.685 1
    endloop
  endfacet
  facet normal 0 0 1
    outer loop
      vertex 29.8396 102.001 1
      vertex 29.6689 101.269 1
      vertex 29.706 100.978 1
    endloop
  endfacet
  facet normal 0 0 1
    outer loop
      vertex 29.8396 102.001 1
      vertex 29.6315 101.556 1
      vertex 29.6689 101.269 1
    endloop
  endfacet
  facet normal 0 0 1
    outer loop
      vertex 29.8396 102.001 1
      vertex 29.5943 101.838 1
      vertex 29.6315 101.556 1
    endloop
  endfacet
  facet normal 0 0 1
    outer loop
      vertex 29.8396 102.001 1
      vertex 29.5576 102.112 1
      vertex 29.5943 101.838 1
    endloop
  endfacet
  facet normal 0 0 1
    outer loop
      vertex 29.8396 103.612 1
      vertex 29.3588 103.612 1
      vertex 29.5576 102.112 1
    endloop
  endfacet
  facet normal 0 0 1
    outer loop
      vertex 30.7051 103.612 1
      vertex 27.6157 103.646 1
      vertex 29.8396 103.612 1
    endloop
  endfacet
  facet normal 0 0 1
    outer loop
      vertex 29.8396 103.612 1
      vertex 27.6157 103.646 1
      vertex 29.3588 103.612 1
    endloop
  endfacet
  facet normal 0 0 1
    outer loop
      vertex 28.4228 103.612 1
      vertex 28.3684 95.5 1
      vertex 28.4228 95.5 1
    endloop
  endfacet
  facet normal 0 0 1
    outer loop
      vertex 28.4228 103.612 1
      vertex 27.6157 103.646 1
      vertex 28.3684 95.5 1
    endloop
  endfacet
  facet normal 0 0 1
    outer loop
      vertex 29.3588 103.612 1
      vertex 27.6157 103.646 1
      vertex 28.4228 103.612 1
    endloop
  endfacet
  facet normal 0 0 1
    outer loop
      vertex 33.206 103.69 1
      vertex 2 105 1
      vertex 27.6157 103.646 1
    endloop
  endfacet
  facet normal 0 0 1
    outer loop
      vertex 26.558 103.646 1
      vertex 23.9493 103.612 1
      vertex 26.1418 103.612 1
    endloop
  endfacet
  facet normal 0 0 1
    outer loop
      vertex 27.6157 103.646 1
      vertex 2 105 1
      vertex 26.558 103.646 1
    endloop
  endfacet
  facet normal 0 0 1
    outer loop
      vertex 23.9493 103.612 1
      vertex 23.7958 103.612 1
      vertex 23.9493 102.101 1
    endloop
  endfacet
  facet normal 0 0 1
    outer loop
      vertex 26.558 103.646 1
      vertex 2 105 1
      vertex 23.9493 103.612 1
    endloop
  endfacet
  facet normal 0 0 1
    outer loop
      vertex 23.9493 103.612 1
      vertex 2 105 1
      vertex 23.7958 103.612 1
    endloop
  endfacet
  facet normal 0 0 1
    outer loop
      vertex 22.6484 102.101 1
      vertex 22.783 103.612 1
      vertex 22.6484 103.612 1
    endloop
  endfacet
  facet normal 0 0 1
    outer loop
      vertex 23.7958 103.612 1
      vertex 2 105 1
      vertex 22.783 103.612 1
    endloop
  endfacet
  facet normal 0 0 1
    outer loop
      vertex 22.783 103.612 1
      vertex 2 105 1
      vertex 22.6484 103.612 1
    endloop
  endfacet
  facet normal -0 0 1
    outer loop
      vertex 19.4425 102.724 1
      vertex 20.456 102.101 1
      vertex 20.456 103.612 1
    endloop
  endfacet
  facet normal 0 0 1
    outer loop
      vertex 20.456 102.101 1
      vertex 19.7508 100.608 1
      vertex 19.7723 99.5011 1
    endloop
  endfacet
  facet normal 0 0 1
    outer loop
      vertex 20.456 102.101 1
      vertex 19.6874 101.499 1
      vertex 19.7508 100.608 1
    endloop
  endfacet
  facet normal 0 0 1
    outer loop
      vertex 20.456 102.101 1
      vertex 19.584 102.197 1
      vertex 19.6874 101.499 1
    endloop
  endfacet
  facet normal 0 0 1
    outer loop
      vertex 20.456 102.101 1
      vertex 19.4425 102.724 1
      vertex 19.584 102.197 1
    endloop
  endfacet
  facet normal 0 0 1
    outer loop
      vertex 20.456 103.612 1
      vertex 19.2647 103.105 1
      vertex 19.4425 102.724 1
    endloop
  endfacet
  facet normal 0 0 1
    outer loop
      vertex 20.456 103.612 1
      vertex 19.0524 103.361 1
      vertex 19.2647 103.105 1
    endloop
  endfacet
  facet normal 0 0 1
    outer loop
      vertex 20.456 103.612 1
      vertex 18.8075 103.516 1
      vertex 19.0524 103.361 1
    endloop
  endfacet
  facet normal 0 0 1
    outer loop
      vertex 20.456 103.612 1
      vertex 18.5319 103.592 1
      vertex 18.8075 103.516 1
    endloop
  endfacet
  facet normal 0 0 1
    outer loop
      vertex 22.6484 103.612 1
      vertex 2 105 1
      vertex 20.456 103.612 1
    endloop
  endfacet
  facet normal 0 0 1
    outer loop
      vertex 20.456 103.612 1
      vertex 18.2273 103.612 1
      vertex 18.5319 103.592 1
    endloop
  endfacet
  facet normal 0 0 1
    outer loop
      vertex 20.456 103.612 1
      vertex 2 105 1
      vertex 18.2273 103.612 1
    endloop
  endfacet
  facet normal 0 0 1
    outer loop
      vertex 17.3106 103.612 1
      vertex 17.2562 95.5 1
      vertex 17.3106 95.5 1
    endloop
  endfacet
  facet normal 0 0 1
    outer loop
      vertex 17.3106 103.612 1
      vertex 16.5034 103.646 1
      vertex 17.2562 95.5 1
    endloop
  endfacet
  facet normal -0 -0 1
    outer loop
      vertex 16.5034 103.646 1
      vertex 18.2273 103.612 1
      vertex 2 105 1
    endloop
  endfacet
  facet normal 0 0 1
    outer loop
      vertex 18.2273 103.612 1
      vertex 16.5034 103.646 1
      vertex 17.3106 103.612 1
    endloop
  endfacet
  facet normal 0 0 1
    outer loop
      vertex 15.4457 103.646 1
      vertex 14.6433 103.612 1
      vertex 14.6867 95.5 1
    endloop
  endfacet
  facet normal 0 0 1
    outer loop
      vertex 15.4457 103.646 1
      vertex 13.4573 103.612 1
      vertex 14.6433 103.612 1
    endloop
  endfacet
  facet normal 0 0 1
    outer loop
      vertex 16.5034 103.646 1
      vertex 2 105 1
      vertex 15.4457 103.646 1
    endloop
  endfacet
  facet normal 0 0 1
    outer loop
      vertex 13.4573 103.612 1
      vertex 13.1817 99.2345 1
      vertex 13.1881 99.2345 1
    endloop
  endfacet
  facet normal 0 0 1
    outer loop
      vertex 13.4573 103.612 1
      vertex 12.9124 103.612 1
      vertex 13.1817 99.2345 1
    endloop
  endfacet
  facet normal 0 0 1
    outer loop
      vertex 15.4457 103.646 1
      vertex 2 105 1
      vertex 13.4573 103.612 1
    endloop
  endfacet
  facet normal 0 0 1
    outer loop
      vertex 13.4573 103.612 1
      vertex 2 105 1
      vertex 12.9124 103.612 1
    endloop
  endfacet
  facet normal -0 0 1
    outer loop
      vertex 10.4615 99.0566 1
      vertex 11.72 95.5 1
      vertex 11.72 103.612 1
    endloop
  endfacet
  facet normal 0 0 1
    outer loop
      vertex 10.6987 102.101 1
      vertex 11.72 103.612 1
      vertex 10.6987 103.612 1
    endloop
  endfacet
  facet normal 0 0 1
    outer loop
      vertex 12.9124 103.612 1
      vertex 2 105 1
      vertex 11.72 103.612 1
    endloop
  endfacet
  facet normal 0 0 1
    outer loop
      vertex 11.72 103.612 1
      vertex 2 105 1
      vertex 10.6987 103.612 1
    endloop
  endfacet
  facet normal 0 0 1
    outer loop
      vertex 8.86522 103.612 1
      vertex 8.6203 103.612 1
      vertex 8.86522 95.5 1
    endloop
  endfacet
  facet normal 0 0 1
    outer loop
      vertex 10.6987 103.612 1
      vertex 2 105 1
      vertex 8.86522 103.612 1
    endloop
  endfacet
  facet normal 0 0 1
    outer loop
      vertex 8.86522 103.612 1
      vertex 2 105 1
      vertex 8.6203 103.612 1
    endloop
  endfacet
  facet normal 0 0 1
    outer loop
      vertex 7.60743 103.612 1
      vertex 7.26125 103.612 1
      vertex 7.60743 100.446 1
    endloop
  endfacet
  facet normal 0 0 1
    outer loop
      vertex 8.6203 103.612 1
      vertex 2 105 1
      vertex 7.60743 103.612 1
    endloop
  endfacet
  facet normal 0 0 1
    outer loop
      vertex 7.60743 103.612 1
      vertex 2 105 1
      vertex 7.26125 103.612 1
    endloop
  endfacet
  facet normal 0 0 1
    outer loop
      vertex 6.14588 102.101 1
      vertex 6.24834 103.612 1
      vertex 6.14588 103.612 1
    endloop
  endfacet
  facet normal 0 0 1
    outer loop
      vertex 7.26125 103.612 1
      vertex 2 105 1
      vertex 6.24834 103.612 1
    endloop
  endfacet
  facet normal 0 0 1
    outer loop
      vertex 6.24834 103.612 1
      vertex 2 105 1
      vertex 6.14588 103.612 1
    endloop
  endfacet
  facet normal 0 0 1
    outer loop
      vertex 0 103 1
      vertex 3.95343 103.612 1
      vertex 2 105 1
    endloop
  endfacet
  facet normal 0 0 1
    outer loop
      vertex 6.14588 103.612 1
      vertex 2 105 1
      vertex 3.95343 103.612 1
    endloop
  endfacet
  facet normal 0 0 1
    outer loop
      vertex 70.9534 103.612 1
      vertex 75 103 1
      vertex 74.9904 103.196 1
    endloop
  endfacet
  facet normal 0 0 1
    outer loop
      vertex 70.9534 103.612 1
      vertex 74.9904 103.196 1
      vertex 74.9616 103.39 1
    endloop
  endfacet
  facet normal 0 0 1
    outer loop
      vertex 70.9534 103.612 1
      vertex 74.9616 103.39 1
      vertex 74.9139 103.581 1
    endloop
  endfacet
  facet normal -0 0 1
    outer loop
      vertex 70.9534 103.612 1
      vertex 74.9139 103.581 1
      vertex 74.8477 103.765 1
    endloop
  endfacet
  facet normal 0 0 1
    outer loop
      vertex 70.9534 103.612 1
      vertex 74.8477 103.765 1
      vertex 74.7638 103.943 1
    endloop
  endfacet
  facet normal 0 0 1
    outer loop
      vertex 70.9534 103.612 1
      vertex 74.7638 103.943 1
      vertex 74.6629 104.111 1
    endloop
  endfacet
  facet normal 0 0 1
    outer loop
      vertex 70.9534 103.612 1
      vertex 74.6629 104.111 1
      vertex 74.546 104.269 1
    endloop
  endfacet
  facet normal 0 0 1
    outer loop
      vertex 70.9534 103.612 1
      vertex 74.546 104.269 1
      vertex 74.4142 104.414 1
    endloop
  endfacet
  facet normal 0 0 1
    outer loop
      vertex 70.9534 103.612 1
      vertex 74.4142 104.414 1
      vertex 74.2688 104.546 1
    endloop
  endfacet
  facet normal 0 0 1
    outer loop
      vertex 70.9534 103.612 1
      vertex 74.2688 104.546 1
      vertex 74.1111 104.663 1
    endloop
  endfacet
  facet normal 0 0 1
    outer loop
      vertex 70.9534 103.612 1
      vertex 74.1111 104.663 1
      vertex 73.9428 104.764 1
    endloop
  endfacet
  facet normal 0 0 1
    outer loop
      vertex 70.9534 103.612 1
      vertex 73.9428 104.764 1
      vertex 73.7654 104.848 1
    endloop
  endfacet
  facet normal 0 0 1
    outer loop
      vertex 70.9534 103.612 1
      vertex 73.7654 104.848 1
      vertex 73.5806 104.914 1
    endloop
  endfacet
  facet normal 0 0 1
    outer loop
      vertex 70.9534 103.612 1
      vertex 73.5806 104.914 1
      vertex 73.3902 104.962 1
    endloop
  endfacet
  facet normal 0 0 1
    outer loop
      vertex 70.9534 103.612 1
      vertex 73.3902 104.962 1
      vertex 73.196 104.99 1
    endloop
  endfacet
  facet normal 0 0 1
    outer loop
      vertex 70.9534 103.612 1
      vertex 73.196 104.99 1
      vertex 73 105 1
    endloop
  endfacet
  facet normal 0 0 1
    outer loop
      vertex 75 103 1
      vertex 70.9534 103.612 1
      vertex 70.9534 95.5 1
    endloop
  endfacet
  facet normal 0 0 1
    outer loop
      vertex 75 103 1
      vertex 70.9534 95.5 1
      vertex 75 95.5 1
    endloop
  endfacet
  facet normal -0 0 1
    outer loop
      vertex 70.0909 99.8156 1
      vertex 70.1329 99.5345 1
      vertex 70.1229 99.8345 1
    endloop
  endfacet
  facet normal -0 0 1
    outer loop
      vertex 70.0593 100.102 1
      vertex 70.1229 99.8345 1
      vertex 70.1143 100.127 1
    endloop
  endfacet
  facet normal 0 0 1
    outer loop
      vertex 70.0593 100.102 1
      vertex 70.1143 100.127 1
      vertex 70.107 100.413 1
    endloop
  endfacet
  facet normal 0 0 1
    outer loop
      vertex 70.0593 100.102 1
      vertex 70.107 100.413 1
      vertex 70.101 100.693 1
    endloop
  endfacet
  facet normal 0 0 1
    outer loop
      vertex 70.0593 100.102 1
      vertex 70.101 100.693 1
      vertex 70.0962 100.966 1
    endloop
  endfacet
  facet normal 0 0 1
    outer loop
      vertex 70.1329 99.5345 1
      vertex 70.0909 99.8156 1
      vertex 70.12 99.5345 1
    endloop
  endfacet
  facet normal 0 0 1
    outer loop
      vertex 70.0593 100.102 1
      vertex 70.0962 100.966 1
      vertex 70.0925 101.233 1
    endloop
  endfacet
  facet normal 0 0 1
    outer loop
      vertex 70.0593 100.102 1
      vertex 70.0925 101.233 1
      vertex 70.09 101.495 1
    endloop
  endfacet
  facet normal 0 0 1
    outer loop
      vertex 70.0593 100.102 1
      vertex 70.09 101.495 1
      vertex 70.0885 101.75 1
    endloop
  endfacet
  facet normal 0 0 1
    outer loop
      vertex 70.0593 100.102 1
      vertex 70.0885 101.75 1
      vertex 70.088 102.001 1
    endloop
  endfacet
  facet normal 0 0 1
    outer loop
      vertex 70.1229 99.8345 1
      vertex 70.0593 100.102 1
      vertex 70.0909 99.8156 1
    endloop
  endfacet
  facet normal 0 0 1
    outer loop
      vertex 68.6712 95.5 1
      vertex 68.4624 99.5011 1
      vertex 68.4624 95.5 1
    endloop
  endfacet
  facet normal -0 0 1
    outer loop
      vertex 67.4944 100.246 1
      vertex 68.4624 99.5011 1
      vertex 68.4239 100.312 1
    endloop
  endfacet
  facet normal -0 0 1
    outer loop
      vertex 67.0995 101.009 1
      vertex 67.4926 100.718 1
      vertex 67.487 101.104 1
    endloop
  endfacet
  facet normal -0 0 1
    outer loop
      vertex 67.1106 101.353 1
      vertex 67.487 101.104 1
      vertex 67.477 101.412 1
    endloop
  endfacet
  facet normal -0 0 1
    outer loop
      vertex 67.1283 101.626 1
      vertex 67.477 101.412 1
      vertex 67.4622 101.65 1
    endloop
  endfacet
  facet normal 0 0 1
    outer loop
      vertex 67.1541 101.83 1
      vertex 67.4622 101.65 1
      vertex 67.4418 101.826 1
    endloop
  endfacet
  facet normal -0 0 1
    outer loop
      vertex 67.1541 101.83 1
      vertex 67.4418 101.826 1
      vertex 67.4155 101.949 1
    endloop
  endfacet
  facet normal -0 0 1
    outer loop
      vertex 67.1896 101.971 1
      vertex 67.4155 101.949 1
      vertex 67.3828 102.027 1
    endloop
  endfacet
  facet normal 0 0 1
    outer loop
      vertex 67.2363 102.053 1
      vertex 67.343 102.067 1
      vertex 67.2957 102.079 1
    endloop
  endfacet
  facet normal 0 0 1
    outer loop
      vertex 67.4944 100.246 1
      vertex 67.302 99.5011 1
      vertex 68.4624 99.5011 1
    endloop
  endfacet
  facet normal 0 0 1
    outer loop
      vertex 67.4926 100.718 1
      vertex 67.0995 101.009 1
      vertex 67.0935 100.588 1
    endloop
  endfacet
  facet normal 0 0 1
    outer loop
      vertex 67.4926 100.718 1
      vertex 67.0935 100.588 1
      vertex 67.4944 100.246 1
    endloop
  endfacet
  facet normal 0 0 1
    outer loop
      vertex 67.343 102.067 1
      vertex 67.2363 102.053 1
      vertex 67.3828 102.027 1
    endloop
  endfacet
  facet normal -0 0 1
    outer loop
      vertex 67.302 98.1566 1
      vertex 67.6024 97.8509 1
      vertex 67.6098 98.1566 1
    endloop
  endfacet
  facet normal -0 0 1
    outer loop
      vertex 67.0957 97.9703 1
      vertex 67.6024 97.8509 1
      vertex 67.302 98.1566 1
    endloop
  endfacet
  facet normal 0 0 1
    outer loop
      vertex 67.5925 97.591 1
      vertex 67.1067 97.6118 1
      vertex 67.5786 97.3744 1
    endloop
  endfacet
  facet normal 0 -0 1
    outer loop
      vertex 67.1265 97.3246 1
      vertex 67.5786 97.3744 1
      vertex 67.1067 97.6118 1
    endloop
  endfacet
  facet normal 0 0 1
    outer loop
      vertex 67.5786 97.3744 1
      vertex 67.1265 97.3246 1
      vertex 67.5598 97.1983 1
    endloop
  endfacet
  facet normal 0 -0 1
    outer loop
      vertex 67.1579 97.1061 1
      vertex 67.5598 97.1983 1
      vertex 67.1265 97.3246 1
    endloop
  endfacet
  facet normal 0 -0 1
    outer loop
      vertex 67.2034 96.9534 1
      vertex 67.5346 97.0603 1
      vertex 67.1579 97.1061 1
    endloop
  endfacet
  facet normal 0 0 1
    outer loop
      vertex 67.5346 97.0603 1
      vertex 67.2034 96.9534 1
      vertex 67.502 96.9575 1
    endloop
  endfacet
  facet normal 0 -0 1
    outer loop
      vertex 67.1067 97.6118 1
      vertex 67.6024 97.8509 1
      vertex 67.0957 97.9703 1
    endloop
  endfacet
  facet normal 0 0 1
    outer loop
      vertex 67.502 96.9575 1
      vertex 67.2034 96.9534 1
      vertex 67.4606 96.8874 1
    endloop
  endfacet
  facet normal 0 0 1
    outer loop
      vertex 67.0905 99.5011 1
      vertex 67.302 99.5011 1
      vertex 67.091 100.087 1
    endloop
  endfacet
  facet normal 0 0 1
    outer loop
      vertex 67.3828 102.027 1
      vertex 67.2363 102.053 1
      vertex 67.1896 101.971 1
    endloop
  endfacet
  facet normal 0 0 1
    outer loop
      vertex 67.302 99.5011 1
      vertex 67.0902 98.9122 1
      vertex 67.302 98.1566 1
    endloop
  endfacet
  facet normal 0 0 1
    outer loop
      vertex 67.4155 101.949 1
      vertex 67.1896 101.971 1
      vertex 67.1541 101.83 1
    endloop
  endfacet
  facet normal -0 -0 1
    outer loop
      vertex 67.0911 98.4028 1
      vertex 67.302 98.1566 1
      vertex 67.0902 98.9122 1
    endloop
  endfacet
  facet normal 0 0 1
    outer loop
      vertex 67.4622 101.65 1
      vertex 67.1541 101.83 1
      vertex 67.1283 101.626 1
    endloop
  endfacet
  facet normal 0 0 1
    outer loop
      vertex 67.477 101.412 1
      vertex 67.1283 101.626 1
      vertex 67.1106 101.353 1
    endloop
  endfacet
  facet normal 0 0 1
    outer loop
      vertex 67.0902 98.9122 1
      vertex 67.302 99.5011 1
      vertex 67.0905 99.5011 1
    endloop
  endfacet
  facet normal 0 0 1
    outer loop
      vertex 67.487 101.104 1
      vertex 67.1106 101.353 1
      vertex 67.0995 101.009 1
    endloop
  endfacet
  facet normal 0 -0 1
    outer loop
      vertex 67.0957 97.9703 1
      vertex 67.302 98.1566 1
      vertex 67.0911 98.4028 1
    endloop
  endfacet
  facet normal 0 0 1
    outer loop
      vertex 67.091 100.087 1
      vertex 67.4944 100.246 1
      vertex 67.0935 100.588 1
    endloop
  endfacet
  facet normal 0 0 1
    outer loop
      vertex 67.4944 100.246 1
      vertex 67.091 100.087 1
      vertex 67.302 99.5011 1
    endloop
  endfacet
  facet normal 0 0 1
    outer loop
      vertex 67.6024 97.8509 1
      vertex 67.1067 97.6118 1
      vertex 67.5925 97.591 1
    endloop
  endfacet
  facet normal 0 0 1
    outer loop
      vertex 67.4093 96.8473 1
      vertex 67.2655 96.8638 1
      vertex 67.3469 96.8345 1
    endloop
  endfacet
  facet normal 0 0 1
    outer loop
      vertex 67.5598 97.1983 1
      vertex 67.1579 97.1061 1
      vertex 67.5346 97.0603 1
    endloop
  endfacet
  facet normal 0 0 1
    outer loop
      vertex 67.4606 96.8874 1
      vertex 67.2655 96.8638 1
      vertex 67.4093 96.8473 1
    endloop
  endfacet
  facet normal 0 -0 1
    outer loop
      vertex 67.2655 96.8638 1
      vertex 67.4606 96.8874 1
      vertex 67.2034 96.9534 1
    endloop
  endfacet
  facet normal 0 0 1
    outer loop
      vertex 65.8472 95.5 1
      vertex 66.0712 99.5011 1
      vertex 65.8472 103.612 1
    endloop
  endfacet
  facet normal 0 0 1
    outer loop
      vertex 66.0712 99.5011 1
      vertex 65.8472 95.5 1
      vertex 66.082 98.5652 1
    endloop
  endfacet
  facet normal 0 0 1
    outer loop
      vertex 66.6857 95.5134 1
      vertex 65.8472 95.5 1
      vertex 66.7061 95.5 1
    endloop
  endfacet
  facet normal 0 0 1
    outer loop
      vertex 66.5119 95.7456 1
      vertex 65.8472 95.5 1
      vertex 66.6857 95.5134 1
    endloop
  endfacet
  facet normal 0 0 1
    outer loop
      vertex 66.3698 96.0807 1
      vertex 65.8472 95.5 1
      vertex 66.5119 95.7456 1
    endloop
  endfacet
  facet normal 0 0 1
    outer loop
      vertex 66.2575 96.5245 1
      vertex 65.8472 95.5 1
      vertex 66.3698 96.0807 1
    endloop
  endfacet
  facet normal 0 0 1
    outer loop
      vertex 66.1733 97.0826 1
      vertex 65.8472 95.5 1
      vertex 66.2575 96.5245 1
    endloop
  endfacet
  facet normal 0 0 1
    outer loop
      vertex 66.1154 97.7609 1
      vertex 65.8472 95.5 1
      vertex 66.1733 97.0826 1
    endloop
  endfacet
  facet normal 0 0 1
    outer loop
      vertex 66.082 98.5652 1
      vertex 65.8472 95.5 1
      vertex 66.1154 97.7609 1
    endloop
  endfacet
  facet normal 0 0 1
    outer loop
      vertex 62.4468 99.9896 1
      vertex 62.9374 103.646 1
      vertex 62.4716 100.812 1
    endloop
  endfacet
  facet normal 0 0 1
    outer loop
      vertex 62.1783 95.5 1
      vertex 62.4468 99.9896 1
      vertex 62.3769 99.338 1
    endloop
  endfacet
  facet normal -0 0 1
    outer loop
      vertex 62.4468 99.9896 1
      vertex 62.1783 95.5 1
      vertex 62.9374 103.646 1
    endloop
  endfacet
  facet normal -0 0 1
    outer loop
      vertex 62.2684 98.8377 1
      vertex 62.1783 95.5 1
      vertex 62.3769 99.338 1
    endloop
  endfacet
  facet normal -0 0 1
    outer loop
      vertex 62.1279 98.4689 1
      vertex 62.1783 95.5 1
      vertex 62.2684 98.8377 1
    endloop
  endfacet
  facet normal -0 0 1
    outer loop
      vertex 61.962 98.2116 1
      vertex 62.1783 95.5 1
      vertex 62.1279 98.4689 1
    endloop
  endfacet
  facet normal -0 0 1
    outer loop
      vertex 61.7773 98.046 1
      vertex 62.1783 95.5 1
      vertex 61.962 98.2116 1
    endloop
  endfacet
  facet normal -0 0 1
    outer loop
      vertex 61.5805 97.9523 1
      vertex 62.1783 95.5 1
      vertex 61.7773 98.046 1
    endloop
  endfacet
  facet normal -0 0 1
    outer loop
      vertex 61.3781 97.9106 1
      vertex 62.1783 95.5 1
      vertex 61.5805 97.9523 1
    endloop
  endfacet
  facet normal 0 0 1
    outer loop
      vertex 61.1382 95.5 1
      vertex 61.3781 97.9106 1
      vertex 61.1766 97.9011 1
    endloop
  endfacet
  facet normal 0 0 1
    outer loop
      vertex 61.1382 95.5 1
      vertex 61.1766 97.9011 1
      vertex 61.1382 97.9011 1
    endloop
  endfacet
  facet normal 0 0 1
    outer loop
      vertex 61.3781 97.9106 1
      vertex 61.1382 95.5 1
      vertex 62.1783 95.5 1
    endloop
  endfacet
  facet normal 0 0 1
    outer loop
      vertex 60.1445 95.5 1
      vertex 59.9063 103.612 1
      vertex 59.9063 95.5 1
    endloop
  endfacet
  facet normal 0 0 1
    outer loop
      vertex 54.4516 97.9967 1
      vertex 55.1181 103.646 1
      vertex 54.4706 98.5678 1
    endloop
  endfacet
  facet normal 0 0 1
    outer loop
      vertex 54.4203 97.4534 1
      vertex 55.1181 103.646 1
      vertex 54.4516 97.9967 1
    endloop
  endfacet
  facet normal 0 0 1
    outer loop
      vertex 54.3591 95.5 1
      vertex 54.4203 97.4534 1
      vertex 54.3699 96.9485 1
    endloop
  endfacet
  facet normal -0 0 1
    outer loop
      vertex 54.4203 97.4534 1
      vertex 54.3591 95.5 1
      vertex 55.1181 103.646 1
    endloop
  endfacet
  facet normal -0 0 1
    outer loop
      vertex 54.2937 96.4923 1
      vertex 54.3591 95.5 1
      vertex 54.3699 96.9485 1
    endloop
  endfacet
  facet normal -0 0 1
    outer loop
      vertex 54.185 96.0955 1
      vertex 54.3591 95.5 1
      vertex 54.2937 96.4923 1
    endloop
  endfacet
  facet normal -0 0 1
    outer loop
      vertex 54.037 95.7686 1
      vertex 54.3591 95.5 1
      vertex 54.185 96.0955 1
    endloop
  endfacet
  facet normal -0 0 1
    outer loop
      vertex 53.8432 95.5221 1
      vertex 54.3591 95.5 1
      vertex 54.037 95.7686 1
    endloop
  endfacet
  facet normal 0 0 1
    outer loop
      vertex 54.3591 95.5 1
      vertex 53.8432 95.5221 1
      vertex 53.8082 95.5 1
    endloop
  endfacet
  facet normal 0 0 1
    outer loop
      vertex 54.445 100.312 1
      vertex 53.5154 98.6345 1
      vertex 54.4706 98.5678 1
    endloop
  endfacet
  facet normal -0 0 1
    outer loop
      vertex 53.1016 98.3532 1
      vertex 53.51 98.1583 1
      vertex 53.5154 98.6345 1
    endloop
  endfacet
  facet normal 0 -0 1
    outer loop
      vertex 53.1075 97.9196 1
      vertex 53.51 98.1583 1
      vertex 53.1016 98.3532 1
    endloop
  endfacet
  facet normal 0 0 1
    outer loop
      vertex 53.0987 99.5011 1
      vertex 54.445 100.312 1
      vertex 53.4897 100.246 1
    endloop
  endfacet
  facet normal 0 0 1
    outer loop
      vertex 54.445 100.312 1
      vertex 53.0987 99.5011 1
      vertex 53.5154 98.6345 1
    endloop
  endfacet
  facet normal -0 0 1
    outer loop
      vertex 53.1001 100.615 1
      vertex 53.4897 100.246 1
      vertex 53.488 100.721 1
    endloop
  endfacet
  facet normal -0 0 1
    outer loop
      vertex 53.1044 101.039 1
      vertex 53.488 100.721 1
      vertex 53.4824 101.109 1
    endloop
  endfacet
  facet normal 0 0 1
    outer loop
      vertex 53.5154 98.6345 1
      vertex 53.0987 99.5011 1
      vertex 53.0992 98.8782 1
    endloop
  endfacet
  facet normal -0 0 1
    outer loop
      vertex 53.1135 101.381 1
      vertex 53.4824 101.109 1
      vertex 53.4724 101.417 1
    endloop
  endfacet
  facet normal -0 0 1
    outer loop
      vertex 53.129 101.648 1
      vertex 53.4724 101.417 1
      vertex 53.4575 101.655 1
    endloop
  endfacet
  facet normal 0 -0 1
    outer loop
      vertex 53.1016 98.3532 1
      vertex 53.5154 98.6345 1
      vertex 53.0992 98.8782 1
    endloop
  endfacet
  facet normal 0 0 1
    outer loop
      vertex 53.129 101.648 1
      vertex 53.4575 101.655 1
      vertex 53.4372 101.83 1
    endloop
  endfacet
  facet normal 0 0 1
    outer loop
      vertex 53.51 98.1583 1
      vertex 53.1075 97.9196 1
      vertex 53.5019 97.7752 1
    endloop
  endfacet
  facet normal -0 0 1
    outer loop
      vertex 53.1528 101.845 1
      vertex 53.4372 101.83 1
      vertex 53.4109 101.952 1
    endloop
  endfacet
  facet normal 0 -0 1
    outer loop
      vertex 53.1182 97.5708 1
      vertex 53.5019 97.7752 1
      vertex 53.1075 97.9196 1
    endloop
  endfacet
  facet normal -0 0 1
    outer loop
      vertex 53.1866 101.979 1
      vertex 53.4109 101.952 1
      vertex 53.3782 102.028 1
    endloop
  endfacet
  facet normal 0 0 1
    outer loop
      vertex 53.5019 97.7752 1
      vertex 53.1182 97.5708 1
      vertex 53.4902 97.4752 1
    endloop
  endfacet
  facet normal -0 0 1
    outer loop
      vertex 53.2321 102.055 1
      vertex 53.3782 102.028 1
      vertex 53.3384 102.068 1
    endloop
  endfacet
  facet normal 0 -0 1
    outer loop
      vertex 53.1354 97.3001 1
      vertex 53.4902 97.4752 1
      vertex 53.1182 97.5708 1
    endloop
  endfacet
  facet normal 0 0 1
    outer loop
      vertex 53.2321 102.055 1
      vertex 53.3384 102.068 1
      vertex 53.291 102.079 1
    endloop
  endfacet
  facet normal 0 0 1
    outer loop
      vertex 53.4902 97.4752 1
      vertex 53.1354 97.3001 1
      vertex 53.4741 97.2484 1
    endloop
  endfacet
  facet normal 0 0 1
    outer loop
      vertex 53.3782 102.028 1
      vertex 53.2321 102.055 1
      vertex 53.1866 101.979 1
    endloop
  endfacet
  facet normal 0 -0 1
    outer loop
      vertex 53.1604 97.1011 1
      vertex 53.4741 97.2484 1
      vertex 53.1354 97.3001 1
    endloop
  endfacet
  facet normal 0 0 1
    outer loop
      vertex 53.4109 101.952 1
      vertex 53.1866 101.979 1
      vertex 53.1528 101.845 1
    endloop
  endfacet
  facet normal 0 0 1
    outer loop
      vertex 53.4741 97.2484 1
      vertex 53.1604 97.1011 1
      vertex 53.4527 97.0851 1
    endloop
  endfacet
  facet normal 0 0 1
    outer loop
      vertex 53.4372 101.83 1
      vertex 53.1528 101.845 1
      vertex 53.129 101.648 1
    endloop
  endfacet
  facet normal 0 0 1
    outer loop
      vertex 53.4527 97.0851 1
      vertex 53.1948 96.9671 1
      vertex 53.4252 96.9752 1
    endloop
  endfacet
  facet normal 0 0 1
    outer loop
      vertex 53.4724 101.417 1
      vertex 53.129 101.648 1
      vertex 53.1135 101.381 1
    endloop
  endfacet
  facet normal 0 0 1
    outer loop
      vertex 53.4252 96.9752 1
      vertex 53.1948 96.9671 1
      vertex 53.3907 96.9089 1
    endloop
  endfacet
  facet normal 0 0 1
    outer loop
      vertex 53.4824 101.109 1
      vertex 53.1135 101.381 1
      vertex 53.1044 101.039 1
    endloop
  endfacet
  facet normal 0 0 1
    outer loop
      vertex 53.3907 96.9089 1
      vertex 53.2399 96.8915 1
      vertex 53.3484 96.8764 1
    endloop
  endfacet
  facet normal 0 0 1
    outer loop
      vertex 53.488 100.721 1
      vertex 53.1044 101.039 1
      vertex 53.1001 100.615 1
    endloop
  endfacet
  facet normal 0 0 1
    outer loop
      vertex 53.3484 96.8764 1
      vertex 53.2399 96.8915 1
      vertex 53.2974 96.8678 1
    endloop
  endfacet
  facet normal 0 0 1
    outer loop
      vertex 53.4897 100.246 1
      vertex 53.1001 100.615 1
      vertex 53.0988 100.105 1
    endloop
  endfacet
  facet normal 0 -0 1
    outer loop
      vertex 53.2399 96.8915 1
      vertex 53.3907 96.9089 1
      vertex 53.1948 96.9671 1
    endloop
  endfacet
  facet normal 0 0 1
    outer loop
      vertex 53.4897 100.246 1
      vertex 53.0988 100.105 1
      vertex 53.0987 99.5011 1
    endloop
  endfacet
  facet normal 0 -0 1
    outer loop
      vertex 53.1948 96.9671 1
      vertex 53.4527 97.0851 1
      vertex 53.1604 97.1011 1
    endloop
  endfacet
  facet normal 0 0 1
    outer loop
      vertex 50.816 95.5 1
      vertex 52.0666 99.5011 1
      vertex 51.383 103.612 1
    endloop
  endfacet
  facet normal 0 0 1
    outer loop
      vertex 52.0666 99.5011 1
      vertex 50.816 95.5 1
      vertex 52.0809 98.5498 1
    endloop
  endfacet
  facet normal 0 0 1
    outer loop
      vertex 52.0809 98.5498 1
      vertex 50.816 95.5 1
      vertex 52.1243 97.7357 1
    endloop
  endfacet
  facet normal 0 0 1
    outer loop
      vertex 52.6003 95.7168 1
      vertex 50.816 95.5 1
      vertex 52.7871 95.5 1
    endloop
  endfacet
  facet normal 0 0 1
    outer loop
      vertex 52.4348 96.0495 1
      vertex 50.816 95.5 1
      vertex 52.6003 95.7168 1
    endloop
  endfacet
  facet normal 0 0 1
    outer loop
      vertex 52.3007 96.4923 1
      vertex 50.816 95.5 1
      vertex 52.4348 96.0495 1
    endloop
  endfacet
  facet normal 0 0 1
    outer loop
      vertex 52.1974 97.0522 1
      vertex 50.816 95.5 1
      vertex 52.3007 96.4923 1
    endloop
  endfacet
  facet normal 0 0 1
    outer loop
      vertex 52.1243 97.7357 1
      vertex 50.816 95.5 1
      vertex 52.1974 97.0522 1
    endloop
  endfacet
  facet normal 0 0 1
    outer loop
      vertex 49.0544 98.6597 1
      vertex 49.1392 100.257 1
      vertex 49.0565 98.7499 1
    endloop
  endfacet
  facet normal 0 0 1
    outer loop
      vertex 49.1392 100.257 1
      vertex 49.0544 98.6597 1
      vertex 49.0495 98.49 1
    endloop
  endfacet
  facet normal 0 0 1
    outer loop
      vertex 48.437 95.5 1
      vertex 47.959 100.452 1
      vertex 47.9742 99.5011 1
    endloop
  endfacet
  facet normal 0 0 1
    outer loop
      vertex 47.8763 103.612 1
      vertex 47.959 100.452 1
      vertex 48.437 95.5 1
    endloop
  endfacet
  facet normal 0 0 1
    outer loop
      vertex 47.959 100.452 1
      vertex 47.8763 103.612 1
      vertex 47.9132 101.267 1
    endloop
  endfacet
  facet normal 0 0 1
    outer loop
      vertex 47.9132 101.267 1
      vertex 47.8763 103.612 1
      vertex 47.8369 101.95 1
    endloop
  endfacet
  facet normal -0 0 1
    outer loop
      vertex 47.959 98.5498 1
      vertex 48.437 95.5 1
      vertex 47.9742 99.5011 1
    endloop
  endfacet
  facet normal -0 0 1
    outer loop
      vertex 47.9132 97.7357 1
      vertex 48.437 95.5 1
      vertex 47.959 98.5498 1
    endloop
  endfacet
  facet normal -0 0 1
    outer loop
      vertex 47.8369 97.0522 1
      vertex 48.437 95.5 1
      vertex 47.9132 97.7357 1
    endloop
  endfacet
  facet normal -0 0 1
    outer loop
      vertex 47.7299 96.4923 1
      vertex 48.437 95.5 1
      vertex 47.8369 97.0522 1
    endloop
  endfacet
  facet normal -0 0 1
    outer loop
      vertex 47.5921 96.0495 1
      vertex 48.437 95.5 1
      vertex 47.7299 96.4923 1
    endloop
  endfacet
  facet normal -0 0 1
    outer loop
      vertex 47.4233 95.7168 1
      vertex 48.437 95.5 1
      vertex 47.5921 96.0495 1
    endloop
  endfacet
  facet normal 0 0 1
    outer loop
      vertex 48.437 95.5 1
      vertex 47.4233 95.7168 1
      vertex 47.2344 95.5 1
    endloop
  endfacet
  facet normal -0 0 1
    outer loop
      vertex 45.4088 99.5011 1
      vertex 45.5018 98.5498 1
      vertex 45.4868 99.5011 1
    endloop
  endfacet
  facet normal 0 0 1
    outer loop
      vertex 45.3866 98.4003 1
      vertex 45.5018 98.5498 1
      vertex 45.4088 99.5011 1
    endloop
  endfacet
  facet normal 0 0 1
    outer loop
      vertex 45.5018 98.5498 1
      vertex 45.3866 98.4003 1
      vertex 45.547 97.7357 1
    endloop
  endfacet
  facet normal 0 0 1
    outer loop
      vertex 45.3216 97.5125 1
      vertex 45.547 97.7357 1
      vertex 45.3866 98.4003 1
    endloop
  endfacet
  facet normal 0 0 1
    outer loop
      vertex 45.547 97.7357 1
      vertex 45.3216 97.5125 1
      vertex 45.6226 97.0522 1
    endloop
  endfacet
  facet normal 0 0 1
    outer loop
      vertex 45.2162 96.8155 1
      vertex 45.6226 97.0522 1
      vertex 45.3216 97.5125 1
    endloop
  endfacet
  facet normal 0 0 1
    outer loop
      vertex 45.6226 97.0522 1
      vertex 45.2162 96.8155 1
      vertex 45.729 96.4923 1
    endloop
  endfacet
  facet normal 0 0 1
    outer loop
      vertex 45.0726 96.287 1
      vertex 45.729 96.4923 1
      vertex 45.2162 96.8155 1
    endloop
  endfacet
  facet normal 0 0 1
    outer loop
      vertex 45.729 96.4923 1
      vertex 45.0726 96.287 1
      vertex 45.8663 96.0495 1
    endloop
  endfacet
  facet normal 0 0 1
    outer loop
      vertex 44.8932 95.9046 1
      vertex 45.8663 96.0495 1
      vertex 45.0726 96.287 1
    endloop
  endfacet
  facet normal 0 0 1
    outer loop
      vertex 45.8663 96.0495 1
      vertex 44.8932 95.9046 1
      vertex 46.0348 95.7168 1
    endloop
  endfacet
  facet normal 0 0 1
    outer loop
      vertex 44.6803 95.646 1
      vertex 46.0348 95.7168 1
      vertex 44.8932 95.9046 1
    endloop
  endfacet
  facet normal 0 0 1
    outer loop
      vertex 46.0348 95.7168 1
      vertex 44.6803 95.646 1
      vertex 46.224 95.5 1
    endloop
  endfacet
  facet normal 0 0 1
    outer loop
      vertex 46.224 95.5 1
      vertex 44.6803 95.646 1
      vertex 44.4535 95.5 1
    endloop
  endfacet
  facet normal 0 0 1
    outer loop
      vertex 40.3231 95.5 1
      vertex 40.2731 103.612 1
      vertex 40.2731 95.5 1
    endloop
  endfacet
  facet normal 0 0 1
    outer loop
      vertex 39.2602 100.446 1
      vertex 38.914 103.612 1
      vertex 38.914 100.446 1
    endloop
  endfacet
  facet normal -0 0 1
    outer loop
      vertex 37.7331 96.991 1
      vertex 37.9011 95.5 1
      vertex 37.7485 97.4234 1
    endloop
  endfacet
  facet normal -0 0 1
    outer loop
      vertex 37.6872 96.6058 1
      vertex 37.9011 95.5 1
      vertex 37.7331 96.991 1
    endloop
  endfacet
  facet normal -0 0 1
    outer loop
      vertex 37.6112 96.2686 1
      vertex 37.9011 95.5 1
      vertex 37.6872 96.6058 1
    endloop
  endfacet
  facet normal -0 0 1
    outer loop
      vertex 37.5055 95.9806 1
      vertex 37.9011 95.5 1
      vertex 37.6112 96.2686 1
    endloop
  endfacet
  facet normal -0 0 1
    outer loop
      vertex 37.3703 95.7427 1
      vertex 37.9011 95.5 1
      vertex 37.5055 95.9806 1
    endloop
  endfacet
  facet normal -0 0 1
    outer loop
      vertex 37.2062 95.5559 1
      vertex 37.9011 95.5 1
      vertex 37.3703 95.7427 1
    endloop
  endfacet
  facet normal 0 0 1
    outer loop
      vertex 37.9011 95.5 1
      vertex 37.2062 95.5559 1
      vertex 37.1262 95.5 1
    endloop
  endfacet
  facet normal 0 0 1
    outer loop
      vertex 37.7036 101.057 1
      vertex 37.6918 98.2385 1
      vertex 37.7337 97.8557 1
    endloop
  endfacet
  facet normal 0 0 1
    outer loop
      vertex 37.7036 101.057 1
      vertex 37.6267 98.5781 1
      vertex 37.6918 98.2385 1
    endloop
  endfacet
  facet normal 0 0 1
    outer loop
      vertex 37.7036 101.057 1
      vertex 37.5421 98.8809 1
      vertex 37.6267 98.5781 1
    endloop
  endfacet
  facet normal 0 0 1
    outer loop
      vertex 37.7036 101.057 1
      vertex 37.4418 99.1534 1
      vertex 37.5421 98.8809 1
    endloop
  endfacet
  facet normal 0 0 1
    outer loop
      vertex 37.7036 101.057 1
      vertex 37.3297 99.4019 1
      vertex 37.4418 99.1534 1
    endloop
  endfacet
  facet normal 0 0 1
    outer loop
      vertex 37.7036 101.057 1
      vertex 37.2094 99.6329 1
      vertex 37.3297 99.4019 1
    endloop
  endfacet
  facet normal 0 0 1
    outer loop
      vertex 37.7036 101.057 1
      vertex 37.0849 99.8527 1
      vertex 37.2094 99.6329 1
    endloop
  endfacet
  facet normal 0 0 1
    outer loop
      vertex 37.7036 101.057 1
      vertex 36.96 100.068 1
      vertex 37.0849 99.8527 1
    endloop
  endfacet
  facet normal 0 0 1
    outer loop
      vertex 37.7036 101.057 1
      vertex 36.8613 100.235 1
      vertex 36.96 100.068 1
    endloop
  endfacet
  facet normal 0 0 1
    outer loop
      vertex 37.7036 101.057 1
      vertex 36.7673 100.397 1
      vertex 36.8613 100.235 1
    endloop
  endfacet
  facet normal -0 0 1
    outer loop
      vertex 36.7613 100.923 1
      vertex 36.7673 100.397 1
      vertex 37.7036 101.057 1
    endloop
  endfacet
  facet normal -0 0 1
    outer loop
      vertex 36.4751 101.08 1
      vertex 36.7613 100.923 1
      vertex 36.7529 101.289 1
    endloop
  endfacet
  facet normal -0 0 1
    outer loop
      vertex 36.4053 101.495 1
      vertex 36.7529 101.289 1
      vertex 36.7408 101.576 1
    endloop
  endfacet
  facet normal -0 0 1
    outer loop
      vertex 36.3958 101.734 1
      vertex 36.7408 101.576 1
      vertex 36.7247 101.795 1
    endloop
  endfacet
  facet normal -0 0 1
    outer loop
      vertex 36.4019 101.895 1
      vertex 36.7247 101.795 1
      vertex 36.7046 101.955 1
    endloop
  endfacet
  facet normal -0 0 1
    outer loop
      vertex 36.4214 102.03 1
      vertex 36.7046 101.955 1
      vertex 36.6806 102.064 1
    endloop
  endfacet
  facet normal 0 0 1
    outer loop
      vertex 36.7613 100.923 1
      vertex 36.6798 100.559 1
      vertex 36.7673 100.397 1
    endloop
  endfacet
  facet normal -0 0 1
    outer loop
      vertex 36.4369 102.084 1
      vertex 36.6806 102.064 1
      vertex 36.6525 102.133 1
    endloop
  endfacet
  facet normal 0 0 1
    outer loop
      vertex 36.5839 102.187 1
      vertex 36.6525 102.133 1
      vertex 36.6203 102.171 1
    endloop
  endfacet
  facet normal 0 0 1
    outer loop
      vertex 36.7613 100.923 1
      vertex 36.6007 100.724 1
      vertex 36.6798 100.559 1
    endloop
  endfacet
  facet normal 0 0 1
    outer loop
      vertex 36.6525 102.133 1
      vertex 36.5839 102.187 1
      vertex 36.4566 102.129 1
    endloop
  endfacet
  facet normal 0 0 1
    outer loop
      vertex 36.4566 102.129 1
      vertex 36.5839 102.187 1
      vertex 36.5433 102.19 1
    endloop
  endfacet
  facet normal 0 0 1
    outer loop
      vertex 36.7613 100.923 1
      vertex 36.5319 100.897 1
      vertex 36.6007 100.724 1
    endloop
  endfacet
  facet normal 0 0 1
    outer loop
      vertex 36.4807 102.162 1
      vertex 36.5433 102.19 1
      vertex 36.5095 102.183 1
    endloop
  endfacet
  facet normal 0 0 1
    outer loop
      vertex 36.5433 102.19 1
      vertex 36.4807 102.162 1
      vertex 36.4566 102.129 1
    endloop
  endfacet
  facet normal 0 0 1
    outer loop
      vertex 36.7613 100.923 1
      vertex 36.4751 101.08 1
      vertex 36.5319 100.897 1
    endloop
  endfacet
  facet normal 0 0 1
    outer loop
      vertex 36.6525 102.133 1
      vertex 36.4566 102.129 1
      vertex 36.4369 102.084 1
    endloop
  endfacet
  facet normal 0 0 1
    outer loop
      vertex 36.6806 102.064 1
      vertex 36.4369 102.084 1
      vertex 36.4214 102.03 1
    endloop
  endfacet
  facet normal 0 0 1
    outer loop
      vertex 36.7529 101.289 1
      vertex 36.4323 101.278 1
      vertex 36.4751 101.08 1
    endloop
  endfacet
  facet normal 0 0 1
    outer loop
      vertex 36.7046 101.955 1
      vertex 36.4214 102.03 1
      vertex 36.4098 101.966 1
    endloop
  endfacet
  facet normal 0 0 1
    outer loop
      vertex 36.7046 101.955 1
      vertex 36.4098 101.966 1
      vertex 36.4019 101.895 1
    endloop
  endfacet
  facet normal 0 0 1
    outer loop
      vertex 36.7529 101.289 1
      vertex 36.4053 101.495 1
      vertex 36.4323 101.278 1
    endloop
  endfacet
  facet normal 0 0 1
    outer loop
      vertex 36.7247 101.795 1
      vertex 36.4019 101.895 1
      vertex 36.3973 101.817 1
    endloop
  endfacet
  facet normal 0 0 1
    outer loop
      vertex 36.7247 101.795 1
      vertex 36.3973 101.817 1
      vertex 36.3958 101.734 1
    endloop
  endfacet
  facet normal 0 0 1
    outer loop
      vertex 36.7408 101.576 1
      vertex 36.3958 101.734 1
      vertex 36.4053 101.495 1
    endloop
  endfacet
  facet normal 0 0 1
    outer loop
      vertex 36.3165 97.3032 1
      vertex 36.7548 97.3234 1
      vertex 36.7447 97.5234 1
    endloop
  endfacet
  facet normal 0 0 1
    outer loop
      vertex 36.7548 97.3234 1
      vertex 36.3165 97.3032 1
      vertex 36.7522 97.2044 1
    endloop
  endfacet
  facet normal 0 -0 1
    outer loop
      vertex 36.3383 97.1141 1
      vertex 36.7522 97.2044 1
      vertex 36.3165 97.3032 1
    endloop
  endfacet
  facet normal -0 0 1
    outer loop
      vertex 36.2984 97.5439 1
      vertex 36.7447 97.5234 1
      vertex 36.7158 97.7109 1
    endloop
  endfacet
  facet normal 0 0 1
    outer loop
      vertex 36.7522 97.2044 1
      vertex 36.3383 97.1141 1
      vertex 36.7445 97.0995 1
    endloop
  endfacet
  facet normal 0 0 1
    outer loop
      vertex 36.7445 97.0995 1
      vertex 36.3383 97.1141 1
      vertex 36.7316 97.0085 1
    endloop
  endfacet
  facet normal -0 0 1
    outer loop
      vertex 36.2826 97.8414 1
      vertex 36.7158 97.7109 1
      vertex 36.6701 97.8888 1
    endloop
  endfacet
  facet normal 0 -0 1
    outer loop
      vertex 36.365 96.9713 1
      vertex 36.7316 97.0085 1
      vertex 36.3383 97.1141 1
    endloop
  endfacet
  facet normal 0 0 1
    outer loop
      vertex 36.7316 97.0085 1
      vertex 36.365 96.9713 1
      vertex 36.7136 96.9315 1
    endloop
  endfacet
  facet normal 0 0 1
    outer loop
      vertex 36.2826 97.8414 1
      vertex 36.6701 97.8888 1
      vertex 36.6096 98.06 1
    endloop
  endfacet
  facet normal 0 -0 1
    outer loop
      vertex 36.3982 96.8694 1
      vertex 36.7136 96.9315 1
      vertex 36.365 96.9713 1
    endloop
  endfacet
  facet normal 0 0 1
    outer loop
      vertex 36.7136 96.9315 1
      vertex 36.3982 96.8694 1
      vertex 36.6906 96.8686 1
    endloop
  endfacet
  facet normal -0 0 1
    outer loop
      vertex 36.2676 98.2011 1
      vertex 36.6096 98.06 1
      vertex 36.5365 98.2278 1
    endloop
  endfacet
  facet normal 0 0 1
    outer loop
      vertex 36.6906 96.8686 1
      vertex 36.3982 96.8694 1
      vertex 36.6627 96.8196 1
    endloop
  endfacet
  facet normal 0 0 1
    outer loop
      vertex 36.2676 98.2011 1
      vertex 36.5365 98.2278 1
      vertex 36.4528 98.3949 1
    endloop
  endfacet
  facet normal 0 0 1
    outer loop
      vertex 36.7447 97.5234 1
      vertex 36.2984 97.5439 1
      vertex 36.3165 97.3032 1
    endloop
  endfacet
  facet normal 0 0 1
    outer loop
      vertex 36.6627 96.8196 1
      vertex 36.4391 96.8032 1
      vertex 36.6299 96.7846 1
    endloop
  endfacet
  facet normal 0 -0 1
    outer loop
      vertex 36.5497 96.7567 1
      vertex 36.6299 96.7846 1
      vertex 36.4391 96.8032 1
    endloop
  endfacet
  facet normal 0 0 1
    outer loop
      vertex 36.2676 98.2011 1
      vertex 36.4528 98.3949 1
      vertex 36.3606 98.5646 1
    endloop
  endfacet
  facet normal 0 0 1
    outer loop
      vertex 36.6299 96.7846 1
      vertex 36.5497 96.7567 1
      vertex 36.5922 96.7636 1
    endloop
  endfacet
  facet normal 0 0 1
    outer loop
      vertex 36.5497 96.7567 1
      vertex 36.4391 96.8032 1
      vertex 36.4891 96.7674 1
    endloop
  endfacet
  facet normal 0 -0 1
    outer loop
      vertex 36.4391 96.8032 1
      vertex 36.6627 96.8196 1
      vertex 36.3982 96.8694 1
    endloop
  endfacet
  facet normal 0 0 1
    outer loop
      vertex 36.7158 97.7109 1
      vertex 36.2826 97.8414 1
      vertex 36.2984 97.5439 1
    endloop
  endfacet
  facet normal 0 0 1
    outer loop
      vertex 36.6096 98.06 1
      vertex 36.2676 98.2011 1
      vertex 36.2826 97.8414 1
    endloop
  endfacet
  facet normal 0 0 1
    outer loop
      vertex 36.2618 98.7397 1
      vertex 36.2676 98.2011 1
      vertex 36.3606 98.5646 1
    endloop
  endfacet
  facet normal 0 0 1
    outer loop
      vertex 35.3316 98.09 1
      vertex 36.2618 98.7397 1
      vertex 36.1586 98.9234 1
    endloop
  endfacet
  facet normal 0 0 1
    outer loop
      vertex 35.3316 98.09 1
      vertex 36.1586 98.9234 1
      vertex 36.0381 99.1442 1
    endloop
  endfacet
  facet normal 0 0 1
    outer loop
      vertex 35.3316 98.09 1
      vertex 36.0381 99.1442 1
      vertex 35.9184 99.3727 1
    endloop
  endfacet
  facet normal 0 0 1
    outer loop
      vertex 35.3316 98.09 1
      vertex 35.9184 99.3727 1
      vertex 35.803 99.6131 1
    endloop
  endfacet
  facet normal 0 0 1
    outer loop
      vertex 35.3316 98.09 1
      vertex 35.803 99.6131 1
      vertex 35.6954 99.8696 1
    endloop
  endfacet
  facet normal 0 0 1
    outer loop
      vertex 35.3316 98.09 1
      vertex 35.6954 99.8696 1
      vertex 35.5994 100.147 1
    endloop
  endfacet
  facet normal 0 0 1
    outer loop
      vertex 36.2618 98.7397 1
      vertex 35.3316 98.09 1
      vertex 36.2676 98.2011 1
    endloop
  endfacet
  facet normal 0 0 1
    outer loop
      vertex 34.4304 97.4234 1
      vertex 35.5994 100.147 1
      vertex 35.5185 100.448 1
    endloop
  endfacet
  facet normal 0 0 1
    outer loop
      vertex 34.4304 97.4234 1
      vertex 35.5185 100.448 1
      vertex 35.4563 100.779 1
    endloop
  endfacet
  facet normal 0 0 1
    outer loop
      vertex 34.4304 97.4234 1
      vertex 35.4563 100.779 1
      vertex 35.4163 101.144 1
    endloop
  endfacet
  facet normal 0 0 1
    outer loop
      vertex 34.3856 101.057 1
      vertex 35.4163 101.144 1
      vertex 35.4022 101.546 1
    endloop
  endfacet
  facet normal 0 0 1
    outer loop
      vertex 34.4304 97.4234 1
      vertex 35.351 97.5792 1
      vertex 35.3316 98.09 1
    endloop
  endfacet
  facet normal -0 0 1
    outer loop
      vertex 34.4304 97.4234 1
      vertex 35.3837 97.1031 1
      vertex 35.351 97.5792 1
    endloop
  endfacet
  facet normal 0 0 1
    outer loop
      vertex 34.4151 96.991 1
      vertex 35.3837 97.1031 1
      vertex 34.4304 97.4234 1
    endloop
  endfacet
  facet normal 0 0 1
    outer loop
      vertex 35.3837 97.1031 1
      vertex 34.4151 96.991 1
      vertex 35.4364 96.6686 1
    endloop
  endfacet
  facet normal 0 0 1
    outer loop
      vertex 34.3692 96.6058 1
      vertex 35.4364 96.6686 1
      vertex 34.4151 96.991 1
    endloop
  endfacet
  facet normal 0 0 1
    outer loop
      vertex 35.4364 96.6686 1
      vertex 34.3692 96.6058 1
      vertex 35.5156 96.2824 1
    endloop
  endfacet
  facet normal 0 0 1
    outer loop
      vertex 34.2932 96.2686 1
      vertex 35.5156 96.2824 1
      vertex 34.3692 96.6058 1
    endloop
  endfacet
  facet normal 0 0 1
    outer loop
      vertex 35.5156 96.2824 1
      vertex 34.2932 96.2686 1
      vertex 35.6281 95.9512 1
    endloop
  endfacet
  facet normal -0 0 1
    outer loop
      vertex 34.1875 95.9806 1
      vertex 35.6281 95.9512 1
      vertex 34.2932 96.2686 1
    endloop
  endfacet
  facet normal 0 0 1
    outer loop
      vertex 34.0523 95.7427 1
      vertex 35.6281 95.9512 1
      vertex 34.1875 95.9806 1
    endloop
  endfacet
  facet normal 0 0 1
    outer loop
      vertex 35.6281 95.9512 1
      vertex 34.0523 95.7427 1
      vertex 35.7804 95.6818 1
    endloop
  endfacet
  facet normal 0 0 1
    outer loop
      vertex 33.8882 95.5559 1
      vertex 35.7804 95.6818 1
      vertex 34.0523 95.7427 1
    endloop
  endfacet
  facet normal 0 0 1
    outer loop
      vertex 35.7804 95.6818 1
      vertex 33.8882 95.5559 1
      vertex 35.9605 95.5 1
    endloop
  endfacet
  facet normal 0 0 1
    outer loop
      vertex 35.9605 95.5 1
      vertex 33.8882 95.5559 1
      vertex 33.8082 95.5 1
    endloop
  endfacet
  facet normal 0 0 1
    outer loop
      vertex 35.4163 101.144 1
      vertex 34.3738 98.2385 1
      vertex 34.4156 97.8557 1
    endloop
  endfacet
  facet normal 0 0 1
    outer loop
      vertex 35.4163 101.144 1
      vertex 34.3086 98.5781 1
      vertex 34.3738 98.2385 1
    endloop
  endfacet
  facet normal 0 0 1
    outer loop
      vertex 35.4163 101.144 1
      vertex 34.224 98.8809 1
      vertex 34.3086 98.5781 1
    endloop
  endfacet
  facet normal 0 0 1
    outer loop
      vertex 35.4163 101.144 1
      vertex 34.1238 99.1534 1
      vertex 34.224 98.8809 1
    endloop
  endfacet
  facet normal 0 0 1
    outer loop
      vertex 35.4163 101.144 1
      vertex 34.0116 99.4019 1
      vertex 34.1238 99.1534 1
    endloop
  endfacet
  facet normal 0 0 1
    outer loop
      vertex 34.3856 101.057 1
      vertex 33.8914 99.6329 1
      vertex 34.0116 99.4019 1
    endloop
  endfacet
  facet normal 0 0 1
    outer loop
      vertex 34.3856 101.057 1
      vertex 33.7669 99.8527 1
      vertex 33.8914 99.6329 1
    endloop
  endfacet
  facet normal 0 0 1
    outer loop
      vertex 34.3856 101.057 1
      vertex 33.6419 100.068 1
      vertex 33.7669 99.8527 1
    endloop
  endfacet
  facet normal 0 0 1
    outer loop
      vertex 34.3856 101.057 1
      vertex 33.5432 100.235 1
      vertex 33.6419 100.068 1
    endloop
  endfacet
  facet normal 0 0 1
    outer loop
      vertex 34.3856 101.057 1
      vertex 33.4492 100.397 1
      vertex 33.5432 100.235 1
    endloop
  endfacet
  facet normal -0 0 1
    outer loop
      vertex 33.4432 100.923 1
      vertex 33.4492 100.397 1
      vertex 34.3856 101.057 1
    endloop
  endfacet
  facet normal -0 0 1
    outer loop
      vertex 33.1571 101.08 1
      vertex 33.4432 100.923 1
      vertex 33.4349 101.289 1
    endloop
  endfacet
  facet normal -0 0 1
    outer loop
      vertex 33.0872 101.495 1
      vertex 33.4349 101.289 1
      vertex 33.4227 101.576 1
    endloop
  endfacet
  facet normal -0 0 1
    outer loop
      vertex 33.0778 101.734 1
      vertex 33.4227 101.576 1
      vertex 33.4067 101.795 1
    endloop
  endfacet
  facet normal -0 0 1
    outer loop
      vertex 33.0839 101.895 1
      vertex 33.4067 101.795 1
      vertex 33.3866 101.955 1
    endloop
  endfacet
  facet normal -0 0 1
    outer loop
      vertex 33.1034 102.03 1
      vertex 33.3866 101.955 1
      vertex 33.3626 102.064 1
    endloop
  endfacet
  facet normal 0 0 1
    outer loop
      vertex 33.4432 100.923 1
      vertex 33.3618 100.559 1
      vertex 33.4492 100.397 1
    endloop
  endfacet
  facet normal -0 0 1
    outer loop
      vertex 33.1189 102.084 1
      vertex 33.3626 102.064 1
      vertex 33.3345 102.133 1
    endloop
  endfacet
  facet normal 0 0 1
    outer loop
      vertex 33.2659 102.187 1
      vertex 33.3345 102.133 1
      vertex 33.3022 102.171 1
    endloop
  endfacet
  facet normal 0 0 1
    outer loop
      vertex 33.4432 100.923 1
      vertex 33.2827 100.724 1
      vertex 33.3618 100.559 1
    endloop
  endfacet
  facet normal 0 0 1
    outer loop
      vertex 33.3345 102.133 1
      vertex 33.2659 102.187 1
      vertex 33.1386 102.129 1
    endloop
  endfacet
  facet normal 0 0 1
    outer loop
      vertex 33.1386 102.129 1
      vertex 33.2659 102.187 1
      vertex 33.2252 102.19 1
    endloop
  endfacet
  facet normal 0 0 1
    outer loop
      vertex 33.4432 100.923 1
      vertex 33.2139 100.897 1
      vertex 33.2827 100.724 1
    endloop
  endfacet
  facet normal 0 0 1
    outer loop
      vertex 33.1627 102.162 1
      vertex 33.2252 102.19 1
      vertex 33.1915 102.183 1
    endloop
  endfacet
  facet normal 0 0 1
    outer loop
      vertex 33.2252 102.19 1
      vertex 33.1627 102.162 1
      vertex 33.1386 102.129 1
    endloop
  endfacet
  facet normal 0 0 1
    outer loop
      vertex 33.4432 100.923 1
      vertex 33.1571 101.08 1
      vertex 33.2139 100.897 1
    endloop
  endfacet
  facet normal 0 0 1
    outer loop
      vertex 33.3345 102.133 1
      vertex 33.1386 102.129 1
      vertex 33.1189 102.084 1
    endloop
  endfacet
  facet normal 0 0 1
    outer loop
      vertex 33.3626 102.064 1
      vertex 33.1189 102.084 1
      vertex 33.1034 102.03 1
    endloop
  endfacet
  facet normal 0 0 1
    outer loop
      vertex 33.4349 101.289 1
      vertex 33.1143 101.278 1
      vertex 33.1571 101.08 1
    endloop
  endfacet
  facet normal 0 0 1
    outer loop
      vertex 33.3866 101.955 1
      vertex 33.1034 102.03 1
      vertex 33.0918 101.966 1
    endloop
  endfacet
  facet normal 0 0 1
    outer loop
      vertex 33.3866 101.955 1
      vertex 33.0918 101.966 1
      vertex 33.0839 101.895 1
    endloop
  endfacet
  facet normal 0 0 1
    outer loop
      vertex 33.4349 101.289 1
      vertex 33.0872 101.495 1
      vertex 33.1143 101.278 1
    endloop
  endfacet
  facet normal 0 0 1
    outer loop
      vertex 33.4067 101.795 1
      vertex 33.0839 101.895 1
      vertex 33.0793 101.817 1
    endloop
  endfacet
  facet normal 0 0 1
    outer loop
      vertex 33.4067 101.795 1
      vertex 33.0793 101.817 1
      vertex 33.0778 101.734 1
    endloop
  endfacet
  facet normal 0 0 1
    outer loop
      vertex 33.4227 101.576 1
      vertex 33.0778 101.734 1
      vertex 33.0872 101.495 1
    endloop
  endfacet
  facet normal 0 0 1
    outer loop
      vertex 32.9985 97.3032 1
      vertex 33.4368 97.3234 1
      vertex 33.4267 97.5234 1
    endloop
  endfacet
  facet normal 0 0 1
    outer loop
      vertex 33.4368 97.3234 1
      vertex 32.9985 97.3032 1
      vertex 33.4342 97.2044 1
    endloop
  endfacet
  facet normal 0 -0 1
    outer loop
      vertex 33.0203 97.1141 1
      vertex 33.4342 97.2044 1
      vertex 32.9985 97.3032 1
    endloop
  endfacet
  facet normal -0 0 1
    outer loop
      vertex 32.9804 97.5439 1
      vertex 33.4267 97.5234 1
      vertex 33.3978 97.7109 1
    endloop
  endfacet
  facet normal 0 0 1
    outer loop
      vertex 33.4342 97.2044 1
      vertex 33.0203 97.1141 1
      vertex 33.4264 97.0995 1
    endloop
  endfacet
  facet normal 0 0 1
    outer loop
      vertex 33.4264 97.0995 1
      vertex 33.0203 97.1141 1
      vertex 33.4136 97.0085 1
    endloop
  endfacet
  facet normal -0 0 1
    outer loop
      vertex 32.9645 97.8414 1
      vertex 33.3978 97.7109 1
      vertex 33.3521 97.8888 1
    endloop
  endfacet
  facet normal 0 -0 1
    outer loop
      vertex 33.047 96.9713 1
      vertex 33.4136 97.0085 1
      vertex 33.0203 97.1141 1
    endloop
  endfacet
  facet normal 0 0 1
    outer loop
      vertex 33.4136 97.0085 1
      vertex 33.047 96.9713 1
      vertex 33.3956 96.9315 1
    endloop
  endfacet
  facet normal 0 0 1
    outer loop
      vertex 32.9645 97.8414 1
      vertex 33.3521 97.8888 1
      vertex 33.2916 98.06 1
    endloop
  endfacet
  facet normal 0 -0 1
    outer loop
      vertex 33.0802 96.8694 1
      vertex 33.3956 96.9315 1
      vertex 33.047 96.9713 1
    endloop
  endfacet
  facet normal 0 0 1
    outer loop
      vertex 33.3956 96.9315 1
      vertex 33.0802 96.8694 1
      vertex 33.3726 96.8686 1
    endloop
  endfacet
  facet normal -0 0 1
    outer loop
      vertex 32.9496 98.2011 1
      vertex 33.2916 98.06 1
      vertex 33.2185 98.2278 1
    endloop
  endfacet
  facet normal 0 0 1
    outer loop
      vertex 33.3726 96.8686 1
      vertex 33.0802 96.8694 1
      vertex 33.3447 96.8196 1
    endloop
  endfacet
  facet normal 0 0 1
    outer loop
      vertex 32.9496 98.2011 1
      vertex 33.2185 98.2278 1
      vertex 33.1348 98.3949 1
    endloop
  endfacet
  facet normal 0 0 1
    outer loop
      vertex 33.4267 97.5234 1
      vertex 32.9804 97.5439 1
      vertex 32.9985 97.3032 1
    endloop
  endfacet
  facet normal 0 0 1
    outer loop
      vertex 33.3447 96.8196 1
      vertex 33.1211 96.8032 1
      vertex 33.3118 96.7846 1
    endloop
  endfacet
  facet normal 0 -0 1
    outer loop
      vertex 33.2316 96.7567 1
      vertex 33.3118 96.7846 1
      vertex 33.1211 96.8032 1
    endloop
  endfacet
  facet normal 0 0 1
    outer loop
      vertex 32.9496 98.2011 1
      vertex 33.1348 98.3949 1
      vertex 33.0425 98.5646 1
    endloop
  endfacet
  facet normal 0 0 1
    outer loop
      vertex 33.3118 96.7846 1
      vertex 33.2316 96.7567 1
      vertex 33.2741 96.7636 1
    endloop
  endfacet
  facet normal 0 0 1
    outer loop
      vertex 33.2316 96.7567 1
      vertex 33.1211 96.8032 1
      vertex 33.1711 96.7674 1
    endloop
  endfacet
  facet normal 0 -0 1
    outer loop
      vertex 33.1211 96.8032 1
      vertex 33.3447 96.8196 1
      vertex 33.0802 96.8694 1
    endloop
  endfacet
  facet normal 0 0 1
    outer loop
      vertex 33.3978 97.7109 1
      vertex 32.9645 97.8414 1
      vertex 32.9804 97.5439 1
    endloop
  endfacet
  facet normal 0 0 1
    outer loop
      vertex 33.2916 98.06 1
      vertex 32.9496 98.2011 1
      vertex 32.9645 97.8414 1
    endloop
  endfacet
  facet normal 0 0 1
    outer loop
      vertex 32.9438 98.7397 1
      vertex 32.9496 98.2011 1
      vertex 33.0425 98.5646 1
    endloop
  endfacet
  facet normal 0 0 1
    outer loop
      vertex 32.0136 98.09 1
      vertex 32.9438 98.7397 1
      vertex 32.8406 98.9234 1
    endloop
  endfacet
  facet normal 0 0 1
    outer loop
      vertex 32.0136 98.09 1
      vertex 32.8406 98.9234 1
      vertex 32.7201 99.1442 1
    endloop
  endfacet
  facet normal 0 0 1
    outer loop
      vertex 32.0136 98.09 1
      vertex 32.7201 99.1442 1
      vertex 32.6004 99.3727 1
    endloop
  endfacet
  facet normal 0 0 1
    outer loop
      vertex 32.0136 98.09 1
      vertex 32.6004 99.3727 1
      vertex 32.4849 99.6131 1
    endloop
  endfacet
  facet normal 0 0 1
    outer loop
      vertex 32.0136 98.09 1
      vertex 32.4849 99.6131 1
      vertex 32.3774 99.8696 1
    endloop
  endfacet
  facet normal 0 0 1
    outer loop
      vertex 32.0136 98.09 1
      vertex 32.3774 99.8696 1
      vertex 32.2814 100.147 1
    endloop
  endfacet
  facet normal 0 0 1
    outer loop
      vertex 32.9438 98.7397 1
      vertex 32.0136 98.09 1
      vertex 32.9496 98.2011 1
    endloop
  endfacet
  facet normal 0 0 1
    outer loop
      vertex 32.2005 100.448 1
      vertex 32.0136 98.09 1
      vertex 32.2814 100.147 1
    endloop
  endfacet
  facet normal 0 0 1
    outer loop
      vertex 32.1382 100.779 1
      vertex 32.0136 98.09 1
      vertex 32.2005 100.448 1
    endloop
  endfacet
  facet normal 0 0 1
    outer loop
      vertex 32.0983 101.144 1
      vertex 32.0136 98.09 1
      vertex 32.1382 100.779 1
    endloop
  endfacet
  facet normal 0 0 1
    outer loop
      vertex 32.0136 98.09 1
      vertex 32.0983 101.144 1
      vertex 32.0841 101.546 1
    endloop
  endfacet
  facet normal 0 0 1
    outer loop
      vertex 31.8367 100.534 1
      vertex 32.0841 101.546 1
      vertex 31.8944 103.046 1
    endloop
  endfacet
  facet normal 0 0 1
    outer loop
      vertex 32.0841 101.546 1
      vertex 31.8367 100.534 1
      vertex 32.0136 98.09 1
    endloop
  endfacet
  facet normal -0 0 1
    outer loop
      vertex 30.9713 100.534 1
      vertex 32.0136 98.09 1
      vertex 31.8367 100.534 1
    endloop
  endfacet
  facet normal 0 0 1
    outer loop
      vertex 30.7051 95.5 1
      vertex 32.0136 98.09 1
      vertex 30.9713 100.534 1
    endloop
  endfacet
  facet normal 0 0 1
    outer loop
      vertex 32.0136 98.09 1
      vertex 30.7051 95.5 1
      vertex 32.033 97.5792 1
    endloop
  endfacet
  facet normal 0 0 1
    outer loop
      vertex 32.033 97.5792 1
      vertex 30.7051 95.5 1
      vertex 32.0657 97.1031 1
    endloop
  endfacet
  facet normal 0 0 1
    outer loop
      vertex 32.0657 97.1031 1
      vertex 30.7051 95.5 1
      vertex 32.1183 96.6686 1
    endloop
  endfacet
  facet normal 0 0 1
    outer loop
      vertex 30.7051 103.612 1
      vertex 30.9713 100.534 1
      vertex 30.9072 103.046 1
    endloop
  endfacet
  facet normal 0 0 1
    outer loop
      vertex 32.4624 95.6818 1
      vertex 30.7051 95.5 1
      vertex 32.6424 95.5 1
    endloop
  endfacet
  facet normal 0 0 1
    outer loop
      vertex 32.31 95.9512 1
      vertex 30.7051 95.5 1
      vertex 32.4624 95.6818 1
    endloop
  endfacet
  facet normal 0 0 1
    outer loop
      vertex 32.1976 96.2824 1
      vertex 30.7051 95.5 1
      vertex 32.31 95.9512 1
    endloop
  endfacet
  facet normal 0 0 1
    outer loop
      vertex 32.1183 96.6686 1
      vertex 30.7051 95.5 1
      vertex 32.1976 96.2824 1
    endloop
  endfacet
  facet normal 0 0 1
    outer loop
      vertex 30.7051 95.5 1
      vertex 30.9713 100.534 1
      vertex 30.7051 103.612 1
    endloop
  endfacet
  facet normal -0 0 1
    outer loop
      vertex 29.8425 99.8156 1
      vertex 29.8845 99.5345 1
      vertex 29.8745 99.8345 1
    endloop
  endfacet
  facet normal -0 0 1
    outer loop
      vertex 29.811 100.102 1
      vertex 29.8745 99.8345 1
      vertex 29.8659 100.127 1
    endloop
  endfacet
  facet normal 0 0 1
    outer loop
      vertex 29.811 100.102 1
      vertex 29.8659 100.127 1
      vertex 29.8586 100.413 1
    endloop
  endfacet
  facet normal 0 0 1
    outer loop
      vertex 29.811 100.102 1
      vertex 29.8586 100.413 1
      vertex 29.8526 100.693 1
    endloop
  endfacet
  facet normal 0 0 1
    outer loop
      vertex 29.811 100.102 1
      vertex 29.8526 100.693 1
      vertex 29.8478 100.966 1
    endloop
  endfacet
  facet normal 0 0 1
    outer loop
      vertex 29.8845 99.5345 1
      vertex 29.8425 99.8156 1
      vertex 29.8717 99.5345 1
    endloop
  endfacet
  facet normal 0 0 1
    outer loop
      vertex 29.811 100.102 1
      vertex 29.8478 100.966 1
      vertex 29.8441 101.233 1
    endloop
  endfacet
  facet normal 0 0 1
    outer loop
      vertex 29.811 100.102 1
      vertex 29.8441 101.233 1
      vertex 29.8416 101.495 1
    endloop
  endfacet
  facet normal 0 0 1
    outer loop
      vertex 29.811 100.102 1
      vertex 29.8416 101.495 1
      vertex 29.8401 101.75 1
    endloop
  endfacet
  facet normal 0 0 1
    outer loop
      vertex 29.811 100.102 1
      vertex 29.8401 101.75 1
      vertex 29.8396 102.001 1
    endloop
  endfacet
  facet normal 0 0 1
    outer loop
      vertex 29.8745 99.8345 1
      vertex 29.811 100.102 1
      vertex 29.8425 99.8156 1
    endloop
  endfacet
  facet normal 0 0 1
    outer loop
      vertex 26.1418 102.101 1
      vertex 26.558 103.646 1
      vertex 26.1418 103.612 1
    endloop
  endfacet
  facet normal -0 0 1
    outer loop
      vertex 26.1418 102.101 1
      vertex 25.7989 95.5 1
      vertex 26.558 103.646 1
    endloop
  endfacet
  facet normal -0 0 1
    outer loop
      vertex 25.552 102.101 1
      vertex 25.7989 95.5 1
      vertex 26.1418 102.101 1
    endloop
  endfacet
  facet normal 0 0 1
    outer loop
      vertex 25.7989 95.5 1
      vertex 25.552 102.101 1
      vertex 25.552 95.5 1
    endloop
  endfacet
  facet normal -0 0 1
    outer loop
      vertex 23.9493 102.101 1
      vertex 24.5391 95.5 1
      vertex 24.5391 102.101 1
    endloop
  endfacet
  facet normal 0 0 1
    outer loop
      vertex 23.7958 95.5 1
      vertex 23.9493 102.101 1
      vertex 23.7958 103.612 1
    endloop
  endfacet
  facet normal 0 0 1
    outer loop
      vertex 23.9493 102.101 1
      vertex 23.7958 95.5 1
      vertex 24.5391 95.5 1
    endloop
  endfacet
  facet normal 0 0 1
    outer loop
      vertex 22.783 103.612 1
      vertex 22.6484 102.101 1
      vertex 22.783 95.5 1
    endloop
  endfacet
  facet normal 0 0 1
    outer loop
      vertex 22.0586 95.5 1
      vertex 22.6484 102.101 1
      vertex 22.0586 102.101 1
    endloop
  endfacet
  facet normal 0 0 1
    outer loop
      vertex 22.6484 102.101 1
      vertex 22.0586 95.5 1
      vertex 22.783 95.5 1
    endloop
  endfacet
  facet normal 0 0 1
    outer loop
      vertex 19.7723 99.5011 1
      vertex 21.0458 102.101 1
      vertex 20.456 102.101 1
    endloop
  endfacet
  facet normal 0 0 1
    outer loop
      vertex 19.7502 98.4003 1
      vertex 21.0458 102.101 1
      vertex 19.7723 99.5011 1
    endloop
  endfacet
  facet normal 0 0 1
    outer loop
      vertex 21.0458 102.101 1
      vertex 19.7502 98.4003 1
      vertex 21.0458 95.5 1
    endloop
  endfacet
  facet normal -0 0 1
    outer loop
      vertex 19.6852 97.5125 1
      vertex 21.0458 95.5 1
      vertex 19.7502 98.4003 1
    endloop
  endfacet
  facet normal -0 0 1
    outer loop
      vertex 19.5798 96.8155 1
      vertex 21.0458 95.5 1
      vertex 19.6852 97.5125 1
    endloop
  endfacet
  facet normal -0 0 1
    outer loop
      vertex 19.4362 96.287 1
      vertex 21.0458 95.5 1
      vertex 19.5798 96.8155 1
    endloop
  endfacet
  facet normal -0 0 1
    outer loop
      vertex 19.2568 95.9046 1
      vertex 21.0458 95.5 1
      vertex 19.4362 96.287 1
    endloop
  endfacet
  facet normal -0 0 1
    outer loop
      vertex 19.0439 95.646 1
      vertex 21.0458 95.5 1
      vertex 19.2568 95.9046 1
    endloop
  endfacet
  facet normal 0 0 1
    outer loop
      vertex 21.0458 95.5 1
      vertex 19.0439 95.646 1
      vertex 18.817 95.5 1
    endloop
  endfacet
  facet normal 0 0 1
    outer loop
      vertex 14.6867 95.5 1
      vertex 14.6433 103.612 1
      vertex 14.6433 95.5 1
    endloop
  endfacet
  facet normal 0 0 1
    outer loop
      vertex 11.72 95.5 1
      vertex 10.7115 96.8455 1
      vertex 10.7115 95.5 1
    endloop
  endfacet
  facet normal 0 0 1
    outer loop
      vertex 10.4615 100.457 1
      vertex 11.72 103.612 1
      vertex 10.6987 102.101 1
    endloop
  endfacet
  facet normal 0 0 1
    outer loop
      vertex 11.72 103.612 1
      vertex 10.4615 100.457 1
      vertex 10.4615 99.0566 1
    endloop
  endfacet
  facet normal 0 0 1
    outer loop
      vertex 11.72 95.5 1
      vertex 10.4615 99.0566 1
      vertex 10.7115 96.8455 1
    endloop
  endfacet
  facet normal 0 0 1
    outer loop
      vertex 9.87814 96.8455 1
      vertex 10.4615 99.0566 1
      vertex 9.87814 99.0566 1
    endloop
  endfacet
  facet normal 0 0 1
    outer loop
      vertex 10.4615 99.0566 1
      vertex 9.87814 96.8455 1
      vertex 10.7115 96.8455 1
    endloop
  endfacet
  facet normal 0 0 1
    outer loop
      vertex 8.86522 95.5 1
      vertex 8.6203 103.612 1
      vertex 8.6203 95.5 1
    endloop
  endfacet
  facet normal 0 0 1
    outer loop
      vertex 7.60743 100.446 1
      vertex 7.26125 103.612 1
      vertex 7.26125 100.446 1
    endloop
  endfacet
  facet normal 0 0 1
    outer loop
      vertex 6.24834 103.612 1
      vertex 6.14588 102.101 1
      vertex 6.24834 95.5 1
    endloop
  endfacet
  facet normal 0 0 1
    outer loop
      vertex 5.55609 95.5 1
      vertex 6.14588 102.101 1
      vertex 5.55609 102.101 1
    endloop
  endfacet
  facet normal 0 0 1
    outer loop
      vertex 6.14588 102.101 1
      vertex 5.55609 95.5 1
      vertex 6.24834 95.5 1
    endloop
  endfacet
  facet normal -0 0 1
    outer loop
      vertex 3.95343 102.101 1
      vertex 4.54322 95.5 1
      vertex 4.54322 102.101 1
    endloop
  endfacet
  facet normal 0 0 1
    outer loop
      vertex 3.95343 103.612 1
      vertex 0 103 1
      vertex 3.95343 102.101 1
    endloop
  endfacet
  facet normal 0 0 1
    outer loop
      vertex 0 103 1
      vertex 2 105 1
      vertex 1.80396 104.99 1
    endloop
  endfacet
  facet normal 0 0 1
    outer loop
      vertex 0 103 1
      vertex 1.80396 104.99 1
      vertex 1.60982 104.962 1
    endloop
  endfacet
  facet normal 0 0 1
    outer loop
      vertex 0 103 1
      vertex 1.60982 104.962 1
      vertex 1.41942 104.914 1
    endloop
  endfacet
  facet normal 0 0 1
    outer loop
      vertex 0 103 1
      vertex 1.41942 104.914 1
      vertex 1.23462 104.848 1
    endloop
  endfacet
  facet normal 0 0 1
    outer loop
      vertex 0 103 1
      vertex 1.23462 104.848 1
      vertex 1.05721 104.764 1
    endloop
  endfacet
  facet normal 0 0 1
    outer loop
      vertex 0 103 1
      vertex 1.05721 104.764 1
      vertex 0.888855 104.663 1
    endloop
  endfacet
  facet normal 0 0 1
    outer loop
      vertex 0 103 1
      vertex 0.888855 104.663 1
      vertex 0.731201 104.546 1
    endloop
  endfacet
  facet normal 0 0 1
    outer loop
      vertex 0 103 1
      vertex 0.731201 104.546 1
      vertex 0.585785 104.414 1
    endloop
  endfacet
  facet normal 0 0 1
    outer loop
      vertex 0 103 1
      vertex 0.585785 104.414 1
      vertex 0.453964 104.269 1
    endloop
  endfacet
  facet normal 0 0 1
    outer loop
      vertex 0 103 1
      vertex 0.453964 104.269 1
      vertex 0.337051 104.111 1
    endloop
  endfacet
  facet normal 0 0 1
    outer loop
      vertex 0 103 1
      vertex 0.337051 104.111 1
      vertex 0.236145 103.943 1
    endloop
  endfacet
  facet normal 0 0 1
    outer loop
      vertex 0 103 1
      vertex 0.236145 103.943 1
      vertex 0.152237 103.765 1
    endloop
  endfacet
  facet normal 0 0 1
    outer loop
      vertex 0 103 1
      vertex 0.152237 103.765 1
      vertex 0.0861053 103.581 1
    endloop
  endfacet
  facet normal 0 0 1
    outer loop
      vertex 0 103 1
      vertex 0.0861053 103.581 1
      vertex 0.0384216 103.39 1
    endloop
  endfacet
  facet normal 0 0 1
    outer loop
      vertex 0 103 1
      vertex 0.0384216 103.39 1
      vertex 0.0096283 103.196 1
    endloop
  endfacet
  facet normal 0 0 1
    outer loop
      vertex 0 95.5 1
      vertex 3.95343 102.101 1
      vertex 0 103 1
    endloop
  endfacet
  facet normal 0 0 1
    outer loop
      vertex 3.95343 102.101 1
      vertex 0 95.5 1
      vertex 4.54322 95.5 1
    endloop
  endfacet
  facet normal 0 0 1
    outer loop
      vertex 0 2 1
      vertex 75 2 1
      vertex 75 94.5 1
    endloop
  endfacet
  facet normal 0 -0 1
    outer loop
      vertex 73 0 1
      vertex 75 2 1
      vertex 0 2 1
    endloop
  endfacet
  facet normal 0 0 1
    outer loop
      vertex 75 2 1
      vertex 73 0 1
      vertex 74.9904 1.80396 1
    endloop
  endfacet
  facet normal 0 0 1
    outer loop
      vertex 74.9616 1.60982 1
      vertex 73 0 1
      vertex 74.9139 1.41942 1
    endloop
  endfacet
  facet normal 0 0 1
    outer loop
      vertex 74.9139 1.41942 1
      vertex 73 0 1
      vertex 74.8477 1.23462 1
    endloop
  endfacet
  facet normal 0 0 1
    outer loop
      vertex 74.8477 1.23462 1
      vertex 73 0 1
      vertex 74.7638 1.05721 1
    endloop
  endfacet
  facet normal 0 0 1
    outer loop
      vertex 74.7638 1.05721 1
      vertex 73 0 1
      vertex 74.6629 0.888855 1
    endloop
  endfacet
  facet normal 0 0 1
    outer loop
      vertex 74.6629 0.888855 1
      vertex 73 0 1
      vertex 74.546 0.731201 1
    endloop
  endfacet
  facet normal 0 0 1
    outer loop
      vertex 74.546 0.731201 1
      vertex 73 0 1
      vertex 74.4142 0.585785 1
    endloop
  endfacet
  facet normal 0 0 1
    outer loop
      vertex 74.4142 0.585785 1
      vertex 73 0 1
      vertex 74.2688 0.453964 1
    endloop
  endfacet
  facet normal 0 0 1
    outer loop
      vertex 74.2688 0.453964 1
      vertex 73 0 1
      vertex 74.1111 0.337051 1
    endloop
  endfacet
  facet normal 0 0 1
    outer loop
      vertex 74.1111 0.337051 1
      vertex 73 0 1
      vertex 73.9428 0.236145 1
    endloop
  endfacet
  facet normal 0 0 1
    outer loop
      vertex 73.9428 0.236145 1
      vertex 73 0 1
      vertex 73.7654 0.152237 1
    endloop
  endfacet
  facet normal 0 0 1
    outer loop
      vertex 73.7654 0.152237 1
      vertex 73 0 1
      vertex 73.5806 0.0861053 1
    endloop
  endfacet
  facet normal 0 0 1
    outer loop
      vertex 73.5806 0.0861053 1
      vertex 73 0 1
      vertex 73.3902 0.0384216 1
    endloop
  endfacet
  facet normal 0 0 1
    outer loop
      vertex 73.3902 0.0384216 1
      vertex 73 0 1
      vertex 73.196 0.0096283 1
    endloop
  endfacet
  facet normal 0 0 1
    outer loop
      vertex 74.9904 1.80396 1
      vertex 73 0 1
      vertex 74.9616 1.60982 1
    endloop
  endfacet
  facet normal 0 0 1
    outer loop
      vertex 73 0 1
      vertex 0 2 1
      vertex 2 0 1
    endloop
  endfacet
  facet normal 0 0 1
    outer loop
      vertex 2 0 1
      vertex 0 2 1
      vertex 1.80396 0.0096283 1
    endloop
  endfacet
  facet normal 0 0 1
    outer loop
      vertex 1.80396 0.0096283 1
      vertex 0 2 1
      vertex 1.60982 0.0384216 1
    endloop
  endfacet
  facet normal 0 0 1
    outer loop
      vertex 1.60982 0.0384216 1
      vertex 0 2 1
      vertex 1.41942 0.0861053 1
    endloop
  endfacet
  facet normal 0 0 1
    outer loop
      vertex 1.41942 0.0861053 1
      vertex 0 2 1
      vertex 1.23462 0.152237 1
    endloop
  endfacet
  facet normal 0 0 1
    outer loop
      vertex 1.23462 0.152237 1
      vertex 0 2 1
      vertex 1.05721 0.236145 1
    endloop
  endfacet
  facet normal 0 0 1
    outer loop
      vertex 1.05721 0.236145 1
      vertex 0 2 1
      vertex 0.888855 0.337051 1
    endloop
  endfacet
  facet normal 0 0 1
    outer loop
      vertex 0.888855 0.337051 1
      vertex 0 2 1
      vertex 0.731201 0.453964 1
    endloop
  endfacet
  facet normal 0 0 1
    outer loop
      vertex 0.731201 0.453964 1
      vertex 0 2 1
      vertex 0.585785 0.585785 1
    endloop
  endfacet
  facet normal 0 0 1
    outer loop
      vertex 0.585785 0.585785 1
      vertex 0 2 1
      vertex 0.453964 0.731201 1
    endloop
  endfacet
  facet normal 0 0 1
    outer loop
      vertex 0.453964 0.731201 1
      vertex 0 2 1
      vertex 0.337051 0.888855 1
    endloop
  endfacet
  facet normal 0 0 1
    outer loop
      vertex 0.337051 0.888855 1
      vertex 0 2 1
      vertex 0.236145 1.05721 1
    endloop
  endfacet
  facet normal 0 0 1
    outer loop
      vertex 0.236145 1.05721 1
      vertex 0 2 1
      vertex 0.152237 1.23462 1
    endloop
  endfacet
  facet normal 0 0 1
    outer loop
      vertex 0.152237 1.23462 1
      vertex 0 2 1
      vertex 0.0861053 1.41942 1
    endloop
  endfacet
  facet normal 0 0 1
    outer loop
      vertex 0.0861053 1.41942 1
      vertex 0 2 1
      vertex 0.0384216 1.60982 1
    endloop
  endfacet
  facet normal 0 0 1
    outer loop
      vertex 0 2 1
      vertex 75 94.5 1
      vertex 0 94.5 1
    endloop
  endfacet
  facet normal 0 0 1
    outer loop
      vertex 0.0384216 1.60982 1
      vertex 0 2 1
      vertex 0.0096283 1.80396 1
    endloop
  endfacet
  facet normal 0 0 1
    outer loop
      vertex 67.8625 96.1646 1
      vertex 67.8982 96.3455 1
      vertex 67.8918 96.3455 1
    endloop
  endfacet
  facet normal 0 0 1
    outer loop
      vertex 67.8982 96.3455 1
      vertex 67.8625 96.1646 1
      vertex 67.9153 95.5 1
    endloop
  endfacet
  facet normal -0 0 1
    outer loop
      vertex 67.8178 95.9939 1
      vertex 67.9153 95.5 1
      vertex 67.8625 96.1646 1
    endloop
  endfacet
  facet normal -0 0 1
    outer loop
      vertex 67.7584 95.8365 1
      vertex 67.9153 95.5 1
      vertex 67.8178 95.9939 1
    endloop
  endfacet
  facet normal -0 0 1
    outer loop
      vertex 67.6851 95.6953 1
      vertex 67.9153 95.5 1
      vertex 67.7584 95.8365 1
    endloop
  endfacet
  facet normal -0 0 1
    outer loop
      vertex 67.5985 95.5732 1
      vertex 67.9153 95.5 1
      vertex 67.6851 95.6953 1
    endloop
  endfacet
  facet normal 0 0 1
    outer loop
      vertex 67.9153 95.5 1
      vertex 67.5985 95.5732 1
      vertex 67.5261 95.5 1
    endloop
  endfacet
  facet normal 0 0 1
    outer loop
      vertex 46.5254 99.5011 1
      vertex 46.9356 99.5011 1
      vertex 46.9352 100.137 1
    endloop
  endfacet
  facet normal 0 0 1
    outer loop
      vertex 46.5258 100.137 1
      vertex 46.9352 100.137 1
      vertex 46.9327 100.664 1
    endloop
  endfacet
  facet normal 0 0 1
    outer loop
      vertex 46.9356 99.5011 1
      vertex 46.5254 99.5011 1
      vertex 46.9352 98.8636 1
    endloop
  endfacet
  facet normal 0 0 1
    outer loop
      vertex 46.5284 100.664 1
      vertex 46.9327 100.664 1
      vertex 46.9266 101.093 1
    endloop
  endfacet
  facet normal 0 -0 1
    outer loop
      vertex 46.5258 98.8636 1
      vertex 46.9352 98.8636 1
      vertex 46.5254 99.5011 1
    endloop
  endfacet
  facet normal 0 0 1
    outer loop
      vertex 46.5344 101.093 1
      vertex 46.9266 101.093 1
      vertex 46.9155 101.431 1
    endloop
  endfacet
  facet normal 0 0 1
    outer loop
      vertex 46.9352 98.8636 1
      vertex 46.5258 98.8636 1
      vertex 46.9327 98.3309 1
    endloop
  endfacet
  facet normal 0 0 1
    outer loop
      vertex 46.5455 101.431 1
      vertex 46.9155 101.431 1
      vertex 46.8978 101.688 1
    endloop
  endfacet
  facet normal 0 -0 1
    outer loop
      vertex 46.5284 98.3309 1
      vertex 46.9327 98.3309 1
      vertex 46.5258 98.8636 1
    endloop
  endfacet
  facet normal 0 0 1
    outer loop
      vertex 46.5632 101.688 1
      vertex 46.8978 101.688 1
      vertex 46.872 101.872 1
    endloop
  endfacet
  facet normal 0 0 1
    outer loop
      vertex 46.9327 98.3309 1
      vertex 46.5284 98.3309 1
      vertex 46.9266 97.895 1
    endloop
  endfacet
  facet normal 0 0 1
    outer loop
      vertex 46.589 101.872 1
      vertex 46.872 101.872 1
      vertex 46.8365 101.993 1
    endloop
  endfacet
  facet normal 0 -0 1
    outer loop
      vertex 46.5344 97.895 1
      vertex 46.9266 97.895 1
      vertex 46.5284 98.3309 1
    endloop
  endfacet
  facet normal 0 0 1
    outer loop
      vertex 46.6245 101.993 1
      vertex 46.8365 101.993 1
      vertex 46.7899 102.059 1
    endloop
  endfacet
  facet normal 0 0 1
    outer loop
      vertex 46.9266 97.895 1
      vertex 46.5344 97.895 1
      vertex 46.9155 97.5479 1
    endloop
  endfacet
  facet normal 0 0 1
    outer loop
      vertex 46.6711 102.059 1
      vertex 46.7899 102.059 1
      vertex 46.7305 102.079 1
    endloop
  endfacet
  facet normal 0 -0 1
    outer loop
      vertex 46.5455 97.5479 1
      vertex 46.9155 97.5479 1
      vertex 46.5344 97.895 1
    endloop
  endfacet
  facet normal 0 0 1
    outer loop
      vertex 46.7899 102.059 1
      vertex 46.6711 102.059 1
      vertex 46.6245 101.993 1
    endloop
  endfacet
  facet normal 0 0 1
    outer loop
      vertex 46.9155 97.5479 1
      vertex 46.5455 97.5479 1
      vertex 46.8978 97.2819 1
    endloop
  endfacet
  facet normal 0 0 1
    outer loop
      vertex 46.8365 101.993 1
      vertex 46.6245 101.993 1
      vertex 46.589 101.872 1
    endloop
  endfacet
  facet normal 0 -0 1
    outer loop
      vertex 46.5632 97.2819 1
      vertex 46.8978 97.2819 1
      vertex 46.5455 97.5479 1
    endloop
  endfacet
  facet normal 0 0 1
    outer loop
      vertex 46.872 101.872 1
      vertex 46.589 101.872 1
      vertex 46.5632 101.688 1
    endloop
  endfacet
  facet normal 0 0 1
    outer loop
      vertex 46.9352 100.137 1
      vertex 46.5258 100.137 1
      vertex 46.5254 99.5011 1
    endloop
  endfacet
  facet normal 0 0 1
    outer loop
      vertex 46.8978 101.688 1
      vertex 46.5632 101.688 1
      vertex 46.5455 101.431 1
    endloop
  endfacet
  facet normal 0 0 1
    outer loop
      vertex 46.8978 97.2819 1
      vertex 46.5632 97.2819 1
      vertex 46.872 97.0888 1
    endloop
  endfacet
  facet normal 0 0 1
    outer loop
      vertex 46.9155 101.431 1
      vertex 46.5455 101.431 1
      vertex 46.5344 101.093 1
    endloop
  endfacet
  facet normal 0 -0 1
    outer loop
      vertex 46.589 97.0888 1
      vertex 46.872 97.0888 1
      vertex 46.5632 97.2819 1
    endloop
  endfacet
  facet normal 0 0 1
    outer loop
      vertex 46.9266 101.093 1
      vertex 46.5344 101.093 1
      vertex 46.5284 100.664 1
    endloop
  endfacet
  facet normal 0 0 1
    outer loop
      vertex 46.9327 100.664 1
      vertex 46.5284 100.664 1
      vertex 46.5258 100.137 1
    endloop
  endfacet
  facet normal 0 -0 1
    outer loop
      vertex 46.6245 96.9607 1
      vertex 46.8365 96.9607 1
      vertex 46.589 97.0888 1
    endloop
  endfacet
  facet normal 0 0 1
    outer loop
      vertex 46.7899 96.8897 1
      vertex 46.6711 96.8897 1
      vertex 46.7305 96.8678 1
    endloop
  endfacet
  facet normal 0 -0 1
    outer loop
      vertex 46.6711 96.8897 1
      vertex 46.7899 96.8897 1
      vertex 46.6245 96.9607 1
    endloop
  endfacet
  facet normal 0 0 1
    outer loop
      vertex 46.8365 96.9607 1
      vertex 46.6245 96.9607 1
      vertex 46.7899 96.8897 1
    endloop
  endfacet
  facet normal 0 0 1
    outer loop
      vertex 46.872 97.0888 1
      vertex 46.589 97.0888 1
      vertex 46.8365 96.9607 1
    endloop
  endfacet
  facet normal -0 0 1
    outer loop
      vertex 49.62 99.9122 1
      vertex 49.8688 95.5 1
      vertex 49.6329 99.9122 1
    endloop
  endfacet
  facet normal 0 0 1
    outer loop
      vertex 49.8688 95.5 1
      vertex 49.62 99.9122 1
      vertex 49.3841 95.5 1
    endloop
  endfacet
  facet normal -0 0 1
    outer loop
      vertex 15.8522 99.4752 1
      vertex 16.0393 99.2523 1
      vertex 16.0262 99.4801 1
    endloop
  endfacet
  facet normal 0 0 1
    outer loop
      vertex 15.8522 99.4752 1
      vertex 16.0262 99.4801 1
      vertex 16.0137 99.698 1
    endloop
  endfacet
  facet normal -0 0 1
    outer loop
      vertex 15.8769 99.8996 1
      vertex 16.0137 99.698 1
      vertex 16.0017 99.9025 1
    endloop
  endfacet
  facet normal 0 0 1
    outer loop
      vertex 16.0393 99.2523 1
      vertex 15.8522 99.4752 1
      vertex 15.8388 99.2477 1
    endloop
  endfacet
  facet normal -0 0 1
    outer loop
      vertex 15.888 100.09 1
      vertex 16.0017 99.9025 1
      vertex 15.9906 100.09 1
    endloop
  endfacet
  facet normal 0 0 1
    outer loop
      vertex 15.8249 99.0145 1
      vertex 16.0393 99.2523 1
      vertex 15.8388 99.2477 1
    endloop
  endfacet
  facet normal 0 0 1
    outer loop
      vertex 15.888 100.09 1
      vertex 15.9906 100.09 1
      vertex 15.9844 100.182 1
    endloop
  endfacet
  facet normal 0 0 1
    outer loop
      vertex 15.8925 100.182 1
      vertex 15.9844 100.182 1
      vertex 15.9787 100.274 1
    endloop
  endfacet
  facet normal 0 0 1
    outer loop
      vertex 16.0393 99.2523 1
      vertex 15.8249 99.0145 1
      vertex 16.0661 98.7813 1
    endloop
  endfacet
  facet normal 0 0 1
    outer loop
      vertex 15.8974 100.274 1
      vertex 15.9787 100.274 1
      vertex 15.9733 100.364 1
    endloop
  endfacet
  facet normal 0 0 1
    outer loop
      vertex 15.9284 100.804 1
      vertex 15.9457 100.89 1
      vertex 15.9329 100.89 1
    endloop
  endfacet
  facet normal 0 0 1
    outer loop
      vertex 15.9457 100.89 1
      vertex 15.9284 100.804 1
      vertex 15.9543 100.718 1
    endloop
  endfacet
  facet normal 0 0 1
    outer loop
      vertex 15.9235 100.718 1
      vertex 15.9543 100.718 1
      vertex 15.9284 100.804 1
    endloop
  endfacet
  facet normal 0 0 1
    outer loop
      vertex 15.9543 100.718 1
      vertex 15.9235 100.718 1
      vertex 15.9588 100.631 1
    endloop
  endfacet
  facet normal 0 0 1
    outer loop
      vertex 15.9184 100.631 1
      vertex 15.9588 100.631 1
      vertex 15.9235 100.718 1
    endloop
  endfacet
  facet normal 0 0 1
    outer loop
      vertex 15.9588 100.631 1
      vertex 15.9184 100.631 1
      vertex 15.9634 100.543 1
    endloop
  endfacet
  facet normal 0 0 1
    outer loop
      vertex 15.9078 100.454 1
      vertex 15.9634 100.543 1
      vertex 15.9184 100.631 1
    endloop
  endfacet
  facet normal 0 0 1
    outer loop
      vertex 15.9634 100.543 1
      vertex 15.9078 100.454 1
      vertex 15.9682 100.454 1
    endloop
  endfacet
  facet normal 0 0 1
    outer loop
      vertex 15.9682 100.454 1
      vertex 15.9078 100.454 1
      vertex 15.9733 100.364 1
    endloop
  endfacet
  facet normal 0 0 1
    outer loop
      vertex 15.9025 100.364 1
      vertex 15.9733 100.364 1
      vertex 15.9078 100.454 1
    endloop
  endfacet
  facet normal 0 0 1
    outer loop
      vertex 15.8974 100.274 1
      vertex 15.9733 100.364 1
      vertex 15.9025 100.364 1
    endloop
  endfacet
  facet normal 0 0 1
    outer loop
      vertex 15.9787 100.274 1
      vertex 15.8974 100.274 1
      vertex 15.8925 100.182 1
    endloop
  endfacet
  facet normal 0 0 1
    outer loop
      vertex 15.9844 100.182 1
      vertex 15.8925 100.182 1
      vertex 15.888 100.09 1
    endloop
  endfacet
  facet normal 0 0 1
    outer loop
      vertex 16.0017 99.9025 1
      vertex 15.888 100.09 1
      vertex 15.8769 99.8996 1
    endloop
  endfacet
  facet normal 0 0 1
    outer loop
      vertex 16.0137 99.698 1
      vertex 15.8769 99.8996 1
      vertex 15.8522 99.4752 1
    endloop
  endfacet
  facet normal 0 0 1
    outer loop
      vertex 15.8106 98.7789 1
      vertex 16.0661 98.7813 1
      vertex 15.8249 99.0145 1
    endloop
  endfacet
  facet normal 0 0 1
    outer loop
      vertex 16.0661 98.7813 1
      vertex 15.8106 98.7789 1
      vertex 16.0796 98.5453 1
    endloop
  endfacet
  facet normal 0 0 1
    outer loop
      vertex 15.796 98.544 1
      vertex 16.0796 98.5453 1
      vertex 15.8106 98.7789 1
    endloop
  endfacet
  facet normal 0 0 1
    outer loop
      vertex 16.0796 98.5453 1
      vertex 15.796 98.544 1
      vertex 16.093 98.3137 1
    endloop
  endfacet
  facet normal 0 0 1
    outer loop
      vertex 15.7812 98.3133 1
      vertex 16.093 98.3137 1
      vertex 15.796 98.544 1
    endloop
  endfacet
  facet normal 0 0 1
    outer loop
      vertex 16.093 98.3137 1
      vertex 15.7812 98.3133 1
      vertex 16.106 98.09 1
    endloop
  endfacet
  facet normal 0 0 1
    outer loop
      vertex 16.106 98.09 1
      vertex 15.7812 98.3133 1
      vertex 15.7662 98.09 1
    endloop
  endfacet
  facet normal -0 0 1
    outer loop
      vertex 26.9644 99.4752 1
      vertex 27.1515 99.2523 1
      vertex 27.1385 99.4801 1
    endloop
  endfacet
  facet normal 0 0 1
    outer loop
      vertex 26.9644 99.4752 1
      vertex 27.1385 99.4801 1
      vertex 27.1259 99.698 1
    endloop
  endfacet
  facet normal 0 0 1
    outer loop
      vertex 26.9372 99.0145 1
      vertex 27.1515 99.2523 1
      vertex 26.9511 99.2477 1
    endloop
  endfacet
  facet normal -0 0 1
    outer loop
      vertex 26.9891 99.8996 1
      vertex 27.1259 99.698 1
      vertex 27.114 99.9025 1
    endloop
  endfacet
  facet normal -0 0 1
    outer loop
      vertex 27.0003 100.09 1
      vertex 27.114 99.9025 1
      vertex 27.1028 100.09 1
    endloop
  endfacet
  facet normal 0 0 1
    outer loop
      vertex 27.0003 100.09 1
      vertex 27.1028 100.09 1
      vertex 27.0967 100.182 1
    endloop
  endfacet
  facet normal 0 0 1
    outer loop
      vertex 27.1515 99.2523 1
      vertex 26.9644 99.4752 1
      vertex 26.9511 99.2477 1
    endloop
  endfacet
  facet normal 0 0 1
    outer loop
      vertex 27.0048 100.182 1
      vertex 27.0967 100.182 1
      vertex 27.0909 100.274 1
    endloop
  endfacet
  facet normal 0 0 1
    outer loop
      vertex 27.1515 99.2523 1
      vertex 26.9372 99.0145 1
      vertex 27.1784 98.7813 1
    endloop
  endfacet
  facet normal 0 0 1
    outer loop
      vertex 27.0096 100.274 1
      vertex 27.0909 100.274 1
      vertex 27.0855 100.364 1
    endloop
  endfacet
  facet normal 0 0 1
    outer loop
      vertex 27.0407 100.804 1
      vertex 27.058 100.89 1
      vertex 27.0451 100.89 1
    endloop
  endfacet
  facet normal 0 0 1
    outer loop
      vertex 27.058 100.89 1
      vertex 27.0407 100.804 1
      vertex 27.0666 100.718 1
    endloop
  endfacet
  facet normal 0 0 1
    outer loop
      vertex 27.0358 100.718 1
      vertex 27.0666 100.718 1
      vertex 27.0407 100.804 1
    endloop
  endfacet
  facet normal 0 0 1
    outer loop
      vertex 27.0666 100.718 1
      vertex 27.0358 100.718 1
      vertex 27.071 100.631 1
    endloop
  endfacet
  facet normal 0 0 1
    outer loop
      vertex 27.0307 100.631 1
      vertex 27.071 100.631 1
      vertex 27.0358 100.718 1
    endloop
  endfacet
  facet normal 0 0 1
    outer loop
      vertex 27.071 100.631 1
      vertex 27.0307 100.631 1
      vertex 27.0756 100.543 1
    endloop
  endfacet
  facet normal 0 0 1
    outer loop
      vertex 27.02 100.454 1
      vertex 27.0756 100.543 1
      vertex 27.0307 100.631 1
    endloop
  endfacet
  facet normal 0 0 1
    outer loop
      vertex 27.0756 100.543 1
      vertex 27.02 100.454 1
      vertex 27.0804 100.454 1
    endloop
  endfacet
  facet normal 0 0 1
    outer loop
      vertex 27.0804 100.454 1
      vertex 27.02 100.454 1
      vertex 27.0855 100.364 1
    endloop
  endfacet
  facet normal 0 0 1
    outer loop
      vertex 27.0148 100.364 1
      vertex 27.0855 100.364 1
      vertex 27.02 100.454 1
    endloop
  endfacet
  facet normal 0 0 1
    outer loop
      vertex 27.0096 100.274 1
      vertex 27.0855 100.364 1
      vertex 27.0148 100.364 1
    endloop
  endfacet
  facet normal 0 0 1
    outer loop
      vertex 27.0909 100.274 1
      vertex 27.0096 100.274 1
      vertex 27.0048 100.182 1
    endloop
  endfacet
  facet normal 0 0 1
    outer loop
      vertex 27.0967 100.182 1
      vertex 27.0048 100.182 1
      vertex 27.0003 100.09 1
    endloop
  endfacet
  facet normal 0 0 1
    outer loop
      vertex 27.114 99.9025 1
      vertex 27.0003 100.09 1
      vertex 26.9891 99.8996 1
    endloop
  endfacet
  facet normal 0 0 1
    outer loop
      vertex 27.1259 99.698 1
      vertex 26.9891 99.8996 1
      vertex 26.9644 99.4752 1
    endloop
  endfacet
  facet normal 0 0 1
    outer loop
      vertex 26.9229 98.7789 1
      vertex 27.1784 98.7813 1
      vertex 26.9372 99.0145 1
    endloop
  endfacet
  facet normal 0 0 1
    outer loop
      vertex 27.1784 98.7813 1
      vertex 26.9229 98.7789 1
      vertex 27.1919 98.5453 1
    endloop
  endfacet
  facet normal 0 0 1
    outer loop
      vertex 26.9082 98.544 1
      vertex 27.1919 98.5453 1
      vertex 26.9229 98.7789 1
    endloop
  endfacet
  facet normal 0 0 1
    outer loop
      vertex 27.1919 98.5453 1
      vertex 26.9082 98.544 1
      vertex 27.2052 98.3137 1
    endloop
  endfacet
  facet normal 0 0 1
    outer loop
      vertex 26.8934 98.3133 1
      vertex 27.2052 98.3137 1
      vertex 26.9082 98.544 1
    endloop
  endfacet
  facet normal 0 0 1
    outer loop
      vertex 27.2052 98.3137 1
      vertex 26.8934 98.3133 1
      vertex 27.2182 98.09 1
    endloop
  endfacet
  facet normal 0 0 1
    outer loop
      vertex 27.2182 98.09 1
      vertex 26.8934 98.3133 1
      vertex 26.8785 98.09 1
    endloop
  endfacet
  facet normal -0 0 1
    outer loop
      vertex 26.8272 96.9234 1
      vertex 27.3524 95.5 1
      vertex 27.2631 96.9234 1
    endloop
  endfacet
  facet normal 0 0 1
    outer loop
      vertex 27.3524 95.5 1
      vertex 26.8272 96.9234 1
      vertex 26.7439 95.5 1
    endloop
  endfacet
  facet normal 0 0 1
    outer loop
      vertex 29.598 97.1133 1
      vertex 29.288 97.1152 1
      vertex 29.2883 96.9011 1
    endloop
  endfacet
  facet normal 0 0 1
    outer loop
      vertex 29.3248 98.814 1
      vertex 29.2871 97.3722 1
      vertex 29.288 97.1152 1
    endloop
  endfacet
  facet normal 0 0 1
    outer loop
      vertex 29.3248 98.814 1
      vertex 29.2852 97.6604 1
      vertex 29.2871 97.3722 1
    endloop
  endfacet
  facet normal 0 0 1
    outer loop
      vertex 29.3248 98.814 1
      vertex 29.2822 97.9683 1
      vertex 29.2852 97.6604 1
    endloop
  endfacet
  facet normal 0 0 1
    outer loop
      vertex 29.3248 98.814 1
      vertex 29.2779 98.2845 1
      vertex 29.2822 97.9683 1
    endloop
  endfacet
  facet normal 0 0 1
    outer loop
      vertex 29.3248 98.814 1
      vertex 29.2721 98.5974 1
      vertex 29.2779 98.2845 1
    endloop
  endfacet
  facet normal 0 0 1
    outer loop
      vertex 29.3248 98.814 1
      vertex 29.2646 98.8955 1
      vertex 29.2721 98.5974 1
    endloop
  endfacet
  facet normal -0 0 1
    outer loop
      vertex 29.2551 99.1672 1
      vertex 29.2884 99.1046 1
      vertex 29.2562 99.4011 1
    endloop
  endfacet
  facet normal 0 0 1
    outer loop
      vertex 29.2884 99.1046 1
      vertex 29.2551 99.1672 1
      vertex 29.2646 98.8955 1
    endloop
  endfacet
  facet normal 0 -0 1
    outer loop
      vertex 29.2551 99.1672 1
      vertex 29.2562 99.4011 1
      vertex 29.2434 99.4011 1
    endloop
  endfacet
  facet normal -0 0 1
    outer loop
      vertex 29.2883 96.9011 1
      vertex 29.6473 96.8234 1
      vertex 29.598 97.1133 1
    endloop
  endfacet
  facet normal -0 0 1
    outer loop
      vertex 29.288 97.1152 1
      vertex 29.598 97.1133 1
      vertex 29.5488 97.399 1
    endloop
  endfacet
  facet normal 0 0 1
    outer loop
      vertex 29.288 97.1152 1
      vertex 29.5488 97.399 1
      vertex 29.5003 97.6818 1
    endloop
  endfacet
  facet normal 0 0 1
    outer loop
      vertex 29.288 97.1152 1
      vertex 29.5003 97.6818 1
      vertex 29.4531 97.9632 1
    endloop
  endfacet
  facet normal -0 0 1
    outer loop
      vertex 29.2646 98.8955 1
      vertex 29.3248 98.814 1
      vertex 29.2884 99.1046 1
    endloop
  endfacet
  facet normal 0 0 1
    outer loop
      vertex 29.288 97.1152 1
      vertex 29.3647 98.5279 1
      vertex 29.3248 98.814 1
    endloop
  endfacet
  facet normal 0 0 1
    outer loop
      vertex 29.288 97.1152 1
      vertex 29.4077 98.2448 1
      vertex 29.3647 98.5279 1
    endloop
  endfacet
  facet normal 0 0 1
    outer loop
      vertex 29.288 97.1152 1
      vertex 29.4531 97.9632 1
      vertex 29.4077 98.2448 1
    endloop
  endfacet
  facet normal 0 0 1
    outer loop
      vertex 29.2883 95.5 1
      vertex 29.6473 96.8234 1
      vertex 29.2883 96.9011 1
    endloop
  endfacet
  facet normal 0 0 1
    outer loop
      vertex 29.6473 96.8234 1
      vertex 29.2883 95.5 1
      vertex 29.8663 95.5 1
    endloop
  endfacet
  facet normal -0 0 1
    outer loop
      vertex 15.7149 96.9234 1
      vertex 16.2401 95.5 1
      vertex 16.1509 96.9234 1
    endloop
  endfacet
  facet normal 0 0 1
    outer loop
      vertex 16.2401 95.5 1
      vertex 15.7149 96.9234 1
      vertex 15.6316 95.5 1
    endloop
  endfacet
  facet normal -0 0 1
    outer loop
      vertex 41.4886 99.4752 1
      vertex 41.6757 99.2523 1
      vertex 41.6627 99.4801 1
    endloop
  endfacet
  facet normal 0 0 1
    outer loop
      vertex 41.4886 99.4752 1
      vertex 41.6627 99.4801 1
      vertex 41.6501 99.698 1
    endloop
  endfacet
  facet normal -0 0 1
    outer loop
      vertex 41.5133 99.8996 1
      vertex 41.6501 99.698 1
      vertex 41.6382 99.9025 1
    endloop
  endfacet
  facet normal 0 0 1
    outer loop
      vertex 41.6757 99.2523 1
      vertex 41.4886 99.4752 1
      vertex 41.4753 99.2477 1
    endloop
  endfacet
  facet normal -0 0 1
    outer loop
      vertex 41.5245 100.09 1
      vertex 41.6382 99.9025 1
      vertex 41.627 100.09 1
    endloop
  endfacet
  facet normal 0 0 1
    outer loop
      vertex 41.4614 99.0145 1
      vertex 41.6757 99.2523 1
      vertex 41.4753 99.2477 1
    endloop
  endfacet
  facet normal 0 0 1
    outer loop
      vertex 41.5245 100.09 1
      vertex 41.627 100.09 1
      vertex 41.6209 100.182 1
    endloop
  endfacet
  facet normal 0 0 1
    outer loop
      vertex 41.529 100.182 1
      vertex 41.6209 100.182 1
      vertex 41.6151 100.274 1
    endloop
  endfacet
  facet normal 0 0 1
    outer loop
      vertex 41.6757 99.2523 1
      vertex 41.4614 99.0145 1
      vertex 41.7026 98.7813 1
    endloop
  endfacet
  facet normal 0 0 1
    outer loop
      vertex 41.5338 100.274 1
      vertex 41.6151 100.274 1
      vertex 41.6097 100.364 1
    endloop
  endfacet
  facet normal 0 0 1
    outer loop
      vertex 41.5648 100.804 1
      vertex 41.5822 100.89 1
      vertex 41.5693 100.89 1
    endloop
  endfacet
  facet normal 0 0 1
    outer loop
      vertex 41.5822 100.89 1
      vertex 41.5648 100.804 1
      vertex 41.5908 100.718 1
    endloop
  endfacet
  facet normal 0 0 1
    outer loop
      vertex 41.56 100.718 1
      vertex 41.5908 100.718 1
      vertex 41.5648 100.804 1
    endloop
  endfacet
  facet normal 0 0 1
    outer loop
      vertex 41.5908 100.718 1
      vertex 41.56 100.718 1
      vertex 41.5952 100.631 1
    endloop
  endfacet
  facet normal 0 0 1
    outer loop
      vertex 41.5549 100.631 1
      vertex 41.5952 100.631 1
      vertex 41.56 100.718 1
    endloop
  endfacet
  facet normal 0 0 1
    outer loop
      vertex 41.5952 100.631 1
      vertex 41.5549 100.631 1
      vertex 41.5998 100.543 1
    endloop
  endfacet
  facet normal 0 0 1
    outer loop
      vertex 41.5442 100.454 1
      vertex 41.5998 100.543 1
      vertex 41.5549 100.631 1
    endloop
  endfacet
  facet normal 0 0 1
    outer loop
      vertex 41.5998 100.543 1
      vertex 41.5442 100.454 1
      vertex 41.6046 100.454 1
    endloop
  endfacet
  facet normal 0 0 1
    outer loop
      vertex 41.6046 100.454 1
      vertex 41.5442 100.454 1
      vertex 41.6097 100.364 1
    endloop
  endfacet
  facet normal 0 0 1
    outer loop
      vertex 41.539 100.364 1
      vertex 41.6097 100.364 1
      vertex 41.5442 100.454 1
    endloop
  endfacet
  facet normal 0 0 1
    outer loop
      vertex 41.5338 100.274 1
      vertex 41.6097 100.364 1
      vertex 41.539 100.364 1
    endloop
  endfacet
  facet normal 0 0 1
    outer loop
      vertex 41.6151 100.274 1
      vertex 41.5338 100.274 1
      vertex 41.529 100.182 1
    endloop
  endfacet
  facet normal 0 0 1
    outer loop
      vertex 41.6209 100.182 1
      vertex 41.529 100.182 1
      vertex 41.5245 100.09 1
    endloop
  endfacet
  facet normal 0 0 1
    outer loop
      vertex 41.6382 99.9025 1
      vertex 41.5245 100.09 1
      vertex 41.5133 99.8996 1
    endloop
  endfacet
  facet normal 0 0 1
    outer loop
      vertex 41.6501 99.698 1
      vertex 41.5133 99.8996 1
      vertex 41.4886 99.4752 1
    endloop
  endfacet
  facet normal 0 0 1
    outer loop
      vertex 41.4471 98.7789 1
      vertex 41.7026 98.7813 1
      vertex 41.4614 99.0145 1
    endloop
  endfacet
  facet normal 0 0 1
    outer loop
      vertex 41.7026 98.7813 1
      vertex 41.4471 98.7789 1
      vertex 41.7161 98.5453 1
    endloop
  endfacet
  facet normal 0 0 1
    outer loop
      vertex 41.4324 98.544 1
      vertex 41.7161 98.5453 1
      vertex 41.4471 98.7789 1
    endloop
  endfacet
  facet normal 0 0 1
    outer loop
      vertex 41.7161 98.5453 1
      vertex 41.4324 98.544 1
      vertex 41.7294 98.3137 1
    endloop
  endfacet
  facet normal 0 0 1
    outer loop
      vertex 41.4176 98.3133 1
      vertex 41.7294 98.3137 1
      vertex 41.4324 98.544 1
    endloop
  endfacet
  facet normal 0 0 1
    outer loop
      vertex 41.7294 98.3137 1
      vertex 41.4176 98.3133 1
      vertex 41.7424 98.09 1
    endloop
  endfacet
  facet normal 0 0 1
    outer loop
      vertex 41.7424 98.09 1
      vertex 41.4176 98.3133 1
      vertex 41.4027 98.09 1
    endloop
  endfacet
  facet normal -0 0 1
    outer loop
      vertex 41.3514 96.9234 1
      vertex 41.8766 95.5 1
      vertex 41.7873 96.9234 1
    endloop
  endfacet
  facet normal 0 0 1
    outer loop
      vertex 41.8766 95.5 1
      vertex 41.3514 96.9234 1
      vertex 41.2681 95.5 1
    endloop
  endfacet
  facet normal 0 0 1
    outer loop
      vertex 61.1382 102.101 1
      vertex 61.4844 100.79 1
      vertex 61.4793 101.174 1
    endloop
  endfacet
  facet normal 0 0 1
    outer loop
      vertex 61.1382 99.3566 1
      vertex 61.4844 100.79 1
      vertex 61.1382 102.101 1
    endloop
  endfacet
  facet normal 0 0 1
    outer loop
      vertex 61.1382 102.101 1
      vertex 61.4793 101.174 1
      vertex 61.4648 101.475 1
    endloop
  endfacet
  facet normal 0 0 1
    outer loop
      vertex 61.4844 100.79 1
      vertex 61.1382 99.3566 1
      vertex 61.4793 100.378 1
    endloop
  endfacet
  facet normal 0 0 1
    outer loop
      vertex 61.1382 102.101 1
      vertex 61.4648 101.475 1
      vertex 61.4419 101.703 1
    endloop
  endfacet
  facet normal 0 0 1
    outer loop
      vertex 61.4793 100.378 1
      vertex 61.1382 99.3566 1
      vertex 61.4649 100.053 1
    endloop
  endfacet
  facet normal 0 0 1
    outer loop
      vertex 61.1382 102.101 1
      vertex 61.4419 101.703 1
      vertex 61.4115 101.867 1
    endloop
  endfacet
  facet normal 0 0 1
    outer loop
      vertex 61.4649 100.053 1
      vertex 61.1382 99.3566 1
      vertex 61.4421 99.8061 1
    endloop
  endfacet
  facet normal 0 0 1
    outer loop
      vertex 61.1382 102.101 1
      vertex 61.4115 101.867 1
      vertex 61.3747 101.979 1
    endloop
  endfacet
  facet normal 0 0 1
    outer loop
      vertex 61.4421 99.8061 1
      vertex 61.1382 99.3566 1
      vertex 61.412 99.6253 1
    endloop
  endfacet
  facet normal 0 0 1
    outer loop
      vertex 61.2356 102.099 1
      vertex 61.3747 101.979 1
      vertex 61.3324 102.048 1
    endloop
  endfacet
  facet normal 0 0 1
    outer loop
      vertex 61.412 99.6253 1
      vertex 61.1382 99.3566 1
      vertex 61.3758 99.5008 1
    endloop
  endfacet
  facet normal 0 0 1
    outer loop
      vertex 61.2356 102.099 1
      vertex 61.3324 102.048 1
      vertex 61.2857 102.084 1
    endloop
  endfacet
  facet normal 0 -0 1
    outer loop
      vertex 61.1895 99.3566 1
      vertex 61.3758 99.5008 1
      vertex 61.1382 99.3566 1
    endloop
  endfacet
  facet normal 0 0 1
    outer loop
      vertex 61.3747 101.979 1
      vertex 61.2356 102.099 1
      vertex 61.183 102.101 1
    endloop
  endfacet
  facet normal 0 0 1
    outer loop
      vertex 61.3758 99.5008 1
      vertex 61.1895 99.3566 1
      vertex 61.3343 99.4221 1
    endloop
  endfacet
  facet normal 0 0 1
    outer loop
      vertex 61.3747 101.979 1
      vertex 61.183 102.101 1
      vertex 61.1382 102.101 1
    endloop
  endfacet
  facet normal 0 -0 1
    outer loop
      vertex 61.2401 99.3604 1
      vertex 61.3343 99.4221 1
      vertex 61.1895 99.3566 1
    endloop
  endfacet
  facet normal 0 0 1
    outer loop
      vertex 61.3343 99.4221 1
      vertex 61.2401 99.3604 1
      vertex 61.2887 99.3788 1
    endloop
  endfacet
  facet normal 0 0 1
    outer loop
      vertex 43.9599 102.101 1
      vertex 44.3767 99.5011 1
      vertex 44.3753 100.173 1
    endloop
  endfacet
  facet normal 0 0 1
    outer loop
      vertex 44.3767 99.5011 1
      vertex 43.9599 96.8455 1
      vertex 44.3753 98.8423 1
    endloop
  endfacet
  facet normal 0 0 1
    outer loop
      vertex 43.9599 102.101 1
      vertex 44.3753 100.173 1
      vertex 44.3698 100.721 1
    endloop
  endfacet
  facet normal 0 0 1
    outer loop
      vertex 44.3767 99.5011 1
      vertex 43.9599 102.101 1
      vertex 43.9599 96.8455 1
    endloop
  endfacet
  facet normal 0 0 1
    outer loop
      vertex 43.9599 102.101 1
      vertex 44.3698 100.721 1
      vertex 44.3579 101.158 1
    endloop
  endfacet
  facet normal 0 0 1
    outer loop
      vertex 44.3753 98.8423 1
      vertex 43.9599 96.8455 1
      vertex 44.3699 98.2966 1
    endloop
  endfacet
  facet normal 0 0 1
    outer loop
      vertex 43.9599 102.101 1
      vertex 44.3579 101.158 1
      vertex 44.3372 101.495 1
    endloop
  endfacet
  facet normal 0 0 1
    outer loop
      vertex 44.3699 98.2966 1
      vertex 43.9599 96.8455 1
      vertex 44.3581 97.8546 1
    endloop
  endfacet
  facet normal 0 0 1
    outer loop
      vertex 43.9599 102.101 1
      vertex 44.3372 101.495 1
      vertex 44.3056 101.745 1
    endloop
  endfacet
  facet normal 0 0 1
    outer loop
      vertex 44.3581 97.8546 1
      vertex 43.9599 96.8455 1
      vertex 44.3378 97.5066 1
    endloop
  endfacet
  facet normal 0 0 1
    outer loop
      vertex 43.9599 102.101 1
      vertex 44.3056 101.745 1
      vertex 44.2608 101.918 1
    endloop
  endfacet
  facet normal 0 0 1
    outer loop
      vertex 44.3378 97.5066 1
      vertex 43.9599 96.8455 1
      vertex 44.3067 97.2433 1
    endloop
  endfacet
  facet normal 0 0 1
    outer loop
      vertex 44.0241 102.101 1
      vertex 44.2608 101.918 1
      vertex 44.2004 102.028 1
    endloop
  endfacet
  facet normal 0 0 1
    outer loop
      vertex 44.3067 97.2433 1
      vertex 43.9599 96.8455 1
      vertex 44.2627 97.055 1
    endloop
  endfacet
  facet normal 0 0 1
    outer loop
      vertex 44.0241 102.101 1
      vertex 44.2004 102.028 1
      vertex 44.1223 102.085 1
    endloop
  endfacet
  facet normal 0 -0 1
    outer loop
      vertex 44.0305 96.8455 1
      vertex 44.2627 97.055 1
      vertex 43.9599 96.8455 1
    endloop
  endfacet
  facet normal 0 0 1
    outer loop
      vertex 44.2608 101.918 1
      vertex 44.0241 102.101 1
      vertex 43.9599 102.101 1
    endloop
  endfacet
  facet normal 0 0 1
    outer loop
      vertex 44.2627 97.055 1
      vertex 44.0305 96.8455 1
      vertex 44.2034 96.9323 1
    endloop
  endfacet
  facet normal 0 0 1
    outer loop
      vertex 44.2034 96.9323 1
      vertex 44.0305 96.8455 1
      vertex 44.1268 96.8656 1
    endloop
  endfacet
  facet normal -0 0 1
    outer loop
      vertex 38.914 99.0455 1
      vertex 39.2602 95.5 1
      vertex 39.2602 99.0455 1
    endloop
  endfacet
  facet normal 0 0 1
    outer loop
      vertex 39.2602 95.5 1
      vertex 38.914 99.0455 1
      vertex 38.914 95.5 1
    endloop
  endfacet
  facet normal -0 0 1
    outer loop
      vertex 55.5246 99.4752 1
      vertex 55.7117 99.2523 1
      vertex 55.6986 99.4801 1
    endloop
  endfacet
  facet normal 0 0 1
    outer loop
      vertex 55.5246 99.4752 1
      vertex 55.6986 99.4801 1
      vertex 55.6861 99.698 1
    endloop
  endfacet
  facet normal -0 0 1
    outer loop
      vertex 55.5493 99.8996 1
      vertex 55.6861 99.698 1
      vertex 55.6741 99.9025 1
    endloop
  endfacet
  facet normal 0 0 1
    outer loop
      vertex 55.7117 99.2523 1
      vertex 55.5246 99.4752 1
      vertex 55.5112 99.2477 1
    endloop
  endfacet
  facet normal -0 0 1
    outer loop
      vertex 55.5604 100.09 1
      vertex 55.6741 99.9025 1
      vertex 55.663 100.09 1
    endloop
  endfacet
  facet normal 0 0 1
    outer loop
      vertex 55.4973 99.0145 1
      vertex 55.7117 99.2523 1
      vertex 55.5112 99.2477 1
    endloop
  endfacet
  facet normal 0 0 1
    outer loop
      vertex 55.5604 100.09 1
      vertex 55.663 100.09 1
      vertex 55.6568 100.182 1
    endloop
  endfacet
  facet normal 0 0 1
    outer loop
      vertex 55.5649 100.182 1
      vertex 55.6568 100.182 1
      vertex 55.651 100.274 1
    endloop
  endfacet
  facet normal 0 0 1
    outer loop
      vertex 55.7117 99.2523 1
      vertex 55.4973 99.0145 1
      vertex 55.7385 98.7813 1
    endloop
  endfacet
  facet normal 0 0 1
    outer loop
      vertex 55.5698 100.274 1
      vertex 55.651 100.274 1
      vertex 55.6457 100.364 1
    endloop
  endfacet
  facet normal 0 0 1
    outer loop
      vertex 55.6008 100.804 1
      vertex 55.6181 100.89 1
      vertex 55.6053 100.89 1
    endloop
  endfacet
  facet normal 0 0 1
    outer loop
      vertex 55.6181 100.89 1
      vertex 55.6008 100.804 1
      vertex 55.6267 100.718 1
    endloop
  endfacet
  facet normal 0 0 1
    outer loop
      vertex 55.5959 100.718 1
      vertex 55.6267 100.718 1
      vertex 55.6008 100.804 1
    endloop
  endfacet
  facet normal 0 0 1
    outer loop
      vertex 55.6267 100.718 1
      vertex 55.5959 100.718 1
      vertex 55.6312 100.631 1
    endloop
  endfacet
  facet normal 0 0 1
    outer loop
      vertex 55.5908 100.631 1
      vertex 55.6312 100.631 1
      vertex 55.5959 100.718 1
    endloop
  endfacet
  facet normal 0 0 1
    outer loop
      vertex 55.6312 100.631 1
      vertex 55.5908 100.631 1
      vertex 55.6358 100.543 1
    endloop
  endfacet
  facet normal 0 0 1
    outer loop
      vertex 55.5802 100.454 1
      vertex 55.6358 100.543 1
      vertex 55.5908 100.631 1
    endloop
  endfacet
  facet normal 0 0 1
    outer loop
      vertex 55.6358 100.543 1
      vertex 55.5802 100.454 1
      vertex 55.6406 100.454 1
    endloop
  endfacet
  facet normal 0 0 1
    outer loop
      vertex 55.6406 100.454 1
      vertex 55.5802 100.454 1
      vertex 55.6457 100.364 1
    endloop
  endfacet
  facet normal 0 0 1
    outer loop
      vertex 55.5749 100.364 1
      vertex 55.6457 100.364 1
      vertex 55.5802 100.454 1
    endloop
  endfacet
  facet normal 0 0 1
    outer loop
      vertex 55.5698 100.274 1
      vertex 55.6457 100.364 1
      vertex 55.5749 100.364 1
    endloop
  endfacet
  facet normal 0 0 1
    outer loop
      vertex 55.651 100.274 1
      vertex 55.5698 100.274 1
      vertex 55.5649 100.182 1
    endloop
  endfacet
  facet normal 0 0 1
    outer loop
      vertex 55.6568 100.182 1
      vertex 55.5649 100.182 1
      vertex 55.5604 100.09 1
    endloop
  endfacet
  facet normal 0 0 1
    outer loop
      vertex 55.6741 99.9025 1
      vertex 55.5604 100.09 1
      vertex 55.5493 99.8996 1
    endloop
  endfacet
  facet normal 0 0 1
    outer loop
      vertex 55.6861 99.698 1
      vertex 55.5493 99.8996 1
      vertex 55.5246 99.4752 1
    endloop
  endfacet
  facet normal 0 0 1
    outer loop
      vertex 55.483 98.7789 1
      vertex 55.7385 98.7813 1
      vertex 55.4973 99.0145 1
    endloop
  endfacet
  facet normal 0 0 1
    outer loop
      vertex 55.7385 98.7813 1
      vertex 55.483 98.7789 1
      vertex 55.752 98.5453 1
    endloop
  endfacet
  facet normal 0 0 1
    outer loop
      vertex 55.4684 98.544 1
      vertex 55.752 98.5453 1
      vertex 55.483 98.7789 1
    endloop
  endfacet
  facet normal 0 0 1
    outer loop
      vertex 55.752 98.5453 1
      vertex 55.4684 98.544 1
      vertex 55.7654 98.3137 1
    endloop
  endfacet
  facet normal 0 0 1
    outer loop
      vertex 55.4536 98.3133 1
      vertex 55.7654 98.3137 1
      vertex 55.4684 98.544 1
    endloop
  endfacet
  facet normal 0 0 1
    outer loop
      vertex 55.7654 98.3137 1
      vertex 55.4536 98.3133 1
      vertex 55.7784 98.09 1
    endloop
  endfacet
  facet normal 0 0 1
    outer loop
      vertex 55.7784 98.09 1
      vertex 55.4536 98.3133 1
      vertex 55.4386 98.09 1
    endloop
  endfacet
  facet normal -0 0 1
    outer loop
      vertex 63.3438 99.4752 1
      vertex 63.5309 99.2523 1
      vertex 63.5179 99.4801 1
    endloop
  endfacet
  facet normal 0 0 1
    outer loop
      vertex 63.3438 99.4752 1
      vertex 63.5179 99.4801 1
      vertex 63.5053 99.698 1
    endloop
  endfacet
  facet normal 0 0 1
    outer loop
      vertex 63.3166 99.0145 1
      vertex 63.5309 99.2523 1
      vertex 63.3305 99.2477 1
    endloop
  endfacet
  facet normal -0 0 1
    outer loop
      vertex 63.3686 99.8996 1
      vertex 63.5053 99.698 1
      vertex 63.4934 99.9025 1
    endloop
  endfacet
  facet normal -0 0 1
    outer loop
      vertex 63.3797 100.09 1
      vertex 63.4934 99.9025 1
      vertex 63.4823 100.09 1
    endloop
  endfacet
  facet normal 0 0 1
    outer loop
      vertex 63.5309 99.2523 1
      vertex 63.3438 99.4752 1
      vertex 63.3305 99.2477 1
    endloop
  endfacet
  facet normal 0 0 1
    outer loop
      vertex 63.3797 100.09 1
      vertex 63.4823 100.09 1
      vertex 63.4761 100.182 1
    endloop
  endfacet
  facet normal 0 0 1
    outer loop
      vertex 63.3842 100.182 1
      vertex 63.4761 100.182 1
      vertex 63.4703 100.274 1
    endloop
  endfacet
  facet normal 0 0 1
    outer loop
      vertex 63.5309 99.2523 1
      vertex 63.3166 99.0145 1
      vertex 63.5578 98.7813 1
    endloop
  endfacet
  facet normal 0 0 1
    outer loop
      vertex 63.3891 100.274 1
      vertex 63.4703 100.274 1
      vertex 63.4649 100.364 1
    endloop
  endfacet
  facet normal 0 0 1
    outer loop
      vertex 63.4201 100.804 1
      vertex 63.4374 100.89 1
      vertex 63.4246 100.89 1
    endloop
  endfacet
  facet normal 0 0 1
    outer loop
      vertex 63.4374 100.89 1
      vertex 63.4201 100.804 1
      vertex 63.446 100.718 1
    endloop
  endfacet
  facet normal 0 0 1
    outer loop
      vertex 63.4152 100.718 1
      vertex 63.446 100.718 1
      vertex 63.4201 100.804 1
    endloop
  endfacet
  facet normal 0 0 1
    outer loop
      vertex 63.446 100.718 1
      vertex 63.4152 100.718 1
      vertex 63.4505 100.631 1
    endloop
  endfacet
  facet normal 0 0 1
    outer loop
      vertex 63.4101 100.631 1
      vertex 63.4505 100.631 1
      vertex 63.4152 100.718 1
    endloop
  endfacet
  facet normal 0 0 1
    outer loop
      vertex 63.4505 100.631 1
      vertex 63.4101 100.631 1
      vertex 63.4551 100.543 1
    endloop
  endfacet
  facet normal 0 0 1
    outer loop
      vertex 63.3995 100.454 1
      vertex 63.4551 100.543 1
      vertex 63.4101 100.631 1
    endloop
  endfacet
  facet normal 0 0 1
    outer loop
      vertex 63.4551 100.543 1
      vertex 63.3995 100.454 1
      vertex 63.4599 100.454 1
    endloop
  endfacet
  facet normal 0 0 1
    outer loop
      vertex 63.4599 100.454 1
      vertex 63.3995 100.454 1
      vertex 63.4649 100.364 1
    endloop
  endfacet
  facet normal 0 0 1
    outer loop
      vertex 63.3942 100.364 1
      vertex 63.4649 100.364 1
      vertex 63.3995 100.454 1
    endloop
  endfacet
  facet normal 0 0 1
    outer loop
      vertex 63.3891 100.274 1
      vertex 63.4649 100.364 1
      vertex 63.3942 100.364 1
    endloop
  endfacet
  facet normal 0 0 1
    outer loop
      vertex 63.4703 100.274 1
      vertex 63.3891 100.274 1
      vertex 63.3842 100.182 1
    endloop
  endfacet
  facet normal 0 0 1
    outer loop
      vertex 63.4761 100.182 1
      vertex 63.3842 100.182 1
      vertex 63.3797 100.09 1
    endloop
  endfacet
  facet normal 0 0 1
    outer loop
      vertex 63.4934 99.9025 1
      vertex 63.3797 100.09 1
      vertex 63.3686 99.8996 1
    endloop
  endfacet
  facet normal 0 0 1
    outer loop
      vertex 63.5053 99.698 1
      vertex 63.3686 99.8996 1
      vertex 63.3438 99.4752 1
    endloop
  endfacet
  facet normal 0 0 1
    outer loop
      vertex 63.3023 98.7789 1
      vertex 63.5578 98.7813 1
      vertex 63.3166 99.0145 1
    endloop
  endfacet
  facet normal 0 0 1
    outer loop
      vertex 63.5578 98.7813 1
      vertex 63.3023 98.7789 1
      vertex 63.5713 98.5453 1
    endloop
  endfacet
  facet normal 0 0 1
    outer loop
      vertex 63.2877 98.544 1
      vertex 63.5713 98.5453 1
      vertex 63.3023 98.7789 1
    endloop
  endfacet
  facet normal 0 0 1
    outer loop
      vertex 63.5713 98.5453 1
      vertex 63.2877 98.544 1
      vertex 63.5846 98.3137 1
    endloop
  endfacet
  facet normal 0 0 1
    outer loop
      vertex 63.2728 98.3133 1
      vertex 63.5846 98.3137 1
      vertex 63.2877 98.544 1
    endloop
  endfacet
  facet normal 0 0 1
    outer loop
      vertex 63.5846 98.3137 1
      vertex 63.2728 98.3133 1
      vertex 63.5977 98.09 1
    endloop
  endfacet
  facet normal 0 0 1
    outer loop
      vertex 63.5977 98.09 1
      vertex 63.2728 98.3133 1
      vertex 63.2579 98.09 1
    endloop
  endfacet
  facet normal -0 0 1
    outer loop
      vertex 63.2066 96.9234 1
      vertex 63.7318 95.5 1
      vertex 63.6425 96.9234 1
    endloop
  endfacet
  facet normal 0 0 1
    outer loop
      vertex 63.7318 95.5 1
      vertex 63.2066 96.9234 1
      vertex 63.1233 95.5 1
    endloop
  endfacet
  facet normal 0 0 1
    outer loop
      vertex 69.8464 97.1133 1
      vertex 69.5364 97.1152 1
      vertex 69.5366 96.9011 1
    endloop
  endfacet
  facet normal 0 0 1
    outer loop
      vertex 69.5732 98.814 1
      vertex 69.5354 97.3722 1
      vertex 69.5364 97.1152 1
    endloop
  endfacet
  facet normal 0 0 1
    outer loop
      vertex 69.5732 98.814 1
      vertex 69.5336 97.6604 1
      vertex 69.5354 97.3722 1
    endloop
  endfacet
  facet normal 0 0 1
    outer loop
      vertex 69.5732 98.814 1
      vertex 69.5306 97.9683 1
      vertex 69.5336 97.6604 1
    endloop
  endfacet
  facet normal 0 0 1
    outer loop
      vertex 69.5732 98.814 1
      vertex 69.5263 98.2845 1
      vertex 69.5306 97.9683 1
    endloop
  endfacet
  facet normal 0 0 1
    outer loop
      vertex 69.5732 98.814 1
      vertex 69.5205 98.5974 1
      vertex 69.5263 98.2845 1
    endloop
  endfacet
  facet normal 0 0 1
    outer loop
      vertex 69.5732 98.814 1
      vertex 69.5129 98.8955 1
      vertex 69.5205 98.5974 1
    endloop
  endfacet
  facet normal -0 0 1
    outer loop
      vertex 69.5034 99.1672 1
      vertex 69.5368 99.1046 1
      vertex 69.5046 99.4011 1
    endloop
  endfacet
  facet normal 0 0 1
    outer loop
      vertex 69.5368 99.1046 1
      vertex 69.5034 99.1672 1
      vertex 69.5129 98.8955 1
    endloop
  endfacet
  facet normal 0 -0 1
    outer loop
      vertex 69.5034 99.1672 1
      vertex 69.5046 99.4011 1
      vertex 69.4918 99.4011 1
    endloop
  endfacet
  facet normal -0 0 1
    outer loop
      vertex 69.5366 96.9011 1
      vertex 69.8957 96.8234 1
      vertex 69.8464 97.1133 1
    endloop
  endfacet
  facet normal -0 0 1
    outer loop
      vertex 69.5364 97.1152 1
      vertex 69.8464 97.1133 1
      vertex 69.7972 97.399 1
    endloop
  endfacet
  facet normal 0 0 1
    outer loop
      vertex 69.5364 97.1152 1
      vertex 69.7972 97.399 1
      vertex 69.7487 97.6818 1
    endloop
  endfacet
  facet normal 0 0 1
    outer loop
      vertex 69.5364 97.1152 1
      vertex 69.7487 97.6818 1
      vertex 69.7015 97.9632 1
    endloop
  endfacet
  facet normal -0 0 1
    outer loop
      vertex 69.5129 98.8955 1
      vertex 69.5732 98.814 1
      vertex 69.5368 99.1046 1
    endloop
  endfacet
  facet normal 0 0 1
    outer loop
      vertex 69.5364 97.1152 1
      vertex 69.6131 98.5279 1
      vertex 69.5732 98.814 1
    endloop
  endfacet
  facet normal 0 0 1
    outer loop
      vertex 69.5364 97.1152 1
      vertex 69.6561 98.2448 1
      vertex 69.6131 98.5279 1
    endloop
  endfacet
  facet normal 0 0 1
    outer loop
      vertex 69.5364 97.1152 1
      vertex 69.7015 97.9632 1
      vertex 69.6561 98.2448 1
    endloop
  endfacet
  facet normal 0 0 1
    outer loop
      vertex 69.5366 95.5 1
      vertex 69.8957 96.8234 1
      vertex 69.5366 96.9011 1
    endloop
  endfacet
  facet normal 0 0 1
    outer loop
      vertex 69.8957 96.8234 1
      vertex 69.5366 95.5 1
      vertex 70.1147 95.5 1
    endloop
  endfacet
  facet normal -0 0 1
    outer loop
      vertex 55.3873 96.9234 1
      vertex 55.9125 95.5 1
      vertex 55.8232 96.9234 1
    endloop
  endfacet
  facet normal 0 0 1
    outer loop
      vertex 55.9125 95.5 1
      vertex 55.3873 96.9234 1
      vertex 55.304 95.5 1
    endloop
  endfacet
  facet normal 0 0 1
    outer loop
      vertex 57.9061 98.3122 1
      vertex 57.7971 95.5 1
      vertex 58.1282 95.5 1
    endloop
  endfacet
  facet normal 0 0 1
    outer loop
      vertex 57.7971 98.5458 1
      vertex 57.9061 98.3122 1
      vertex 57.894 98.4731 1
    endloop
  endfacet
  facet normal -0 0 1
    outer loop
      vertex 57.7971 98.5458 1
      vertex 57.894 98.4731 1
      vertex 57.8828 98.633 1
    endloop
  endfacet
  facet normal -0 0 1
    outer loop
      vertex 57.7971 98.7942 1
      vertex 57.8828 98.633 1
      vertex 57.8724 98.7966 1
    endloop
  endfacet
  facet normal 0 0 1
    outer loop
      vertex 57.7971 98.7942 1
      vertex 57.8724 98.7966 1
      vertex 57.8623 98.9687 1
    endloop
  endfacet
  facet normal -0 0 1
    outer loop
      vertex 57.7969 99.0402 1
      vertex 57.8623 98.9687 1
      vertex 57.8521 99.1541 1
    endloop
  endfacet
  facet normal -0 0 1
    outer loop
      vertex 57.7966 99.2778 1
      vertex 57.8521 99.1541 1
      vertex 57.8416 99.3575 1
    endloop
  endfacet
  facet normal -0 0 1
    outer loop
      vertex 57.796 99.5006 1
      vertex 57.8416 99.3575 1
      vertex 57.8302 99.5837 1
    endloop
  endfacet
  facet normal -0 0 1
    outer loop
      vertex 57.7952 99.7028 1
      vertex 57.8302 99.5837 1
      vertex 57.8176 99.8374 1
    endloop
  endfacet
  facet normal -0 0 1
    outer loop
      vertex 57.7926 100.02 1
      vertex 57.8176 99.8374 1
      vertex 57.8036 100.123 1
    endloop
  endfacet
  facet normal 0 0 1
    outer loop
      vertex 57.9061 98.3122 1
      vertex 57.7971 98.5458 1
      vertex 57.7971 95.5 1
    endloop
  endfacet
  facet normal 0 0 1
    outer loop
      vertex 57.8828 98.633 1
      vertex 57.7971 98.7942 1
      vertex 57.7971 98.5458 1
    endloop
  endfacet
  facet normal 0 0 1
    outer loop
      vertex 57.8623 98.9687 1
      vertex 57.7969 99.0402 1
      vertex 57.7971 98.7942 1
    endloop
  endfacet
  facet normal 0 0 1
    outer loop
      vertex 57.8521 99.1541 1
      vertex 57.7966 99.2778 1
      vertex 57.7969 99.0402 1
    endloop
  endfacet
  facet normal 0 0 1
    outer loop
      vertex 57.8416 99.3575 1
      vertex 57.796 99.5006 1
      vertex 57.7966 99.2778 1
    endloop
  endfacet
  facet normal 0 0 1
    outer loop
      vertex 57.8302 99.5837 1
      vertex 57.7952 99.7028 1
      vertex 57.796 99.5006 1
    endloop
  endfacet
  facet normal 0 0 1
    outer loop
      vertex 57.8176 99.8374 1
      vertex 57.7941 99.878 1
      vertex 57.7952 99.7028 1
    endloop
  endfacet
  facet normal 0 0 1
    outer loop
      vertex 57.8176 99.8374 1
      vertex 57.7926 100.02 1
      vertex 57.7941 99.878 1
    endloop
  endfacet
  facet normal 0 -0 1
    outer loop
      vertex 57.7926 100.02 1
      vertex 57.8036 100.123 1
      vertex 57.7907 100.123 1
    endloop
  endfacet
  facet normal 0 0 1
    outer loop
      vertex 18.3235 102.101 1
      vertex 18.7402 99.5011 1
      vertex 18.7389 100.173 1
    endloop
  endfacet
  facet normal 0 0 1
    outer loop
      vertex 18.7402 99.5011 1
      vertex 18.3235 96.8455 1
      vertex 18.7389 98.8423 1
    endloop
  endfacet
  facet normal 0 0 1
    outer loop
      vertex 18.3235 102.101 1
      vertex 18.7389 100.173 1
      vertex 18.7334 100.721 1
    endloop
  endfacet
  facet normal 0 0 1
    outer loop
      vertex 18.7402 99.5011 1
      vertex 18.3235 102.101 1
      vertex 18.3235 96.8455 1
    endloop
  endfacet
  facet normal 0 0 1
    outer loop
      vertex 18.3235 102.101 1
      vertex 18.7334 100.721 1
      vertex 18.7215 101.158 1
    endloop
  endfacet
  facet normal 0 0 1
    outer loop
      vertex 18.7389 98.8423 1
      vertex 18.3235 96.8455 1
      vertex 18.7335 98.2966 1
    endloop
  endfacet
  facet normal 0 0 1
    outer loop
      vertex 18.3235 102.101 1
      vertex 18.7215 101.158 1
      vertex 18.7008 101.495 1
    endloop
  endfacet
  facet normal 0 0 1
    outer loop
      vertex 18.7335 98.2966 1
      vertex 18.3235 96.8455 1
      vertex 18.7217 97.8546 1
    endloop
  endfacet
  facet normal 0 0 1
    outer loop
      vertex 18.3235 102.101 1
      vertex 18.7008 101.495 1
      vertex 18.6692 101.745 1
    endloop
  endfacet
  facet normal 0 0 1
    outer loop
      vertex 18.7217 97.8546 1
      vertex 18.3235 96.8455 1
      vertex 18.7014 97.5066 1
    endloop
  endfacet
  facet normal 0 0 1
    outer loop
      vertex 18.3235 102.101 1
      vertex 18.6692 101.745 1
      vertex 18.6243 101.918 1
    endloop
  endfacet
  facet normal 0 0 1
    outer loop
      vertex 18.7014 97.5066 1
      vertex 18.3235 96.8455 1
      vertex 18.6703 97.2433 1
    endloop
  endfacet
  facet normal 0 0 1
    outer loop
      vertex 18.3876 102.101 1
      vertex 18.6243 101.918 1
      vertex 18.564 102.028 1
    endloop
  endfacet
  facet normal 0 0 1
    outer loop
      vertex 18.6703 97.2433 1
      vertex 18.3235 96.8455 1
      vertex 18.6262 97.055 1
    endloop
  endfacet
  facet normal 0 0 1
    outer loop
      vertex 18.3876 102.101 1
      vertex 18.564 102.028 1
      vertex 18.4858 102.085 1
    endloop
  endfacet
  facet normal 0 -0 1
    outer loop
      vertex 18.394 96.8455 1
      vertex 18.6262 97.055 1
      vertex 18.3235 96.8455 1
    endloop
  endfacet
  facet normal 0 0 1
    outer loop
      vertex 18.6243 101.918 1
      vertex 18.3876 102.101 1
      vertex 18.3235 102.101 1
    endloop
  endfacet
  facet normal 0 0 1
    outer loop
      vertex 18.6262 97.055 1
      vertex 18.394 96.8455 1
      vertex 18.567 96.9323 1
    endloop
  endfacet
  facet normal 0 0 1
    outer loop
      vertex 18.567 96.9323 1
      vertex 18.394 96.8455 1
      vertex 18.4903 96.8656 1
    endloop
  endfacet
  facet normal -0 0 1
    outer loop
      vertex 7.26125 99.0455 1
      vertex 7.60743 95.5 1
      vertex 7.60743 99.0455 1
    endloop
  endfacet
  facet normal 0 0 1
    outer loop
      vertex 7.60743 95.5 1
      vertex 7.26125 99.0455 1
      vertex 7.26125 95.5 1
    endloop
  endfacet
  facet normal 0 0 1
    outer loop
      vertex 12.6432 98.3122 1
      vertex 12.5342 95.5 1
      vertex 12.8653 95.5 1
    endloop
  endfacet
  facet normal 0 0 1
    outer loop
      vertex 12.5342 98.5458 1
      vertex 12.6432 98.3122 1
      vertex 12.631 98.4731 1
    endloop
  endfacet
  facet normal -0 0 1
    outer loop
      vertex 12.5342 98.5458 1
      vertex 12.631 98.4731 1
      vertex 12.6199 98.633 1
    endloop
  endfacet
  facet normal -0 0 1
    outer loop
      vertex 12.5341 98.7942 1
      vertex 12.6199 98.633 1
      vertex 12.6094 98.7966 1
    endloop
  endfacet
  facet normal 0 0 1
    outer loop
      vertex 12.5341 98.7942 1
      vertex 12.6094 98.7966 1
      vertex 12.5993 98.9687 1
    endloop
  endfacet
  facet normal -0 0 1
    outer loop
      vertex 12.5339 99.0402 1
      vertex 12.5993 98.9687 1
      vertex 12.5892 99.1541 1
    endloop
  endfacet
  facet normal -0 0 1
    outer loop
      vertex 12.5336 99.2778 1
      vertex 12.5892 99.1541 1
      vertex 12.5786 99.3575 1
    endloop
  endfacet
  facet normal -0 0 1
    outer loop
      vertex 12.5331 99.5006 1
      vertex 12.5786 99.3575 1
      vertex 12.5672 99.5837 1
    endloop
  endfacet
  facet normal -0 0 1
    outer loop
      vertex 12.5323 99.7028 1
      vertex 12.5672 99.5837 1
      vertex 12.5547 99.8374 1
    endloop
  endfacet
  facet normal -0 0 1
    outer loop
      vertex 12.5297 100.02 1
      vertex 12.5547 99.8374 1
      vertex 12.5406 100.123 1
    endloop
  endfacet
  facet normal 0 0 1
    outer loop
      vertex 12.6432 98.3122 1
      vertex 12.5342 98.5458 1
      vertex 12.5342 95.5 1
    endloop
  endfacet
  facet normal 0 0 1
    outer loop
      vertex 12.6199 98.633 1
      vertex 12.5341 98.7942 1
      vertex 12.5342 98.5458 1
    endloop
  endfacet
  facet normal 0 0 1
    outer loop
      vertex 12.5993 98.9687 1
      vertex 12.5339 99.0402 1
      vertex 12.5341 98.7942 1
    endloop
  endfacet
  facet normal 0 0 1
    outer loop
      vertex 12.5892 99.1541 1
      vertex 12.5336 99.2778 1
      vertex 12.5339 99.0402 1
    endloop
  endfacet
  facet normal 0 0 1
    outer loop
      vertex 12.5786 99.3575 1
      vertex 12.5331 99.5006 1
      vertex 12.5336 99.2778 1
    endloop
  endfacet
  facet normal 0 0 1
    outer loop
      vertex 12.5672 99.5837 1
      vertex 12.5323 99.7028 1
      vertex 12.5331 99.5006 1
    endloop
  endfacet
  facet normal 0 0 1
    outer loop
      vertex 12.5547 99.8374 1
      vertex 12.5312 99.878 1
      vertex 12.5323 99.7028 1
    endloop
  endfacet
  facet normal 0 0 1
    outer loop
      vertex 12.5547 99.8374 1
      vertex 12.5297 100.02 1
      vertex 12.5312 99.878 1
    endloop
  endfacet
  facet normal 0 -0 1
    outer loop
      vertex 12.5297 100.02 1
      vertex 12.5406 100.123 1
      vertex 12.5278 100.123 1
    endloop
  endfacet
  facet normal -0 0 1
    outer loop
      vertex 58.9511 100.146 1
      vertex 58.9637 99.981 1
      vertex 58.9639 100.146 1
    endloop
  endfacet
  facet normal 0 0 1
    outer loop
      vertex 58.9637 99.981 1
      vertex 58.9404 99.9144 1
      vertex 58.9631 99.8001 1
    endloop
  endfacet
  facet normal 0 0 1
    outer loop
      vertex 58.9296 99.6882 1
      vertex 58.9631 99.8001 1
      vertex 58.9404 99.9144 1
    endloop
  endfacet
  facet normal 0 0 1
    outer loop
      vertex 58.9631 99.8001 1
      vertex 58.9296 99.6882 1
      vertex 58.9622 99.6056 1
    endloop
  endfacet
  facet normal 0 0 1
    outer loop
      vertex 58.9637 99.981 1
      vertex 58.9511 100.146 1
      vertex 58.9404 99.9144 1
    endloop
  endfacet
  facet normal 0 0 1
    outer loop
      vertex 58.9188 99.4678 1
      vertex 58.9622 99.6056 1
      vertex 58.9296 99.6882 1
    endloop
  endfacet
  facet normal 0 0 1
    outer loop
      vertex 58.9622 99.6056 1
      vertex 58.9188 99.4678 1
      vertex 58.9602 99.1864 1
    endloop
  endfacet
  facet normal -0 0 1
    outer loop
      vertex 58.9078 99.2539 1
      vertex 58.9602 99.1864 1
      vertex 58.9188 99.4678 1
    endloop
  endfacet
  facet normal 0 0 1
    outer loop
      vertex 58.8966 99.0475 1
      vertex 58.9602 99.1864 1
      vertex 58.9078 99.2539 1
    endloop
  endfacet
  facet normal 0 0 1
    outer loop
      vertex 58.9602 99.1864 1
      vertex 58.8966 99.0475 1
      vertex 58.9592 98.9669 1
    endloop
  endfacet
  facet normal 0 0 1
    outer loop
      vertex 58.8851 98.8493 1
      vertex 58.9592 98.9669 1
      vertex 58.8966 99.0475 1
    endloop
  endfacet
  facet normal 0 0 1
    outer loop
      vertex 58.9592 98.9669 1
      vertex 58.8851 98.8493 1
      vertex 58.9583 98.7445 1
    endloop
  endfacet
  facet normal 0 0 1
    outer loop
      vertex 58.8733 98.6601 1
      vertex 58.9583 98.7445 1
      vertex 58.8851 98.8493 1
    endloop
  endfacet
  facet normal 0 0 1
    outer loop
      vertex 58.9583 98.7445 1
      vertex 58.8733 98.6601 1
      vertex 58.9577 98.5217 1
    endloop
  endfacet
  facet normal 0 0 1
    outer loop
      vertex 58.8611 98.4808 1
      vertex 58.9577 98.5217 1
      vertex 58.8733 98.6601 1
    endloop
  endfacet
  facet normal 0 0 1
    outer loop
      vertex 58.9577 98.5217 1
      vertex 58.8611 98.4808 1
      vertex 58.9575 98.3011 1
    endloop
  endfacet
  facet normal -0 0 1
    outer loop
      vertex 58.8485 98.3122 1
      vertex 58.9575 98.3011 1
      vertex 58.8611 98.4808 1
    endloop
  endfacet
  facet normal 0 0 1
    outer loop
      vertex 58.6264 95.5 1
      vertex 58.9575 98.3011 1
      vertex 58.8485 98.3122 1
    endloop
  endfacet
  facet normal 0 0 1
    outer loop
      vertex 58.9575 98.3011 1
      vertex 58.6264 95.5 1
      vertex 58.9575 95.5 1
    endloop
  endfacet
  facet normal -0 0 1
    outer loop
      vertex 13.6881 100.146 1
      vertex 13.7007 99.981 1
      vertex 13.7009 100.146 1
    endloop
  endfacet
  facet normal 0 0 1
    outer loop
      vertex 13.7007 99.981 1
      vertex 13.6774 99.9144 1
      vertex 13.7001 99.8001 1
    endloop
  endfacet
  facet normal 0 0 1
    outer loop
      vertex 13.6667 99.6882 1
      vertex 13.7001 99.8001 1
      vertex 13.6774 99.9144 1
    endloop
  endfacet
  facet normal 0 0 1
    outer loop
      vertex 13.7001 99.8001 1
      vertex 13.6667 99.6882 1
      vertex 13.6993 99.6056 1
    endloop
  endfacet
  facet normal 0 0 1
    outer loop
      vertex 13.7007 99.981 1
      vertex 13.6881 100.146 1
      vertex 13.6774 99.9144 1
    endloop
  endfacet
  facet normal 0 0 1
    outer loop
      vertex 13.6558 99.4678 1
      vertex 13.6993 99.6056 1
      vertex 13.6667 99.6882 1
    endloop
  endfacet
  facet normal 0 0 1
    outer loop
      vertex 13.6993 99.6056 1
      vertex 13.6558 99.4678 1
      vertex 13.6972 99.1864 1
    endloop
  endfacet
  facet normal -0 0 1
    outer loop
      vertex 13.6448 99.2539 1
      vertex 13.6972 99.1864 1
      vertex 13.6558 99.4678 1
    endloop
  endfacet
  facet normal 0 0 1
    outer loop
      vertex 13.6336 99.0475 1
      vertex 13.6972 99.1864 1
      vertex 13.6448 99.2539 1
    endloop
  endfacet
  facet normal 0 0 1
    outer loop
      vertex 13.6972 99.1864 1
      vertex 13.6336 99.0475 1
      vertex 13.6962 98.9669 1
    endloop
  endfacet
  facet normal 0 0 1
    outer loop
      vertex 13.6221 98.8493 1
      vertex 13.6962 98.9669 1
      vertex 13.6336 99.0475 1
    endloop
  endfacet
  facet normal 0 0 1
    outer loop
      vertex 13.6962 98.9669 1
      vertex 13.6221 98.8493 1
      vertex 13.6953 98.7445 1
    endloop
  endfacet
  facet normal 0 0 1
    outer loop
      vertex 13.6103 98.6601 1
      vertex 13.6953 98.7445 1
      vertex 13.6221 98.8493 1
    endloop
  endfacet
  facet normal 0 0 1
    outer loop
      vertex 13.6953 98.7445 1
      vertex 13.6103 98.6601 1
      vertex 13.6947 98.5217 1
    endloop
  endfacet
  facet normal 0 0 1
    outer loop
      vertex 13.5981 98.4808 1
      vertex 13.6947 98.5217 1
      vertex 13.6103 98.6601 1
    endloop
  endfacet
  facet normal 0 0 1
    outer loop
      vertex 13.6947 98.5217 1
      vertex 13.5981 98.4808 1
      vertex 13.6945 98.3011 1
    endloop
  endfacet
  facet normal -0 0 1
    outer loop
      vertex 13.5855 98.3122 1
      vertex 13.6945 98.3011 1
      vertex 13.5981 98.4808 1
    endloop
  endfacet
  facet normal 0 0 1
    outer loop
      vertex 13.3634 95.5 1
      vertex 13.6945 98.3011 1
      vertex 13.5855 98.3122 1
    endloop
  endfacet
  facet normal 0 0 1
    outer loop
      vertex 13.6945 98.3011 1
      vertex 13.3634 95.5 1
      vertex 13.6945 95.5 1
    endloop
  endfacet
  facet normal 0 0 1
    outer loop
      vertex 6.14588 103.612 1.5
      vertex 5.55609 102.101 1.5
      vertex 6.14588 102.101 1.5
    endloop
  endfacet
  facet normal 0 0 1
    outer loop
      vertex 5.55609 102.101 1.5
      vertex 4.54322 102.101 1.5
      vertex 5.55609 95.5 1.5
    endloop
  endfacet
  facet normal 0 0 1
    outer loop
      vertex 6.14588 103.612 1.5
      vertex 4.54322 102.101 1.5
      vertex 5.55609 102.101 1.5
    endloop
  endfacet
  facet normal -0 0 1
    outer loop
      vertex 3.95343 103.612 1.5
      vertex 4.54322 102.101 1.5
      vertex 6.14588 103.612 1.5
    endloop
  endfacet
  facet normal 0 0 1
    outer loop
      vertex 4.54322 102.101 1.5
      vertex 3.95343 103.612 1.5
      vertex 3.95343 102.101 1.5
    endloop
  endfacet
  facet normal 0 0 1
    outer loop
      vertex 7.60743 100.446 1.5
      vertex 8.6203 103.612 1.5
      vertex 7.60743 103.612 1.5
    endloop
  endfacet
  facet normal 0 0 1
    outer loop
      vertex 10.6987 103.612 1.5
      vertex 9.87814 102.101 1.5
      vertex 10.6987 102.101 1.5
    endloop
  endfacet
  facet normal 0 0 1
    outer loop
      vertex 8.86522 103.612 1.5
      vertex 9.87814 100.457 1.5
      vertex 9.87814 102.101 1.5
    endloop
  endfacet
  facet normal 0 0 1
    outer loop
      vertex 9.87814 100.457 1.5
      vertex 8.86522 103.612 1.5
      vertex 9.87814 99.0566 1.5
    endloop
  endfacet
  facet normal 0 0 1
    outer loop
      vertex 9.87814 99.0566 1.5
      vertex 8.86522 103.612 1.5
      vertex 8.86522 95.5 1.5
    endloop
  endfacet
  facet normal -0 0 1
    outer loop
      vertex 8.86522 103.612 1.5
      vertex 9.87814 102.101 1.5
      vertex 10.6987 103.612 1.5
    endloop
  endfacet
  facet normal -0 0 1
    outer loop
      vertex 9.87814 100.457 1.5
      vertex 10.4615 99.0566 1.5
      vertex 10.4615 100.457 1.5
    endloop
  endfacet
  facet normal 0 0 1
    outer loop
      vertex 10.4615 99.0566 1.5
      vertex 9.87814 100.457 1.5
      vertex 9.87814 99.0566 1.5
    endloop
  endfacet
  facet normal 0 0 1
    outer loop
      vertex 10.7115 96.8455 1.5
      vertex 9.87814 96.8455 1.5
      vertex 10.7115 95.5 1.5
    endloop
  endfacet
  facet normal -0 0 1
    outer loop
      vertex 6.24834 103.612 1.5
      vertex 7.26125 100.446 1.5
      vertex 7.26125 103.612 1.5
    endloop
  endfacet
  facet normal 0 0 1
    outer loop
      vertex 7.26125 100.446 1.5
      vertex 6.24834 103.612 1.5
      vertex 7.26125 99.0455 1.5
    endloop
  endfacet
  facet normal 0 0 1
    outer loop
      vertex 6.24834 95.5 1.5
      vertex 7.26125 99.0455 1.5
      vertex 6.24834 103.612 1.5
    endloop
  endfacet
  facet normal -0 0 1
    outer loop
      vertex 7.26125 100.446 1.5
      vertex 7.60743 99.0455 1.5
      vertex 7.60743 100.446 1.5
    endloop
  endfacet
  facet normal 0 0 1
    outer loop
      vertex 7.60743 99.0455 1.5
      vertex 7.26125 100.446 1.5
      vertex 7.26125 99.0455 1.5
    endloop
  endfacet
  facet normal 0 0 1
    outer loop
      vertex 13.5855 98.3122 1.5
      vertex 12.6432 98.3122 1.5
      vertex 12.8653 95.5 1.5
    endloop
  endfacet
  facet normal 0 0 1
    outer loop
      vertex 13.1817 99.2345 1.5
      vertex 12.631 98.4731 1.5
      vertex 12.6432 98.3122 1.5
    endloop
  endfacet
  facet normal 0 0 1
    outer loop
      vertex 13.1817 99.2345 1.5
      vertex 12.6199 98.633 1.5
      vertex 12.631 98.4731 1.5
    endloop
  endfacet
  facet normal 0 0 1
    outer loop
      vertex 13.1817 99.2345 1.5
      vertex 12.6094 98.7966 1.5
      vertex 12.6199 98.633 1.5
    endloop
  endfacet
  facet normal 0 0 1
    outer loop
      vertex 13.1817 99.2345 1.5
      vertex 12.5993 98.9687 1.5
      vertex 12.6094 98.7966 1.5
    endloop
  endfacet
  facet normal 0 0 1
    outer loop
      vertex 13.1817 99.2345 1.5
      vertex 12.5892 99.1541 1.5
      vertex 12.5993 98.9687 1.5
    endloop
  endfacet
  facet normal 0 0 1
    outer loop
      vertex 13.1817 99.2345 1.5
      vertex 12.5786 99.3575 1.5
      vertex 12.5892 99.1541 1.5
    endloop
  endfacet
  facet normal 0 0 1
    outer loop
      vertex 13.1817 99.2345 1.5
      vertex 12.5672 99.5837 1.5
      vertex 12.5786 99.3575 1.5
    endloop
  endfacet
  facet normal 0 0 1
    outer loop
      vertex 13.1817 99.2345 1.5
      vertex 12.5547 99.8374 1.5
      vertex 12.5672 99.5837 1.5
    endloop
  endfacet
  facet normal 0 0 1
    outer loop
      vertex 13.1817 99.2345 1.5
      vertex 12.5406 100.123 1.5
      vertex 12.5547 99.8374 1.5
    endloop
  endfacet
  facet normal 0 0 1
    outer loop
      vertex 12.9124 103.612 1.5
      vertex 12.5278 100.123 1.5
      vertex 12.5406 100.123 1.5
    endloop
  endfacet
  facet normal 0 -0 1
    outer loop
      vertex 12.5278 100.123 1.5
      vertex 12.9124 103.612 1.5
      vertex 11.72 103.612 1.5
    endloop
  endfacet
  facet normal 0 0 1
    outer loop
      vertex 13.7007 99.981 1.5
      vertex 14.6433 103.612 1.5
      vertex 13.7009 100.146 1.5
    endloop
  endfacet
  facet normal -0 0 1
    outer loop
      vertex 13.4573 103.612 1.5
      vertex 13.7009 100.146 1.5
      vertex 14.6433 103.612 1.5
    endloop
  endfacet
  facet normal 0 0 1
    outer loop
      vertex 13.1881 99.2345 1.5
      vertex 13.6774 99.9144 1.5
      vertex 13.6881 100.146 1.5
    endloop
  endfacet
  facet normal 0 0 1
    outer loop
      vertex 13.6774 99.9144 1.5
      vertex 13.1881 99.2345 1.5
      vertex 13.6667 99.6882 1.5
    endloop
  endfacet
  facet normal 0 0 1
    outer loop
      vertex 13.6667 99.6882 1.5
      vertex 13.1881 99.2345 1.5
      vertex 13.6558 99.4678 1.5
    endloop
  endfacet
  facet normal 0 0 1
    outer loop
      vertex 13.6558 99.4678 1.5
      vertex 13.1881 99.2345 1.5
      vertex 13.6448 99.2539 1.5
    endloop
  endfacet
  facet normal 0 0 1
    outer loop
      vertex 13.6448 99.2539 1.5
      vertex 13.1881 99.2345 1.5
      vertex 13.6336 99.0475 1.5
    endloop
  endfacet
  facet normal 0 0 1
    outer loop
      vertex 13.6336 99.0475 1.5
      vertex 13.1881 99.2345 1.5
      vertex 13.6221 98.8493 1.5
    endloop
  endfacet
  facet normal -0 0 1
    outer loop
      vertex 13.1817 99.2345 1.5
      vertex 13.6221 98.8493 1.5
      vertex 13.1881 99.2345 1.5
    endloop
  endfacet
  facet normal 0 0 1
    outer loop
      vertex 13.6221 98.8493 1.5
      vertex 13.1817 99.2345 1.5
      vertex 13.6103 98.6601 1.5
    endloop
  endfacet
  facet normal 0 0 1
    outer loop
      vertex 13.7009 100.146 1.5
      vertex 13.4573 103.612 1.5
      vertex 13.6881 100.146 1.5
    endloop
  endfacet
  facet normal 0 0 1
    outer loop
      vertex 13.1881 99.2345 1.5
      vertex 13.6881 100.146 1.5
      vertex 13.4573 103.612 1.5
    endloop
  endfacet
  facet normal 0 0 1
    outer loop
      vertex 12.6432 98.3122 1.5
      vertex 13.6103 98.6601 1.5
      vertex 13.1817 99.2345 1.5
    endloop
  endfacet
  facet normal 0 0 1
    outer loop
      vertex 13.6103 98.6601 1.5
      vertex 12.6432 98.3122 1.5
      vertex 13.5981 98.4808 1.5
    endloop
  endfacet
  facet normal -0 0 1
    outer loop
      vertex 18.7389 100.173 1.5
      vertex 19.7723 99.5011 1.5
      vertex 19.7508 100.608 1.5
    endloop
  endfacet
  facet normal -0 0 1
    outer loop
      vertex 18.7215 101.158 1.5
      vertex 19.7508 100.608 1.5
      vertex 19.6874 101.499 1.5
    endloop
  endfacet
  facet normal 0 0 1
    outer loop
      vertex 19.7723 99.5011 1.5
      vertex 18.7389 100.173 1.5
      vertex 18.7402 99.5011 1.5
    endloop
  endfacet
  facet normal -0 0 1
    outer loop
      vertex 18.6692 101.745 1.5
      vertex 19.6874 101.499 1.5
      vertex 19.584 102.197 1.5
    endloop
  endfacet
  facet normal 0 0 1
    outer loop
      vertex 18.7389 98.8423 1.5
      vertex 19.7723 99.5011 1.5
      vertex 18.7402 99.5011 1.5
    endloop
  endfacet
  facet normal 0 0 1
    outer loop
      vertex 18.564 102.028 1.5
      vertex 19.584 102.197 1.5
      vertex 19.4425 102.724 1.5
    endloop
  endfacet
  facet normal 0 0 1
    outer loop
      vertex 18.7335 98.2966 1.5
      vertex 19.7502 98.4003 1.5
      vertex 18.7389 98.8423 1.5
    endloop
  endfacet
  facet normal 0 0 1
    outer loop
      vertex 18.4858 102.085 1.5
      vertex 19.4425 102.724 1.5
      vertex 19.2647 103.105 1.5
    endloop
  endfacet
  facet normal 0 0 1
    outer loop
      vertex 18.7217 97.8546 1.5
      vertex 19.7502 98.4003 1.5
      vertex 18.7335 98.2966 1.5
    endloop
  endfacet
  facet normal 0 0 1
    outer loop
      vertex 18.4858 102.085 1.5
      vertex 19.2647 103.105 1.5
      vertex 19.0524 103.361 1.5
    endloop
  endfacet
  facet normal 0 0 1
    outer loop
      vertex 19.7723 99.5011 1.5
      vertex 18.7389 98.8423 1.5
      vertex 19.7502 98.4003 1.5
    endloop
  endfacet
  facet normal 0 0 1
    outer loop
      vertex 18.7014 97.5066 1.5
      vertex 19.6852 97.5125 1.5
      vertex 18.7217 97.8546 1.5
    endloop
  endfacet
  facet normal 0 0 1
    outer loop
      vertex 18.3876 102.101 1.5
      vertex 19.0524 103.361 1.5
      vertex 18.8075 103.516 1.5
    endloop
  endfacet
  facet normal 0 0 1
    outer loop
      vertex 22.6484 103.612 1.5
      vertex 22.0586 102.101 1.5
      vertex 22.6484 102.101 1.5
    endloop
  endfacet
  facet normal 0 0 1
    outer loop
      vertex 22.0586 102.101 1.5
      vertex 21.0458 102.101 1.5
      vertex 22.0586 95.5 1.5
    endloop
  endfacet
  facet normal 0 0 1
    outer loop
      vertex 22.6484 103.612 1.5
      vertex 21.0458 102.101 1.5
      vertex 22.0586 102.101 1.5
    endloop
  endfacet
  facet normal -0 0 1
    outer loop
      vertex 20.456 103.612 1.5
      vertex 21.0458 102.101 1.5
      vertex 22.6484 103.612 1.5
    endloop
  endfacet
  facet normal 0 0 1
    outer loop
      vertex 21.0458 102.101 1.5
      vertex 20.456 103.612 1.5
      vertex 20.456 102.101 1.5
    endloop
  endfacet
  facet normal 0 0 1
    outer loop
      vertex 23.7958 103.612 1.5
      vertex 22.783 103.612 1.5
      vertex 23.7958 95.5 1.5
    endloop
  endfacet
  facet normal 0 0 1
    outer loop
      vertex 26.1418 103.612 1.5
      vertex 25.552 102.101 1.5
      vertex 26.1418 102.101 1.5
    endloop
  endfacet
  facet normal 0 0 1
    outer loop
      vertex 25.552 102.101 1.5
      vertex 24.5391 102.101 1.5
      vertex 25.552 95.5 1.5
    endloop
  endfacet
  facet normal 0 0 1
    outer loop
      vertex 26.1418 103.612 1.5
      vertex 24.5391 102.101 1.5
      vertex 25.552 102.101 1.5
    endloop
  endfacet
  facet normal -0 0 1
    outer loop
      vertex 23.9493 103.612 1.5
      vertex 24.5391 102.101 1.5
      vertex 26.1418 103.612 1.5
    endloop
  endfacet
  facet normal 0 0 1
    outer loop
      vertex 24.5391 102.101 1.5
      vertex 23.9493 103.612 1.5
      vertex 23.9493 102.101 1.5
    endloop
  endfacet
  facet normal 0 0 1
    outer loop
      vertex 17.2562 95.5 1.5
      vertex 16.1509 96.9234 1.5
      vertex 16.2401 95.5 1.5
    endloop
  endfacet
  facet normal 0 0 1
    outer loop
      vertex 17.2562 95.5 1.5
      vertex 16.106 98.09 1.5
      vertex 16.1509 96.9234 1.5
    endloop
  endfacet
  facet normal 0 0 1
    outer loop
      vertex 17.2562 95.5 1.5
      vertex 16.093 98.3137 1.5
      vertex 16.106 98.09 1.5
    endloop
  endfacet
  facet normal 0 0 1
    outer loop
      vertex 17.2562 95.5 1.5
      vertex 16.0796 98.5453 1.5
      vertex 16.093 98.3137 1.5
    endloop
  endfacet
  facet normal 0 0 1
    outer loop
      vertex 17.2562 95.5 1.5
      vertex 16.0661 98.7813 1.5
      vertex 16.0796 98.5453 1.5
    endloop
  endfacet
  facet normal 0 0 1
    outer loop
      vertex 17.2562 95.5 1.5
      vertex 16.0393 99.2523 1.5
      vertex 16.0661 98.7813 1.5
    endloop
  endfacet
  facet normal 0 0 1
    outer loop
      vertex 17.2562 95.5 1.5
      vertex 16.0262 99.4801 1.5
      vertex 16.0393 99.2523 1.5
    endloop
  endfacet
  facet normal 0 0 1
    outer loop
      vertex 17.2562 95.5 1.5
      vertex 16.0137 99.698 1.5
      vertex 16.0262 99.4801 1.5
    endloop
  endfacet
  facet normal 0 0 1
    outer loop
      vertex 16.5034 103.646 1.5
      vertex 16.0017 99.9025 1.5
      vertex 16.0137 99.698 1.5
    endloop
  endfacet
  facet normal 0 0 1
    outer loop
      vertex 16.5034 103.646 1.5
      vertex 15.9906 100.09 1.5
      vertex 16.0017 99.9025 1.5
    endloop
  endfacet
  facet normal 0 0 1
    outer loop
      vertex 16.5034 103.646 1.5
      vertex 15.9844 100.182 1.5
      vertex 15.9906 100.09 1.5
    endloop
  endfacet
  facet normal 0 0 1
    outer loop
      vertex 16.5034 103.646 1.5
      vertex 15.9787 100.274 1.5
      vertex 15.9844 100.182 1.5
    endloop
  endfacet
  facet normal 0 0 1
    outer loop
      vertex 16.5034 103.646 1.5
      vertex 15.9733 100.364 1.5
      vertex 15.9787 100.274 1.5
    endloop
  endfacet
  facet normal 0 0 1
    outer loop
      vertex 16.5034 103.646 1.5
      vertex 15.9682 100.454 1.5
      vertex 15.9733 100.364 1.5
    endloop
  endfacet
  facet normal 0 0 1
    outer loop
      vertex 16.5034 103.646 1.5
      vertex 15.9634 100.543 1.5
      vertex 15.9682 100.454 1.5
    endloop
  endfacet
  facet normal 0 0 1
    outer loop
      vertex 16.5034 103.646 1.5
      vertex 15.9588 100.631 1.5
      vertex 15.9634 100.543 1.5
    endloop
  endfacet
  facet normal 0 0 1
    outer loop
      vertex 16.5034 103.646 1.5
      vertex 15.9543 100.718 1.5
      vertex 15.9588 100.631 1.5
    endloop
  endfacet
  facet normal 0 0 1
    outer loop
      vertex 16.5034 103.646 1.5
      vertex 15.9457 100.89 1.5
      vertex 15.9543 100.718 1.5
    endloop
  endfacet
  facet normal -0 0 1
    outer loop
      vertex 15.4457 103.646 1.5
      vertex 15.9457 100.89 1.5
      vertex 16.5034 103.646 1.5
    endloop
  endfacet
  facet normal 0 0 1
    outer loop
      vertex 15.9329 100.89 1.5
      vertex 15.9235 100.718 1.5
      vertex 15.9284 100.804 1.5
    endloop
  endfacet
  facet normal 0 0 1
    outer loop
      vertex 15.4457 103.646 1.5
      vertex 15.9235 100.718 1.5
      vertex 15.9329 100.89 1.5
    endloop
  endfacet
  facet normal 0 0 1
    outer loop
      vertex 15.9235 100.718 1.5
      vertex 15.4457 103.646 1.5
      vertex 15.9184 100.631 1.5
    endloop
  endfacet
  facet normal 0 0 1
    outer loop
      vertex 15.9184 100.631 1.5
      vertex 15.4457 103.646 1.5
      vertex 15.9078 100.454 1.5
    endloop
  endfacet
  facet normal 0 0 1
    outer loop
      vertex 15.8925 100.182 1.5
      vertex 15.8769 99.8996 1.5
      vertex 15.888 100.09 1.5
    endloop
  endfacet
  facet normal 0 0 1
    outer loop
      vertex 15.4457 103.646 1.5
      vertex 15.8925 100.182 1.5
      vertex 15.8974 100.274 1.5
    endloop
  endfacet
  facet normal 0 0 1
    outer loop
      vertex 15.8925 100.182 1.5
      vertex 15.4457 103.646 1.5
      vertex 15.8769 99.8996 1.5
    endloop
  endfacet
  facet normal 0 0 1
    outer loop
      vertex 15.4457 103.646 1.5
      vertex 15.8974 100.274 1.5
      vertex 15.9025 100.364 1.5
    endloop
  endfacet
  facet normal 0 0 1
    outer loop
      vertex 15.8769 99.8996 1.5
      vertex 14.6867 95.5 1.5
      vertex 15.8522 99.4752 1.5
    endloop
  endfacet
  facet normal 0 0 1
    outer loop
      vertex 15.8522 99.4752 1.5
      vertex 14.6867 95.5 1.5
      vertex 15.8388 99.2477 1.5
    endloop
  endfacet
  facet normal 0 0 1
    outer loop
      vertex 15.8388 99.2477 1.5
      vertex 14.6867 95.5 1.5
      vertex 15.8249 99.0145 1.5
    endloop
  endfacet
  facet normal 0 0 1
    outer loop
      vertex 15.9078 100.454 1.5
      vertex 15.4457 103.646 1.5
      vertex 15.9025 100.364 1.5
    endloop
  endfacet
  facet normal 0 0 1
    outer loop
      vertex 15.8249 99.0145 1.5
      vertex 14.6867 95.5 1.5
      vertex 15.8106 98.7789 1.5
    endloop
  endfacet
  facet normal 0 0 1
    outer loop
      vertex 15.8106 98.7789 1.5
      vertex 14.6867 95.5 1.5
      vertex 15.796 98.544 1.5
    endloop
  endfacet
  facet normal 0 0 1
    outer loop
      vertex 15.796 98.544 1.5
      vertex 14.6867 95.5 1.5
      vertex 15.7812 98.3133 1.5
    endloop
  endfacet
  facet normal 0 0 1
    outer loop
      vertex 14.6867 95.5 1.5
      vertex 15.7149 96.9234 1.5
      vertex 15.7662 98.09 1.5
    endloop
  endfacet
  facet normal 0 0 1
    outer loop
      vertex 15.7812 98.3133 1.5
      vertex 14.6867 95.5 1.5
      vertex 15.7662 98.09 1.5
    endloop
  endfacet
  facet normal 0 0 1
    outer loop
      vertex 15.8769 99.8996 1.5
      vertex 15.4457 103.646 1.5
      vertex 14.6867 95.5 1.5
    endloop
  endfacet
  facet normal 0 0 1
    outer loop
      vertex 15.9457 100.89 1.5
      vertex 15.4457 103.646 1.5
      vertex 15.9329 100.89 1.5
    endloop
  endfacet
  facet normal -0 0 1
    outer loop
      vertex 15.7662 98.09 1.5
      vertex 16.1509 96.9234 1.5
      vertex 16.106 98.09 1.5
    endloop
  endfacet
  facet normal 0 0 1
    outer loop
      vertex 16.1509 96.9234 1.5
      vertex 15.7662 98.09 1.5
      vertex 15.7149 96.9234 1.5
    endloop
  endfacet
  facet normal 0 0 1
    outer loop
      vertex 19.7502 98.4003 1.5
      vertex 18.7217 97.8546 1.5
      vertex 19.6852 97.5125 1.5
    endloop
  endfacet
  facet normal 0 0 1
    outer loop
      vertex 19.7508 100.608 1.5
      vertex 18.7334 100.721 1.5
      vertex 18.7389 100.173 1.5
    endloop
  endfacet
  facet normal 0 0 1
    outer loop
      vertex 19.7508 100.608 1.5
      vertex 18.7215 101.158 1.5
      vertex 18.7334 100.721 1.5
    endloop
  endfacet
  facet normal 0 0 1
    outer loop
      vertex 19.6874 101.499 1.5
      vertex 18.7008 101.495 1.5
      vertex 18.7215 101.158 1.5
    endloop
  endfacet
  facet normal 0 0 1
    outer loop
      vertex 19.6874 101.499 1.5
      vertex 18.6692 101.745 1.5
      vertex 18.7008 101.495 1.5
    endloop
  endfacet
  facet normal 0 0 1
    outer loop
      vertex 19.584 102.197 1.5
      vertex 18.6243 101.918 1.5
      vertex 18.6692 101.745 1.5
    endloop
  endfacet
  facet normal 0 0 1
    outer loop
      vertex 19.584 102.197 1.5
      vertex 18.564 102.028 1.5
      vertex 18.6243 101.918 1.5
    endloop
  endfacet
  facet normal 0 0 1
    outer loop
      vertex 18.3876 102.101 1.5
      vertex 18.8075 103.516 1.5
      vertex 18.5319 103.592 1.5
    endloop
  endfacet
  facet normal 0 0 1
    outer loop
      vertex 19.4425 102.724 1.5
      vertex 18.4858 102.085 1.5
      vertex 18.564 102.028 1.5
    endloop
  endfacet
  facet normal 0 0 1
    outer loop
      vertex 19.0524 103.361 1.5
      vertex 18.3876 102.101 1.5
      vertex 18.4858 102.085 1.5
    endloop
  endfacet
  facet normal 0 0 1
    outer loop
      vertex 18.5319 103.592 1.5
      vertex 18.3235 102.101 1.5
      vertex 18.3876 102.101 1.5
    endloop
  endfacet
  facet normal -0 0 1
    outer loop
      vertex 17.3106 103.612 1.5
      vertex 18.3235 102.101 1.5
      vertex 18.2273 103.612 1.5
    endloop
  endfacet
  facet normal 0 0 1
    outer loop
      vertex 18.2273 103.612 1.5
      vertex 18.3235 102.101 1.5
      vertex 18.5319 103.592 1.5
    endloop
  endfacet
  facet normal 0 0 1
    outer loop
      vertex 28.3684 95.5 1.5
      vertex 27.2631 96.9234 1.5
      vertex 27.3524 95.5 1.5
    endloop
  endfacet
  facet normal 0 0 1
    outer loop
      vertex 28.3684 95.5 1.5
      vertex 27.2182 98.09 1.5
      vertex 27.2631 96.9234 1.5
    endloop
  endfacet
  facet normal 0 0 1
    outer loop
      vertex 28.3684 95.5 1.5
      vertex 27.2052 98.3137 1.5
      vertex 27.2182 98.09 1.5
    endloop
  endfacet
  facet normal 0 0 1
    outer loop
      vertex 28.3684 95.5 1.5
      vertex 27.1919 98.5453 1.5
      vertex 27.2052 98.3137 1.5
    endloop
  endfacet
  facet normal 0 0 1
    outer loop
      vertex 28.3684 95.5 1.5
      vertex 27.1784 98.7813 1.5
      vertex 27.1919 98.5453 1.5
    endloop
  endfacet
  facet normal 0 0 1
    outer loop
      vertex 28.3684 95.5 1.5
      vertex 27.1515 99.2523 1.5
      vertex 27.1784 98.7813 1.5
    endloop
  endfacet
  facet normal 0 0 1
    outer loop
      vertex 28.3684 95.5 1.5
      vertex 27.1385 99.4801 1.5
      vertex 27.1515 99.2523 1.5
    endloop
  endfacet
  facet normal 0 0 1
    outer loop
      vertex 28.3684 95.5 1.5
      vertex 27.1259 99.698 1.5
      vertex 27.1385 99.4801 1.5
    endloop
  endfacet
  facet normal 0 0 1
    outer loop
      vertex 27.6157 103.646 1.5
      vertex 27.114 99.9025 1.5
      vertex 27.1259 99.698 1.5
    endloop
  endfacet
  facet normal 0 0 1
    outer loop
      vertex 27.6157 103.646 1.5
      vertex 27.1028 100.09 1.5
      vertex 27.114 99.9025 1.5
    endloop
  endfacet
  facet normal 0 0 1
    outer loop
      vertex 27.6157 103.646 1.5
      vertex 27.0967 100.182 1.5
      vertex 27.1028 100.09 1.5
    endloop
  endfacet
  facet normal 0 0 1
    outer loop
      vertex 27.6157 103.646 1.5
      vertex 27.0909 100.274 1.5
      vertex 27.0967 100.182 1.5
    endloop
  endfacet
  facet normal 0 0 1
    outer loop
      vertex 27.6157 103.646 1.5
      vertex 27.0855 100.364 1.5
      vertex 27.0909 100.274 1.5
    endloop
  endfacet
  facet normal 0 0 1
    outer loop
      vertex 27.6157 103.646 1.5
      vertex 27.0804 100.454 1.5
      vertex 27.0855 100.364 1.5
    endloop
  endfacet
  facet normal 0 0 1
    outer loop
      vertex 27.6157 103.646 1.5
      vertex 27.0756 100.543 1.5
      vertex 27.0804 100.454 1.5
    endloop
  endfacet
  facet normal 0 0 1
    outer loop
      vertex 27.6157 103.646 1.5
      vertex 27.071 100.631 1.5
      vertex 27.0756 100.543 1.5
    endloop
  endfacet
  facet normal 0 0 1
    outer loop
      vertex 27.6157 103.646 1.5
      vertex 27.0666 100.718 1.5
      vertex 27.071 100.631 1.5
    endloop
  endfacet
  facet normal 0 0 1
    outer loop
      vertex 27.6157 103.646 1.5
      vertex 27.058 100.89 1.5
      vertex 27.0666 100.718 1.5
    endloop
  endfacet
  facet normal -0 0 1
    outer loop
      vertex 26.558 103.646 1.5
      vertex 27.058 100.89 1.5
      vertex 27.6157 103.646 1.5
    endloop
  endfacet
  facet normal 0 0 1
    outer loop
      vertex 27.0451 100.89 1.5
      vertex 27.0358 100.718 1.5
      vertex 27.0407 100.804 1.5
    endloop
  endfacet
  facet normal 0 0 1
    outer loop
      vertex 26.558 103.646 1.5
      vertex 27.0358 100.718 1.5
      vertex 27.0451 100.89 1.5
    endloop
  endfacet
  facet normal 0 0 1
    outer loop
      vertex 27.0358 100.718 1.5
      vertex 26.558 103.646 1.5
      vertex 27.0307 100.631 1.5
    endloop
  endfacet
  facet normal 0 0 1
    outer loop
      vertex 27.0307 100.631 1.5
      vertex 26.558 103.646 1.5
      vertex 27.02 100.454 1.5
    endloop
  endfacet
  facet normal 0 0 1
    outer loop
      vertex 27.0048 100.182 1.5
      vertex 26.9891 99.8996 1.5
      vertex 27.0003 100.09 1.5
    endloop
  endfacet
  facet normal 0 0 1
    outer loop
      vertex 26.558 103.646 1.5
      vertex 27.0048 100.182 1.5
      vertex 27.0096 100.274 1.5
    endloop
  endfacet
  facet normal 0 0 1
    outer loop
      vertex 27.0048 100.182 1.5
      vertex 26.558 103.646 1.5
      vertex 26.9891 99.8996 1.5
    endloop
  endfacet
  facet normal 0 0 1
    outer loop
      vertex 26.558 103.646 1.5
      vertex 27.0096 100.274 1.5
      vertex 27.0148 100.364 1.5
    endloop
  endfacet
  facet normal 0 0 1
    outer loop
      vertex 26.9891 99.8996 1.5
      vertex 25.7989 95.5 1.5
      vertex 26.9644 99.4752 1.5
    endloop
  endfacet
  facet normal 0 0 1
    outer loop
      vertex 26.9644 99.4752 1.5
      vertex 25.7989 95.5 1.5
      vertex 26.9511 99.2477 1.5
    endloop
  endfacet
  facet normal 0 0 1
    outer loop
      vertex 26.9511 99.2477 1.5
      vertex 25.7989 95.5 1.5
      vertex 26.9372 99.0145 1.5
    endloop
  endfacet
  facet normal 0 0 1
    outer loop
      vertex 27.02 100.454 1.5
      vertex 26.558 103.646 1.5
      vertex 27.0148 100.364 1.5
    endloop
  endfacet
  facet normal 0 0 1
    outer loop
      vertex 26.9372 99.0145 1.5
      vertex 25.7989 95.5 1.5
      vertex 26.9229 98.7789 1.5
    endloop
  endfacet
  facet normal 0 0 1
    outer loop
      vertex 26.9229 98.7789 1.5
      vertex 25.7989 95.5 1.5
      vertex 26.9082 98.544 1.5
    endloop
  endfacet
  facet normal 0 0 1
    outer loop
      vertex 26.9082 98.544 1.5
      vertex 25.7989 95.5 1.5
      vertex 26.8934 98.3133 1.5
    endloop
  endfacet
  facet normal 0 0 1
    outer loop
      vertex 25.7989 95.5 1.5
      vertex 26.8272 96.9234 1.5
      vertex 26.8785 98.09 1.5
    endloop
  endfacet
  facet normal 0 0 1
    outer loop
      vertex 26.8934 98.3133 1.5
      vertex 25.7989 95.5 1.5
      vertex 26.8785 98.09 1.5
    endloop
  endfacet
  facet normal 0 0 1
    outer loop
      vertex 26.9891 99.8996 1.5
      vertex 26.558 103.646 1.5
      vertex 25.7989 95.5 1.5
    endloop
  endfacet
  facet normal 0 0 1
    outer loop
      vertex 27.058 100.89 1.5
      vertex 26.558 103.646 1.5
      vertex 27.0451 100.89 1.5
    endloop
  endfacet
  facet normal -0 0 1
    outer loop
      vertex 26.8785 98.09 1.5
      vertex 27.2631 96.9234 1.5
      vertex 27.2182 98.09 1.5
    endloop
  endfacet
  facet normal 0 0 1
    outer loop
      vertex 27.2631 96.9234 1.5
      vertex 26.8785 98.09 1.5
      vertex 26.8272 96.9234 1.5
    endloop
  endfacet
  facet normal 0 0 1
    outer loop
      vertex 28.4228 95.5 1.5
      vertex 29.2883 96.9011 1.5
      vertex 29.288 97.1152 1.5
    endloop
  endfacet
  facet normal 0 0 1
    outer loop
      vertex 29.2562 99.4011 1.5
      vertex 29.8717 99.5345 1.5
      vertex 29.8425 99.8156 1.5
    endloop
  endfacet
  facet normal 0 0 1
    outer loop
      vertex 29.2562 99.4011 1.5
      vertex 29.8425 99.8156 1.5
      vertex 29.811 100.102 1.5
    endloop
  endfacet
  facet normal 0 0 1
    outer loop
      vertex 29.2434 99.4011 1.5
      vertex 29.811 100.102 1.5
      vertex 29.7774 100.393 1.5
    endloop
  endfacet
  facet normal 0 0 1
    outer loop
      vertex 29.2434 99.4011 1.5
      vertex 29.7774 100.393 1.5
      vertex 29.7423 100.685 1.5
    endloop
  endfacet
  facet normal 0 0 1
    outer loop
      vertex 29.2434 99.4011 1.5
      vertex 29.7423 100.685 1.5
      vertex 29.706 100.978 1.5
    endloop
  endfacet
  facet normal 0 0 1
    outer loop
      vertex 29.2434 99.4011 1.5
      vertex 29.706 100.978 1.5
      vertex 29.6689 101.269 1.5
    endloop
  endfacet
  facet normal 0 0 1
    outer loop
      vertex 29.8717 99.5345 1.5
      vertex 29.6473 96.8234 1.5
      vertex 29.8663 95.5 1.5
    endloop
  endfacet
  facet normal 0 0 1
    outer loop
      vertex 29.2434 99.4011 1.5
      vertex 29.6689 101.269 1.5
      vertex 29.6315 101.556 1.5
    endloop
  endfacet
  facet normal 0 0 1
    outer loop
      vertex 29.8717 99.5345 1.5
      vertex 29.598 97.1133 1.5
      vertex 29.6473 96.8234 1.5
    endloop
  endfacet
  facet normal 0 0 1
    outer loop
      vertex 28.4228 103.612 1.5
      vertex 29.6315 101.556 1.5
      vertex 29.5943 101.838 1.5
    endloop
  endfacet
  facet normal 0 0 1
    outer loop
      vertex 28.4228 103.612 1.5
      vertex 29.5943 101.838 1.5
      vertex 29.5576 102.112 1.5
    endloop
  endfacet
  facet normal 0 0 1
    outer loop
      vertex 29.8717 99.5345 1.5
      vertex 29.5488 97.399 1.5
      vertex 29.598 97.1133 1.5
    endloop
  endfacet
  facet normal 0 0 1
    outer loop
      vertex 29.8717 99.5345 1.5
      vertex 29.5003 97.6818 1.5
      vertex 29.5488 97.399 1.5
    endloop
  endfacet
  facet normal 0 0 1
    outer loop
      vertex 29.8717 99.5345 1.5
      vertex 29.4531 97.9632 1.5
      vertex 29.5003 97.6818 1.5
    endloop
  endfacet
  facet normal 0 0 1
    outer loop
      vertex 29.8717 99.5345 1.5
      vertex 29.4077 98.2448 1.5
      vertex 29.4531 97.9632 1.5
    endloop
  endfacet
  facet normal 0 0 1
    outer loop
      vertex 29.8717 99.5345 1.5
      vertex 29.3647 98.5279 1.5
      vertex 29.4077 98.2448 1.5
    endloop
  endfacet
  facet normal -0 0 1
    outer loop
      vertex 28.4228 103.612 1.5
      vertex 29.5576 102.112 1.5
      vertex 29.3588 103.612 1.5
    endloop
  endfacet
  facet normal 0 0 1
    outer loop
      vertex 29.8717 99.5345 1.5
      vertex 29.3248 98.814 1.5
      vertex 29.3647 98.5279 1.5
    endloop
  endfacet
  facet normal 0 0 1
    outer loop
      vertex 29.8717 99.5345 1.5
      vertex 29.2884 99.1046 1.5
      vertex 29.3248 98.814 1.5
    endloop
  endfacet
  facet normal 0 0 1
    outer loop
      vertex 29.8717 99.5345 1.5
      vertex 29.2562 99.4011 1.5
      vertex 29.2884 99.1046 1.5
    endloop
  endfacet
  facet normal 0 0 1
    outer loop
      vertex 29.811 100.102 1.5
      vertex 29.2434 99.4011 1.5
      vertex 29.2562 99.4011 1.5
    endloop
  endfacet
  facet normal 0 0 1
    outer loop
      vertex 29.6315 101.556 1.5
      vertex 28.4228 103.612 1.5
      vertex 29.2434 99.4011 1.5
    endloop
  endfacet
  facet normal 0 0 1
    outer loop
      vertex 30.7051 103.612 1.5
      vertex 29.8845 99.5345 1.5
      vertex 30.7051 95.5 1.5
    endloop
  endfacet
  facet normal 0 0 1
    outer loop
      vertex 30.7051 103.612 1.5
      vertex 29.8745 99.8345 1.5
      vertex 29.8845 99.5345 1.5
    endloop
  endfacet
  facet normal 0 0 1
    outer loop
      vertex 30.7051 103.612 1.5
      vertex 29.8659 100.127 1.5
      vertex 29.8745 99.8345 1.5
    endloop
  endfacet
  facet normal 0 0 1
    outer loop
      vertex 30.7051 103.612 1.5
      vertex 29.8586 100.413 1.5
      vertex 29.8659 100.127 1.5
    endloop
  endfacet
  facet normal 0 0 1
    outer loop
      vertex 30.7051 103.612 1.5
      vertex 29.8526 100.693 1.5
      vertex 29.8586 100.413 1.5
    endloop
  endfacet
  facet normal 0 0 1
    outer loop
      vertex 30.7051 103.612 1.5
      vertex 29.8478 100.966 1.5
      vertex 29.8526 100.693 1.5
    endloop
  endfacet
  facet normal 0 0 1
    outer loop
      vertex 30.7051 103.612 1.5
      vertex 29.8441 101.233 1.5
      vertex 29.8478 100.966 1.5
    endloop
  endfacet
  facet normal 0 0 1
    outer loop
      vertex 30.7051 103.612 1.5
      vertex 29.8416 101.495 1.5
      vertex 29.8441 101.233 1.5
    endloop
  endfacet
  facet normal 0 0 1
    outer loop
      vertex 30.7051 103.612 1.5
      vertex 29.8401 101.75 1.5
      vertex 29.8416 101.495 1.5
    endloop
  endfacet
  facet normal 0 0 1
    outer loop
      vertex 29.8396 102.001 1.5
      vertex 30.7051 103.612 1.5
      vertex 29.8396 103.612 1.5
    endloop
  endfacet
  facet normal 0 0 1
    outer loop
      vertex 30.7051 103.612 1.5
      vertex 29.8396 102.001 1.5
      vertex 29.8401 101.75 1.5
    endloop
  endfacet
  facet normal -0 0 1
    outer loop
      vertex 33.4267 97.5234 1.5
      vertex 34.4304 97.4234 1.5
      vertex 34.4156 97.8557 1.5
    endloop
  endfacet
  facet normal 0 0 1
    outer loop
      vertex 33.4267 97.5234 1.5
      vertex 34.4156 97.8557 1.5
      vertex 34.3738 98.2385 1.5
    endloop
  endfacet
  facet normal 0 0 1
    outer loop
      vertex 34.4304 97.4234 1.5
      vertex 33.4267 97.5234 1.5
      vertex 33.4368 97.3234 1.5
    endloop
  endfacet
  facet normal 0 0 1
    outer loop
      vertex 33.4267 97.5234 1.5
      vertex 34.3738 98.2385 1.5
      vertex 34.3086 98.5781 1.5
    endloop
  endfacet
  facet normal 0 0 1
    outer loop
      vertex 33.4342 97.2044 1.5
      vertex 34.4304 97.4234 1.5
      vertex 33.4368 97.3234 1.5
    endloop
  endfacet
  facet normal 0 0 1
    outer loop
      vertex 33.4267 97.5234 1.5
      vertex 34.3086 98.5781 1.5
      vertex 34.224 98.8809 1.5
    endloop
  endfacet
  facet normal 0 0 1
    outer loop
      vertex 34.4304 97.4234 1.5
      vertex 33.4342 97.2044 1.5
      vertex 34.4151 96.991 1.5
    endloop
  endfacet
  facet normal 0 0 1
    outer loop
      vertex 33.4267 97.5234 1.5
      vertex 34.224 98.8809 1.5
      vertex 34.1238 99.1534 1.5
    endloop
  endfacet
  facet normal -0 0 1
    outer loop
      vertex 33.4264 97.0995 1.5
      vertex 34.4151 96.991 1.5
      vertex 33.4342 97.2044 1.5
    endloop
  endfacet
  facet normal 0 0 1
    outer loop
      vertex 33.4267 97.5234 1.5
      vertex 34.1238 99.1534 1.5
      vertex 34.0116 99.4019 1.5
    endloop
  endfacet
  facet normal 0 0 1
    outer loop
      vertex 33.4267 97.5234 1.5
      vertex 34.0116 99.4019 1.5
      vertex 33.8914 99.6329 1.5
    endloop
  endfacet
  facet normal -0 0 1
    outer loop
      vertex 33.4136 97.0085 1.5
      vertex 34.4151 96.991 1.5
      vertex 33.4264 97.0995 1.5
    endloop
  endfacet
  facet normal -0 0 1
    outer loop
      vertex 33.3956 96.9315 1.5
      vertex 34.3692 96.6058 1.5
      vertex 33.4136 97.0085 1.5
    endloop
  endfacet
  facet normal 0 0 1
    outer loop
      vertex 33.4267 97.5234 1.5
      vertex 33.8914 99.6329 1.5
      vertex 33.7669 99.8527 1.5
    endloop
  endfacet
  facet normal -0 0 1
    outer loop
      vertex 36.7447 97.5234 1.5
      vertex 37.7485 97.4234 1.5
      vertex 37.7337 97.8557 1.5
    endloop
  endfacet
  facet normal 0 0 1
    outer loop
      vertex 36.7447 97.5234 1.5
      vertex 37.7337 97.8557 1.5
      vertex 37.6918 98.2385 1.5
    endloop
  endfacet
  facet normal 0 0 1
    outer loop
      vertex 37.7485 97.4234 1.5
      vertex 36.7447 97.5234 1.5
      vertex 36.7548 97.3234 1.5
    endloop
  endfacet
  facet normal 0 0 1
    outer loop
      vertex 36.7447 97.5234 1.5
      vertex 37.6918 98.2385 1.5
      vertex 37.6267 98.5781 1.5
    endloop
  endfacet
  facet normal 0 0 1
    outer loop
      vertex 36.7522 97.2044 1.5
      vertex 37.7485 97.4234 1.5
      vertex 36.7548 97.3234 1.5
    endloop
  endfacet
  facet normal 0 0 1
    outer loop
      vertex 36.7447 97.5234 1.5
      vertex 37.6267 98.5781 1.5
      vertex 37.5421 98.8809 1.5
    endloop
  endfacet
  facet normal 0 0 1
    outer loop
      vertex 37.7485 97.4234 1.5
      vertex 36.7522 97.2044 1.5
      vertex 37.7331 96.991 1.5
    endloop
  endfacet
  facet normal 0 0 1
    outer loop
      vertex 36.7447 97.5234 1.5
      vertex 37.5421 98.8809 1.5
      vertex 37.4418 99.1534 1.5
    endloop
  endfacet
  facet normal -0 0 1
    outer loop
      vertex 36.7445 97.0995 1.5
      vertex 37.7331 96.991 1.5
      vertex 36.7522 97.2044 1.5
    endloop
  endfacet
  facet normal 0 0 1
    outer loop
      vertex 36.7447 97.5234 1.5
      vertex 37.4418 99.1534 1.5
      vertex 37.3297 99.4019 1.5
    endloop
  endfacet
  facet normal 0 0 1
    outer loop
      vertex 36.7447 97.5234 1.5
      vertex 37.3297 99.4019 1.5
      vertex 37.2094 99.6329 1.5
    endloop
  endfacet
  facet normal -0 0 1
    outer loop
      vertex 36.7316 97.0085 1.5
      vertex 37.7331 96.991 1.5
      vertex 36.7445 97.0995 1.5
    endloop
  endfacet
  facet normal -0 0 1
    outer loop
      vertex 36.7136 96.9315 1.5
      vertex 37.6872 96.6058 1.5
      vertex 36.7316 97.0085 1.5
    endloop
  endfacet
  facet normal 0 0 1
    outer loop
      vertex 36.7447 97.5234 1.5
      vertex 37.2094 99.6329 1.5
      vertex 37.0849 99.8527 1.5
    endloop
  endfacet
  facet normal 0 0 1
    outer loop
      vertex 39.2602 100.446 1.5
      vertex 40.2731 103.612 1.5
      vertex 39.2602 103.612 1.5
    endloop
  endfacet
  facet normal -0 0 1
    outer loop
      vertex 44.3753 100.173 1.5
      vertex 45.4088 99.5011 1.5
      vertex 45.3872 100.608 1.5
    endloop
  endfacet
  facet normal -0 0 1
    outer loop
      vertex 44.3579 101.158 1.5
      vertex 45.3872 100.608 1.5
      vertex 45.3239 101.499 1.5
    endloop
  endfacet
  facet normal 0 0 1
    outer loop
      vertex 45.4088 99.5011 1.5
      vertex 44.3753 100.173 1.5
      vertex 44.3767 99.5011 1.5
    endloop
  endfacet
  facet normal -0 0 1
    outer loop
      vertex 44.3056 101.745 1.5
      vertex 45.3239 101.499 1.5
      vertex 45.2205 102.197 1.5
    endloop
  endfacet
  facet normal 0 0 1
    outer loop
      vertex 44.3753 98.8423 1.5
      vertex 45.4088 99.5011 1.5
      vertex 44.3767 99.5011 1.5
    endloop
  endfacet
  facet normal 0 0 1
    outer loop
      vertex 44.2004 102.028 1.5
      vertex 45.2205 102.197 1.5
      vertex 45.079 102.724 1.5
    endloop
  endfacet
  facet normal 0 0 1
    outer loop
      vertex 44.3699 98.2966 1.5
      vertex 45.3866 98.4003 1.5
      vertex 44.3753 98.8423 1.5
    endloop
  endfacet
  facet normal 0 0 1
    outer loop
      vertex 44.1223 102.085 1.5
      vertex 45.079 102.724 1.5
      vertex 44.9011 103.105 1.5
    endloop
  endfacet
  facet normal 0 0 1
    outer loop
      vertex 44.3581 97.8546 1.5
      vertex 45.3866 98.4003 1.5
      vertex 44.3699 98.2966 1.5
    endloop
  endfacet
  facet normal 0 0 1
    outer loop
      vertex 44.1223 102.085 1.5
      vertex 44.9011 103.105 1.5
      vertex 44.6889 103.361 1.5
    endloop
  endfacet
  facet normal 0 0 1
    outer loop
      vertex 45.4088 99.5011 1.5
      vertex 44.3753 98.8423 1.5
      vertex 45.3866 98.4003 1.5
    endloop
  endfacet
  facet normal 0 0 1
    outer loop
      vertex 44.3378 97.5066 1.5
      vertex 45.3216 97.5125 1.5
      vertex 44.3581 97.8546 1.5
    endloop
  endfacet
  facet normal 0 0 1
    outer loop
      vertex 44.0241 102.101 1.5
      vertex 44.6889 103.361 1.5
      vertex 44.444 103.516 1.5
    endloop
  endfacet
  facet normal -0 0 1
    outer loop
      vertex 46.9352 100.137 1.5
      vertex 47.9742 99.5011 1.5
      vertex 47.959 100.452 1.5
    endloop
  endfacet
  facet normal -0 0 1
    outer loop
      vertex 46.9327 100.664 1.5
      vertex 47.959 100.452 1.5
      vertex 47.9132 101.267 1.5
    endloop
  endfacet
  facet normal 0 0 1
    outer loop
      vertex 47.9742 99.5011 1.5
      vertex 46.9352 100.137 1.5
      vertex 46.9356 99.5011 1.5
    endloop
  endfacet
  facet normal -0 0 1
    outer loop
      vertex 46.9155 101.431 1.5
      vertex 47.9132 101.267 1.5
      vertex 47.8369 101.95 1.5
    endloop
  endfacet
  facet normal 0 0 1
    outer loop
      vertex 46.9352 98.8636 1.5
      vertex 47.9742 99.5011 1.5
      vertex 46.9356 99.5011 1.5
    endloop
  endfacet
  facet normal -0 0 1
    outer loop
      vertex 46.8365 101.993 1.5
      vertex 47.8369 101.95 1.5
      vertex 47.7299 102.51 1.5
    endloop
  endfacet
  facet normal 0 0 1
    outer loop
      vertex 46.9327 98.3309 1.5
      vertex 47.959 98.5498 1.5
      vertex 46.9352 98.8636 1.5
    endloop
  endfacet
  facet normal 0 0 1
    outer loop
      vertex 46.7899 102.059 1.5
      vertex 47.7299 102.51 1.5
      vertex 47.5921 102.953 1.5
    endloop
  endfacet
  facet normal 0 0 1
    outer loop
      vertex 47.959 98.5498 1.5
      vertex 46.9327 98.3309 1.5
      vertex 47.9132 97.7357 1.5
    endloop
  endfacet
  facet normal 0 0 1
    outer loop
      vertex 46.7305 102.079 1.5
      vertex 47.5921 102.953 1.5
      vertex 47.4233 103.285 1.5
    endloop
  endfacet
  facet normal 0 0 1
    outer loop
      vertex 47.9742 99.5011 1.5
      vertex 46.9352 98.8636 1.5
      vertex 47.959 98.5498 1.5
    endloop
  endfacet
  facet normal 0 0 1
    outer loop
      vertex 46.9155 97.5479 1.5
      vertex 47.9132 97.7357 1.5
      vertex 46.9266 97.895 1.5
    endloop
  endfacet
  facet normal 0 0 1
    outer loop
      vertex 46.7305 102.079 1.5
      vertex 47.4233 103.285 1.5
      vertex 47.2235 103.515 1.5
    endloop
  endfacet
  facet normal -0 0 1
    outer loop
      vertex 49.0548 98.7552 1.5
      vertex 49.0565 98.7499 1.5
      vertex 49.0564 98.7764 1.5
    endloop
  endfacet
  facet normal 0 0 1
    outer loop
      vertex 49.0521 98.7022 1.5
      vertex 49.0565 98.7499 1.5
      vertex 49.0548 98.7552 1.5
    endloop
  endfacet
  facet normal 0 0 1
    outer loop
      vertex 49.0565 98.7499 1.5
      vertex 49.0521 98.7022 1.5
      vertex 49.0544 98.6597 1.5
    endloop
  endfacet
  facet normal 0 0 1
    outer loop
      vertex 49.049 98.6332 1.5
      vertex 49.0544 98.6597 1.5
      vertex 49.0521 98.7022 1.5
    endloop
  endfacet
  facet normal 0 0 1
    outer loop
      vertex 49.0461 98.5643 1.5
      vertex 49.0544 98.6597 1.5
      vertex 49.049 98.6332 1.5
    endloop
  endfacet
  facet normal 0 0 1
    outer loop
      vertex 50.3509 100.279 1.5
      vertex 51.383 103.612 1.5
      vertex 50.4727 103.612 1.5
    endloop
  endfacet
  facet normal -0 0 1
    outer loop
      vertex 53.4724 101.417 1.5
      vertex 54.4328 101.145 1.5
      vertex 54.3954 101.836 1.5
    endloop
  endfacet
  facet normal -0 0 1
    outer loop
      vertex 53.4109 101.952 1.5
      vertex 54.3954 101.836 1.5
      vertex 54.331 102.398 1.5
    endloop
  endfacet
  facet normal 0 0 1
    outer loop
      vertex 53.3384 102.068 1.5
      vertex 54.331 102.398 1.5
      vertex 54.2381 102.841 1.5
    endloop
  endfacet
  facet normal 0 0 1
    outer loop
      vertex 53.3384 102.068 1.5
      vertex 54.2381 102.841 1.5
      vertex 54.1152 103.178 1.5
    endloop
  endfacet
  facet normal 0 0 1
    outer loop
      vertex 53.291 102.079 1.5
      vertex 54.1152 103.178 1.5
      vertex 53.9606 103.419 1.5
    endloop
  endfacet
  facet normal 0 0 1
    outer loop
      vertex 53.5501 103.664 1.5
      vertex 53.9606 103.419 1.5
      vertex 53.7727 103.577 1.5
    endloop
  endfacet
  facet normal 0 0 1
    outer loop
      vertex 53.9606 103.419 1.5
      vertex 53.5501 103.664 1.5
      vertex 53.291 102.079 1.5
    endloop
  endfacet
  facet normal 0 0 1
    outer loop
      vertex 54.3954 101.836 1.5
      vertex 53.4109 101.952 1.5
      vertex 53.4372 101.83 1.5
    endloop
  endfacet
  facet normal 0 0 1
    outer loop
      vertex 54.445 100.312 1.5
      vertex 53.488 100.721 1.5
      vertex 53.4897 100.246 1.5
    endloop
  endfacet
  facet normal 0 0 1
    outer loop
      vertex 54.4328 101.145 1.5
      vertex 53.488 100.721 1.5
      vertex 54.445 100.312 1.5
    endloop
  endfacet
  facet normal 0 -0 1
    outer loop
      vertex 53.488 100.721 1.5
      vertex 54.4328 101.145 1.5
      vertex 53.4824 101.109 1.5
    endloop
  endfacet
  facet normal 0 0 1
    outer loop
      vertex 54.4328 101.145 1.5
      vertex 53.4724 101.417 1.5
      vertex 53.4824 101.109 1.5
    endloop
  endfacet
  facet normal 0 0 1
    outer loop
      vertex 54.3954 101.836 1.5
      vertex 53.4575 101.655 1.5
      vertex 53.4724 101.417 1.5
    endloop
  endfacet
  facet normal 0 0 1
    outer loop
      vertex 54.3954 101.836 1.5
      vertex 53.4372 101.83 1.5
      vertex 53.4575 101.655 1.5
    endloop
  endfacet
  facet normal 0 0 1
    outer loop
      vertex 54.331 102.398 1.5
      vertex 53.3782 102.028 1.5
      vertex 53.4109 101.952 1.5
    endloop
  endfacet
  facet normal 0 0 1
    outer loop
      vertex 54.331 102.398 1.5
      vertex 53.3384 102.068 1.5
      vertex 53.3782 102.028 1.5
    endloop
  endfacet
  facet normal 0 0 1
    outer loop
      vertex 53.291 102.079 1.5
      vertex 53.5501 103.664 1.5
      vertex 53.291 103.69 1.5
    endloop
  endfacet
  facet normal 0 0 1
    outer loop
      vertex 54.1152 103.178 1.5
      vertex 53.291 102.079 1.5
      vertex 53.3384 102.068 1.5
    endloop
  endfacet
  facet normal -0 0 1
    outer loop
      vertex 52.6003 103.285 1.5
      vertex 53.291 102.079 1.5
      vertex 53.291 103.69 1.5
    endloop
  endfacet
  facet normal -0 0 1
    outer loop
      vertex 52.4348 102.953 1.5
      vertex 53.291 102.079 1.5
      vertex 52.6003 103.285 1.5
    endloop
  endfacet
  facet normal 0 0 1
    outer loop
      vertex 53.291 102.079 1.5
      vertex 52.4348 102.953 1.5
      vertex 53.2321 102.055 1.5
    endloop
  endfacet
  facet normal 0 0 1
    outer loop
      vertex 52.6003 103.285 1.5
      vertex 53.291 103.69 1.5
      vertex 53.0279 103.647 1.5
    endloop
  endfacet
  facet normal 0 0 1
    outer loop
      vertex 53.1044 101.039 1.5
      vertex 52.1243 101.267 1.5
      vertex 53.1001 100.615 1.5
    endloop
  endfacet
  facet normal 0 0 1
    outer loop
      vertex 53.1135 101.381 1.5
      vertex 52.1243 101.267 1.5
      vertex 53.1044 101.039 1.5
    endloop
  endfacet
  facet normal 0 0 1
    outer loop
      vertex 53.129 101.648 1.5
      vertex 52.1243 101.267 1.5
      vertex 53.1135 101.381 1.5
    endloop
  endfacet
  facet normal 0 0 1
    outer loop
      vertex 52.1243 101.267 1.5
      vertex 53.129 101.648 1.5
      vertex 52.1974 101.95 1.5
    endloop
  endfacet
  facet normal 0 0 1
    outer loop
      vertex 53.1528 101.845 1.5
      vertex 52.1974 101.95 1.5
      vertex 53.129 101.648 1.5
    endloop
  endfacet
  facet normal -0 0 1
    outer loop
      vertex 52.3007 102.51 1.5
      vertex 53.2321 102.055 1.5
      vertex 52.4348 102.953 1.5
    endloop
  endfacet
  facet normal -0 0 1
    outer loop
      vertex 53.51 98.1583 1.5
      vertex 54.4516 97.9967 1.5
      vertex 54.4706 98.5678 1.5
    endloop
  endfacet
  facet normal 0 0 1
    outer loop
      vertex 53.5019 97.7752 1.5
      vertex 54.4516 97.9967 1.5
      vertex 53.51 98.1583 1.5
    endloop
  endfacet
  facet normal -0 0 1
    outer loop
      vertex 53.4902 97.4752 1.5
      vertex 54.4203 97.4534 1.5
      vertex 53.5019 97.7752 1.5
    endloop
  endfacet
  facet normal 0 0 1
    outer loop
      vertex 54.4203 97.4534 1.5
      vertex 53.4741 97.2484 1.5
      vertex 54.3699 96.9485 1.5
    endloop
  endfacet
  facet normal -0 0 1
    outer loop
      vertex 53.4252 96.9752 1.5
      vertex 54.3699 96.9485 1.5
      vertex 53.4527 97.0851 1.5
    endloop
  endfacet
  facet normal 0 0 1
    outer loop
      vertex 54.3699 96.9485 1.5
      vertex 53.4252 96.9752 1.5
      vertex 54.2937 96.4923 1.5
    endloop
  endfacet
  facet normal 0 0 1
    outer loop
      vertex 54.2937 96.4923 1.5
      vertex 53.3907 96.9089 1.5
      vertex 54.185 96.0955 1.5
    endloop
  endfacet
  facet normal 0 0 1
    outer loop
      vertex 53.51 98.1583 1.5
      vertex 54.4706 98.5678 1.5
      vertex 53.5154 98.6345 1.5
    endloop
  endfacet
  facet normal 0 0 1
    outer loop
      vertex 53.1001 100.615 1.5
      vertex 52.0809 100.452 1.5
      vertex 53.0988 100.105 1.5
    endloop
  endfacet
  facet normal 0 -0 1
    outer loop
      vertex 52.0809 98.5498 1.5
      vertex 53.0992 98.8782 1.5
      vertex 52.0666 99.5011 1.5
    endloop
  endfacet
  facet normal 0 0 1
    outer loop
      vertex 52.1974 101.95 1.5
      vertex 53.1866 101.979 1.5
      vertex 52.3007 102.51 1.5
    endloop
  endfacet
  facet normal 0 -0 1
    outer loop
      vertex 52.1243 97.7357 1.5
      vertex 53.0992 98.8782 1.5
      vertex 52.0809 98.5498 1.5
    endloop
  endfacet
  facet normal 0 0 1
    outer loop
      vertex 53.1866 101.979 1.5
      vertex 52.1974 101.95 1.5
      vertex 53.1528 101.845 1.5
    endloop
  endfacet
  facet normal 0 -0 1
    outer loop
      vertex 52.1974 97.0522 1.5
      vertex 53.0992 98.8782 1.5
      vertex 52.1243 97.7357 1.5
    endloop
  endfacet
  facet normal 0 0 1
    outer loop
      vertex 52.0666 99.5011 1.5
      vertex 53.0988 100.105 1.5
      vertex 52.0809 100.452 1.5
    endloop
  endfacet
  facet normal 0 0 1
    outer loop
      vertex 53.0987 99.5011 1.5
      vertex 52.0666 99.5011 1.5
      vertex 53.0992 98.8782 1.5
    endloop
  endfacet
  facet normal 0 0 1
    outer loop
      vertex 53.0988 100.105 1.5
      vertex 52.0666 99.5011 1.5
      vertex 53.0987 99.5011 1.5
    endloop
  endfacet
  facet normal 0 -0 1
    outer loop
      vertex 52.3007 96.4923 1.5
      vertex 53.0992 98.8782 1.5
      vertex 52.1974 97.0522 1.5
    endloop
  endfacet
  facet normal 0 0 1
    outer loop
      vertex 53.0992 98.8782 1.5
      vertex 52.3007 96.4923 1.5
      vertex 52.7871 95.5 1.5
    endloop
  endfacet
  facet normal 0 0 1
    outer loop
      vertex 52.7871 95.5 1.5
      vertex 52.4348 96.0495 1.5
      vertex 52.6003 95.7168 1.5
    endloop
  endfacet
  facet normal -0 -0 1
    outer loop
      vertex 52.4348 96.0495 1.5
      vertex 52.7871 95.5 1.5
      vertex 52.3007 96.4923 1.5
    endloop
  endfacet
  facet normal 0 0 1
    outer loop
      vertex 49.0228 99.3255 1.5
      vertex 47.8763 103.612 1.5
      vertex 48.437 95.5 1.5
    endloop
  endfacet
  facet normal 0 0 1
    outer loop
      vertex 46.5284 100.664 1.5
      vertex 45.5018 100.452 1.5
      vertex 46.5258 100.137 1.5
    endloop
  endfacet
  facet normal 0 -0 1
    outer loop
      vertex 45.5018 98.5498 1.5
      vertex 46.5258 98.8636 1.5
      vertex 45.4868 99.5011 1.5
    endloop
  endfacet
  facet normal 0 0 1
    outer loop
      vertex 45.729 102.51 1.5
      vertex 46.0348 103.285 1.5
      vertex 45.8663 102.953 1.5
    endloop
  endfacet
  facet normal 0 -0 1
    outer loop
      vertex 45.547 97.7357 1.5
      vertex 46.5258 98.8636 1.5
      vertex 45.5018 98.5498 1.5
    endloop
  endfacet
  facet normal 0 0 1
    outer loop
      vertex 46.0348 103.285 1.5
      vertex 45.729 102.51 1.5
      vertex 45.6226 101.95 1.5
    endloop
  endfacet
  facet normal 0 -0 1
    outer loop
      vertex 45.6226 97.0522 1.5
      vertex 46.5258 98.8636 1.5
      vertex 45.547 97.7357 1.5
    endloop
  endfacet
  facet normal 0 0 1
    outer loop
      vertex 45.4868 99.5011 1.5
      vertex 46.5258 100.137 1.5
      vertex 45.5018 100.452 1.5
    endloop
  endfacet
  facet normal 0 0 1
    outer loop
      vertex 46.5254 99.5011 1.5
      vertex 45.4868 99.5011 1.5
      vertex 46.5258 98.8636 1.5
    endloop
  endfacet
  facet normal 0 0 1
    outer loop
      vertex 46.5258 100.137 1.5
      vertex 45.4868 99.5011 1.5
      vertex 46.5254 99.5011 1.5
    endloop
  endfacet
  facet normal 0 -0 1
    outer loop
      vertex 45.729 96.4923 1.5
      vertex 46.5258 98.8636 1.5
      vertex 45.6226 97.0522 1.5
    endloop
  endfacet
  facet normal 0 0 1
    outer loop
      vertex 46.5258 98.8636 1.5
      vertex 45.729 96.4923 1.5
      vertex 46.224 95.5 1.5
    endloop
  endfacet
  facet normal 0 0 1
    outer loop
      vertex 46.224 95.5 1.5
      vertex 45.8663 96.0495 1.5
      vertex 46.0348 95.7168 1.5
    endloop
  endfacet
  facet normal -0 -0 1
    outer loop
      vertex 45.8663 96.0495 1.5
      vertex 46.224 95.5 1.5
      vertex 45.729 96.4923 1.5
    endloop
  endfacet
  facet normal 0 0 1
    outer loop
      vertex 36.4891 96.7674 1.5
      vertex 35.7804 95.6818 1.5
      vertex 35.9605 95.5 1.5
    endloop
  endfacet
  facet normal 0 0 1
    outer loop
      vertex 36.2826 97.8414 1.5
      vertex 35.6281 95.9512 1.5
      vertex 35.7804 95.6818 1.5
    endloop
  endfacet
  facet normal 0 0 1
    outer loop
      vertex 36.2826 97.8414 1.5
      vertex 35.5156 96.2824 1.5
      vertex 35.6281 95.9512 1.5
    endloop
  endfacet
  facet normal 0 0 1
    outer loop
      vertex 36.2826 97.8414 1.5
      vertex 35.4364 96.6686 1.5
      vertex 35.5156 96.2824 1.5
    endloop
  endfacet
  facet normal 0 0 1
    outer loop
      vertex 36.2826 97.8414 1.5
      vertex 35.3837 97.1031 1.5
      vertex 35.4364 96.6686 1.5
    endloop
  endfacet
  facet normal 0 0 1
    outer loop
      vertex 36.2826 97.8414 1.5
      vertex 35.351 97.5792 1.5
      vertex 35.3837 97.1031 1.5
    endloop
  endfacet
  facet normal 0 0 1
    outer loop
      vertex 36.2826 97.8414 1.5
      vertex 35.3316 98.09 1.5
      vertex 35.351 97.5792 1.5
    endloop
  endfacet
  facet normal -0 0 1
    outer loop
      vertex 36.7247 101.795 1.5
      vertex 37.684 101.598 1.5
      vertex 37.6445 102.079 1.5
    endloop
  endfacet
  facet normal 0 0 1
    outer loop
      vertex 36.6806 102.064 1.5
      vertex 37.6445 102.079 1.5
      vertex 37.5816 102.5 1.5
    endloop
  endfacet
  facet normal 0 0 1
    outer loop
      vertex 36.6203 102.171 1.5
      vertex 37.5816 102.5 1.5
      vertex 37.4919 102.859 1.5
    endloop
  endfacet
  facet normal 0 0 1
    outer loop
      vertex 36.5839 102.187 1.5
      vertex 37.4919 102.859 1.5
      vertex 37.3721 103.155 1.5
    endloop
  endfacet
  facet normal 0 0 1
    outer loop
      vertex 36.5839 102.187 1.5
      vertex 37.3721 103.155 1.5
      vertex 37.2188 103.388 1.5
    endloop
  endfacet
  facet normal 0 0 1
    outer loop
      vertex 36.5839 102.187 1.5
      vertex 37.2188 103.388 1.5
      vertex 37.0286 103.555 1.5
    endloop
  endfacet
  facet normal 0 0 1
    outer loop
      vertex 36.5839 102.187 1.5
      vertex 37.0286 103.555 1.5
      vertex 36.7981 103.656 1.5
    endloop
  endfacet
  facet normal 0 0 1
    outer loop
      vertex 37.6445 102.079 1.5
      vertex 36.6806 102.064 1.5
      vertex 36.7046 101.955 1.5
    endloop
  endfacet
  facet normal 0 0 1
    outer loop
      vertex 37.7036 101.057 1.5
      vertex 36.7529 101.289 1.5
      vertex 36.7613 100.923 1.5
    endloop
  endfacet
  facet normal 0 0 1
    outer loop
      vertex 37.684 101.598 1.5
      vertex 36.7529 101.289 1.5
      vertex 37.7036 101.057 1.5
    endloop
  endfacet
  facet normal 0 -0 1
    outer loop
      vertex 36.7529 101.289 1.5
      vertex 37.684 101.598 1.5
      vertex 36.7408 101.576 1.5
    endloop
  endfacet
  facet normal 0 0 1
    outer loop
      vertex 37.684 101.598 1.5
      vertex 36.7247 101.795 1.5
      vertex 36.7408 101.576 1.5
    endloop
  endfacet
  facet normal 0 0 1
    outer loop
      vertex 37.6445 102.079 1.5
      vertex 36.7046 101.955 1.5
      vertex 36.7247 101.795 1.5
    endloop
  endfacet
  facet normal 0 0 1
    outer loop
      vertex 37.5816 102.5 1.5
      vertex 36.6525 102.133 1.5
      vertex 36.6806 102.064 1.5
    endloop
  endfacet
  facet normal 0 0 1
    outer loop
      vertex 37.5816 102.5 1.5
      vertex 36.6203 102.171 1.5
      vertex 36.6525 102.133 1.5
    endloop
  endfacet
  facet normal 0 0 1
    outer loop
      vertex 37.4919 102.859 1.5
      vertex 36.5839 102.187 1.5
      vertex 36.6203 102.171 1.5
    endloop
  endfacet
  facet normal 0 0 1
    outer loop
      vertex 36.7981 103.656 1.5
      vertex 36.5433 102.19 1.5
      vertex 36.5839 102.187 1.5
    endloop
  endfacet
  facet normal 0 0 1
    outer loop
      vertex 36.5241 103.69 1.5
      vertex 36.5433 102.19 1.5
      vertex 36.7981 103.656 1.5
    endloop
  endfacet
  facet normal -0 0 1
    outer loop
      vertex 36.288 103.66 1.5
      vertex 36.5433 102.19 1.5
      vertex 36.5241 103.69 1.5
    endloop
  endfacet
  facet normal -0 0 1
    outer loop
      vertex 36.08 103.57 1.5
      vertex 36.5433 102.19 1.5
      vertex 36.288 103.66 1.5
    endloop
  endfacet
  facet normal -0 0 1
    outer loop
      vertex 35.8998 103.425 1.5
      vertex 36.5433 102.19 1.5
      vertex 36.08 103.57 1.5
    endloop
  endfacet
  facet normal -0 0 1
    outer loop
      vertex 35.7476 103.227 1.5
      vertex 36.5433 102.19 1.5
      vertex 35.8998 103.425 1.5
    endloop
  endfacet
  facet normal 0 0 1
    outer loop
      vertex 36.5433 102.19 1.5
      vertex 35.7476 103.227 1.5
      vertex 36.5095 102.183 1.5
    endloop
  endfacet
  facet normal -0 0 1
    outer loop
      vertex 35.5264 102.684 1.5
      vertex 36.4807 102.162 1.5
      vertex 35.6231 102.979 1.5
    endloop
  endfacet
  facet normal 0 0 1
    outer loop
      vertex 36.4807 102.162 1.5
      vertex 35.5264 102.684 1.5
      vertex 36.4566 102.129 1.5
    endloop
  endfacet
  facet normal -0 0 1
    outer loop
      vertex 35.6231 102.979 1.5
      vertex 36.5095 102.183 1.5
      vertex 35.7476 103.227 1.5
    endloop
  endfacet
  facet normal -0 0 1
    outer loop
      vertex 35.4573 102.345 1.5
      vertex 36.4566 102.129 1.5
      vertex 35.5264 102.684 1.5
    endloop
  endfacet
  facet normal 0 0 1
    outer loop
      vertex 36.4369 102.084 1.5
      vertex 35.4573 102.345 1.5
      vertex 36.4214 102.03 1.5
    endloop
  endfacet
  facet normal 0 0 1
    outer loop
      vertex 35.416 101.964 1.5
      vertex 36.4214 102.03 1.5
      vertex 35.4573 102.345 1.5
    endloop
  endfacet
  facet normal 0 0 1
    outer loop
      vertex 36.3958 101.734 1.5
      vertex 36.2618 98.7397 1.5
      vertex 36.3606 98.5646 1.5
    endloop
  endfacet
  facet normal 0 0 1
    outer loop
      vertex 36.3958 101.734 1.5
      vertex 36.1586 98.9234 1.5
      vertex 36.2618 98.7397 1.5
    endloop
  endfacet
  facet normal 0 0 1
    outer loop
      vertex 36.5095 102.183 1.5
      vertex 35.6231 102.979 1.5
      vertex 36.4807 102.162 1.5
    endloop
  endfacet
  facet normal 0 0 1
    outer loop
      vertex 36.3958 101.734 1.5
      vertex 36.0381 99.1442 1.5
      vertex 36.1586 98.9234 1.5
    endloop
  endfacet
  facet normal 0 0 1
    outer loop
      vertex 36.3958 101.734 1.5
      vertex 35.9184 99.3727 1.5
      vertex 36.0381 99.1442 1.5
    endloop
  endfacet
  facet normal 0 0 1
    outer loop
      vertex 36.4566 102.129 1.5
      vertex 35.4573 102.345 1.5
      vertex 36.4369 102.084 1.5
    endloop
  endfacet
  facet normal 0 0 1
    outer loop
      vertex 36.3958 101.734 1.5
      vertex 35.803 99.6131 1.5
      vertex 35.9184 99.3727 1.5
    endloop
  endfacet
  facet normal 0 0 1
    outer loop
      vertex 36.4214 102.03 1.5
      vertex 35.416 101.964 1.5
      vertex 36.4098 101.966 1.5
    endloop
  endfacet
  facet normal 0 0 1
    outer loop
      vertex 36.3958 101.734 1.5
      vertex 35.6954 99.8696 1.5
      vertex 35.803 99.6131 1.5
    endloop
  endfacet
  facet normal 0 0 1
    outer loop
      vertex 36.4098 101.966 1.5
      vertex 35.416 101.964 1.5
      vertex 36.4019 101.895 1.5
    endloop
  endfacet
  facet normal 0 0 1
    outer loop
      vertex 36.3958 101.734 1.5
      vertex 35.4163 101.144 1.5
      vertex 35.4563 100.779 1.5
    endloop
  endfacet
  facet normal 0 0 1
    outer loop
      vertex 36.4019 101.895 1.5
      vertex 35.416 101.964 1.5
      vertex 36.3973 101.817 1.5
    endloop
  endfacet
  facet normal 0 0 1
    outer loop
      vertex 36.3958 101.734 1.5
      vertex 35.5994 100.147 1.5
      vertex 35.6954 99.8696 1.5
    endloop
  endfacet
  facet normal 0 0 1
    outer loop
      vertex 36.3973 101.817 1.5
      vertex 35.416 101.964 1.5
      vertex 36.3958 101.734 1.5
    endloop
  endfacet
  facet normal 0 0 1
    outer loop
      vertex 36.3958 101.734 1.5
      vertex 35.5185 100.448 1.5
      vertex 35.5994 100.147 1.5
    endloop
  endfacet
  facet normal 0 0 1
    outer loop
      vertex 36.3958 101.734 1.5
      vertex 35.4563 100.779 1.5
      vertex 35.5185 100.448 1.5
    endloop
  endfacet
  facet normal 0 0 1
    outer loop
      vertex 36.3958 101.734 1.5
      vertex 35.416 101.964 1.5
      vertex 35.4022 101.546 1.5
    endloop
  endfacet
  facet normal 0 0 1
    outer loop
      vertex 36.3958 101.734 1.5
      vertex 35.4022 101.546 1.5
      vertex 35.4163 101.144 1.5
    endloop
  endfacet
  facet normal 0 0 1
    outer loop
      vertex 37.7331 96.991 1.5
      vertex 36.7316 97.0085 1.5
      vertex 37.6872 96.6058 1.5
    endloop
  endfacet
  facet normal 0 0 1
    outer loop
      vertex 36.8613 100.235 1.5
      vertex 36.7158 97.7109 1.5
      vertex 36.7447 97.5234 1.5
    endloop
  endfacet
  facet normal 0 0 1
    outer loop
      vertex 36.3606 98.5646 1.5
      vertex 36.7673 100.397 1.5
      vertex 36.6798 100.559 1.5
    endloop
  endfacet
  facet normal 0 0 1
    outer loop
      vertex 36.8613 100.235 1.5
      vertex 36.6701 97.8888 1.5
      vertex 36.7158 97.7109 1.5
    endloop
  endfacet
  facet normal 0 0 1
    outer loop
      vertex 36.8613 100.235 1.5
      vertex 36.6096 98.06 1.5
      vertex 36.6701 97.8888 1.5
    endloop
  endfacet
  facet normal 0 0 1
    outer loop
      vertex 36.3606 98.5646 1.5
      vertex 36.6798 100.559 1.5
      vertex 36.6007 100.724 1.5
    endloop
  endfacet
  facet normal 0 0 1
    outer loop
      vertex 36.8613 100.235 1.5
      vertex 36.5365 98.2278 1.5
      vertex 36.6096 98.06 1.5
    endloop
  endfacet
  facet normal 0 0 1
    outer loop
      vertex 36.3606 98.5646 1.5
      vertex 36.6007 100.724 1.5
      vertex 36.5319 100.897 1.5
    endloop
  endfacet
  facet normal 0 0 1
    outer loop
      vertex 36.3606 98.5646 1.5
      vertex 36.5319 100.897 1.5
      vertex 36.4751 101.08 1.5
    endloop
  endfacet
  facet normal 0 0 1
    outer loop
      vertex 36.8613 100.235 1.5
      vertex 36.4528 98.3949 1.5
      vertex 36.5365 98.2278 1.5
    endloop
  endfacet
  facet normal 0 0 1
    outer loop
      vertex 36.3606 98.5646 1.5
      vertex 36.4751 101.08 1.5
      vertex 36.4323 101.278 1.5
    endloop
  endfacet
  facet normal 0 0 1
    outer loop
      vertex 36.3606 98.5646 1.5
      vertex 36.4323 101.278 1.5
      vertex 36.4053 101.495 1.5
    endloop
  endfacet
  facet normal 0 0 1
    outer loop
      vertex 36.3606 98.5646 1.5
      vertex 36.4053 101.495 1.5
      vertex 36.3958 101.734 1.5
    endloop
  endfacet
  facet normal 0 0 1
    outer loop
      vertex 36.8613 100.235 1.5
      vertex 36.3606 98.5646 1.5
      vertex 36.4528 98.3949 1.5
    endloop
  endfacet
  facet normal 0 0 1
    outer loop
      vertex 33.1711 96.7674 1.5
      vertex 32.4624 95.6818 1.5
      vertex 32.6424 95.5 1.5
    endloop
  endfacet
  facet normal 0 0 1
    outer loop
      vertex 32.9645 97.8414 1.5
      vertex 32.31 95.9512 1.5
      vertex 32.4624 95.6818 1.5
    endloop
  endfacet
  facet normal 0 0 1
    outer loop
      vertex 32.9645 97.8414 1.5
      vertex 32.1976 96.2824 1.5
      vertex 32.31 95.9512 1.5
    endloop
  endfacet
  facet normal 0 0 1
    outer loop
      vertex 32.9645 97.8414 1.5
      vertex 32.1183 96.6686 1.5
      vertex 32.1976 96.2824 1.5
    endloop
  endfacet
  facet normal 0 0 1
    outer loop
      vertex 32.9645 97.8414 1.5
      vertex 32.0657 97.1031 1.5
      vertex 32.1183 96.6686 1.5
    endloop
  endfacet
  facet normal 0 0 1
    outer loop
      vertex 32.9645 97.8414 1.5
      vertex 32.033 97.5792 1.5
      vertex 32.0657 97.1031 1.5
    endloop
  endfacet
  facet normal 0 0 1
    outer loop
      vertex 32.9645 97.8414 1.5
      vertex 32.0136 98.09 1.5
      vertex 32.033 97.5792 1.5
    endloop
  endfacet
  facet normal -0 0 1
    outer loop
      vertex 33.4067 101.795 1.5
      vertex 34.366 101.598 1.5
      vertex 34.3265 102.079 1.5
    endloop
  endfacet
  facet normal 0 0 1
    outer loop
      vertex 33.3626 102.064 1.5
      vertex 34.3265 102.079 1.5
      vertex 34.2635 102.5 1.5
    endloop
  endfacet
  facet normal 0 0 1
    outer loop
      vertex 33.3022 102.171 1.5
      vertex 34.2635 102.5 1.5
      vertex 34.1739 102.859 1.5
    endloop
  endfacet
  facet normal 0 0 1
    outer loop
      vertex 33.2659 102.187 1.5
      vertex 34.1739 102.859 1.5
      vertex 34.0541 103.155 1.5
    endloop
  endfacet
  facet normal 0 0 1
    outer loop
      vertex 33.2659 102.187 1.5
      vertex 34.0541 103.155 1.5
      vertex 33.9007 103.388 1.5
    endloop
  endfacet
  facet normal 0 0 1
    outer loop
      vertex 33.2659 102.187 1.5
      vertex 33.9007 103.388 1.5
      vertex 33.7106 103.555 1.5
    endloop
  endfacet
  facet normal 0 0 1
    outer loop
      vertex 33.2659 102.187 1.5
      vertex 33.7106 103.555 1.5
      vertex 33.4801 103.656 1.5
    endloop
  endfacet
  facet normal 0 0 1
    outer loop
      vertex 34.3265 102.079 1.5
      vertex 33.3626 102.064 1.5
      vertex 33.3866 101.955 1.5
    endloop
  endfacet
  facet normal 0 0 1
    outer loop
      vertex 34.3856 101.057 1.5
      vertex 33.4349 101.289 1.5
      vertex 33.4432 100.923 1.5
    endloop
  endfacet
  facet normal 0 0 1
    outer loop
      vertex 34.366 101.598 1.5
      vertex 33.4349 101.289 1.5
      vertex 34.3856 101.057 1.5
    endloop
  endfacet
  facet normal 0 -0 1
    outer loop
      vertex 33.4349 101.289 1.5
      vertex 34.366 101.598 1.5
      vertex 33.4227 101.576 1.5
    endloop
  endfacet
  facet normal 0 0 1
    outer loop
      vertex 34.366 101.598 1.5
      vertex 33.4067 101.795 1.5
      vertex 33.4227 101.576 1.5
    endloop
  endfacet
  facet normal 0 0 1
    outer loop
      vertex 34.3265 102.079 1.5
      vertex 33.3866 101.955 1.5
      vertex 33.4067 101.795 1.5
    endloop
  endfacet
  facet normal 0 0 1
    outer loop
      vertex 34.2635 102.5 1.5
      vertex 33.3345 102.133 1.5
      vertex 33.3626 102.064 1.5
    endloop
  endfacet
  facet normal 0 0 1
    outer loop
      vertex 34.2635 102.5 1.5
      vertex 33.3022 102.171 1.5
      vertex 33.3345 102.133 1.5
    endloop
  endfacet
  facet normal 0 0 1
    outer loop
      vertex 34.1739 102.859 1.5
      vertex 33.2659 102.187 1.5
      vertex 33.3022 102.171 1.5
    endloop
  endfacet
  facet normal 0 0 1
    outer loop
      vertex 33.4801 103.656 1.5
      vertex 33.2252 102.19 1.5
      vertex 33.2659 102.187 1.5
    endloop
  endfacet
  facet normal 0 0 1
    outer loop
      vertex 33.206 103.69 1.5
      vertex 33.2252 102.19 1.5
      vertex 33.4801 103.656 1.5
    endloop
  endfacet
  facet normal -0 0 1
    outer loop
      vertex 32.97 103.66 1.5
      vertex 33.2252 102.19 1.5
      vertex 33.206 103.69 1.5
    endloop
  endfacet
  facet normal -0 0 1
    outer loop
      vertex 32.762 103.57 1.5
      vertex 33.2252 102.19 1.5
      vertex 32.97 103.66 1.5
    endloop
  endfacet
  facet normal -0 0 1
    outer loop
      vertex 32.5818 103.425 1.5
      vertex 33.2252 102.19 1.5
      vertex 32.762 103.57 1.5
    endloop
  endfacet
  facet normal -0 0 1
    outer loop
      vertex 32.4295 103.227 1.5
      vertex 33.2252 102.19 1.5
      vertex 32.5818 103.425 1.5
    endloop
  endfacet
  facet normal 0 0 1
    outer loop
      vertex 33.2252 102.19 1.5
      vertex 32.4295 103.227 1.5
      vertex 33.1915 102.183 1.5
    endloop
  endfacet
  facet normal -0 0 1
    outer loop
      vertex 32.2083 102.684 1.5
      vertex 33.1627 102.162 1.5
      vertex 32.3051 102.979 1.5
    endloop
  endfacet
  facet normal 0 0 1
    outer loop
      vertex 33.1627 102.162 1.5
      vertex 32.2083 102.684 1.5
      vertex 33.1386 102.129 1.5
    endloop
  endfacet
  facet normal -0 0 1
    outer loop
      vertex 32.3051 102.979 1.5
      vertex 33.1915 102.183 1.5
      vertex 32.4295 103.227 1.5
    endloop
  endfacet
  facet normal -0 0 1
    outer loop
      vertex 32.1393 102.345 1.5
      vertex 33.1386 102.129 1.5
      vertex 32.2083 102.684 1.5
    endloop
  endfacet
  facet normal 0 0 1
    outer loop
      vertex 33.1189 102.084 1.5
      vertex 32.1393 102.345 1.5
      vertex 33.1034 102.03 1.5
    endloop
  endfacet
  facet normal 0 0 1
    outer loop
      vertex 32.0979 101.964 1.5
      vertex 33.1034 102.03 1.5
      vertex 32.1393 102.345 1.5
    endloop
  endfacet
  facet normal 0 0 1
    outer loop
      vertex 33.0778 101.734 1.5
      vertex 32.9438 98.7397 1.5
      vertex 33.0425 98.5646 1.5
    endloop
  endfacet
  facet normal 0 0 1
    outer loop
      vertex 33.0778 101.734 1.5
      vertex 32.8406 98.9234 1.5
      vertex 32.9438 98.7397 1.5
    endloop
  endfacet
  facet normal 0 0 1
    outer loop
      vertex 33.1915 102.183 1.5
      vertex 32.3051 102.979 1.5
      vertex 33.1627 102.162 1.5
    endloop
  endfacet
  facet normal 0 0 1
    outer loop
      vertex 33.0778 101.734 1.5
      vertex 32.7201 99.1442 1.5
      vertex 32.8406 98.9234 1.5
    endloop
  endfacet
  facet normal 0 0 1
    outer loop
      vertex 33.0778 101.734 1.5
      vertex 32.6004 99.3727 1.5
      vertex 32.7201 99.1442 1.5
    endloop
  endfacet
  facet normal 0 0 1
    outer loop
      vertex 33.1386 102.129 1.5
      vertex 32.1393 102.345 1.5
      vertex 33.1189 102.084 1.5
    endloop
  endfacet
  facet normal 0 0 1
    outer loop
      vertex 33.0778 101.734 1.5
      vertex 32.4849 99.6131 1.5
      vertex 32.6004 99.3727 1.5
    endloop
  endfacet
  facet normal 0 0 1
    outer loop
      vertex 33.1034 102.03 1.5
      vertex 32.0979 101.964 1.5
      vertex 33.0918 101.966 1.5
    endloop
  endfacet
  facet normal 0 0 1
    outer loop
      vertex 33.0778 101.734 1.5
      vertex 32.3774 99.8696 1.5
      vertex 32.4849 99.6131 1.5
    endloop
  endfacet
  facet normal 0 0 1
    outer loop
      vertex 33.0918 101.966 1.5
      vertex 32.0979 101.964 1.5
      vertex 33.0839 101.895 1.5
    endloop
  endfacet
  facet normal 0 0 1
    outer loop
      vertex 33.0778 101.734 1.5
      vertex 32.0983 101.144 1.5
      vertex 32.1382 100.779 1.5
    endloop
  endfacet
  facet normal 0 0 1
    outer loop
      vertex 33.0839 101.895 1.5
      vertex 32.0979 101.964 1.5
      vertex 33.0793 101.817 1.5
    endloop
  endfacet
  facet normal 0 0 1
    outer loop
      vertex 33.0778 101.734 1.5
      vertex 32.2814 100.147 1.5
      vertex 32.3774 99.8696 1.5
    endloop
  endfacet
  facet normal 0 0 1
    outer loop
      vertex 33.0793 101.817 1.5
      vertex 32.0979 101.964 1.5
      vertex 33.0778 101.734 1.5
    endloop
  endfacet
  facet normal 0 0 1
    outer loop
      vertex 33.0778 101.734 1.5
      vertex 32.2005 100.448 1.5
      vertex 32.2814 100.147 1.5
    endloop
  endfacet
  facet normal 0 0 1
    outer loop
      vertex 33.0778 101.734 1.5
      vertex 32.1382 100.779 1.5
      vertex 32.2005 100.448 1.5
    endloop
  endfacet
  facet normal 0 0 1
    outer loop
      vertex 33.0778 101.734 1.5
      vertex 32.0979 101.964 1.5
      vertex 32.0841 101.546 1.5
    endloop
  endfacet
  facet normal 0 0 1
    outer loop
      vertex 33.0778 101.734 1.5
      vertex 32.0841 101.546 1.5
      vertex 32.0983 101.144 1.5
    endloop
  endfacet
  facet normal 0 0 1
    outer loop
      vertex 34.4151 96.991 1.5
      vertex 33.4136 97.0085 1.5
      vertex 34.3692 96.6058 1.5
    endloop
  endfacet
  facet normal 0 0 1
    outer loop
      vertex 33.5432 100.235 1.5
      vertex 33.3978 97.7109 1.5
      vertex 33.4267 97.5234 1.5
    endloop
  endfacet
  facet normal 0 0 1
    outer loop
      vertex 33.0425 98.5646 1.5
      vertex 33.4492 100.397 1.5
      vertex 33.3618 100.559 1.5
    endloop
  endfacet
  facet normal 0 0 1
    outer loop
      vertex 33.5432 100.235 1.5
      vertex 33.3521 97.8888 1.5
      vertex 33.3978 97.7109 1.5
    endloop
  endfacet
  facet normal 0 0 1
    outer loop
      vertex 33.5432 100.235 1.5
      vertex 33.2916 98.06 1.5
      vertex 33.3521 97.8888 1.5
    endloop
  endfacet
  facet normal 0 0 1
    outer loop
      vertex 33.0425 98.5646 1.5
      vertex 33.3618 100.559 1.5
      vertex 33.2827 100.724 1.5
    endloop
  endfacet
  facet normal 0 0 1
    outer loop
      vertex 33.5432 100.235 1.5
      vertex 33.2185 98.2278 1.5
      vertex 33.2916 98.06 1.5
    endloop
  endfacet
  facet normal 0 0 1
    outer loop
      vertex 33.0425 98.5646 1.5
      vertex 33.2827 100.724 1.5
      vertex 33.2139 100.897 1.5
    endloop
  endfacet
  facet normal 0 0 1
    outer loop
      vertex 33.0425 98.5646 1.5
      vertex 33.2139 100.897 1.5
      vertex 33.1571 101.08 1.5
    endloop
  endfacet
  facet normal 0 0 1
    outer loop
      vertex 33.5432 100.235 1.5
      vertex 33.1348 98.3949 1.5
      vertex 33.2185 98.2278 1.5
    endloop
  endfacet
  facet normal 0 0 1
    outer loop
      vertex 33.0425 98.5646 1.5
      vertex 33.1571 101.08 1.5
      vertex 33.1143 101.278 1.5
    endloop
  endfacet
  facet normal 0 0 1
    outer loop
      vertex 33.0425 98.5646 1.5
      vertex 33.1143 101.278 1.5
      vertex 33.0872 101.495 1.5
    endloop
  endfacet
  facet normal 0 0 1
    outer loop
      vertex 33.0425 98.5646 1.5
      vertex 33.0872 101.495 1.5
      vertex 33.0778 101.734 1.5
    endloop
  endfacet
  facet normal 0 0 1
    outer loop
      vertex 33.5432 100.235 1.5
      vertex 33.0425 98.5646 1.5
      vertex 33.1348 98.3949 1.5
    endloop
  endfacet
  facet normal -0 0 1
    outer loop
      vertex 37.9011 103.612 1.5
      vertex 38.914 100.446 1.5
      vertex 38.914 103.612 1.5
    endloop
  endfacet
  facet normal 0 0 1
    outer loop
      vertex 38.914 100.446 1.5
      vertex 37.9011 103.612 1.5
      vertex 38.914 99.0455 1.5
    endloop
  endfacet
  facet normal 0 0 1
    outer loop
      vertex 37.9011 95.5 1.5
      vertex 38.914 99.0455 1.5
      vertex 37.9011 103.612 1.5
    endloop
  endfacet
  facet normal -0 0 1
    outer loop
      vertex 38.914 100.446 1.5
      vertex 39.2602 99.0455 1.5
      vertex 39.2602 100.446 1.5
    endloop
  endfacet
  facet normal 0 0 1
    outer loop
      vertex 39.2602 99.0455 1.5
      vertex 38.914 100.446 1.5
      vertex 38.914 99.0455 1.5
    endloop
  endfacet
  facet normal 0 0 1
    outer loop
      vertex 42.8926 95.5 1.5
      vertex 41.7873 96.9234 1.5
      vertex 41.8766 95.5 1.5
    endloop
  endfacet
  facet normal 0 0 1
    outer loop
      vertex 42.8926 95.5 1.5
      vertex 41.7424 98.09 1.5
      vertex 41.7873 96.9234 1.5
    endloop
  endfacet
  facet normal 0 0 1
    outer loop
      vertex 42.8926 95.5 1.5
      vertex 41.7294 98.3137 1.5
      vertex 41.7424 98.09 1.5
    endloop
  endfacet
  facet normal 0 0 1
    outer loop
      vertex 42.8926 95.5 1.5
      vertex 41.7161 98.5453 1.5
      vertex 41.7294 98.3137 1.5
    endloop
  endfacet
  facet normal 0 0 1
    outer loop
      vertex 42.8926 95.5 1.5
      vertex 41.7026 98.7813 1.5
      vertex 41.7161 98.5453 1.5
    endloop
  endfacet
  facet normal 0 0 1
    outer loop
      vertex 42.8926 95.5 1.5
      vertex 41.6757 99.2523 1.5
      vertex 41.7026 98.7813 1.5
    endloop
  endfacet
  facet normal 0 0 1
    outer loop
      vertex 42.8926 95.5 1.5
      vertex 41.6627 99.4801 1.5
      vertex 41.6757 99.2523 1.5
    endloop
  endfacet
  facet normal 0 0 1
    outer loop
      vertex 42.8926 95.5 1.5
      vertex 41.6501 99.698 1.5
      vertex 41.6627 99.4801 1.5
    endloop
  endfacet
  facet normal 0 0 1
    outer loop
      vertex 42.1399 103.646 1.5
      vertex 41.6382 99.9025 1.5
      vertex 41.6501 99.698 1.5
    endloop
  endfacet
  facet normal 0 0 1
    outer loop
      vertex 42.1399 103.646 1.5
      vertex 41.627 100.09 1.5
      vertex 41.6382 99.9025 1.5
    endloop
  endfacet
  facet normal 0 0 1
    outer loop
      vertex 42.1399 103.646 1.5
      vertex 41.6209 100.182 1.5
      vertex 41.627 100.09 1.5
    endloop
  endfacet
  facet normal 0 0 1
    outer loop
      vertex 42.1399 103.646 1.5
      vertex 41.6151 100.274 1.5
      vertex 41.6209 100.182 1.5
    endloop
  endfacet
  facet normal 0 0 1
    outer loop
      vertex 42.1399 103.646 1.5
      vertex 41.6097 100.364 1.5
      vertex 41.6151 100.274 1.5
    endloop
  endfacet
  facet normal 0 0 1
    outer loop
      vertex 42.1399 103.646 1.5
      vertex 41.6046 100.454 1.5
      vertex 41.6097 100.364 1.5
    endloop
  endfacet
  facet normal 0 0 1
    outer loop
      vertex 42.1399 103.646 1.5
      vertex 41.5998 100.543 1.5
      vertex 41.6046 100.454 1.5
    endloop
  endfacet
  facet normal 0 0 1
    outer loop
      vertex 42.1399 103.646 1.5
      vertex 41.5952 100.631 1.5
      vertex 41.5998 100.543 1.5
    endloop
  endfacet
  facet normal 0 0 1
    outer loop
      vertex 42.1399 103.646 1.5
      vertex 41.5908 100.718 1.5
      vertex 41.5952 100.631 1.5
    endloop
  endfacet
  facet normal 0 0 1
    outer loop
      vertex 42.1399 103.646 1.5
      vertex 41.5822 100.89 1.5
      vertex 41.5908 100.718 1.5
    endloop
  endfacet
  facet normal -0 0 1
    outer loop
      vertex 41.0822 103.646 1.5
      vertex 41.5822 100.89 1.5
      vertex 42.1399 103.646 1.5
    endloop
  endfacet
  facet normal 0 0 1
    outer loop
      vertex 41.5693 100.89 1.5
      vertex 41.56 100.718 1.5
      vertex 41.5648 100.804 1.5
    endloop
  endfacet
  facet normal 0 0 1
    outer loop
      vertex 41.0822 103.646 1.5
      vertex 41.56 100.718 1.5
      vertex 41.5693 100.89 1.5
    endloop
  endfacet
  facet normal 0 0 1
    outer loop
      vertex 41.56 100.718 1.5
      vertex 41.0822 103.646 1.5
      vertex 41.5549 100.631 1.5
    endloop
  endfacet
  facet normal 0 0 1
    outer loop
      vertex 41.5549 100.631 1.5
      vertex 41.0822 103.646 1.5
      vertex 41.5442 100.454 1.5
    endloop
  endfacet
  facet normal 0 0 1
    outer loop
      vertex 41.529 100.182 1.5
      vertex 41.5133 99.8996 1.5
      vertex 41.5245 100.09 1.5
    endloop
  endfacet
  facet normal 0 0 1
    outer loop
      vertex 41.0822 103.646 1.5
      vertex 41.529 100.182 1.5
      vertex 41.5338 100.274 1.5
    endloop
  endfacet
  facet normal 0 0 1
    outer loop
      vertex 41.529 100.182 1.5
      vertex 41.0822 103.646 1.5
      vertex 41.5133 99.8996 1.5
    endloop
  endfacet
  facet normal 0 0 1
    outer loop
      vertex 41.0822 103.646 1.5
      vertex 41.5338 100.274 1.5
      vertex 41.539 100.364 1.5
    endloop
  endfacet
  facet normal 0 0 1
    outer loop
      vertex 41.5133 99.8996 1.5
      vertex 40.3231 95.5 1.5
      vertex 41.4886 99.4752 1.5
    endloop
  endfacet
  facet normal 0 0 1
    outer loop
      vertex 41.4886 99.4752 1.5
      vertex 40.3231 95.5 1.5
      vertex 41.4753 99.2477 1.5
    endloop
  endfacet
  facet normal 0 0 1
    outer loop
      vertex 41.4753 99.2477 1.5
      vertex 40.3231 95.5 1.5
      vertex 41.4614 99.0145 1.5
    endloop
  endfacet
  facet normal 0 0 1
    outer loop
      vertex 41.5442 100.454 1.5
      vertex 41.0822 103.646 1.5
      vertex 41.539 100.364 1.5
    endloop
  endfacet
  facet normal 0 0 1
    outer loop
      vertex 41.4614 99.0145 1.5
      vertex 40.3231 95.5 1.5
      vertex 41.4471 98.7789 1.5
    endloop
  endfacet
  facet normal 0 0 1
    outer loop
      vertex 41.4471 98.7789 1.5
      vertex 40.3231 95.5 1.5
      vertex 41.4324 98.544 1.5
    endloop
  endfacet
  facet normal 0 0 1
    outer loop
      vertex 41.4324 98.544 1.5
      vertex 40.3231 95.5 1.5
      vertex 41.4176 98.3133 1.5
    endloop
  endfacet
  facet normal 0 0 1
    outer loop
      vertex 40.3231 95.5 1.5
      vertex 41.3514 96.9234 1.5
      vertex 41.4027 98.09 1.5
    endloop
  endfacet
  facet normal 0 0 1
    outer loop
      vertex 41.4176 98.3133 1.5
      vertex 40.3231 95.5 1.5
      vertex 41.4027 98.09 1.5
    endloop
  endfacet
  facet normal 0 0 1
    outer loop
      vertex 41.5133 99.8996 1.5
      vertex 41.0822 103.646 1.5
      vertex 40.3231 95.5 1.5
    endloop
  endfacet
  facet normal 0 0 1
    outer loop
      vertex 41.5822 100.89 1.5
      vertex 41.0822 103.646 1.5
      vertex 41.5693 100.89 1.5
    endloop
  endfacet
  facet normal -0 0 1
    outer loop
      vertex 41.4027 98.09 1.5
      vertex 41.7873 96.9234 1.5
      vertex 41.7424 98.09 1.5
    endloop
  endfacet
  facet normal 0 0 1
    outer loop
      vertex 41.7873 96.9234 1.5
      vertex 41.4027 98.09 1.5
      vertex 41.3514 96.9234 1.5
    endloop
  endfacet
  facet normal 0 0 1
    outer loop
      vertex 45.3866 98.4003 1.5
      vertex 44.3581 97.8546 1.5
      vertex 45.3216 97.5125 1.5
    endloop
  endfacet
  facet normal 0 0 1
    outer loop
      vertex 45.3872 100.608 1.5
      vertex 44.3698 100.721 1.5
      vertex 44.3753 100.173 1.5
    endloop
  endfacet
  facet normal 0 0 1
    outer loop
      vertex 45.3872 100.608 1.5
      vertex 44.3579 101.158 1.5
      vertex 44.3698 100.721 1.5
    endloop
  endfacet
  facet normal 0 0 1
    outer loop
      vertex 45.3239 101.499 1.5
      vertex 44.3372 101.495 1.5
      vertex 44.3579 101.158 1.5
    endloop
  endfacet
  facet normal 0 0 1
    outer loop
      vertex 45.3239 101.499 1.5
      vertex 44.3056 101.745 1.5
      vertex 44.3372 101.495 1.5
    endloop
  endfacet
  facet normal 0 0 1
    outer loop
      vertex 45.2205 102.197 1.5
      vertex 44.2608 101.918 1.5
      vertex 44.3056 101.745 1.5
    endloop
  endfacet
  facet normal 0 0 1
    outer loop
      vertex 45.2205 102.197 1.5
      vertex 44.2004 102.028 1.5
      vertex 44.2608 101.918 1.5
    endloop
  endfacet
  facet normal 0 0 1
    outer loop
      vertex 44.0241 102.101 1.5
      vertex 44.444 103.516 1.5
      vertex 44.1683 103.592 1.5
    endloop
  endfacet
  facet normal 0 0 1
    outer loop
      vertex 45.079 102.724 1.5
      vertex 44.1223 102.085 1.5
      vertex 44.2004 102.028 1.5
    endloop
  endfacet
  facet normal 0 0 1
    outer loop
      vertex 44.6889 103.361 1.5
      vertex 44.0241 102.101 1.5
      vertex 44.1223 102.085 1.5
    endloop
  endfacet
  facet normal 0 0 1
    outer loop
      vertex 44.1683 103.592 1.5
      vertex 43.9599 102.101 1.5
      vertex 44.0241 102.101 1.5
    endloop
  endfacet
  facet normal -0 0 1
    outer loop
      vertex 42.947 103.612 1.5
      vertex 43.9599 102.101 1.5
      vertex 43.8638 103.612 1.5
    endloop
  endfacet
  facet normal 0 0 1
    outer loop
      vertex 43.8638 103.612 1.5
      vertex 43.9599 102.101 1.5
      vertex 44.1683 103.592 1.5
    endloop
  endfacet
  facet normal -0 0 1
    outer loop
      vertex 46.9266 97.895 1.5
      vertex 47.9132 97.7357 1.5
      vertex 46.9327 98.3309 1.5
    endloop
  endfacet
  facet normal 0 0 1
    outer loop
      vertex 47.959 100.452 1.5
      vertex 46.9327 100.664 1.5
      vertex 46.9352 100.137 1.5
    endloop
  endfacet
  facet normal 0 0 1
    outer loop
      vertex 47.9132 101.267 1.5
      vertex 46.9266 101.093 1.5
      vertex 46.9327 100.664 1.5
    endloop
  endfacet
  facet normal 0 0 1
    outer loop
      vertex 47.9132 101.267 1.5
      vertex 46.9155 101.431 1.5
      vertex 46.9266 101.093 1.5
    endloop
  endfacet
  facet normal 0 0 1
    outer loop
      vertex 47.8369 101.95 1.5
      vertex 46.8978 101.688 1.5
      vertex 46.9155 101.431 1.5
    endloop
  endfacet
  facet normal 0 0 1
    outer loop
      vertex 47.8369 101.95 1.5
      vertex 46.872 101.872 1.5
      vertex 46.8978 101.688 1.5
    endloop
  endfacet
  facet normal 0 0 1
    outer loop
      vertex 47.8369 101.95 1.5
      vertex 46.8365 101.993 1.5
      vertex 46.872 101.872 1.5
    endloop
  endfacet
  facet normal 0 0 1
    outer loop
      vertex 47.7299 102.51 1.5
      vertex 46.7899 102.059 1.5
      vertex 46.8365 101.993 1.5
    endloop
  endfacet
  facet normal 0 0 1
    outer loop
      vertex 46.2349 103.515 1.5
      vertex 47.2235 103.515 1.5
      vertex 46.7305 103.69 1.5
    endloop
  endfacet
  facet normal 0 0 1
    outer loop
      vertex 47.5921 102.953 1.5
      vertex 46.7305 102.079 1.5
      vertex 46.7899 102.059 1.5
    endloop
  endfacet
  facet normal 0 0 1
    outer loop
      vertex 47.2235 103.515 1.5
      vertex 46.2349 103.515 1.5
      vertex 46.7305 102.079 1.5
    endloop
  endfacet
  facet normal -0 0 1
    outer loop
      vertex 46.0348 103.285 1.5
      vertex 46.7305 102.079 1.5
      vertex 46.2349 103.515 1.5
    endloop
  endfacet
  facet normal 0 0 1
    outer loop
      vertex 46.7305 102.079 1.5
      vertex 46.0348 103.285 1.5
      vertex 46.6711 102.059 1.5
    endloop
  endfacet
  facet normal 0 0 1
    outer loop
      vertex 45.6226 101.95 1.5
      vertex 46.6711 102.059 1.5
      vertex 46.0348 103.285 1.5
    endloop
  endfacet
  facet normal 0 0 1
    outer loop
      vertex 45.547 101.267 1.5
      vertex 46.5455 101.431 1.5
      vertex 45.6226 101.95 1.5
    endloop
  endfacet
  facet normal 0 0 1
    outer loop
      vertex 46.5632 101.688 1.5
      vertex 45.6226 101.95 1.5
      vertex 46.5455 101.431 1.5
    endloop
  endfacet
  facet normal 0 0 1
    outer loop
      vertex 46.589 101.872 1.5
      vertex 45.6226 101.95 1.5
      vertex 46.5632 101.688 1.5
    endloop
  endfacet
  facet normal 0 0 1
    outer loop
      vertex 46.6245 101.993 1.5
      vertex 45.6226 101.95 1.5
      vertex 46.589 101.872 1.5
    endloop
  endfacet
  facet normal 0 0 1
    outer loop
      vertex 46.6711 102.059 1.5
      vertex 45.6226 101.95 1.5
      vertex 46.6245 101.993 1.5
    endloop
  endfacet
  facet normal 0 0 1
    outer loop
      vertex 46.2349 103.515 1.5
      vertex 46.7305 103.69 1.5
      vertex 46.4667 103.647 1.5
    endloop
  endfacet
  facet normal 0 0 1
    outer loop
      vertex 50.2867 98.49 1.5
      vertex 49.6329 99.9122 1.5
      vertex 49.8688 95.5 1.5
    endloop
  endfacet
  facet normal 0 0 1
    outer loop
      vertex 50.2098 100.29 1.5
      vertex 49.1392 100.257 1.5
      vertex 49.6329 99.9122 1.5
    endloop
  endfacet
  facet normal 0 0 1
    outer loop
      vertex 49.6329 99.9122 1.5
      vertex 49.1392 100.257 1.5
      vertex 49.62 99.9122 1.5
    endloop
  endfacet
  facet normal 0 0 1
    outer loop
      vertex 50.2098 100.29 1.5
      vertex 49.3572 103.612 1.5
      vertex 49.1392 100.257 1.5
    endloop
  endfacet
  facet normal 0 0 1
    outer loop
      vertex 56.9286 95.5 1.5
      vertex 55.8232 96.9234 1.5
      vertex 55.9125 95.5 1.5
    endloop
  endfacet
  facet normal 0 0 1
    outer loop
      vertex 56.9286 95.5 1.5
      vertex 55.7784 98.09 1.5
      vertex 55.8232 96.9234 1.5
    endloop
  endfacet
  facet normal 0 0 1
    outer loop
      vertex 56.9286 95.5 1.5
      vertex 55.7654 98.3137 1.5
      vertex 55.7784 98.09 1.5
    endloop
  endfacet
  facet normal 0 0 1
    outer loop
      vertex 56.9286 95.5 1.5
      vertex 55.752 98.5453 1.5
      vertex 55.7654 98.3137 1.5
    endloop
  endfacet
  facet normal 0 0 1
    outer loop
      vertex 56.9286 95.5 1.5
      vertex 55.7385 98.7813 1.5
      vertex 55.752 98.5453 1.5
    endloop
  endfacet
  facet normal 0 0 1
    outer loop
      vertex 56.9286 95.5 1.5
      vertex 55.7117 99.2523 1.5
      vertex 55.7385 98.7813 1.5
    endloop
  endfacet
  facet normal 0 0 1
    outer loop
      vertex 56.9286 95.5 1.5
      vertex 55.6986 99.4801 1.5
      vertex 55.7117 99.2523 1.5
    endloop
  endfacet
  facet normal 0 0 1
    outer loop
      vertex 56.9286 95.5 1.5
      vertex 55.6861 99.698 1.5
      vertex 55.6986 99.4801 1.5
    endloop
  endfacet
  facet normal 0 0 1
    outer loop
      vertex 56.1758 103.646 1.5
      vertex 55.6741 99.9025 1.5
      vertex 55.6861 99.698 1.5
    endloop
  endfacet
  facet normal 0 0 1
    outer loop
      vertex 56.1758 103.646 1.5
      vertex 55.663 100.09 1.5
      vertex 55.6741 99.9025 1.5
    endloop
  endfacet
  facet normal 0 0 1
    outer loop
      vertex 56.1758 103.646 1.5
      vertex 55.6568 100.182 1.5
      vertex 55.663 100.09 1.5
    endloop
  endfacet
  facet normal 0 0 1
    outer loop
      vertex 56.1758 103.646 1.5
      vertex 55.651 100.274 1.5
      vertex 55.6568 100.182 1.5
    endloop
  endfacet
  facet normal 0 0 1
    outer loop
      vertex 56.1758 103.646 1.5
      vertex 55.6457 100.364 1.5
      vertex 55.651 100.274 1.5
    endloop
  endfacet
  facet normal 0 0 1
    outer loop
      vertex 56.1758 103.646 1.5
      vertex 55.6406 100.454 1.5
      vertex 55.6457 100.364 1.5
    endloop
  endfacet
  facet normal 0 0 1
    outer loop
      vertex 56.1758 103.646 1.5
      vertex 55.6358 100.543 1.5
      vertex 55.6406 100.454 1.5
    endloop
  endfacet
  facet normal 0 0 1
    outer loop
      vertex 56.1758 103.646 1.5
      vertex 55.6312 100.631 1.5
      vertex 55.6358 100.543 1.5
    endloop
  endfacet
  facet normal 0 0 1
    outer loop
      vertex 56.1758 103.646 1.5
      vertex 55.6267 100.718 1.5
      vertex 55.6312 100.631 1.5
    endloop
  endfacet
  facet normal 0 0 1
    outer loop
      vertex 56.1758 103.646 1.5
      vertex 55.6181 100.89 1.5
      vertex 55.6267 100.718 1.5
    endloop
  endfacet
  facet normal -0 0 1
    outer loop
      vertex 55.1181 103.646 1.5
      vertex 55.6181 100.89 1.5
      vertex 56.1758 103.646 1.5
    endloop
  endfacet
  facet normal 0 0 1
    outer loop
      vertex 55.6053 100.89 1.5
      vertex 55.5959 100.718 1.5
      vertex 55.6008 100.804 1.5
    endloop
  endfacet
  facet normal 0 0 1
    outer loop
      vertex 55.1181 103.646 1.5
      vertex 55.5959 100.718 1.5
      vertex 55.6053 100.89 1.5
    endloop
  endfacet
  facet normal 0 0 1
    outer loop
      vertex 55.5959 100.718 1.5
      vertex 55.1181 103.646 1.5
      vertex 55.5908 100.631 1.5
    endloop
  endfacet
  facet normal 0 0 1
    outer loop
      vertex 55.5908 100.631 1.5
      vertex 55.1181 103.646 1.5
      vertex 55.5802 100.454 1.5
    endloop
  endfacet
  facet normal 0 0 1
    outer loop
      vertex 55.5649 100.182 1.5
      vertex 55.5493 99.8996 1.5
      vertex 55.5604 100.09 1.5
    endloop
  endfacet
  facet normal 0 0 1
    outer loop
      vertex 55.1181 103.646 1.5
      vertex 55.5649 100.182 1.5
      vertex 55.5698 100.274 1.5
    endloop
  endfacet
  facet normal 0 0 1
    outer loop
      vertex 55.5649 100.182 1.5
      vertex 55.1181 103.646 1.5
      vertex 55.5493 99.8996 1.5
    endloop
  endfacet
  facet normal 0 0 1
    outer loop
      vertex 55.1181 103.646 1.5
      vertex 55.5698 100.274 1.5
      vertex 55.5749 100.364 1.5
    endloop
  endfacet
  facet normal 0 0 1
    outer loop
      vertex 55.5493 99.8996 1.5
      vertex 54.3591 95.5 1.5
      vertex 55.5246 99.4752 1.5
    endloop
  endfacet
  facet normal 0 0 1
    outer loop
      vertex 55.5246 99.4752 1.5
      vertex 54.3591 95.5 1.5
      vertex 55.5112 99.2477 1.5
    endloop
  endfacet
  facet normal 0 0 1
    outer loop
      vertex 55.5112 99.2477 1.5
      vertex 54.3591 95.5 1.5
      vertex 55.4973 99.0145 1.5
    endloop
  endfacet
  facet normal 0 0 1
    outer loop
      vertex 55.5802 100.454 1.5
      vertex 55.1181 103.646 1.5
      vertex 55.5749 100.364 1.5
    endloop
  endfacet
  facet normal 0 0 1
    outer loop
      vertex 55.4973 99.0145 1.5
      vertex 54.3591 95.5 1.5
      vertex 55.483 98.7789 1.5
    endloop
  endfacet
  facet normal 0 0 1
    outer loop
      vertex 55.483 98.7789 1.5
      vertex 54.3591 95.5 1.5
      vertex 55.4684 98.544 1.5
    endloop
  endfacet
  facet normal 0 0 1
    outer loop
      vertex 55.4684 98.544 1.5
      vertex 54.3591 95.5 1.5
      vertex 55.4536 98.3133 1.5
    endloop
  endfacet
  facet normal 0 0 1
    outer loop
      vertex 54.3591 95.5 1.5
      vertex 55.3873 96.9234 1.5
      vertex 55.4386 98.09 1.5
    endloop
  endfacet
  facet normal 0 0 1
    outer loop
      vertex 55.4536 98.3133 1.5
      vertex 54.3591 95.5 1.5
      vertex 55.4386 98.09 1.5
    endloop
  endfacet
  facet normal 0 0 1
    outer loop
      vertex 55.5493 99.8996 1.5
      vertex 55.1181 103.646 1.5
      vertex 54.3591 95.5 1.5
    endloop
  endfacet
  facet normal 0 0 1
    outer loop
      vertex 55.6181 100.89 1.5
      vertex 55.1181 103.646 1.5
      vertex 55.6053 100.89 1.5
    endloop
  endfacet
  facet normal -0 0 1
    outer loop
      vertex 55.4386 98.09 1.5
      vertex 55.8232 96.9234 1.5
      vertex 55.7784 98.09 1.5
    endloop
  endfacet
  facet normal 0 0 1
    outer loop
      vertex 55.8232 96.9234 1.5
      vertex 55.4386 98.09 1.5
      vertex 55.3873 96.9234 1.5
    endloop
  endfacet
  facet normal 0 0 1
    outer loop
      vertex 58.8485 98.3122 1.5
      vertex 57.9061 98.3122 1.5
      vertex 58.1282 95.5 1.5
    endloop
  endfacet
  facet normal 0 0 1
    outer loop
      vertex 58.4446 99.2345 1.5
      vertex 57.894 98.4731 1.5
      vertex 57.9061 98.3122 1.5
    endloop
  endfacet
  facet normal 0 0 1
    outer loop
      vertex 58.4446 99.2345 1.5
      vertex 57.8828 98.633 1.5
      vertex 57.894 98.4731 1.5
    endloop
  endfacet
  facet normal 0 0 1
    outer loop
      vertex 58.4446 99.2345 1.5
      vertex 57.8724 98.7966 1.5
      vertex 57.8828 98.633 1.5
    endloop
  endfacet
  facet normal 0 0 1
    outer loop
      vertex 58.4446 99.2345 1.5
      vertex 57.8623 98.9687 1.5
      vertex 57.8724 98.7966 1.5
    endloop
  endfacet
  facet normal 0 0 1
    outer loop
      vertex 58.4446 99.2345 1.5
      vertex 57.8521 99.1541 1.5
      vertex 57.8623 98.9687 1.5
    endloop
  endfacet
  facet normal 0 0 1
    outer loop
      vertex 58.4446 99.2345 1.5
      vertex 57.8416 99.3575 1.5
      vertex 57.8521 99.1541 1.5
    endloop
  endfacet
  facet normal 0 0 1
    outer loop
      vertex 58.4446 99.2345 1.5
      vertex 57.8302 99.5837 1.5
      vertex 57.8416 99.3575 1.5
    endloop
  endfacet
  facet normal 0 0 1
    outer loop
      vertex 58.4446 99.2345 1.5
      vertex 57.8176 99.8374 1.5
      vertex 57.8302 99.5837 1.5
    endloop
  endfacet
  facet normal 0 0 1
    outer loop
      vertex 58.4446 99.2345 1.5
      vertex 57.8036 100.123 1.5
      vertex 57.8176 99.8374 1.5
    endloop
  endfacet
  facet normal 0 0 1
    outer loop
      vertex 58.1754 103.612 1.5
      vertex 57.7907 100.123 1.5
      vertex 57.8036 100.123 1.5
    endloop
  endfacet
  facet normal 0 -0 1
    outer loop
      vertex 57.7907 100.123 1.5
      vertex 58.1754 103.612 1.5
      vertex 56.983 103.612 1.5
    endloop
  endfacet
  facet normal 0 0 1
    outer loop
      vertex 58.9637 99.981 1.5
      vertex 59.9063 103.612 1.5
      vertex 58.9639 100.146 1.5
    endloop
  endfacet
  facet normal -0 0 1
    outer loop
      vertex 58.7203 103.612 1.5
      vertex 58.9639 100.146 1.5
      vertex 59.9063 103.612 1.5
    endloop
  endfacet
  facet normal 0 0 1
    outer loop
      vertex 58.4511 99.2345 1.5
      vertex 58.9404 99.9144 1.5
      vertex 58.9511 100.146 1.5
    endloop
  endfacet
  facet normal 0 0 1
    outer loop
      vertex 58.9404 99.9144 1.5
      vertex 58.4511 99.2345 1.5
      vertex 58.9296 99.6882 1.5
    endloop
  endfacet
  facet normal 0 0 1
    outer loop
      vertex 58.9296 99.6882 1.5
      vertex 58.4511 99.2345 1.5
      vertex 58.9188 99.4678 1.5
    endloop
  endfacet
  facet normal 0 0 1
    outer loop
      vertex 58.9188 99.4678 1.5
      vertex 58.4511 99.2345 1.5
      vertex 58.9078 99.2539 1.5
    endloop
  endfacet
  facet normal 0 0 1
    outer loop
      vertex 58.9078 99.2539 1.5
      vertex 58.4511 99.2345 1.5
      vertex 58.8966 99.0475 1.5
    endloop
  endfacet
  facet normal 0 0 1
    outer loop
      vertex 58.8966 99.0475 1.5
      vertex 58.4511 99.2345 1.5
      vertex 58.8851 98.8493 1.5
    endloop
  endfacet
  facet normal -0 0 1
    outer loop
      vertex 58.4446 99.2345 1.5
      vertex 58.8851 98.8493 1.5
      vertex 58.4511 99.2345 1.5
    endloop
  endfacet
  facet normal 0 0 1
    outer loop
      vertex 58.8851 98.8493 1.5
      vertex 58.4446 99.2345 1.5
      vertex 58.8733 98.6601 1.5
    endloop
  endfacet
  facet normal 0 0 1
    outer loop
      vertex 58.9639 100.146 1.5
      vertex 58.7203 103.612 1.5
      vertex 58.9511 100.146 1.5
    endloop
  endfacet
  facet normal 0 0 1
    outer loop
      vertex 58.4511 99.2345 1.5
      vertex 58.9511 100.146 1.5
      vertex 58.7203 103.612 1.5
    endloop
  endfacet
  facet normal 0 0 1
    outer loop
      vertex 57.9061 98.3122 1.5
      vertex 58.8733 98.6601 1.5
      vertex 58.4446 99.2345 1.5
    endloop
  endfacet
  facet normal 0 0 1
    outer loop
      vertex 58.8733 98.6601 1.5
      vertex 57.9061 98.3122 1.5
      vertex 58.8611 98.4808 1.5
    endloop
  endfacet
  facet normal -0 0 1
    outer loop
      vertex 61.4793 101.174 1.5
      vertex 62.4716 100.812 1.5
      vertex 62.4483 101.546 1.5
    endloop
  endfacet
  facet normal -0 0 1
    outer loop
      vertex 61.4419 101.703 1.5
      vertex 62.4483 101.546 1.5
      vertex 62.3823 102.142 1.5
    endloop
  endfacet
  facet normal 0 0 1
    outer loop
      vertex 62.4716 100.812 1.5
      vertex 61.4793 101.174 1.5
      vertex 61.4844 100.79 1.5
    endloop
  endfacet
  facet normal 0 0 1
    outer loop
      vertex 61.3747 101.979 1.5
      vertex 62.3823 102.142 1.5
      vertex 62.2793 102.615 1.5
    endloop
  endfacet
  facet normal 0 0 1
    outer loop
      vertex 62.4716 100.812 1.5
      vertex 61.4793 100.378 1.5
      vertex 62.4468 99.9896 1.5
    endloop
  endfacet
  facet normal 0 0 1
    outer loop
      vertex 61.2857 102.084 1.5
      vertex 62.2793 102.615 1.5
      vertex 62.1449 102.977 1.5
    endloop
  endfacet
  facet normal -0 0 1
    outer loop
      vertex 61.4649 100.053 1.5
      vertex 62.4468 99.9896 1.5
      vertex 61.4793 100.378 1.5
    endloop
  endfacet
  facet normal 0 0 1
    outer loop
      vertex 61.2857 102.084 1.5
      vertex 62.1449 102.977 1.5
      vertex 61.9849 103.242 1.5
    endloop
  endfacet
  facet normal 0 0 1
    outer loop
      vertex 61.4421 99.8061 1.5
      vertex 62.4468 99.9896 1.5
      vertex 61.4649 100.053 1.5
    endloop
  endfacet
  facet normal 0 0 1
    outer loop
      vertex 61.2356 102.099 1.5
      vertex 61.9849 103.242 1.5
      vertex 61.8049 103.425 1.5
    endloop
  endfacet
  facet normal 0 0 1
    outer loop
      vertex 62.4468 99.9896 1.5
      vertex 61.4421 99.8061 1.5
      vertex 62.3769 99.338 1.5
    endloop
  endfacet
  facet normal 0 0 1
    outer loop
      vertex 61.2356 102.099 1.5
      vertex 61.8049 103.425 1.5
      vertex 61.6107 103.538 1.5
    endloop
  endfacet
  facet normal -0 0 1
    outer loop
      vertex 61.412 99.6253 1.5
      vertex 62.3769 99.338 1.5
      vertex 61.4421 99.8061 1.5
    endloop
  endfacet
  facet normal -0 0 1
    outer loop
      vertex 61.3758 99.5008 1.5
      vertex 62.3769 99.338 1.5
      vertex 61.412 99.6253 1.5
    endloop
  endfacet
  facet normal 0 0 1
    outer loop
      vertex 61.4793 100.378 1.5
      vertex 62.4716 100.812 1.5
      vertex 61.4844 100.79 1.5
    endloop
  endfacet
  facet normal 0 0 1
    outer loop
      vertex 62.4483 101.546 1.5
      vertex 61.4648 101.475 1.5
      vertex 61.4793 101.174 1.5
    endloop
  endfacet
  facet normal 0 0 1
    outer loop
      vertex 62.4483 101.546 1.5
      vertex 61.4419 101.703 1.5
      vertex 61.4648 101.475 1.5
    endloop
  endfacet
  facet normal 0 0 1
    outer loop
      vertex 62.3823 102.142 1.5
      vertex 61.4115 101.867 1.5
      vertex 61.4419 101.703 1.5
    endloop
  endfacet
  facet normal 0 0 1
    outer loop
      vertex 61.2356 102.099 1.5
      vertex 61.6107 103.538 1.5
      vertex 61.4079 103.596 1.5
    endloop
  endfacet
  facet normal 0 0 1
    outer loop
      vertex 62.3823 102.142 1.5
      vertex 61.3747 101.979 1.5
      vertex 61.4115 101.867 1.5
    endloop
  endfacet
  facet normal 0 0 1
    outer loop
      vertex 62.2793 102.615 1.5
      vertex 61.3324 102.048 1.5
      vertex 61.3747 101.979 1.5
    endloop
  endfacet
  facet normal 0 0 1
    outer loop
      vertex 62.2793 102.615 1.5
      vertex 61.2857 102.084 1.5
      vertex 61.3324 102.048 1.5
    endloop
  endfacet
  facet normal 0 0 1
    outer loop
      vertex 61.9849 103.242 1.5
      vertex 61.2356 102.099 1.5
      vertex 61.2857 102.084 1.5
    endloop
  endfacet
  facet normal 0 0 1
    outer loop
      vertex 61.2023 103.612 1.5
      vertex 61.2356 102.099 1.5
      vertex 61.4079 103.596 1.5
    endloop
  endfacet
  facet normal 0 0 1
    outer loop
      vertex 61.2023 103.612 1.5
      vertex 61.183 102.101 1.5
      vertex 61.2356 102.099 1.5
    endloop
  endfacet
  facet normal 0 0 1
    outer loop
      vertex 61.2023 103.612 1.5
      vertex 61.1382 102.101 1.5
      vertex 61.183 102.101 1.5
    endloop
  endfacet
  facet normal 0 0 1
    outer loop
      vertex 60.1445 103.612 1.5
      vertex 61.1382 99.3566 1.5
      vertex 61.1382 102.101 1.5
    endloop
  endfacet
  facet normal 0 0 1
    outer loop
      vertex 60.1445 95.5 1.5
      vertex 61.1382 99.3566 1.5
      vertex 60.1445 103.612 1.5
    endloop
  endfacet
  facet normal 0 0 1
    outer loop
      vertex 61.1382 99.3566 1.5
      vertex 60.1445 95.5 1.5
      vertex 61.1382 97.9011 1.5
    endloop
  endfacet
  facet normal -0 0 1
    outer loop
      vertex 60.1445 103.612 1.5
      vertex 61.1382 102.101 1.5
      vertex 61.2023 103.612 1.5
    endloop
  endfacet
  facet normal -0 0 1
    outer loop
      vertex 61.3343 99.4221 1.5
      vertex 62.3769 99.338 1.5
      vertex 61.3758 99.5008 1.5
    endloop
  endfacet
  facet normal 0 0 1
    outer loop
      vertex 62.3769 99.338 1.5
      vertex 61.3343 99.4221 1.5
      vertex 62.2684 98.8377 1.5
    endloop
  endfacet
  facet normal -0 0 1
    outer loop
      vertex 61.2887 99.3788 1.5
      vertex 62.2684 98.8377 1.5
      vertex 61.3343 99.4221 1.5
    endloop
  endfacet
  facet normal 0 0 1
    outer loop
      vertex 62.2684 98.8377 1.5
      vertex 61.2887 99.3788 1.5
      vertex 62.1279 98.4689 1.5
    endloop
  endfacet
  facet normal -0 0 1
    outer loop
      vertex 61.2401 99.3604 1.5
      vertex 62.1279 98.4689 1.5
      vertex 61.2887 99.3788 1.5
    endloop
  endfacet
  facet normal 0 0 1
    outer loop
      vertex 62.1279 98.4689 1.5
      vertex 61.2401 99.3604 1.5
      vertex 61.962 98.2116 1.5
    endloop
  endfacet
  facet normal 0 0 1
    outer loop
      vertex 61.962 98.2116 1.5
      vertex 61.2401 99.3604 1.5
      vertex 61.7773 98.046 1.5
    endloop
  endfacet
  facet normal 0 0 1
    outer loop
      vertex 61.7773 98.046 1.5
      vertex 61.2401 99.3604 1.5
      vertex 61.5805 97.9523 1.5
    endloop
  endfacet
  facet normal 0 0 1
    outer loop
      vertex 61.5805 97.9523 1.5
      vertex 61.2401 99.3604 1.5
      vertex 61.3781 97.9106 1.5
    endloop
  endfacet
  facet normal -0 0 1
    outer loop
      vertex 61.1895 99.3566 1.5
      vertex 61.3781 97.9106 1.5
      vertex 61.2401 99.3604 1.5
    endloop
  endfacet
  facet normal 0 0 1
    outer loop
      vertex 61.1895 99.3566 1.5
      vertex 61.1766 97.9011 1.5
      vertex 61.3781 97.9106 1.5
    endloop
  endfacet
  facet normal -0 0 1
    outer loop
      vertex 61.1382 99.3566 1.5
      vertex 61.1766 97.9011 1.5
      vertex 61.1895 99.3566 1.5
    endloop
  endfacet
  facet normal 0 0 1
    outer loop
      vertex 61.1766 97.9011 1.5
      vertex 61.1382 99.3566 1.5
      vertex 61.1382 97.9011 1.5
    endloop
  endfacet
  facet normal 0 0 1
    outer loop
      vertex 65.8472 103.612 1.5
      vertex 64.8343 103.612 1.5
      vertex 65.8472 95.5 1.5
    endloop
  endfacet
  facet normal -0 0 1
    outer loop
      vertex 67.477 101.412 1.5
      vertex 68.3958 101.054 1.5
      vertex 68.3517 101.697 1.5
    endloop
  endfacet
  facet normal -0 0 1
    outer loop
      vertex 67.4418 101.826 1.5
      vertex 68.3517 101.697 1.5
      vertex 68.2881 102.245 1.5
    endloop
  endfacet
  facet normal 0 0 1
    outer loop
      vertex 67.3828 102.027 1.5
      vertex 68.2881 102.245 1.5
      vertex 68.2014 102.699 1.5
    endloop
  endfacet
  facet normal 0 0 1
    outer loop
      vertex 67.343 102.067 1.5
      vertex 68.2014 102.699 1.5
      vertex 68.088 103.064 1.5
    endloop
  endfacet
  facet normal 0 0 1
    outer loop
      vertex 67.2957 102.079 1.5
      vertex 68.088 103.064 1.5
      vertex 67.9443 103.343 1.5
    endloop
  endfacet
  facet normal 0 0 1
    outer loop
      vertex 67.2957 103.69 1.5
      vertex 67.9443 103.343 1.5
      vertex 67.7667 103.538 1.5
    endloop
  endfacet
  facet normal 0 0 1
    outer loop
      vertex 67.2957 103.69 1.5
      vertex 67.7667 103.538 1.5
      vertex 67.5517 103.652 1.5
    endloop
  endfacet
  facet normal 0 0 1
    outer loop
      vertex 68.2881 102.245 1.5
      vertex 67.4155 101.949 1.5
      vertex 67.4418 101.826 1.5
    endloop
  endfacet
  facet normal 0 0 1
    outer loop
      vertex 68.4239 100.312 1.5
      vertex 67.4926 100.718 1.5
      vertex 67.4944 100.246 1.5
    endloop
  endfacet
  facet normal 0 0 1
    outer loop
      vertex 68.3958 101.054 1.5
      vertex 67.4926 100.718 1.5
      vertex 68.4239 100.312 1.5
    endloop
  endfacet
  facet normal 0 -0 1
    outer loop
      vertex 67.4926 100.718 1.5
      vertex 68.3958 101.054 1.5
      vertex 67.487 101.104 1.5
    endloop
  endfacet
  facet normal 0 0 1
    outer loop
      vertex 68.3958 101.054 1.5
      vertex 67.477 101.412 1.5
      vertex 67.487 101.104 1.5
    endloop
  endfacet
  facet normal 0 0 1
    outer loop
      vertex 68.3517 101.697 1.5
      vertex 67.4622 101.65 1.5
      vertex 67.477 101.412 1.5
    endloop
  endfacet
  facet normal 0 0 1
    outer loop
      vertex 68.3517 101.697 1.5
      vertex 67.4418 101.826 1.5
      vertex 67.4622 101.65 1.5
    endloop
  endfacet
  facet normal 0 0 1
    outer loop
      vertex 68.2881 102.245 1.5
      vertex 67.3828 102.027 1.5
      vertex 67.4155 101.949 1.5
    endloop
  endfacet
  facet normal 0 0 1
    outer loop
      vertex 68.2014 102.699 1.5
      vertex 67.343 102.067 1.5
      vertex 67.3828 102.027 1.5
    endloop
  endfacet
  facet normal 0 0 1
    outer loop
      vertex 67.9443 103.343 1.5
      vertex 67.2957 103.69 1.5
      vertex 66.6049 103.273 1.5
    endloop
  endfacet
  facet normal 0 0 1
    outer loop
      vertex 68.088 103.064 1.5
      vertex 67.2957 102.079 1.5
      vertex 67.343 102.067 1.5
    endloop
  endfacet
  facet normal 0 0 1
    outer loop
      vertex 67.9443 103.343 1.5
      vertex 66.6049 103.273 1.5
      vertex 67.2957 102.079 1.5
    endloop
  endfacet
  facet normal -0 0 1
    outer loop
      vertex 66.4394 102.935 1.5
      vertex 67.2957 102.079 1.5
      vertex 66.6049 103.273 1.5
    endloop
  endfacet
  facet normal 0 0 1
    outer loop
      vertex 67.2957 102.079 1.5
      vertex 66.4394 102.935 1.5
      vertex 67.2363 102.053 1.5
    endloop
  endfacet
  facet normal 0 0 1
    outer loop
      vertex 66.6049 103.273 1.5
      vertex 67.2957 103.69 1.5
      vertex 67.0325 103.645 1.5
    endloop
  endfacet
  facet normal 0 0 1
    outer loop
      vertex 67.0995 101.009 1.5
      vertex 66.0855 100.438 1.5
      vertex 67.0935 100.588 1.5
    endloop
  endfacet
  facet normal 0 0 1
    outer loop
      vertex 66.0855 100.438 1.5
      vertex 67.0995 101.009 1.5
      vertex 66.129 101.244 1.5
    endloop
  endfacet
  facet normal 0 0 1
    outer loop
      vertex 67.1106 101.353 1.5
      vertex 66.129 101.244 1.5
      vertex 67.0995 101.009 1.5
    endloop
  endfacet
  facet normal 0 0 1
    outer loop
      vertex 67.1283 101.626 1.5
      vertex 66.129 101.244 1.5
      vertex 67.1106 101.353 1.5
    endloop
  endfacet
  facet normal 0 0 1
    outer loop
      vertex 66.129 101.244 1.5
      vertex 67.1283 101.626 1.5
      vertex 66.202 101.925 1.5
    endloop
  endfacet
  facet normal 0 0 1
    outer loop
      vertex 67.1541 101.83 1.5
      vertex 66.202 101.925 1.5
      vertex 67.1283 101.626 1.5
    endloop
  endfacet
  facet normal 0 0 1
    outer loop
      vertex 66.6049 103.273 1.5
      vertex 67.0325 103.645 1.5
      vertex 66.8024 103.508 1.5
    endloop
  endfacet
  facet normal 0 0 1
    outer loop
      vertex 67.7584 95.8365 1.5
      vertex 66.6857 95.5134 1.5
      vertex 66.7061 95.5 1.5
    endloop
  endfacet
  facet normal 0 0 1
    outer loop
      vertex 67.2363 102.053 1.5
      vertex 66.3053 102.487 1.5
      vertex 67.1896 101.971 1.5
    endloop
  endfacet
  facet normal 0 -0 1
    outer loop
      vertex 66.082 98.5652 1.5
      vertex 67.0902 98.9122 1.5
      vertex 66.0712 99.5011 1.5
    endloop
  endfacet
  facet normal 0 0 1
    outer loop
      vertex 66.202 101.925 1.5
      vertex 67.1896 101.971 1.5
      vertex 66.3053 102.487 1.5
    endloop
  endfacet
  facet normal 0 -0 1
    outer loop
      vertex 66.1154 97.7609 1.5
      vertex 67.0902 98.9122 1.5
      vertex 66.082 98.5652 1.5
    endloop
  endfacet
  facet normal 0 0 1
    outer loop
      vertex 67.1896 101.971 1.5
      vertex 66.202 101.925 1.5
      vertex 67.1541 101.83 1.5
    endloop
  endfacet
  facet normal 0 -0 1
    outer loop
      vertex 66.1733 97.0826 1.5
      vertex 67.0902 98.9122 1.5
      vertex 66.1154 97.7609 1.5
    endloop
  endfacet
  facet normal 0 0 1
    outer loop
      vertex 66.0712 99.5011 1.5
      vertex 67.091 100.087 1.5
      vertex 66.0855 100.438 1.5
    endloop
  endfacet
  facet normal 0 -0 1
    outer loop
      vertex 66.2575 96.5245 1.5
      vertex 67.0902 98.9122 1.5
      vertex 66.1733 97.0826 1.5
    endloop
  endfacet
  facet normal 0 0 1
    outer loop
      vertex 67.091 100.087 1.5
      vertex 66.0712 99.5011 1.5
      vertex 67.0905 99.5011 1.5
    endloop
  endfacet
  facet normal 0 0 1
    outer loop
      vertex 66.6857 95.5134 1.5
      vertex 66.3698 96.0807 1.5
      vertex 66.5119 95.7456 1.5
    endloop
  endfacet
  facet normal 0 0 1
    outer loop
      vertex 67.0905 99.5011 1.5
      vertex 66.0712 99.5011 1.5
      vertex 67.0902 98.9122 1.5
    endloop
  endfacet
  facet normal -0 -0 1
    outer loop
      vertex 66.3698 96.0807 1.5
      vertex 66.6857 95.5134 1.5
      vertex 66.2575 96.5245 1.5
    endloop
  endfacet
  facet normal 0 0 1
    outer loop
      vertex 67.0902 98.9122 1.5
      vertex 66.2575 96.5245 1.5
      vertex 66.6857 95.5134 1.5
    endloop
  endfacet
  facet normal 0 0 1
    outer loop
      vertex 64.7478 95.5 1.5
      vertex 63.6425 96.9234 1.5
      vertex 63.7318 95.5 1.5
    endloop
  endfacet
  facet normal 0 0 1
    outer loop
      vertex 64.7478 95.5 1.5
      vertex 63.5977 98.09 1.5
      vertex 63.6425 96.9234 1.5
    endloop
  endfacet
  facet normal 0 0 1
    outer loop
      vertex 64.7478 95.5 1.5
      vertex 63.5846 98.3137 1.5
      vertex 63.5977 98.09 1.5
    endloop
  endfacet
  facet normal 0 0 1
    outer loop
      vertex 64.7478 95.5 1.5
      vertex 63.5713 98.5453 1.5
      vertex 63.5846 98.3137 1.5
    endloop
  endfacet
  facet normal 0 0 1
    outer loop
      vertex 64.7478 95.5 1.5
      vertex 63.5578 98.7813 1.5
      vertex 63.5713 98.5453 1.5
    endloop
  endfacet
  facet normal 0 0 1
    outer loop
      vertex 64.7478 95.5 1.5
      vertex 63.5309 99.2523 1.5
      vertex 63.5578 98.7813 1.5
    endloop
  endfacet
  facet normal 0 0 1
    outer loop
      vertex 64.7478 95.5 1.5
      vertex 63.5179 99.4801 1.5
      vertex 63.5309 99.2523 1.5
    endloop
  endfacet
  facet normal 0 0 1
    outer loop
      vertex 64.7478 95.5 1.5
      vertex 63.5053 99.698 1.5
      vertex 63.5179 99.4801 1.5
    endloop
  endfacet
  facet normal 0 0 1
    outer loop
      vertex 63.9951 103.646 1.5
      vertex 63.4934 99.9025 1.5
      vertex 63.5053 99.698 1.5
    endloop
  endfacet
  facet normal 0 0 1
    outer loop
      vertex 63.9951 103.646 1.5
      vertex 63.4823 100.09 1.5
      vertex 63.4934 99.9025 1.5
    endloop
  endfacet
  facet normal 0 0 1
    outer loop
      vertex 63.9951 103.646 1.5
      vertex 63.4761 100.182 1.5
      vertex 63.4823 100.09 1.5
    endloop
  endfacet
  facet normal 0 0 1
    outer loop
      vertex 63.9951 103.646 1.5
      vertex 63.4703 100.274 1.5
      vertex 63.4761 100.182 1.5
    endloop
  endfacet
  facet normal 0 0 1
    outer loop
      vertex 63.9951 103.646 1.5
      vertex 63.4649 100.364 1.5
      vertex 63.4703 100.274 1.5
    endloop
  endfacet
  facet normal 0 0 1
    outer loop
      vertex 63.9951 103.646 1.5
      vertex 63.4599 100.454 1.5
      vertex 63.4649 100.364 1.5
    endloop
  endfacet
  facet normal 0 0 1
    outer loop
      vertex 63.9951 103.646 1.5
      vertex 63.4551 100.543 1.5
      vertex 63.4599 100.454 1.5
    endloop
  endfacet
  facet normal 0 0 1
    outer loop
      vertex 63.9951 103.646 1.5
      vertex 63.4505 100.631 1.5
      vertex 63.4551 100.543 1.5
    endloop
  endfacet
  facet normal 0 0 1
    outer loop
      vertex 63.9951 103.646 1.5
      vertex 63.446 100.718 1.5
      vertex 63.4505 100.631 1.5
    endloop
  endfacet
  facet normal 0 0 1
    outer loop
      vertex 63.9951 103.646 1.5
      vertex 63.4374 100.89 1.5
      vertex 63.446 100.718 1.5
    endloop
  endfacet
  facet normal -0 0 1
    outer loop
      vertex 62.9374 103.646 1.5
      vertex 63.4374 100.89 1.5
      vertex 63.9951 103.646 1.5
    endloop
  endfacet
  facet normal 0 0 1
    outer loop
      vertex 63.4246 100.89 1.5
      vertex 63.4152 100.718 1.5
      vertex 63.4201 100.804 1.5
    endloop
  endfacet
  facet normal 0 0 1
    outer loop
      vertex 62.9374 103.646 1.5
      vertex 63.4152 100.718 1.5
      vertex 63.4246 100.89 1.5
    endloop
  endfacet
  facet normal 0 0 1
    outer loop
      vertex 63.4152 100.718 1.5
      vertex 62.9374 103.646 1.5
      vertex 63.4101 100.631 1.5
    endloop
  endfacet
  facet normal 0 0 1
    outer loop
      vertex 63.4101 100.631 1.5
      vertex 62.9374 103.646 1.5
      vertex 63.3995 100.454 1.5
    endloop
  endfacet
  facet normal 0 0 1
    outer loop
      vertex 63.3842 100.182 1.5
      vertex 63.3686 99.8996 1.5
      vertex 63.3797 100.09 1.5
    endloop
  endfacet
  facet normal 0 0 1
    outer loop
      vertex 62.9374 103.646 1.5
      vertex 63.3842 100.182 1.5
      vertex 63.3891 100.274 1.5
    endloop
  endfacet
  facet normal 0 0 1
    outer loop
      vertex 63.3842 100.182 1.5
      vertex 62.9374 103.646 1.5
      vertex 63.3686 99.8996 1.5
    endloop
  endfacet
  facet normal 0 0 1
    outer loop
      vertex 62.9374 103.646 1.5
      vertex 63.3891 100.274 1.5
      vertex 63.3942 100.364 1.5
    endloop
  endfacet
  facet normal 0 0 1
    outer loop
      vertex 63.3686 99.8996 1.5
      vertex 62.1783 95.5 1.5
      vertex 63.3438 99.4752 1.5
    endloop
  endfacet
  facet normal 0 0 1
    outer loop
      vertex 63.3438 99.4752 1.5
      vertex 62.1783 95.5 1.5
      vertex 63.3305 99.2477 1.5
    endloop
  endfacet
  facet normal 0 0 1
    outer loop
      vertex 63.3305 99.2477 1.5
      vertex 62.1783 95.5 1.5
      vertex 63.3166 99.0145 1.5
    endloop
  endfacet
  facet normal 0 0 1
    outer loop
      vertex 63.3995 100.454 1.5
      vertex 62.9374 103.646 1.5
      vertex 63.3942 100.364 1.5
    endloop
  endfacet
  facet normal 0 0 1
    outer loop
      vertex 63.3166 99.0145 1.5
      vertex 62.1783 95.5 1.5
      vertex 63.3023 98.7789 1.5
    endloop
  endfacet
  facet normal 0 0 1
    outer loop
      vertex 63.3023 98.7789 1.5
      vertex 62.1783 95.5 1.5
      vertex 63.2877 98.544 1.5
    endloop
  endfacet
  facet normal 0 0 1
    outer loop
      vertex 63.2877 98.544 1.5
      vertex 62.1783 95.5 1.5
      vertex 63.2728 98.3133 1.5
    endloop
  endfacet
  facet normal 0 0 1
    outer loop
      vertex 62.1783 95.5 1.5
      vertex 63.2066 96.9234 1.5
      vertex 63.2579 98.09 1.5
    endloop
  endfacet
  facet normal 0 0 1
    outer loop
      vertex 63.2728 98.3133 1.5
      vertex 62.1783 95.5 1.5
      vertex 63.2579 98.09 1.5
    endloop
  endfacet
  facet normal 0 0 1
    outer loop
      vertex 63.3686 99.8996 1.5
      vertex 62.9374 103.646 1.5
      vertex 62.1783 95.5 1.5
    endloop
  endfacet
  facet normal 0 0 1
    outer loop
      vertex 63.4374 100.89 1.5
      vertex 62.9374 103.646 1.5
      vertex 63.4246 100.89 1.5
    endloop
  endfacet
  facet normal -0 0 1
    outer loop
      vertex 63.2579 98.09 1.5
      vertex 63.6425 96.9234 1.5
      vertex 63.5977 98.09 1.5
    endloop
  endfacet
  facet normal 0 0 1
    outer loop
      vertex 63.6425 96.9234 1.5
      vertex 63.2579 98.09 1.5
      vertex 63.2066 96.9234 1.5
    endloop
  endfacet
  facet normal -0 0 1
    outer loop
      vertex 67.8982 96.3455 1.5
      vertex 68.4624 95.5 1.5
      vertex 68.4624 99.5011 1.5
    endloop
  endfacet
  facet normal 0 0 1
    outer loop
      vertex 68.4624 95.5 1.5
      vertex 67.8982 96.3455 1.5
      vertex 67.9153 95.5 1.5
    endloop
  endfacet
  facet normal -0 0 1
    outer loop
      vertex 67.5925 97.591 1.5
      vertex 67.8982 96.3455 1.5
      vertex 68.4624 99.5011 1.5
    endloop
  endfacet
  facet normal 0 0 1
    outer loop
      vertex 67.3469 96.8345 1.5
      vertex 67.8625 96.1646 1.5
      vertex 67.8918 96.3455 1.5
    endloop
  endfacet
  facet normal -0 0 1
    outer loop
      vertex 67.5786 97.3744 1.5
      vertex 67.8982 96.3455 1.5
      vertex 67.5925 97.591 1.5
    endloop
  endfacet
  facet normal -0 0 1
    outer loop
      vertex 67.5346 97.0603 1.5
      vertex 67.8982 96.3455 1.5
      vertex 67.5598 97.1983 1.5
    endloop
  endfacet
  facet normal -0 0 1
    outer loop
      vertex 67.502 96.9575 1.5
      vertex 67.8982 96.3455 1.5
      vertex 67.5346 97.0603 1.5
    endloop
  endfacet
  facet normal 0 0 1
    outer loop
      vertex 67.6024 97.8509 1.5
      vertex 68.4624 99.5011 1.5
      vertex 67.6098 98.1566 1.5
    endloop
  endfacet
  facet normal -0 0 1
    outer loop
      vertex 67.302 99.5011 1.5
      vertex 67.6098 98.1566 1.5
      vertex 68.4624 99.5011 1.5
    endloop
  endfacet
  facet normal 0 0 1
    outer loop
      vertex 67.6098 98.1566 1.5
      vertex 67.302 99.5011 1.5
      vertex 67.302 98.1566 1.5
    endloop
  endfacet
  facet normal 0 0 1
    outer loop
      vertex 67.5925 97.591 1.5
      vertex 68.4624 99.5011 1.5
      vertex 67.6024 97.8509 1.5
    endloop
  endfacet
  facet normal -0 0 1
    outer loop
      vertex 67.5598 97.1983 1.5
      vertex 67.8982 96.3455 1.5
      vertex 67.5786 97.3744 1.5
    endloop
  endfacet
  facet normal 0 0 1
    outer loop
      vertex 67.8982 96.3455 1.5
      vertex 67.502 96.9575 1.5
      vertex 67.8918 96.3455 1.5
    endloop
  endfacet
  facet normal -0 0 1
    outer loop
      vertex 67.4606 96.8874 1.5
      vertex 67.8918 96.3455 1.5
      vertex 67.502 96.9575 1.5
    endloop
  endfacet
  facet normal -0 0 1
    outer loop
      vertex 67.4093 96.8473 1.5
      vertex 67.8918 96.3455 1.5
      vertex 67.4606 96.8874 1.5
    endloop
  endfacet
  facet normal -0 0 1
    outer loop
      vertex 67.3469 96.8345 1.5
      vertex 67.8918 96.3455 1.5
      vertex 67.4093 96.8473 1.5
    endloop
  endfacet
  facet normal 0 0 1
    outer loop
      vertex 67.8625 96.1646 1.5
      vertex 67.3469 96.8345 1.5
      vertex 67.8178 95.9939 1.5
    endloop
  endfacet
  facet normal 0 0 1
    outer loop
      vertex 67.8178 95.9939 1.5
      vertex 67.3469 96.8345 1.5
      vertex 67.7584 95.8365 1.5
    endloop
  endfacet
  facet normal 0 0 1
    outer loop
      vertex 68.6712 95.5 1.5
      vertex 69.5366 96.9011 1.5
      vertex 69.5364 97.1152 1.5
    endloop
  endfacet
  facet normal 0 0 1
    outer loop
      vertex 69.5046 99.4011 1.5
      vertex 70.12 99.5345 1.5
      vertex 70.0909 99.8156 1.5
    endloop
  endfacet
  facet normal 0 0 1
    outer loop
      vertex 69.5046 99.4011 1.5
      vertex 70.0909 99.8156 1.5
      vertex 70.0593 100.102 1.5
    endloop
  endfacet
  facet normal 0 0 1
    outer loop
      vertex 69.4918 99.4011 1.5
      vertex 70.0593 100.102 1.5
      vertex 70.0258 100.393 1.5
    endloop
  endfacet
  facet normal 0 0 1
    outer loop
      vertex 69.4918 99.4011 1.5
      vertex 70.0258 100.393 1.5
      vertex 69.9906 100.685 1.5
    endloop
  endfacet
  facet normal 0 0 1
    outer loop
      vertex 69.4918 99.4011 1.5
      vertex 69.9906 100.685 1.5
      vertex 69.9543 100.978 1.5
    endloop
  endfacet
  facet normal 0 0 1
    outer loop
      vertex 69.4918 99.4011 1.5
      vertex 69.9543 100.978 1.5
      vertex 69.9173 101.269 1.5
    endloop
  endfacet
  facet normal 0 0 1
    outer loop
      vertex 70.12 99.5345 1.5
      vertex 69.8957 96.8234 1.5
      vertex 70.1147 95.5 1.5
    endloop
  endfacet
  facet normal 0 0 1
    outer loop
      vertex 69.4918 99.4011 1.5
      vertex 69.9173 101.269 1.5
      vertex 69.8799 101.556 1.5
    endloop
  endfacet
  facet normal 0 0 1
    outer loop
      vertex 70.12 99.5345 1.5
      vertex 69.8464 97.1133 1.5
      vertex 69.8957 96.8234 1.5
    endloop
  endfacet
  facet normal 0 0 1
    outer loop
      vertex 68.6712 103.612 1.5
      vertex 69.8799 101.556 1.5
      vertex 69.8427 101.838 1.5
    endloop
  endfacet
  facet normal 0 0 1
    outer loop
      vertex 68.6712 103.612 1.5
      vertex 69.8427 101.838 1.5
      vertex 69.8059 102.112 1.5
    endloop
  endfacet
  facet normal 0 0 1
    outer loop
      vertex 70.12 99.5345 1.5
      vertex 69.7972 97.399 1.5
      vertex 69.8464 97.1133 1.5
    endloop
  endfacet
  facet normal 0 0 1
    outer loop
      vertex 70.12 99.5345 1.5
      vertex 69.7487 97.6818 1.5
      vertex 69.7972 97.399 1.5
    endloop
  endfacet
  facet normal 0 0 1
    outer loop
      vertex 70.12 99.5345 1.5
      vertex 69.7015 97.9632 1.5
      vertex 69.7487 97.6818 1.5
    endloop
  endfacet
  facet normal 0 0 1
    outer loop
      vertex 70.12 99.5345 1.5
      vertex 69.6561 98.2448 1.5
      vertex 69.7015 97.9632 1.5
    endloop
  endfacet
  facet normal 0 0 1
    outer loop
      vertex 70.12 99.5345 1.5
      vertex 69.6131 98.5279 1.5
      vertex 69.6561 98.2448 1.5
    endloop
  endfacet
  facet normal -0 0 1
    outer loop
      vertex 68.6712 103.612 1.5
      vertex 69.8059 102.112 1.5
      vertex 69.6072 103.612 1.5
    endloop
  endfacet
  facet normal 0 0 1
    outer loop
      vertex 70.12 99.5345 1.5
      vertex 69.5732 98.814 1.5
      vertex 69.6131 98.5279 1.5
    endloop
  endfacet
  facet normal 0 0 1
    outer loop
      vertex 70.12 99.5345 1.5
      vertex 69.5368 99.1046 1.5
      vertex 69.5732 98.814 1.5
    endloop
  endfacet
  facet normal 0 0 1
    outer loop
      vertex 70.12 99.5345 1.5
      vertex 69.5046 99.4011 1.5
      vertex 69.5368 99.1046 1.5
    endloop
  endfacet
  facet normal 0 0 1
    outer loop
      vertex 70.0593 100.102 1.5
      vertex 69.4918 99.4011 1.5
      vertex 69.5046 99.4011 1.5
    endloop
  endfacet
  facet normal 0 0 1
    outer loop
      vertex 69.8799 101.556 1.5
      vertex 68.6712 103.612 1.5
      vertex 69.4918 99.4011 1.5
    endloop
  endfacet
  facet normal 0 0 1
    outer loop
      vertex 70.9534 103.612 1.5
      vertex 70.1329 99.5345 1.5
      vertex 70.9534 95.5 1.5
    endloop
  endfacet
  facet normal 0 0 1
    outer loop
      vertex 70.9534 103.612 1.5
      vertex 70.1229 99.8345 1.5
      vertex 70.1329 99.5345 1.5
    endloop
  endfacet
  facet normal 0 0 1
    outer loop
      vertex 70.9534 103.612 1.5
      vertex 70.1143 100.127 1.5
      vertex 70.1229 99.8345 1.5
    endloop
  endfacet
  facet normal 0 0 1
    outer loop
      vertex 70.9534 103.612 1.5
      vertex 70.107 100.413 1.5
      vertex 70.1143 100.127 1.5
    endloop
  endfacet
  facet normal 0 0 1
    outer loop
      vertex 70.9534 103.612 1.5
      vertex 70.101 100.693 1.5
      vertex 70.107 100.413 1.5
    endloop
  endfacet
  facet normal 0 0 1
    outer loop
      vertex 70.9534 103.612 1.5
      vertex 70.0962 100.966 1.5
      vertex 70.101 100.693 1.5
    endloop
  endfacet
  facet normal 0 0 1
    outer loop
      vertex 70.9534 103.612 1.5
      vertex 70.0925 101.233 1.5
      vertex 70.0962 100.966 1.5
    endloop
  endfacet
  facet normal 0 0 1
    outer loop
      vertex 70.9534 103.612 1.5
      vertex 70.09 101.495 1.5
      vertex 70.0925 101.233 1.5
    endloop
  endfacet
  facet normal 0 0 1
    outer loop
      vertex 70.9534 103.612 1.5
      vertex 70.0885 101.75 1.5
      vertex 70.09 101.495 1.5
    endloop
  endfacet
  facet normal 0 0 1
    outer loop
      vertex 70.088 102.001 1.5
      vertex 70.9534 103.612 1.5
      vertex 70.088 103.612 1.5
    endloop
  endfacet
  facet normal 0 0 1
    outer loop
      vertex 70.9534 103.612 1.5
      vertex 70.088 102.001 1.5
      vertex 70.0885 101.75 1.5
    endloop
  endfacet
  facet normal -0 0 1
    outer loop
      vertex 70.9534 95.5 1.5
      vertex 75 94.5 1.5
      vertex 75 95.5 1.5
    endloop
  endfacet
  facet normal 0 0 1
    outer loop
      vertex 70.1147 95.5 1.5
      vertex 70.1329 99.5345 1.5
      vertex 70.12 99.5345 1.5
    endloop
  endfacet
  facet normal 0 0 1
    outer loop
      vertex 70.1329 99.5345 1.5
      vertex 70.1147 95.5 1.5
      vertex 70.9534 95.5 1.5
    endloop
  endfacet
  facet normal -0 0 1
    outer loop
      vertex 70.1147 95.5 1.5
      vertex 75 94.5 1.5
      vertex 70.9534 95.5 1.5
    endloop
  endfacet
  facet normal -0 0 1
    outer loop
      vertex 69.5366 95.5 1.5
      vertex 75 94.5 1.5
      vertex 70.1147 95.5 1.5
    endloop
  endfacet
  facet normal 0 0 1
    outer loop
      vertex 68.6712 95.5 1.5
      vertex 69.5364 97.1152 1.5
      vertex 69.5354 97.3722 1.5
    endloop
  endfacet
  facet normal 0 0 1
    outer loop
      vertex 68.6712 95.5 1.5
      vertex 69.5354 97.3722 1.5
      vertex 69.5336 97.6604 1.5
    endloop
  endfacet
  facet normal 0 0 1
    outer loop
      vertex 68.6712 95.5 1.5
      vertex 69.5336 97.6604 1.5
      vertex 69.5306 97.9683 1.5
    endloop
  endfacet
  facet normal 0 0 1
    outer loop
      vertex 68.6712 95.5 1.5
      vertex 69.5306 97.9683 1.5
      vertex 69.5263 98.2845 1.5
    endloop
  endfacet
  facet normal 0 0 1
    outer loop
      vertex 68.6712 95.5 1.5
      vertex 69.5263 98.2845 1.5
      vertex 69.5205 98.5974 1.5
    endloop
  endfacet
  facet normal 0 0 1
    outer loop
      vertex 68.6712 95.5 1.5
      vertex 69.5205 98.5974 1.5
      vertex 69.5129 98.8955 1.5
    endloop
  endfacet
  facet normal 0 0 1
    outer loop
      vertex 68.6712 95.5 1.5
      vertex 69.5129 98.8955 1.5
      vertex 69.5034 99.1672 1.5
    endloop
  endfacet
  facet normal 0 0 1
    outer loop
      vertex 68.6712 95.5 1.5
      vertex 69.5034 99.1672 1.5
      vertex 69.4918 99.4011 1.5
    endloop
  endfacet
  facet normal 0 0 1
    outer loop
      vertex 68.6712 95.5 1.5
      vertex 69.4918 99.4011 1.5
      vertex 68.6712 103.612 1.5
    endloop
  endfacet
  facet normal 0 0 1
    outer loop
      vertex 69.5366 96.9011 1.5
      vertex 68.6712 95.5 1.5
      vertex 69.5366 95.5 1.5
    endloop
  endfacet
  facet normal -0 0 1
    outer loop
      vertex 68.6712 95.5 1.5
      vertex 75 94.5 1.5
      vertex 69.5366 95.5 1.5
    endloop
  endfacet
  facet normal -0 0 1
    outer loop
      vertex 68.4624 95.5 1.5
      vertex 75 94.5 1.5
      vertex 68.6712 95.5 1.5
    endloop
  endfacet
  facet normal -0 0 1
    outer loop
      vertex 67.9153 95.5 1.5
      vertex 75 94.5 1.5
      vertex 68.4624 95.5 1.5
    endloop
  endfacet
  facet normal -0 0 1
    outer loop
      vertex 67.5261 95.5 1.5
      vertex 75 94.5 1.5
      vertex 67.9153 95.5 1.5
    endloop
  endfacet
  facet normal 0 0 1
    outer loop
      vertex 66.6857 95.5134 1.5
      vertex 67.7584 95.8365 1.5
      vertex 67.3469 96.8345 1.5
    endloop
  endfacet
  facet normal 0 0 1
    outer loop
      vertex 67.7584 95.8365 1.5
      vertex 66.7061 95.5 1.5
      vertex 67.6851 95.6953 1.5
    endloop
  endfacet
  facet normal 0 0 1
    outer loop
      vertex 67.6851 95.6953 1.5
      vertex 66.7061 95.5 1.5
      vertex 67.5985 95.5732 1.5
    endloop
  endfacet
  facet normal 0 0 1
    outer loop
      vertex 66.6857 95.5134 1.5
      vertex 67.3469 96.8345 1.5
      vertex 67.2655 96.8638 1.5
    endloop
  endfacet
  facet normal 0 0 1
    outer loop
      vertex 66.6857 95.5134 1.5
      vertex 67.2655 96.8638 1.5
      vertex 67.2034 96.9534 1.5
    endloop
  endfacet
  facet normal 0 0 1
    outer loop
      vertex 66.6857 95.5134 1.5
      vertex 67.2034 96.9534 1.5
      vertex 67.1579 97.1061 1.5
    endloop
  endfacet
  facet normal -0 0 1
    outer loop
      vertex 66.3053 102.487 1.5
      vertex 67.2363 102.053 1.5
      vertex 66.4394 102.935 1.5
    endloop
  endfacet
  facet normal 0 0 1
    outer loop
      vertex 67.0935 100.588 1.5
      vertex 66.0855 100.438 1.5
      vertex 67.091 100.087 1.5
    endloop
  endfacet
  facet normal 0 0 1
    outer loop
      vertex 66.6857 95.5134 1.5
      vertex 67.0911 98.4028 1.5
      vertex 67.0902 98.9122 1.5
    endloop
  endfacet
  facet normal 0 0 1
    outer loop
      vertex 66.6857 95.5134 1.5
      vertex 67.0957 97.9703 1.5
      vertex 67.0911 98.4028 1.5
    endloop
  endfacet
  facet normal 0 0 1
    outer loop
      vertex 66.6857 95.5134 1.5
      vertex 67.1067 97.6118 1.5
      vertex 67.0957 97.9703 1.5
    endloop
  endfacet
  facet normal 0 0 1
    outer loop
      vertex 66.6857 95.5134 1.5
      vertex 67.1265 97.3246 1.5
      vertex 67.1067 97.6118 1.5
    endloop
  endfacet
  facet normal 0 0 1
    outer loop
      vertex 66.6857 95.5134 1.5
      vertex 67.1579 97.1061 1.5
      vertex 67.1265 97.3246 1.5
    endloop
  endfacet
  facet normal 0 0 1
    outer loop
      vertex 67.5985 95.5732 1.5
      vertex 66.7061 95.5 1.5
      vertex 67.5261 95.5 1.5
    endloop
  endfacet
  facet normal -0 0 1
    outer loop
      vertex 66.7061 95.5 1.5
      vertex 75 94.5 1.5
      vertex 67.5261 95.5 1.5
    endloop
  endfacet
  facet normal -0 0 1
    outer loop
      vertex 65.8472 95.5 1.5
      vertex 75 94.5 1.5
      vertex 66.7061 95.5 1.5
    endloop
  endfacet
  facet normal 0 0 1
    outer loop
      vertex 64.8343 95.5 1.5
      vertex 65.8472 95.5 1.5
      vertex 64.8343 103.612 1.5
    endloop
  endfacet
  facet normal -0 0 1
    outer loop
      vertex 64.8343 95.5 1.5
      vertex 75 94.5 1.5
      vertex 65.8472 95.5 1.5
    endloop
  endfacet
  facet normal -0 0 1
    outer loop
      vertex 64.7478 95.5 1.5
      vertex 75 94.5 1.5
      vertex 64.8343 95.5 1.5
    endloop
  endfacet
  facet normal -0 0 1
    outer loop
      vertex 63.5053 99.698 1.5
      vertex 64.7478 95.5 1.5
      vertex 63.9951 103.646 1.5
    endloop
  endfacet
  facet normal -0 0 1
    outer loop
      vertex 63.7318 95.5 1.5
      vertex 75 94.5 1.5
      vertex 64.7478 95.5 1.5
    endloop
  endfacet
  facet normal -0 0 1
    outer loop
      vertex 63.1233 95.5 1.5
      vertex 75 94.5 1.5
      vertex 63.7318 95.5 1.5
    endloop
  endfacet
  facet normal 0 0 1
    outer loop
      vertex 63.2066 96.9234 1.5
      vertex 62.1783 95.5 1.5
      vertex 63.1233 95.5 1.5
    endloop
  endfacet
  facet normal -0 0 1
    outer loop
      vertex 62.1783 95.5 1.5
      vertex 75 94.5 1.5
      vertex 63.1233 95.5 1.5
    endloop
  endfacet
  facet normal -0 0 1
    outer loop
      vertex 61.1382 95.5 1.5
      vertex 75 94.5 1.5
      vertex 62.1783 95.5 1.5
    endloop
  endfacet
  facet normal 0 0 1
    outer loop
      vertex 61.1382 97.9011 1.5
      vertex 60.1445 95.5 1.5
      vertex 61.1382 95.5 1.5
    endloop
  endfacet
  facet normal -0 0 1
    outer loop
      vertex 60.1445 95.5 1.5
      vertex 75 94.5 1.5
      vertex 61.1382 95.5 1.5
    endloop
  endfacet
  facet normal -0 0 1
    outer loop
      vertex 59.9063 95.5 1.5
      vertex 75 94.5 1.5
      vertex 60.1445 95.5 1.5
    endloop
  endfacet
  facet normal 0 0 1
    outer loop
      vertex 58.9631 99.8001 1.5
      vertex 59.9063 103.612 1.5
      vertex 58.9637 99.981 1.5
    endloop
  endfacet
  facet normal 0 0 1
    outer loop
      vertex 58.9622 99.6056 1.5
      vertex 59.9063 103.612 1.5
      vertex 58.9631 99.8001 1.5
    endloop
  endfacet
  facet normal 0 0 1
    outer loop
      vertex 59.9063 103.612 1.5
      vertex 58.9622 99.6056 1.5
      vertex 59.9063 95.5 1.5
    endloop
  endfacet
  facet normal -0 0 1
    outer loop
      vertex 58.9602 99.1864 1.5
      vertex 59.9063 95.5 1.5
      vertex 58.9622 99.6056 1.5
    endloop
  endfacet
  facet normal -0 0 1
    outer loop
      vertex 58.9592 98.9669 1.5
      vertex 59.9063 95.5 1.5
      vertex 58.9602 99.1864 1.5
    endloop
  endfacet
  facet normal -0 0 1
    outer loop
      vertex 58.9583 98.7445 1.5
      vertex 59.9063 95.5 1.5
      vertex 58.9592 98.9669 1.5
    endloop
  endfacet
  facet normal -0 0 1
    outer loop
      vertex 58.9577 98.5217 1.5
      vertex 59.9063 95.5 1.5
      vertex 58.9583 98.7445 1.5
    endloop
  endfacet
  facet normal -0 0 1
    outer loop
      vertex 58.9575 98.3011 1.5
      vertex 59.9063 95.5 1.5
      vertex 58.9577 98.5217 1.5
    endloop
  endfacet
  facet normal 0 0 1
    outer loop
      vertex 58.9575 95.5 1.5
      vertex 59.9063 95.5 1.5
      vertex 58.9575 98.3011 1.5
    endloop
  endfacet
  facet normal -0 0 1
    outer loop
      vertex 58.9575 95.5 1.5
      vertex 75 94.5 1.5
      vertex 59.9063 95.5 1.5
    endloop
  endfacet
  facet normal -0 0 1
    outer loop
      vertex 58.6264 95.5 1.5
      vertex 75 94.5 1.5
      vertex 58.9575 95.5 1.5
    endloop
  endfacet
  facet normal 0 0 1
    outer loop
      vertex 58.8611 98.4808 1.5
      vertex 57.9061 98.3122 1.5
      vertex 58.8485 98.3122 1.5
    endloop
  endfacet
  facet normal -0 0 1
    outer loop
      vertex 57.8036 100.123 1.5
      vertex 58.4446 99.2345 1.5
      vertex 58.1754 103.612 1.5
    endloop
  endfacet
  facet normal 0 0 1
    outer loop
      vertex 58.8485 98.3122 1.5
      vertex 58.1282 95.5 1.5
      vertex 58.6264 95.5 1.5
    endloop
  endfacet
  facet normal -0 0 1
    outer loop
      vertex 58.1282 95.5 1.5
      vertex 75 94.5 1.5
      vertex 58.6264 95.5 1.5
    endloop
  endfacet
  facet normal -0 0 1
    outer loop
      vertex 57.7971 95.5 1.5
      vertex 75 94.5 1.5
      vertex 58.1282 95.5 1.5
    endloop
  endfacet
  facet normal 0 0 1
    outer loop
      vertex 56.983 95.5 1.5
      vertex 57.7971 98.5458 1.5
      vertex 57.7971 98.7942 1.5
    endloop
  endfacet
  facet normal 0 0 1
    outer loop
      vertex 56.983 95.5 1.5
      vertex 57.7971 98.7942 1.5
      vertex 57.7969 99.0402 1.5
    endloop
  endfacet
  facet normal 0 0 1
    outer loop
      vertex 56.983 95.5 1.5
      vertex 57.7969 99.0402 1.5
      vertex 57.7966 99.2778 1.5
    endloop
  endfacet
  facet normal 0 0 1
    outer loop
      vertex 56.983 95.5 1.5
      vertex 57.7966 99.2778 1.5
      vertex 57.796 99.5006 1.5
    endloop
  endfacet
  facet normal 0 0 1
    outer loop
      vertex 56.983 95.5 1.5
      vertex 57.796 99.5006 1.5
      vertex 57.7952 99.7028 1.5
    endloop
  endfacet
  facet normal 0 0 1
    outer loop
      vertex 56.983 103.612 1.5
      vertex 57.7952 99.7028 1.5
      vertex 57.7941 99.878 1.5
    endloop
  endfacet
  facet normal 0 0 1
    outer loop
      vertex 56.983 103.612 1.5
      vertex 57.7941 99.878 1.5
      vertex 57.7926 100.02 1.5
    endloop
  endfacet
  facet normal 0 0 1
    outer loop
      vertex 56.983 103.612 1.5
      vertex 57.7926 100.02 1.5
      vertex 57.7907 100.123 1.5
    endloop
  endfacet
  facet normal 0 0 1
    outer loop
      vertex 57.7952 99.7028 1.5
      vertex 56.983 103.612 1.5
      vertex 56.983 95.5 1.5
    endloop
  endfacet
  facet normal 0 0 1
    outer loop
      vertex 57.7971 98.5458 1.5
      vertex 56.983 95.5 1.5
      vertex 57.7971 95.5 1.5
    endloop
  endfacet
  facet normal -0 0 1
    outer loop
      vertex 56.983 95.5 1.5
      vertex 75 94.5 1.5
      vertex 57.7971 95.5 1.5
    endloop
  endfacet
  facet normal -0 0 1
    outer loop
      vertex 56.9286 95.5 1.5
      vertex 75 94.5 1.5
      vertex 56.983 95.5 1.5
    endloop
  endfacet
  facet normal -0 0 1
    outer loop
      vertex 55.6861 99.698 1.5
      vertex 56.9286 95.5 1.5
      vertex 56.1758 103.646 1.5
    endloop
  endfacet
  facet normal -0 0 1
    outer loop
      vertex 55.9125 95.5 1.5
      vertex 75 94.5 1.5
      vertex 56.9286 95.5 1.5
    endloop
  endfacet
  facet normal -0 0 1
    outer loop
      vertex 55.304 95.5 1.5
      vertex 75 94.5 1.5
      vertex 55.9125 95.5 1.5
    endloop
  endfacet
  facet normal 0 0 1
    outer loop
      vertex 55.3873 96.9234 1.5
      vertex 54.3591 95.5 1.5
      vertex 55.304 95.5 1.5
    endloop
  endfacet
  facet normal -0 0 1
    outer loop
      vertex 54.3591 95.5 1.5
      vertex 75 94.5 1.5
      vertex 55.304 95.5 1.5
    endloop
  endfacet
  facet normal -0 0 1
    outer loop
      vertex 53.8082 95.5 1.5
      vertex 75 94.5 1.5
      vertex 54.3591 95.5 1.5
    endloop
  endfacet
  facet normal 0 0 1
    outer loop
      vertex 54.4516 97.9967 1.5
      vertex 53.5019 97.7752 1.5
      vertex 54.4203 97.4534 1.5
    endloop
  endfacet
  facet normal 0 0 1
    outer loop
      vertex 53.4741 97.2484 1.5
      vertex 54.4203 97.4534 1.5
      vertex 53.4902 97.4752 1.5
    endloop
  endfacet
  facet normal -0 0 1
    outer loop
      vertex 53.4527 97.0851 1.5
      vertex 54.3699 96.9485 1.5
      vertex 53.4741 97.2484 1.5
    endloop
  endfacet
  facet normal -0 0 1
    outer loop
      vertex 53.3907 96.9089 1.5
      vertex 54.2937 96.4923 1.5
      vertex 53.4252 96.9752 1.5
    endloop
  endfacet
  facet normal -0 0 1
    outer loop
      vertex 53.3484 96.8764 1.5
      vertex 54.185 96.0955 1.5
      vertex 53.3907 96.9089 1.5
    endloop
  endfacet
  facet normal 0 0 1
    outer loop
      vertex 54.185 96.0955 1.5
      vertex 53.3484 96.8764 1.5
      vertex 54.037 95.7686 1.5
    endloop
  endfacet
  facet normal -0 0 1
    outer loop
      vertex 53.2974 96.8678 1.5
      vertex 54.037 95.7686 1.5
      vertex 53.3484 96.8764 1.5
    endloop
  endfacet
  facet normal 0 -0 1
    outer loop
      vertex 53.8082 95.5 1.5
      vertex 54.037 95.7686 1.5
      vertex 53.2974 96.8678 1.5
    endloop
  endfacet
  facet normal 0 0 1
    outer loop
      vertex 54.037 95.7686 1.5
      vertex 53.8082 95.5 1.5
      vertex 53.8432 95.5221 1.5
    endloop
  endfacet
  facet normal 0 0 1
    outer loop
      vertex 52.7871 95.5 1.5
      vertex 53.2974 96.8678 1.5
      vertex 53.2399 96.8915 1.5
    endloop
  endfacet
  facet normal 0 0 1
    outer loop
      vertex 52.7871 95.5 1.5
      vertex 53.2399 96.8915 1.5
      vertex 53.1948 96.9671 1.5
    endloop
  endfacet
  facet normal 0 0 1
    outer loop
      vertex 52.6003 103.285 1.5
      vertex 53.0279 103.647 1.5
      vertex 52.7978 103.515 1.5
    endloop
  endfacet
  facet normal 0 0 1
    outer loop
      vertex 53.2321 102.055 1.5
      vertex 52.3007 102.51 1.5
      vertex 53.1866 101.979 1.5
    endloop
  endfacet
  facet normal 0 0 1
    outer loop
      vertex 52.0809 100.452 1.5
      vertex 53.1001 100.615 1.5
      vertex 52.1243 101.267 1.5
    endloop
  endfacet
  facet normal 0 0 1
    outer loop
      vertex 53.0992 98.8782 1.5
      vertex 52.7871 95.5 1.5
      vertex 53.1016 98.3532 1.5
    endloop
  endfacet
  facet normal 0 0 1
    outer loop
      vertex 53.1016 98.3532 1.5
      vertex 52.7871 95.5 1.5
      vertex 53.1075 97.9196 1.5
    endloop
  endfacet
  facet normal 0 0 1
    outer loop
      vertex 53.1075 97.9196 1.5
      vertex 52.7871 95.5 1.5
      vertex 53.1182 97.5708 1.5
    endloop
  endfacet
  facet normal 0 0 1
    outer loop
      vertex 52.7871 95.5 1.5
      vertex 53.1354 97.3001 1.5
      vertex 53.1182 97.5708 1.5
    endloop
  endfacet
  facet normal 0 0 1
    outer loop
      vertex 52.7871 95.5 1.5
      vertex 53.1604 97.1011 1.5
      vertex 53.1354 97.3001 1.5
    endloop
  endfacet
  facet normal 0 0 1
    outer loop
      vertex 52.7871 95.5 1.5
      vertex 53.1948 96.9671 1.5
      vertex 53.1604 97.1011 1.5
    endloop
  endfacet
  facet normal 0 0 1
    outer loop
      vertex 53.2974 96.8678 1.5
      vertex 52.7871 95.5 1.5
      vertex 53.8082 95.5 1.5
    endloop
  endfacet
  facet normal -0 0 1
    outer loop
      vertex 52.7871 95.5 1.5
      vertex 75 94.5 1.5
      vertex 53.8082 95.5 1.5
    endloop
  endfacet
  facet normal -0 0 1
    outer loop
      vertex 50.816 95.5 1.5
      vertex 75 94.5 1.5
      vertex 52.7871 95.5 1.5
    endloop
  endfacet
  facet normal 0 0 1
    outer loop
      vertex 50.3428 100.057 1.5
      vertex 51.383 103.612 1.5
      vertex 50.3509 100.279 1.5
    endloop
  endfacet
  facet normal 0 0 1
    outer loop
      vertex 50.3355 99.854 1.5
      vertex 51.383 103.612 1.5
      vertex 50.3428 100.057 1.5
    endloop
  endfacet
  facet normal 0 0 1
    outer loop
      vertex 50.3288 99.6645 1.5
      vertex 51.383 103.612 1.5
      vertex 50.3355 99.854 1.5
    endloop
  endfacet
  facet normal 0 0 1
    outer loop
      vertex 50.3226 99.4826 1.5
      vertex 51.383 103.612 1.5
      vertex 50.3288 99.6645 1.5
    endloop
  endfacet
  facet normal 0 0 1
    outer loop
      vertex 50.3167 99.3027 1.5
      vertex 51.383 103.612 1.5
      vertex 50.3226 99.4826 1.5
    endloop
  endfacet
  facet normal 0 0 1
    outer loop
      vertex 51.383 103.612 1.5
      vertex 50.3167 99.3027 1.5
      vertex 50.816 95.5 1.5
    endloop
  endfacet
  facet normal -0 0 1
    outer loop
      vertex 50.311 99.1192 1.5
      vertex 50.816 95.5 1.5
      vertex 50.3167 99.3027 1.5
    endloop
  endfacet
  facet normal -0 0 1
    outer loop
      vertex 50.3053 98.9264 1.5
      vertex 50.816 95.5 1.5
      vertex 50.311 99.1192 1.5
    endloop
  endfacet
  facet normal -0 0 1
    outer loop
      vertex 50.2994 98.7185 1.5
      vertex 50.816 95.5 1.5
      vertex 50.3053 98.9264 1.5
    endloop
  endfacet
  facet normal -0 0 1
    outer loop
      vertex 50.2932 98.49 1.5
      vertex 50.816 95.5 1.5
      vertex 50.2994 98.7185 1.5
    endloop
  endfacet
  facet normal 0 0 1
    outer loop
      vertex 49.8688 95.5 1.5
      vertex 50.2932 98.49 1.5
      vertex 50.2867 98.49 1.5
    endloop
  endfacet
  facet normal 0 0 1
    outer loop
      vertex 49.6329 99.9122 1.5
      vertex 50.2803 98.7131 1.5
      vertex 50.2737 98.9188 1.5
    endloop
  endfacet
  facet normal 0 0 1
    outer loop
      vertex 49.6329 99.9122 1.5
      vertex 50.2737 98.9188 1.5
      vertex 50.2668 99.1122 1.5
    endloop
  endfacet
  facet normal 0 0 1
    outer loop
      vertex 49.6329 99.9122 1.5
      vertex 50.2668 99.1122 1.5
      vertex 50.2594 99.2982 1.5
    endloop
  endfacet
  facet normal 0 0 1
    outer loop
      vertex 49.6329 99.9122 1.5
      vertex 50.2594 99.2982 1.5
      vertex 50.2514 99.4818 1.5
    endloop
  endfacet
  facet normal 0 0 1
    outer loop
      vertex 49.6329 99.9122 1.5
      vertex 50.2514 99.4818 1.5
      vertex 50.2426 99.6678 1.5
    endloop
  endfacet
  facet normal 0 0 1
    outer loop
      vertex 49.6329 99.9122 1.5
      vertex 50.2426 99.6678 1.5
      vertex 50.2328 99.8612 1.5
    endloop
  endfacet
  facet normal -0 0 1
    outer loop
      vertex 49.6329 99.9122 1.5
      vertex 50.2328 99.8612 1.5
      vertex 50.222 100.067 1.5
    endloop
  endfacet
  facet normal 0 0 1
    outer loop
      vertex 49.6329 99.9122 1.5
      vertex 50.222 100.067 1.5
      vertex 50.2098 100.29 1.5
    endloop
  endfacet
  facet normal -0 0 1
    outer loop
      vertex 49.3572 103.612 1.5
      vertex 50.2098 100.29 1.5
      vertex 50.0432 103.612 1.5
    endloop
  endfacet
  facet normal 0 0 1
    outer loop
      vertex 49.6329 99.9122 1.5
      vertex 50.2867 98.49 1.5
      vertex 50.2803 98.7131 1.5
    endloop
  endfacet
  facet normal 0 0 1
    outer loop
      vertex 50.2932 98.49 1.5
      vertex 49.8688 95.5 1.5
      vertex 50.816 95.5 1.5
    endloop
  endfacet
  facet normal -0 0 1
    outer loop
      vertex 49.8688 95.5 1.5
      vertex 75 94.5 1.5
      vertex 50.816 95.5 1.5
    endloop
  endfacet
  facet normal -0 0 1
    outer loop
      vertex 49.3841 95.5 1.5
      vertex 75 94.5 1.5
      vertex 49.8688 95.5 1.5
    endloop
  endfacet
  facet normal 0 0 1
    outer loop
      vertex 49.0495 98.49 1.5
      vertex 49.62 99.9122 1.5
      vertex 49.1392 100.257 1.5
    endloop
  endfacet
  facet normal 0 0 1
    outer loop
      vertex 49.62 99.9122 1.5
      vertex 49.0495 98.49 1.5
      vertex 49.3841 95.5 1.5
    endloop
  endfacet
  facet normal 0 0 1
    outer loop
      vertex 49.0544 98.6597 1.5
      vertex 49.0461 98.5643 1.5
      vertex 49.0495 98.49 1.5
    endloop
  endfacet
  facet normal 0 0 1
    outer loop
      vertex 49.0431 98.49 1.5
      vertex 49.0495 98.49 1.5
      vertex 49.0461 98.5643 1.5
    endloop
  endfacet
  facet normal -0 0 1
    outer loop
      vertex 49.0431 98.49 1.5
      vertex 49.3841 95.5 1.5
      vertex 49.0495 98.49 1.5
    endloop
  endfacet
  facet normal 0 0 1
    outer loop
      vertex 48.437 95.5 1.5
      vertex 49.0386 98.7086 1.5
      vertex 49.0337 98.9204 1.5
    endloop
  endfacet
  facet normal 0 0 1
    outer loop
      vertex 48.437 95.5 1.5
      vertex 49.0337 98.9204 1.5
      vertex 49.0284 99.1258 1.5
    endloop
  endfacet
  facet normal 0 0 1
    outer loop
      vertex 48.437 95.5 1.5
      vertex 49.0284 99.1258 1.5
      vertex 49.0228 99.3255 1.5
    endloop
  endfacet
  facet normal 0 0 1
    outer loop
      vertex 47.8763 103.612 1.5
      vertex 49.0228 99.3255 1.5
      vertex 49.0169 99.52 1.5
    endloop
  endfacet
  facet normal 0 0 1
    outer loop
      vertex 47.8763 103.612 1.5
      vertex 49.0169 99.52 1.5
      vertex 49.0108 99.7098 1.5
    endloop
  endfacet
  facet normal 0 0 1
    outer loop
      vertex 47.8763 103.612 1.5
      vertex 49.0108 99.7098 1.5
      vertex 49.0046 99.8954 1.5
    endloop
  endfacet
  facet normal 0 0 1
    outer loop
      vertex 47.8763 103.612 1.5
      vertex 49.0046 99.8954 1.5
      vertex 48.9982 100.078 1.5
    endloop
  endfacet
  facet normal 0 0 1
    outer loop
      vertex 47.8763 103.612 1.5
      vertex 48.9982 100.078 1.5
      vertex 48.9918 100.257 1.5
    endloop
  endfacet
  facet normal -0 0 1
    outer loop
      vertex 47.8763 103.612 1.5
      vertex 48.9918 100.257 1.5
      vertex 48.8636 103.612 1.5
    endloop
  endfacet
  facet normal 0 0 1
    outer loop
      vertex 49.0386 98.7086 1.5
      vertex 48.437 95.5 1.5
      vertex 49.0431 98.49 1.5
    endloop
  endfacet
  facet normal 0 0 1
    outer loop
      vertex 48.437 95.5 1.5
      vertex 49.3841 95.5 1.5
      vertex 49.0431 98.49 1.5
    endloop
  endfacet
  facet normal -0 0 1
    outer loop
      vertex 48.437 95.5 1.5
      vertex 75 94.5 1.5
      vertex 49.3841 95.5 1.5
    endloop
  endfacet
  facet normal -0 0 1
    outer loop
      vertex 47.2344 95.5 1.5
      vertex 75 94.5 1.5
      vertex 48.437 95.5 1.5
    endloop
  endfacet
  facet normal 0 0 1
    outer loop
      vertex 46.7305 103.69 1.5
      vertex 47.2235 103.515 1.5
      vertex 46.9926 103.647 1.5
    endloop
  endfacet
  facet normal 0 0 1
    outer loop
      vertex 47.9132 97.7357 1.5
      vertex 46.9155 97.5479 1.5
      vertex 47.8369 97.0522 1.5
    endloop
  endfacet
  facet normal -0 0 1
    outer loop
      vertex 46.8978 97.2819 1.5
      vertex 47.8369 97.0522 1.5
      vertex 46.9155 97.5479 1.5
    endloop
  endfacet
  facet normal -0 0 1
    outer loop
      vertex 46.872 97.0888 1.5
      vertex 47.8369 97.0522 1.5
      vertex 46.8978 97.2819 1.5
    endloop
  endfacet
  facet normal 0 0 1
    outer loop
      vertex 46.8365 96.9607 1.5
      vertex 47.8369 97.0522 1.5
      vertex 46.872 97.0888 1.5
    endloop
  endfacet
  facet normal 0 0 1
    outer loop
      vertex 47.8369 97.0522 1.5
      vertex 46.8365 96.9607 1.5
      vertex 47.7299 96.4923 1.5
    endloop
  endfacet
  facet normal -0 0 1
    outer loop
      vertex 46.7899 96.8897 1.5
      vertex 47.7299 96.4923 1.5
      vertex 46.8365 96.9607 1.5
    endloop
  endfacet
  facet normal 0 0 1
    outer loop
      vertex 47.7299 96.4923 1.5
      vertex 46.7899 96.8897 1.5
      vertex 47.5921 96.0495 1.5
    endloop
  endfacet
  facet normal -0 0 1
    outer loop
      vertex 46.7305 96.8678 1.5
      vertex 47.5921 96.0495 1.5
      vertex 46.7899 96.8897 1.5
    endloop
  endfacet
  facet normal 0 0 1
    outer loop
      vertex 47.5921 96.0495 1.5
      vertex 46.7305 96.8678 1.5
      vertex 47.4233 95.7168 1.5
    endloop
  endfacet
  facet normal 0 0 1
    outer loop
      vertex 47.4233 95.7168 1.5
      vertex 46.7305 96.8678 1.5
      vertex 47.2344 95.5 1.5
    endloop
  endfacet
  facet normal 0 0 1
    outer loop
      vertex 46.224 95.5 1.5
      vertex 46.7305 96.8678 1.5
      vertex 46.6711 96.8897 1.5
    endloop
  endfacet
  facet normal 0 0 1
    outer loop
      vertex 46.224 95.5 1.5
      vertex 46.6711 96.8897 1.5
      vertex 46.6245 96.9607 1.5
    endloop
  endfacet
  facet normal 0 0 1
    outer loop
      vertex 46.5455 101.431 1.5
      vertex 45.547 101.267 1.5
      vertex 46.5344 101.093 1.5
    endloop
  endfacet
  facet normal 0 0 1
    outer loop
      vertex 46.5344 101.093 1.5
      vertex 45.547 101.267 1.5
      vertex 46.5284 100.664 1.5
    endloop
  endfacet
  facet normal 0 0 1
    outer loop
      vertex 45.5018 100.452 1.5
      vertex 46.5284 100.664 1.5
      vertex 45.547 101.267 1.5
    endloop
  endfacet
  facet normal 0 0 1
    outer loop
      vertex 46.5258 98.8636 1.5
      vertex 46.224 95.5 1.5
      vertex 46.5284 98.3309 1.5
    endloop
  endfacet
  facet normal 0 0 1
    outer loop
      vertex 46.5284 98.3309 1.5
      vertex 46.224 95.5 1.5
      vertex 46.5344 97.895 1.5
    endloop
  endfacet
  facet normal 0 0 1
    outer loop
      vertex 46.5344 97.895 1.5
      vertex 46.224 95.5 1.5
      vertex 46.5455 97.5479 1.5
    endloop
  endfacet
  facet normal 0 0 1
    outer loop
      vertex 46.224 95.5 1.5
      vertex 46.5632 97.2819 1.5
      vertex 46.5455 97.5479 1.5
    endloop
  endfacet
  facet normal 0 0 1
    outer loop
      vertex 46.224 95.5 1.5
      vertex 46.589 97.0888 1.5
      vertex 46.5632 97.2819 1.5
    endloop
  endfacet
  facet normal 0 0 1
    outer loop
      vertex 46.224 95.5 1.5
      vertex 46.6245 96.9607 1.5
      vertex 46.589 97.0888 1.5
    endloop
  endfacet
  facet normal 0 0 1
    outer loop
      vertex 46.7305 96.8678 1.5
      vertex 46.224 95.5 1.5
      vertex 47.2344 95.5 1.5
    endloop
  endfacet
  facet normal -0 0 1
    outer loop
      vertex 46.224 95.5 1.5
      vertex 75 94.5 1.5
      vertex 47.2344 95.5 1.5
    endloop
  endfacet
  facet normal -0 0 1
    outer loop
      vertex 44.4535 95.5 1.5
      vertex 75 94.5 1.5
      vertex 46.224 95.5 1.5
    endloop
  endfacet
  facet normal 0 0 1
    outer loop
      vertex 44.3067 97.2433 1.5
      vertex 45.3216 97.5125 1.5
      vertex 44.3378 97.5066 1.5
    endloop
  endfacet
  facet normal 0 0 1
    outer loop
      vertex 45.3216 97.5125 1.5
      vertex 44.3067 97.2433 1.5
      vertex 45.2162 96.8155 1.5
    endloop
  endfacet
  facet normal -0 0 1
    outer loop
      vertex 44.2627 97.055 1.5
      vertex 45.2162 96.8155 1.5
      vertex 44.3067 97.2433 1.5
    endloop
  endfacet
  facet normal -0 0 1
    outer loop
      vertex 44.2034 96.9323 1.5
      vertex 45.2162 96.8155 1.5
      vertex 44.2627 97.055 1.5
    endloop
  endfacet
  facet normal 0 0 1
    outer loop
      vertex 45.2162 96.8155 1.5
      vertex 44.2034 96.9323 1.5
      vertex 45.0726 96.287 1.5
    endloop
  endfacet
  facet normal -0 0 1
    outer loop
      vertex 44.1268 96.8656 1.5
      vertex 45.0726 96.287 1.5
      vertex 44.2034 96.9323 1.5
    endloop
  endfacet
  facet normal 0 0 1
    outer loop
      vertex 45.0726 96.287 1.5
      vertex 44.1268 96.8656 1.5
      vertex 44.8932 95.9046 1.5
    endloop
  endfacet
  facet normal 0 0 1
    outer loop
      vertex 44.8932 95.9046 1.5
      vertex 44.1268 96.8656 1.5
      vertex 44.6803 95.646 1.5
    endloop
  endfacet
  facet normal -0 0 1
    outer loop
      vertex 44.0305 96.8455 1.5
      vertex 44.6803 95.646 1.5
      vertex 44.1268 96.8656 1.5
    endloop
  endfacet
  facet normal 0 0 1
    outer loop
      vertex 44.6803 95.646 1.5
      vertex 44.0305 96.8455 1.5
      vertex 44.4535 95.5 1.5
    endloop
  endfacet
  facet normal -0 0 1
    outer loop
      vertex 43.9599 96.8455 1.5
      vertex 44.4535 95.5 1.5
      vertex 44.0305 96.8455 1.5
    endloop
  endfacet
  facet normal 0 0 1
    outer loop
      vertex 42.947 95.5 1.5
      vertex 43.9599 102.101 1.5
      vertex 42.947 103.612 1.5
    endloop
  endfacet
  facet normal 0 0 1
    outer loop
      vertex 43.9599 102.101 1.5
      vertex 42.947 95.5 1.5
      vertex 43.9599 96.8455 1.5
    endloop
  endfacet
  facet normal 0 0 1
    outer loop
      vertex 42.947 95.5 1.5
      vertex 44.4535 95.5 1.5
      vertex 43.9599 96.8455 1.5
    endloop
  endfacet
  facet normal -0 0 1
    outer loop
      vertex 42.947 95.5 1.5
      vertex 75 94.5 1.5
      vertex 44.4535 95.5 1.5
    endloop
  endfacet
  facet normal -0 0 1
    outer loop
      vertex 42.8926 95.5 1.5
      vertex 75 94.5 1.5
      vertex 42.947 95.5 1.5
    endloop
  endfacet
  facet normal -0 0 1
    outer loop
      vertex 41.6501 99.698 1.5
      vertex 42.8926 95.5 1.5
      vertex 42.1399 103.646 1.5
    endloop
  endfacet
  facet normal -0 0 1
    outer loop
      vertex 41.8766 95.5 1.5
      vertex 75 94.5 1.5
      vertex 42.8926 95.5 1.5
    endloop
  endfacet
  facet normal -0 0 1
    outer loop
      vertex 41.2681 95.5 1.5
      vertex 75 94.5 1.5
      vertex 41.8766 95.5 1.5
    endloop
  endfacet
  facet normal 0 0 1
    outer loop
      vertex 41.3514 96.9234 1.5
      vertex 40.3231 95.5 1.5
      vertex 41.2681 95.5 1.5
    endloop
  endfacet
  facet normal -0 0 1
    outer loop
      vertex 40.3231 95.5 1.5
      vertex 75 94.5 1.5
      vertex 41.2681 95.5 1.5
    endloop
  endfacet
  facet normal -0 0 1
    outer loop
      vertex 40.2731 95.5 1.5
      vertex 75 94.5 1.5
      vertex 40.3231 95.5 1.5
    endloop
  endfacet
  facet normal 0 0 1
    outer loop
      vertex 39.2602 99.0455 1.5
      vertex 40.2731 103.612 1.5
      vertex 39.2602 100.446 1.5
    endloop
  endfacet
  facet normal 0 0 1
    outer loop
      vertex 40.2731 103.612 1.5
      vertex 39.2602 99.0455 1.5
      vertex 40.2731 95.5 1.5
    endloop
  endfacet
  facet normal 0 0 1
    outer loop
      vertex 39.2602 95.5 1.5
      vertex 40.2731 95.5 1.5
      vertex 39.2602 99.0455 1.5
    endloop
  endfacet
  facet normal -0 0 1
    outer loop
      vertex 39.2602 95.5 1.5
      vertex 75 94.5 1.5
      vertex 40.2731 95.5 1.5
    endloop
  endfacet
  facet normal -0 0 1
    outer loop
      vertex 38.914 95.5 1.5
      vertex 75 94.5 1.5
      vertex 39.2602 95.5 1.5
    endloop
  endfacet
  facet normal 0 0 1
    outer loop
      vertex 38.914 99.0455 1.5
      vertex 37.9011 95.5 1.5
      vertex 38.914 95.5 1.5
    endloop
  endfacet
  facet normal -0 0 1
    outer loop
      vertex 37.9011 95.5 1.5
      vertex 75 94.5 1.5
      vertex 38.914 95.5 1.5
    endloop
  endfacet
  facet normal -0 0 1
    outer loop
      vertex 37.1262 95.5 1.5
      vertex 75 94.5 1.5
      vertex 37.9011 95.5 1.5
    endloop
  endfacet
  facet normal 0 0 1
    outer loop
      vertex 36.7447 97.5234 1.5
      vertex 37.0849 99.8527 1.5
      vertex 36.96 100.068 1.5
    endloop
  endfacet
  facet normal 0 0 1
    outer loop
      vertex 36.7447 97.5234 1.5
      vertex 36.96 100.068 1.5
      vertex 36.8613 100.235 1.5
    endloop
  endfacet
  facet normal 0 0 1
    outer loop
      vertex 36.3606 98.5646 1.5
      vertex 36.8613 100.235 1.5
      vertex 36.7673 100.397 1.5
    endloop
  endfacet
  facet normal -0 0 1
    outer loop
      vertex 36.6906 96.8686 1.5
      vertex 37.6872 96.6058 1.5
      vertex 36.7136 96.9315 1.5
    endloop
  endfacet
  facet normal -0 0 1
    outer loop
      vertex 36.6627 96.8196 1.5
      vertex 37.6872 96.6058 1.5
      vertex 36.6906 96.8686 1.5
    endloop
  endfacet
  facet normal 0 0 1
    outer loop
      vertex 37.6872 96.6058 1.5
      vertex 36.6627 96.8196 1.5
      vertex 37.6112 96.2686 1.5
    endloop
  endfacet
  facet normal -0 0 1
    outer loop
      vertex 36.6299 96.7846 1.5
      vertex 37.6112 96.2686 1.5
      vertex 36.6627 96.8196 1.5
    endloop
  endfacet
  facet normal 0 0 1
    outer loop
      vertex 37.6112 96.2686 1.5
      vertex 36.6299 96.7846 1.5
      vertex 37.5055 95.9806 1.5
    endloop
  endfacet
  facet normal -0 0 1
    outer loop
      vertex 36.5922 96.7636 1.5
      vertex 37.5055 95.9806 1.5
      vertex 36.6299 96.7846 1.5
    endloop
  endfacet
  facet normal 0 0 1
    outer loop
      vertex 37.5055 95.9806 1.5
      vertex 36.5922 96.7636 1.5
      vertex 37.3703 95.7427 1.5
    endloop
  endfacet
  facet normal 0 0 1
    outer loop
      vertex 37.3703 95.7427 1.5
      vertex 36.5922 96.7636 1.5
      vertex 37.2062 95.5559 1.5
    endloop
  endfacet
  facet normal 0 0 1
    outer loop
      vertex 37.2062 95.5559 1.5
      vertex 36.5922 96.7636 1.5
      vertex 37.1262 95.5 1.5
    endloop
  endfacet
  facet normal -0 0 1
    outer loop
      vertex 36.5497 96.7567 1.5
      vertex 37.1262 95.5 1.5
      vertex 36.5922 96.7636 1.5
    endloop
  endfacet
  facet normal 0 0 1
    outer loop
      vertex 35.9605 95.5 1.5
      vertex 36.5497 96.7567 1.5
      vertex 36.4891 96.7674 1.5
    endloop
  endfacet
  facet normal 0 0 1
    outer loop
      vertex 35.7804 95.6818 1.5
      vertex 36.4891 96.7674 1.5
      vertex 36.4391 96.8032 1.5
    endloop
  endfacet
  facet normal 0 0 1
    outer loop
      vertex 35.7804 95.6818 1.5
      vertex 36.4391 96.8032 1.5
      vertex 36.3982 96.8694 1.5
    endloop
  endfacet
  facet normal -0 0 1
    outer loop
      vertex 35.3316 98.09 1.5
      vertex 36.2826 97.8414 1.5
      vertex 36.2676 98.2011 1.5
    endloop
  endfacet
  facet normal 0 0 1
    outer loop
      vertex 35.7804 95.6818 1.5
      vertex 36.2984 97.5439 1.5
      vertex 36.2826 97.8414 1.5
    endloop
  endfacet
  facet normal 0 0 1
    outer loop
      vertex 35.7804 95.6818 1.5
      vertex 36.3165 97.3032 1.5
      vertex 36.2984 97.5439 1.5
    endloop
  endfacet
  facet normal 0 0 1
    outer loop
      vertex 35.7804 95.6818 1.5
      vertex 36.3383 97.1141 1.5
      vertex 36.3165 97.3032 1.5
    endloop
  endfacet
  facet normal 0 0 1
    outer loop
      vertex 35.7804 95.6818 1.5
      vertex 36.365 96.9713 1.5
      vertex 36.3383 97.1141 1.5
    endloop
  endfacet
  facet normal 0 0 1
    outer loop
      vertex 35.7804 95.6818 1.5
      vertex 36.3982 96.8694 1.5
      vertex 36.365 96.9713 1.5
    endloop
  endfacet
  facet normal 0 0 1
    outer loop
      vertex 36.5497 96.7567 1.5
      vertex 35.9605 95.5 1.5
      vertex 37.1262 95.5 1.5
    endloop
  endfacet
  facet normal -0 0 1
    outer loop
      vertex 35.9605 95.5 1.5
      vertex 75 94.5 1.5
      vertex 37.1262 95.5 1.5
    endloop
  endfacet
  facet normal -0 0 1
    outer loop
      vertex 33.8082 95.5 1.5
      vertex 75 94.5 1.5
      vertex 35.9605 95.5 1.5
    endloop
  endfacet
  facet normal 0 0 1
    outer loop
      vertex 33.4267 97.5234 1.5
      vertex 33.7669 99.8527 1.5
      vertex 33.6419 100.068 1.5
    endloop
  endfacet
  facet normal 0 0 1
    outer loop
      vertex 33.4267 97.5234 1.5
      vertex 33.6419 100.068 1.5
      vertex 33.5432 100.235 1.5
    endloop
  endfacet
  facet normal 0 0 1
    outer loop
      vertex 33.0425 98.5646 1.5
      vertex 33.5432 100.235 1.5
      vertex 33.4492 100.397 1.5
    endloop
  endfacet
  facet normal -0 0 1
    outer loop
      vertex 33.3726 96.8686 1.5
      vertex 34.3692 96.6058 1.5
      vertex 33.3956 96.9315 1.5
    endloop
  endfacet
  facet normal -0 0 1
    outer loop
      vertex 33.3447 96.8196 1.5
      vertex 34.3692 96.6058 1.5
      vertex 33.3726 96.8686 1.5
    endloop
  endfacet
  facet normal 0 0 1
    outer loop
      vertex 34.3692 96.6058 1.5
      vertex 33.3447 96.8196 1.5
      vertex 34.2932 96.2686 1.5
    endloop
  endfacet
  facet normal -0 0 1
    outer loop
      vertex 33.3118 96.7846 1.5
      vertex 34.2932 96.2686 1.5
      vertex 33.3447 96.8196 1.5
    endloop
  endfacet
  facet normal 0 0 1
    outer loop
      vertex 34.2932 96.2686 1.5
      vertex 33.3118 96.7846 1.5
      vertex 34.1875 95.9806 1.5
    endloop
  endfacet
  facet normal -0 0 1
    outer loop
      vertex 33.2741 96.7636 1.5
      vertex 34.1875 95.9806 1.5
      vertex 33.3118 96.7846 1.5
    endloop
  endfacet
  facet normal 0 0 1
    outer loop
      vertex 34.1875 95.9806 1.5
      vertex 33.2741 96.7636 1.5
      vertex 34.0523 95.7427 1.5
    endloop
  endfacet
  facet normal 0 0 1
    outer loop
      vertex 34.0523 95.7427 1.5
      vertex 33.2741 96.7636 1.5
      vertex 33.8882 95.5559 1.5
    endloop
  endfacet
  facet normal 0 0 1
    outer loop
      vertex 33.8882 95.5559 1.5
      vertex 33.2741 96.7636 1.5
      vertex 33.8082 95.5 1.5
    endloop
  endfacet
  facet normal -0 0 1
    outer loop
      vertex 33.2316 96.7567 1.5
      vertex 33.8082 95.5 1.5
      vertex 33.2741 96.7636 1.5
    endloop
  endfacet
  facet normal 0 0 1
    outer loop
      vertex 32.6424 95.5 1.5
      vertex 33.2316 96.7567 1.5
      vertex 33.1711 96.7674 1.5
    endloop
  endfacet
  facet normal 0 0 1
    outer loop
      vertex 32.4624 95.6818 1.5
      vertex 33.1711 96.7674 1.5
      vertex 33.1211 96.8032 1.5
    endloop
  endfacet
  facet normal 0 0 1
    outer loop
      vertex 32.4624 95.6818 1.5
      vertex 33.1211 96.8032 1.5
      vertex 33.0802 96.8694 1.5
    endloop
  endfacet
  facet normal -0 0 1
    outer loop
      vertex 32.0136 98.09 1.5
      vertex 32.9645 97.8414 1.5
      vertex 32.9496 98.2011 1.5
    endloop
  endfacet
  facet normal 0 0 1
    outer loop
      vertex 32.4624 95.6818 1.5
      vertex 32.9804 97.5439 1.5
      vertex 32.9645 97.8414 1.5
    endloop
  endfacet
  facet normal 0 0 1
    outer loop
      vertex 32.4624 95.6818 1.5
      vertex 32.9985 97.3032 1.5
      vertex 32.9804 97.5439 1.5
    endloop
  endfacet
  facet normal 0 0 1
    outer loop
      vertex 32.4624 95.6818 1.5
      vertex 33.0203 97.1141 1.5
      vertex 32.9985 97.3032 1.5
    endloop
  endfacet
  facet normal 0 0 1
    outer loop
      vertex 32.4624 95.6818 1.5
      vertex 33.047 96.9713 1.5
      vertex 33.0203 97.1141 1.5
    endloop
  endfacet
  facet normal 0 0 1
    outer loop
      vertex 32.4624 95.6818 1.5
      vertex 33.0802 96.8694 1.5
      vertex 33.047 96.9713 1.5
    endloop
  endfacet
  facet normal 0 0 1
    outer loop
      vertex 33.2316 96.7567 1.5
      vertex 32.6424 95.5 1.5
      vertex 33.8082 95.5 1.5
    endloop
  endfacet
  facet normal -0 0 1
    outer loop
      vertex 32.6424 95.5 1.5
      vertex 75 94.5 1.5
      vertex 33.8082 95.5 1.5
    endloop
  endfacet
  facet normal -0 0 1
    outer loop
      vertex 30.7051 95.5 1.5
      vertex 75 94.5 1.5
      vertex 32.6424 95.5 1.5
    endloop
  endfacet
  facet normal 0 0 1
    outer loop
      vertex 29.8663 95.5 1.5
      vertex 29.8845 99.5345 1.5
      vertex 29.8717 99.5345 1.5
    endloop
  endfacet
  facet normal 0 0 1
    outer loop
      vertex 29.8845 99.5345 1.5
      vertex 29.8663 95.5 1.5
      vertex 30.7051 95.5 1.5
    endloop
  endfacet
  facet normal 0 0 1
    outer loop
      vertex 0 94.5 1.5
      vertex 30.7051 95.5 1.5
      vertex 29.8663 95.5 1.5
    endloop
  endfacet
  facet normal 0 0 1
    outer loop
      vertex 0 94.5 1.5
      vertex 29.8663 95.5 1.5
      vertex 29.2883 95.5 1.5
    endloop
  endfacet
  facet normal 0 0 1
    outer loop
      vertex 28.4228 95.5 1.5
      vertex 29.288 97.1152 1.5
      vertex 29.2871 97.3722 1.5
    endloop
  endfacet
  facet normal 0 0 1
    outer loop
      vertex 28.4228 95.5 1.5
      vertex 29.2871 97.3722 1.5
      vertex 29.2852 97.6604 1.5
    endloop
  endfacet
  facet normal 0 0 1
    outer loop
      vertex 28.4228 95.5 1.5
      vertex 29.2852 97.6604 1.5
      vertex 29.2822 97.9683 1.5
    endloop
  endfacet
  facet normal 0 0 1
    outer loop
      vertex 28.4228 95.5 1.5
      vertex 29.2822 97.9683 1.5
      vertex 29.2779 98.2845 1.5
    endloop
  endfacet
  facet normal 0 0 1
    outer loop
      vertex 28.4228 95.5 1.5
      vertex 29.2779 98.2845 1.5
      vertex 29.2721 98.5974 1.5
    endloop
  endfacet
  facet normal 0 0 1
    outer loop
      vertex 28.4228 95.5 1.5
      vertex 29.2721 98.5974 1.5
      vertex 29.2646 98.8955 1.5
    endloop
  endfacet
  facet normal 0 0 1
    outer loop
      vertex 28.4228 95.5 1.5
      vertex 29.2646 98.8955 1.5
      vertex 29.2551 99.1672 1.5
    endloop
  endfacet
  facet normal 0 0 1
    outer loop
      vertex 28.4228 95.5 1.5
      vertex 29.2551 99.1672 1.5
      vertex 29.2434 99.4011 1.5
    endloop
  endfacet
  facet normal 0 0 1
    outer loop
      vertex 28.4228 95.5 1.5
      vertex 29.2434 99.4011 1.5
      vertex 28.4228 103.612 1.5
    endloop
  endfacet
  facet normal 0 0 1
    outer loop
      vertex 29.2883 96.9011 1.5
      vertex 28.4228 95.5 1.5
      vertex 29.2883 95.5 1.5
    endloop
  endfacet
  facet normal 0 0 1
    outer loop
      vertex 0 94.5 1.5
      vertex 29.2883 95.5 1.5
      vertex 28.4228 95.5 1.5
    endloop
  endfacet
  facet normal 0 0 1
    outer loop
      vertex 0 94.5 1.5
      vertex 28.4228 95.5 1.5
      vertex 28.3684 95.5 1.5
    endloop
  endfacet
  facet normal -0 0 1
    outer loop
      vertex 27.1259 99.698 1.5
      vertex 28.3684 95.5 1.5
      vertex 27.6157 103.646 1.5
    endloop
  endfacet
  facet normal 0 0 1
    outer loop
      vertex 0 94.5 1.5
      vertex 28.3684 95.5 1.5
      vertex 27.3524 95.5 1.5
    endloop
  endfacet
  facet normal 0 0 1
    outer loop
      vertex 0 94.5 1.5
      vertex 27.3524 95.5 1.5
      vertex 26.7439 95.5 1.5
    endloop
  endfacet
  facet normal 0 0 1
    outer loop
      vertex 26.8272 96.9234 1.5
      vertex 25.7989 95.5 1.5
      vertex 26.7439 95.5 1.5
    endloop
  endfacet
  facet normal 0 0 1
    outer loop
      vertex 0 94.5 1.5
      vertex 26.7439 95.5 1.5
      vertex 25.7989 95.5 1.5
    endloop
  endfacet
  facet normal 0 0 1
    outer loop
      vertex 0 94.5 1.5
      vertex 25.7989 95.5 1.5
      vertex 25.552 95.5 1.5
    endloop
  endfacet
  facet normal 0 0 1
    outer loop
      vertex 24.5391 95.5 1.5
      vertex 25.552 95.5 1.5
      vertex 24.5391 102.101 1.5
    endloop
  endfacet
  facet normal 0 0 1
    outer loop
      vertex 0 94.5 1.5
      vertex 25.552 95.5 1.5
      vertex 24.5391 95.5 1.5
    endloop
  endfacet
  facet normal 0 0 1
    outer loop
      vertex 0 94.5 1.5
      vertex 24.5391 95.5 1.5
      vertex 23.7958 95.5 1.5
    endloop
  endfacet
  facet normal 0 0 1
    outer loop
      vertex 22.783 95.5 1.5
      vertex 23.7958 95.5 1.5
      vertex 22.783 103.612 1.5
    endloop
  endfacet
  facet normal 0 0 1
    outer loop
      vertex 0 94.5 1.5
      vertex 23.7958 95.5 1.5
      vertex 22.783 95.5 1.5
    endloop
  endfacet
  facet normal 0 0 1
    outer loop
      vertex 0 94.5 1.5
      vertex 22.783 95.5 1.5
      vertex 22.0586 95.5 1.5
    endloop
  endfacet
  facet normal 0 0 1
    outer loop
      vertex 21.0458 95.5 1.5
      vertex 22.0586 95.5 1.5
      vertex 21.0458 102.101 1.5
    endloop
  endfacet
  facet normal 0 0 1
    outer loop
      vertex 0 94.5 1.5
      vertex 22.0586 95.5 1.5
      vertex 21.0458 95.5 1.5
    endloop
  endfacet
  facet normal 0 0 1
    outer loop
      vertex 0 94.5 1.5
      vertex 21.0458 95.5 1.5
      vertex 18.817 95.5 1.5
    endloop
  endfacet
  facet normal 0 0 1
    outer loop
      vertex 18.6703 97.2433 1.5
      vertex 19.6852 97.5125 1.5
      vertex 18.7014 97.5066 1.5
    endloop
  endfacet
  facet normal 0 0 1
    outer loop
      vertex 19.6852 97.5125 1.5
      vertex 18.6703 97.2433 1.5
      vertex 19.5798 96.8155 1.5
    endloop
  endfacet
  facet normal -0 0 1
    outer loop
      vertex 18.6262 97.055 1.5
      vertex 19.5798 96.8155 1.5
      vertex 18.6703 97.2433 1.5
    endloop
  endfacet
  facet normal -0 0 1
    outer loop
      vertex 18.567 96.9323 1.5
      vertex 19.5798 96.8155 1.5
      vertex 18.6262 97.055 1.5
    endloop
  endfacet
  facet normal 0 0 1
    outer loop
      vertex 19.5798 96.8155 1.5
      vertex 18.567 96.9323 1.5
      vertex 19.4362 96.287 1.5
    endloop
  endfacet
  facet normal -0 0 1
    outer loop
      vertex 18.4903 96.8656 1.5
      vertex 19.4362 96.287 1.5
      vertex 18.567 96.9323 1.5
    endloop
  endfacet
  facet normal 0 0 1
    outer loop
      vertex 19.4362 96.287 1.5
      vertex 18.4903 96.8656 1.5
      vertex 19.2568 95.9046 1.5
    endloop
  endfacet
  facet normal 0 0 1
    outer loop
      vertex 19.2568 95.9046 1.5
      vertex 18.4903 96.8656 1.5
      vertex 19.0439 95.646 1.5
    endloop
  endfacet
  facet normal -0 0 1
    outer loop
      vertex 18.394 96.8455 1.5
      vertex 19.0439 95.646 1.5
      vertex 18.4903 96.8656 1.5
    endloop
  endfacet
  facet normal 0 0 1
    outer loop
      vertex 19.0439 95.646 1.5
      vertex 18.394 96.8455 1.5
      vertex 18.817 95.5 1.5
    endloop
  endfacet
  facet normal -0 0 1
    outer loop
      vertex 18.3235 96.8455 1.5
      vertex 18.817 95.5 1.5
      vertex 18.394 96.8455 1.5
    endloop
  endfacet
  facet normal 0 0 1
    outer loop
      vertex 17.3106 95.5 1.5
      vertex 18.3235 102.101 1.5
      vertex 17.3106 103.612 1.5
    endloop
  endfacet
  facet normal 0 0 1
    outer loop
      vertex 18.3235 102.101 1.5
      vertex 17.3106 95.5 1.5
      vertex 18.3235 96.8455 1.5
    endloop
  endfacet
  facet normal 0 0 1
    outer loop
      vertex 17.3106 95.5 1.5
      vertex 18.817 95.5 1.5
      vertex 18.3235 96.8455 1.5
    endloop
  endfacet
  facet normal 0 0 1
    outer loop
      vertex 0 94.5 1.5
      vertex 18.817 95.5 1.5
      vertex 17.3106 95.5 1.5
    endloop
  endfacet
  facet normal 0 0 1
    outer loop
      vertex 0 94.5 1.5
      vertex 17.3106 95.5 1.5
      vertex 17.2562 95.5 1.5
    endloop
  endfacet
  facet normal -0 0 1
    outer loop
      vertex 16.0137 99.698 1.5
      vertex 17.2562 95.5 1.5
      vertex 16.5034 103.646 1.5
    endloop
  endfacet
  facet normal 0 0 1
    outer loop
      vertex 0 94.5 1.5
      vertex 17.2562 95.5 1.5
      vertex 16.2401 95.5 1.5
    endloop
  endfacet
  facet normal 0 0 1
    outer loop
      vertex 0 94.5 1.5
      vertex 16.2401 95.5 1.5
      vertex 15.6316 95.5 1.5
    endloop
  endfacet
  facet normal 0 0 1
    outer loop
      vertex 15.7149 96.9234 1.5
      vertex 14.6867 95.5 1.5
      vertex 15.6316 95.5 1.5
    endloop
  endfacet
  facet normal 0 0 1
    outer loop
      vertex 0 94.5 1.5
      vertex 15.6316 95.5 1.5
      vertex 14.6867 95.5 1.5
    endloop
  endfacet
  facet normal 0 0 1
    outer loop
      vertex 0 94.5 1.5
      vertex 14.6867 95.5 1.5
      vertex 14.6433 95.5 1.5
    endloop
  endfacet
  facet normal 0 0 1
    outer loop
      vertex 13.7001 99.8001 1.5
      vertex 14.6433 103.612 1.5
      vertex 13.7007 99.981 1.5
    endloop
  endfacet
  facet normal 0 0 1
    outer loop
      vertex 13.6993 99.6056 1.5
      vertex 14.6433 103.612 1.5
      vertex 13.7001 99.8001 1.5
    endloop
  endfacet
  facet normal 0 0 1
    outer loop
      vertex 14.6433 103.612 1.5
      vertex 13.6993 99.6056 1.5
      vertex 14.6433 95.5 1.5
    endloop
  endfacet
  facet normal -0 0 1
    outer loop
      vertex 13.6972 99.1864 1.5
      vertex 14.6433 95.5 1.5
      vertex 13.6993 99.6056 1.5
    endloop
  endfacet
  facet normal -0 0 1
    outer loop
      vertex 13.6962 98.9669 1.5
      vertex 14.6433 95.5 1.5
      vertex 13.6972 99.1864 1.5
    endloop
  endfacet
  facet normal -0 0 1
    outer loop
      vertex 13.6953 98.7445 1.5
      vertex 14.6433 95.5 1.5
      vertex 13.6962 98.9669 1.5
    endloop
  endfacet
  facet normal -0 0 1
    outer loop
      vertex 13.6947 98.5217 1.5
      vertex 14.6433 95.5 1.5
      vertex 13.6953 98.7445 1.5
    endloop
  endfacet
  facet normal -0 0 1
    outer loop
      vertex 13.6945 98.3011 1.5
      vertex 14.6433 95.5 1.5
      vertex 13.6947 98.5217 1.5
    endloop
  endfacet
  facet normal 0 0 1
    outer loop
      vertex 13.6945 95.5 1.5
      vertex 14.6433 95.5 1.5
      vertex 13.6945 98.3011 1.5
    endloop
  endfacet
  facet normal 0 0 1
    outer loop
      vertex 0 94.5 1.5
      vertex 14.6433 95.5 1.5
      vertex 13.6945 95.5 1.5
    endloop
  endfacet
  facet normal 0 0 1
    outer loop
      vertex 0 94.5 1.5
      vertex 13.6945 95.5 1.5
      vertex 13.3634 95.5 1.5
    endloop
  endfacet
  facet normal 0 0 1
    outer loop
      vertex 13.5981 98.4808 1.5
      vertex 12.6432 98.3122 1.5
      vertex 13.5855 98.3122 1.5
    endloop
  endfacet
  facet normal -0 0 1
    outer loop
      vertex 12.5406 100.123 1.5
      vertex 13.1817 99.2345 1.5
      vertex 12.9124 103.612 1.5
    endloop
  endfacet
  facet normal 0 0 1
    outer loop
      vertex 13.5855 98.3122 1.5
      vertex 12.8653 95.5 1.5
      vertex 13.3634 95.5 1.5
    endloop
  endfacet
  facet normal 0 0 1
    outer loop
      vertex 0 94.5 1.5
      vertex 13.3634 95.5 1.5
      vertex 12.8653 95.5 1.5
    endloop
  endfacet
  facet normal 0 0 1
    outer loop
      vertex 0 94.5 1.5
      vertex 12.8653 95.5 1.5
      vertex 12.5342 95.5 1.5
    endloop
  endfacet
  facet normal 0 0 1
    outer loop
      vertex 11.72 95.5 1.5
      vertex 12.5342 98.5458 1.5
      vertex 12.5341 98.7942 1.5
    endloop
  endfacet
  facet normal 0 0 1
    outer loop
      vertex 11.72 95.5 1.5
      vertex 12.5341 98.7942 1.5
      vertex 12.5339 99.0402 1.5
    endloop
  endfacet
  facet normal 0 0 1
    outer loop
      vertex 11.72 95.5 1.5
      vertex 12.5339 99.0402 1.5
      vertex 12.5336 99.2778 1.5
    endloop
  endfacet
  facet normal 0 0 1
    outer loop
      vertex 11.72 95.5 1.5
      vertex 12.5336 99.2778 1.5
      vertex 12.5331 99.5006 1.5
    endloop
  endfacet
  facet normal 0 0 1
    outer loop
      vertex 11.72 95.5 1.5
      vertex 12.5331 99.5006 1.5
      vertex 12.5323 99.7028 1.5
    endloop
  endfacet
  facet normal 0 0 1
    outer loop
      vertex 11.72 103.612 1.5
      vertex 12.5323 99.7028 1.5
      vertex 12.5312 99.878 1.5
    endloop
  endfacet
  facet normal 0 0 1
    outer loop
      vertex 11.72 103.612 1.5
      vertex 12.5312 99.878 1.5
      vertex 12.5297 100.02 1.5
    endloop
  endfacet
  facet normal 0 0 1
    outer loop
      vertex 11.72 103.612 1.5
      vertex 12.5297 100.02 1.5
      vertex 12.5278 100.123 1.5
    endloop
  endfacet
  facet normal 0 0 1
    outer loop
      vertex 12.5323 99.7028 1.5
      vertex 11.72 103.612 1.5
      vertex 11.72 95.5 1.5
    endloop
  endfacet
  facet normal 0 0 1
    outer loop
      vertex 12.5342 98.5458 1.5
      vertex 11.72 95.5 1.5
      vertex 12.5342 95.5 1.5
    endloop
  endfacet
  facet normal 0 0 1
    outer loop
      vertex 0 94.5 1.5
      vertex 12.5342 95.5 1.5
      vertex 11.72 95.5 1.5
    endloop
  endfacet
  facet normal 0 0 1
    outer loop
      vertex 0 94.5 1.5
      vertex 11.72 95.5 1.5
      vertex 10.7115 95.5 1.5
    endloop
  endfacet
  facet normal 0 0 1
    outer loop
      vertex 9.87814 99.0566 1.5
      vertex 8.86522 95.5 1.5
      vertex 9.87814 96.8455 1.5
    endloop
  endfacet
  facet normal 0 0 1
    outer loop
      vertex 8.86522 95.5 1.5
      vertex 10.7115 95.5 1.5
      vertex 9.87814 96.8455 1.5
    endloop
  endfacet
  facet normal 0 0 1
    outer loop
      vertex 0 94.5 1.5
      vertex 10.7115 95.5 1.5
      vertex 8.86522 95.5 1.5
    endloop
  endfacet
  facet normal 0 0 1
    outer loop
      vertex 0 94.5 1.5
      vertex 8.86522 95.5 1.5
      vertex 8.6203 95.5 1.5
    endloop
  endfacet
  facet normal 0 0 1
    outer loop
      vertex 7.60743 99.0455 1.5
      vertex 8.6203 103.612 1.5
      vertex 7.60743 100.446 1.5
    endloop
  endfacet
  facet normal 0 0 1
    outer loop
      vertex 8.6203 103.612 1.5
      vertex 7.60743 99.0455 1.5
      vertex 8.6203 95.5 1.5
    endloop
  endfacet
  facet normal 0 0 1
    outer loop
      vertex 7.60743 95.5 1.5
      vertex 8.6203 95.5 1.5
      vertex 7.60743 99.0455 1.5
    endloop
  endfacet
  facet normal 0 0 1
    outer loop
      vertex 0 94.5 1.5
      vertex 8.6203 95.5 1.5
      vertex 7.60743 95.5 1.5
    endloop
  endfacet
  facet normal 0 0 1
    outer loop
      vertex 0 94.5 1.5
      vertex 7.60743 95.5 1.5
      vertex 7.26125 95.5 1.5
    endloop
  endfacet
  facet normal 0 0 1
    outer loop
      vertex 7.26125 99.0455 1.5
      vertex 6.24834 95.5 1.5
      vertex 7.26125 95.5 1.5
    endloop
  endfacet
  facet normal 0 0 1
    outer loop
      vertex 0 94.5 1.5
      vertex 7.26125 95.5 1.5
      vertex 6.24834 95.5 1.5
    endloop
  endfacet
  facet normal 0 0 1
    outer loop
      vertex 0 94.5 1.5
      vertex 6.24834 95.5 1.5
      vertex 5.55609 95.5 1.5
    endloop
  endfacet
  facet normal 0 0 1
    outer loop
      vertex 4.54322 95.5 1.5
      vertex 5.55609 95.5 1.5
      vertex 4.54322 102.101 1.5
    endloop
  endfacet
  facet normal 0 0 1
    outer loop
      vertex 0 94.5 1.5
      vertex 5.55609 95.5 1.5
      vertex 4.54322 95.5 1.5
    endloop
  endfacet
  facet normal 0 0 1
    outer loop
      vertex 0 94.5 1.5
      vertex 4.54322 95.5 1.5
      vertex 0 95.5 1.5
    endloop
  endfacet
  facet normal 0 0 1
    outer loop
      vertex 30.7051 95.5 1.5
      vertex 0 94.5 1.5
      vertex 75 94.5 1.5
    endloop
  endfacet
  facet normal 0 0 1
    outer loop
      vertex 30.9072 103.046 1.5
      vertex 31.8944 103.046 1.5
      vertex 31.8944 103.612 1.5
    endloop
  endfacet
  facet normal 0 0 1
    outer loop
      vertex 31.8944 103.046 1.5
      vertex 30.9072 103.046 1.5
      vertex 31.8367 100.534 1.5
    endloop
  endfacet
  facet normal 0 0 1
    outer loop
      vertex 30.9072 103.046 1.5
      vertex 31.8944 103.612 1.5
      vertex 30.9072 103.612 1.5
    endloop
  endfacet
  facet normal 0 0 1
    outer loop
      vertex 31.8367 100.534 1.5
      vertex 30.9072 103.046 1.5
      vertex 30.9713 100.534 1.5
    endloop
  endfacet
  facet normal 0.533902 -0.845546 0
    outer loop
      vertex 53.8082 95.5 1
      vertex 53.8432 95.5221 1.5
      vertex 53.8082 95.5 1.5
    endloop
  endfacet
  facet normal 0.533902 -0.845546 0
    outer loop
      vertex 53.8432 95.5221 1.5
      vertex 53.8082 95.5 1
      vertex 53.8432 95.5221 1
    endloop
  endfacet
  facet normal 0.78613 -0.618061 0
    outer loop
      vertex 53.8432 95.5221 1.5
      vertex 54.037 95.7686 1
      vertex 54.037 95.7686 1.5
    endloop
  endfacet
  facet normal 0.78613 -0.618061 0
    outer loop
      vertex 54.037 95.7686 1
      vertex 53.8432 95.5221 1.5
      vertex 53.8432 95.5221 1
    endloop
  endfacet
  facet normal 0.910986 -0.412438 0
    outer loop
      vertex 54.037 95.7686 1.5
      vertex 54.185 96.0955 1
      vertex 54.185 96.0955 1.5
    endloop
  endfacet
  facet normal 0.910986 -0.412438 0
    outer loop
      vertex 54.185 96.0955 1
      vertex 54.037 95.7686 1.5
      vertex 54.037 95.7686 1
    endloop
  endfacet
  facet normal 0.964466 -0.264207 0
    outer loop
      vertex 54.185 96.0955 1.5
      vertex 54.2937 96.4923 1
      vertex 54.2937 96.4923 1.5
    endloop
  endfacet
  facet normal 0.964466 -0.264207 0
    outer loop
      vertex 54.2937 96.4923 1
      vertex 54.185 96.0955 1.5
      vertex 54.185 96.0955 1
    endloop
  endfacet
  facet normal 0.986335 -0.16475 0
    outer loop
      vertex 54.2937 96.4923 1.5
      vertex 54.3699 96.9485 1
      vertex 54.3699 96.9485 1.5
    endloop
  endfacet
  facet normal 0.986335 -0.16475 0
    outer loop
      vertex 54.3699 96.9485 1
      vertex 54.2937 96.4923 1.5
      vertex 54.2937 96.4923 1
    endloop
  endfacet
  facet normal 0.995055 -0.0993281 0
    outer loop
      vertex 54.3699 96.9485 1.5
      vertex 54.4203 97.4534 1
      vertex 54.4203 97.4534 1.5
    endloop
  endfacet
  facet normal 0.995055 -0.0993281 0
    outer loop
      vertex 54.4203 97.4534 1
      vertex 54.3699 96.9485 1.5
      vertex 54.3699 96.9485 1
    endloop
  endfacet
  facet normal 0.998345 -0.0575155 0
    outer loop
      vertex 54.4203 97.4534 1.5
      vertex 54.4516 97.9967 1
      vertex 54.4516 97.9967 1.5
    endloop
  endfacet
  facet normal 0.998345 -0.0575155 0
    outer loop
      vertex 54.4516 97.9967 1
      vertex 54.4203 97.4534 1.5
      vertex 54.4203 97.4534 1
    endloop
  endfacet
  facet normal 0.999447 -0.0332507 0
    outer loop
      vertex 54.4516 97.9967 1.5
      vertex 54.4706 98.5678 1
      vertex 54.4706 98.5678 1.5
    endloop
  endfacet
  facet normal 0.999447 -0.0332507 0
    outer loop
      vertex 54.4706 98.5678 1
      vertex 54.4516 97.9967 1.5
      vertex 54.4516 97.9967 1
    endloop
  endfacet
  facet normal 0.0696587 0.997571 -0
    outer loop
      vertex 54.4706 98.5678 1
      vertex 53.5154 98.6345 1.5
      vertex 54.4706 98.5678 1.5
    endloop
  endfacet
  facet normal 0.0696587 0.997571 0
    outer loop
      vertex 53.5154 98.6345 1.5
      vertex 54.4706 98.5678 1
      vertex 53.5154 98.6345 1
    endloop
  endfacet
  facet normal -0.999936 0.011339 0
    outer loop
      vertex 53.51 98.1583 1
      vertex 53.5154 98.6345 1.5
      vertex 53.5154 98.6345 1
    endloop
  endfacet
  facet normal -0.999936 0.011339 0
    outer loop
      vertex 53.5154 98.6345 1.5
      vertex 53.51 98.1583 1
      vertex 53.51 98.1583 1.5
    endloop
  endfacet
  facet normal -0.999777 0.0211386 0
    outer loop
      vertex 53.5019 97.7752 1
      vertex 53.51 98.1583 1.5
      vertex 53.51 98.1583 1
    endloop
  endfacet
  facet normal -0.999777 0.0211386 0
    outer loop
      vertex 53.51 98.1583 1.5
      vertex 53.5019 97.7752 1
      vertex 53.5019 97.7752 1.5
    endloop
  endfacet
  facet normal -0.99924 0.0389704 0
    outer loop
      vertex 53.4902 97.4752 1
      vertex 53.5019 97.7752 1.5
      vertex 53.5019 97.7752 1
    endloop
  endfacet
  facet normal -0.99924 0.0389704 0
    outer loop
      vertex 53.5019 97.7752 1.5
      vertex 53.4902 97.4752 1
      vertex 53.4902 97.4752 1.5
    endloop
  endfacet
  facet normal -0.99749 0.0708095 0
    outer loop
      vertex 53.4741 97.2484 1
      vertex 53.4902 97.4752 1.5
      vertex 53.4902 97.4752 1
    endloop
  endfacet
  facet normal -0.99749 0.0708095 0
    outer loop
      vertex 53.4902 97.4752 1.5
      vertex 53.4741 97.2484 1
      vertex 53.4741 97.2484 1.5
    endloop
  endfacet
  facet normal -0.991522 0.129936 0
    outer loop
      vertex 53.4527 97.0851 1
      vertex 53.4741 97.2484 1.5
      vertex 53.4741 97.2484 1
    endloop
  endfacet
  facet normal -0.991522 0.129936 0
    outer loop
      vertex 53.4741 97.2484 1.5
      vertex 53.4527 97.0851 1
      vertex 53.4527 97.0851 1.5
    endloop
  endfacet
  facet normal -0.970091 0.242743 0
    outer loop
      vertex 53.4252 96.9752 1
      vertex 53.4527 97.0851 1.5
      vertex 53.4527 97.0851 1
    endloop
  endfacet
  facet normal -0.970091 0.242743 0
    outer loop
      vertex 53.4527 97.0851 1.5
      vertex 53.4252 96.9752 1
      vertex 53.4252 96.9752 1.5
    endloop
  endfacet
  facet normal -0.887085 0.461605 0
    outer loop
      vertex 53.3907 96.9089 1
      vertex 53.4252 96.9752 1.5
      vertex 53.4252 96.9752 1
    endloop
  endfacet
  facet normal -0.887085 0.461605 0
    outer loop
      vertex 53.4252 96.9752 1.5
      vertex 53.3907 96.9089 1
      vertex 53.3907 96.9089 1.5
    endloop
  endfacet
  facet normal -0.609258 0.792972 0
    outer loop
      vertex 53.3907 96.9089 1
      vertex 53.3484 96.8764 1.5
      vertex 53.3907 96.9089 1.5
    endloop
  endfacet
  facet normal -0.609258 0.792972 0
    outer loop
      vertex 53.3484 96.8764 1.5
      vertex 53.3907 96.9089 1
      vertex 53.3484 96.8764 1
    endloop
  endfacet
  facet normal -0.16628 0.986079 0
    outer loop
      vertex 53.3484 96.8764 1
      vertex 53.2974 96.8678 1.5
      vertex 53.3484 96.8764 1.5
    endloop
  endfacet
  facet normal -0.16628 0.986079 0
    outer loop
      vertex 53.2974 96.8678 1.5
      vertex 53.3484 96.8764 1
      vertex 53.2974 96.8678 1
    endloop
  endfacet
  facet normal 0.381073 0.924545 -0
    outer loop
      vertex 53.2974 96.8678 1
      vertex 53.2399 96.8915 1.5
      vertex 53.2974 96.8678 1.5
    endloop
  endfacet
  facet normal 0.381073 0.924545 0
    outer loop
      vertex 53.2399 96.8915 1.5
      vertex 53.2974 96.8678 1
      vertex 53.2399 96.8915 1
    endloop
  endfacet
  facet normal 0.858793 0.512322 0
    outer loop
      vertex 53.2399 96.8915 1.5
      vertex 53.1948 96.9671 1
      vertex 53.1948 96.9671 1.5
    endloop
  endfacet
  facet normal 0.858793 0.512322 0
    outer loop
      vertex 53.1948 96.9671 1
      vertex 53.2399 96.8915 1.5
      vertex 53.2399 96.8915 1
    endloop
  endfacet
  facet normal 0.968592 0.248654 0
    outer loop
      vertex 53.1948 96.9671 1.5
      vertex 53.1604 97.1011 1
      vertex 53.1604 97.1011 1.5
    endloop
  endfacet
  facet normal 0.968592 0.248654 0
    outer loop
      vertex 53.1604 97.1011 1
      vertex 53.1948 96.9671 1.5
      vertex 53.1948 96.9671 1
    endloop
  endfacet
  facet normal 0.992201 0.124648 0
    outer loop
      vertex 53.1604 97.1011 1.5
      vertex 53.1354 97.3001 1
      vertex 53.1354 97.3001 1.5
    endloop
  endfacet
  facet normal 0.992201 0.124648 0
    outer loop
      vertex 53.1354 97.3001 1
      vertex 53.1604 97.1011 1.5
      vertex 53.1604 97.1011 1
    endloop
  endfacet
  facet normal 0.997987 0.0634111 0
    outer loop
      vertex 53.1354 97.3001 1.5
      vertex 53.1182 97.5708 1
      vertex 53.1182 97.5708 1.5
    endloop
  endfacet
  facet normal 0.997987 0.0634111 0
    outer loop
      vertex 53.1182 97.5708 1
      vertex 53.1354 97.3001 1.5
      vertex 53.1354 97.3001 1
    endloop
  endfacet
  facet normal 0.99953 0.0306622 0
    outer loop
      vertex 53.1182 97.5708 1.5
      vertex 53.1075 97.9196 1
      vertex 53.1075 97.9196 1.5
    endloop
  endfacet
  facet normal 0.99953 0.0306622 0
    outer loop
      vertex 53.1075 97.9196 1
      vertex 53.1182 97.5708 1.5
      vertex 53.1182 97.5708 1
    endloop
  endfacet
  facet normal 0.999907 0.0136058 0
    outer loop
      vertex 53.1075 97.9196 1.5
      vertex 53.1016 98.3532 1
      vertex 53.1016 98.3532 1.5
    endloop
  endfacet
  facet normal 0.999907 0.0136058 0
    outer loop
      vertex 53.1016 98.3532 1
      vertex 53.1075 97.9196 1.5
      vertex 53.1075 97.9196 1
    endloop
  endfacet
  facet normal 0.99999 0.00457138 0
    outer loop
      vertex 53.1016 98.3532 1.5
      vertex 53.0992 98.8782 1
      vertex 53.0992 98.8782 1.5
    endloop
  endfacet
  facet normal 0.99999 0.00457138 0
    outer loop
      vertex 53.0992 98.8782 1
      vertex 53.1016 98.3532 1.5
      vertex 53.1016 98.3532 1
    endloop
  endfacet
  facet normal 1 0.000802697 0
    outer loop
      vertex 53.0992 98.8782 1.5
      vertex 53.0987 99.5011 1
      vertex 53.0987 99.5011 1.5
    endloop
  endfacet
  facet normal 1 0.000802697 0
    outer loop
      vertex 53.0987 99.5011 1
      vertex 53.0992 98.8782 1.5
      vertex 53.0992 98.8782 1
    endloop
  endfacet
  facet normal 1 -0.00016559 0
    outer loop
      vertex 53.0987 99.5011 1.5
      vertex 53.0988 100.105 1
      vertex 53.0988 100.105 1.5
    endloop
  endfacet
  facet normal 1 -0.00016559 0
    outer loop
      vertex 53.0988 100.105 1
      vertex 53.0987 99.5011 1.5
      vertex 53.0987 99.5011 1
    endloop
  endfacet
  facet normal 0.999997 -0.00254901 0
    outer loop
      vertex 53.0988 100.105 1.5
      vertex 53.1001 100.615 1
      vertex 53.1001 100.615 1.5
    endloop
  endfacet
  facet normal 0.999997 -0.00254901 0
    outer loop
      vertex 53.1001 100.615 1
      vertex 53.0988 100.105 1.5
      vertex 53.0988 100.105 1
    endloop
  endfacet
  facet normal 0.999949 -0.010141 0
    outer loop
      vertex 53.1001 100.615 1.5
      vertex 53.1044 101.039 1
      vertex 53.1044 101.039 1.5
    endloop
  endfacet
  facet normal 0.999949 -0.010141 0
    outer loop
      vertex 53.1044 101.039 1
      vertex 53.1001 100.615 1.5
      vertex 53.1001 100.615 1
    endloop
  endfacet
  facet normal 0.999646 -0.0265988 0
    outer loop
      vertex 53.1044 101.039 1.5
      vertex 53.1135 101.381 1
      vertex 53.1135 101.381 1.5
    endloop
  endfacet
  facet normal 0.999646 -0.0265988 0
    outer loop
      vertex 53.1135 101.381 1
      vertex 53.1044 101.039 1.5
      vertex 53.1044 101.039 1
    endloop
  endfacet
  facet normal 0.998319 -0.0579549 0
    outer loop
      vertex 53.1135 101.381 1.5
      vertex 53.129 101.648 1
      vertex 53.129 101.648 1.5
    endloop
  endfacet
  facet normal 0.998319 -0.0579549 0
    outer loop
      vertex 53.129 101.648 1
      vertex 53.1135 101.381 1.5
      vertex 53.1135 101.381 1
    endloop
  endfacet
  facet normal 0.992781 -0.11994 0
    outer loop
      vertex 53.129 101.648 1.5
      vertex 53.1528 101.845 1
      vertex 53.1528 101.845 1.5
    endloop
  endfacet
  facet normal 0.992781 -0.11994 0
    outer loop
      vertex 53.1528 101.845 1
      vertex 53.129 101.648 1.5
      vertex 53.129 101.648 1
    endloop
  endfacet
  facet normal 0.96963 -0.244578 0
    outer loop
      vertex 53.1528 101.845 1.5
      vertex 53.1866 101.979 1
      vertex 53.1866 101.979 1.5
    endloop
  endfacet
  facet normal 0.96963 -0.244578 0
    outer loop
      vertex 53.1866 101.979 1
      vertex 53.1528 101.845 1.5
      vertex 53.1528 101.845 1
    endloop
  endfacet
  facet normal 0.857991 -0.513665 0
    outer loop
      vertex 53.1866 101.979 1.5
      vertex 53.2321 102.055 1
      vertex 53.2321 102.055 1.5
    endloop
  endfacet
  facet normal 0.857991 -0.513665 0
    outer loop
      vertex 53.2321 102.055 1
      vertex 53.1866 101.979 1.5
      vertex 53.1866 101.979 1
    endloop
  endfacet
  facet normal 0.377347 -0.926072 0
    outer loop
      vertex 53.2321 102.055 1
      vertex 53.291 102.079 1.5
      vertex 53.2321 102.055 1.5
    endloop
  endfacet
  facet normal 0.377347 -0.926072 0
    outer loop
      vertex 53.291 102.079 1.5
      vertex 53.2321 102.055 1
      vertex 53.291 102.079 1
    endloop
  endfacet
  facet normal -0.22606 -0.974113 0
    outer loop
      vertex 53.291 102.079 1
      vertex 53.3384 102.068 1.5
      vertex 53.291 102.079 1.5
    endloop
  endfacet
  facet normal -0.22606 -0.974113 -0
    outer loop
      vertex 53.3384 102.068 1.5
      vertex 53.291 102.079 1
      vertex 53.3384 102.068 1
    endloop
  endfacet
  facet normal -0.708877 -0.705332 0
    outer loop
      vertex 53.3384 102.068 1
      vertex 53.3782 102.028 1.5
      vertex 53.3384 102.068 1.5
    endloop
  endfacet
  facet normal -0.708877 -0.705332 -0
    outer loop
      vertex 53.3782 102.028 1.5
      vertex 53.3384 102.068 1
      vertex 53.3782 102.028 1
    endloop
  endfacet
  facet normal -0.918581 -0.395232 0
    outer loop
      vertex 53.4109 101.952 1
      vertex 53.3782 102.028 1.5
      vertex 53.3782 102.028 1
    endloop
  endfacet
  facet normal -0.918581 -0.395232 0
    outer loop
      vertex 53.3782 102.028 1.5
      vertex 53.4109 101.952 1
      vertex 53.4109 101.952 1.5
    endloop
  endfacet
  facet normal -0.977544 -0.210733 0
    outer loop
      vertex 53.4372 101.83 1
      vertex 53.4109 101.952 1.5
      vertex 53.4109 101.952 1
    endloop
  endfacet
  facet normal -0.977544 -0.210733 0
    outer loop
      vertex 53.4109 101.952 1.5
      vertex 53.4372 101.83 1
      vertex 53.4372 101.83 1.5
    endloop
  endfacet
  facet normal -0.993339 -0.115227 0
    outer loop
      vertex 53.4575 101.655 1
      vertex 53.4372 101.83 1.5
      vertex 53.4372 101.83 1
    endloop
  endfacet
  facet normal -0.993339 -0.115227 0
    outer loop
      vertex 53.4372 101.83 1.5
      vertex 53.4575 101.655 1
      vertex 53.4575 101.655 1.5
    endloop
  endfacet
  facet normal -0.998046 -0.0624827 0
    outer loop
      vertex 53.4724 101.417 1
      vertex 53.4575 101.655 1.5
      vertex 53.4575 101.655 1
    endloop
  endfacet
  facet normal -0.998046 -0.0624827 0
    outer loop
      vertex 53.4575 101.655 1.5
      vertex 53.4724 101.417 1
      vertex 53.4724 101.417 1.5
    endloop
  endfacet
  facet normal -0.999473 -0.0324504 0
    outer loop
      vertex 53.4824 101.109 1
      vertex 53.4724 101.417 1.5
      vertex 53.4724 101.417 1
    endloop
  endfacet
  facet normal -0.999473 -0.0324504 0
    outer loop
      vertex 53.4724 101.417 1.5
      vertex 53.4824 101.109 1
      vertex 53.4824 101.109 1.5
    endloop
  endfacet
  facet normal -0.999896 -0.0144315 0
    outer loop
      vertex 53.488 100.721 1
      vertex 53.4824 101.109 1.5
      vertex 53.4824 101.109 1
    endloop
  endfacet
  facet normal -0.999896 -0.0144315 0
    outer loop
      vertex 53.4824 101.109 1.5
      vertex 53.488 100.721 1
      vertex 53.488 100.721 1.5
    endloop
  endfacet
  facet normal -0.999994 -0.00357892 0
    outer loop
      vertex 53.4897 100.246 1
      vertex 53.488 100.721 1.5
      vertex 53.488 100.721 1
    endloop
  endfacet
  facet normal -0.999994 -0.00357892 0
    outer loop
      vertex 53.488 100.721 1.5
      vertex 53.4897 100.246 1
      vertex 53.4897 100.246 1.5
    endloop
  endfacet
  facet normal 0.0689239 -0.997622 0
    outer loop
      vertex 53.4897 100.246 1
      vertex 54.445 100.312 1.5
      vertex 53.4897 100.246 1.5
    endloop
  endfacet
  facet normal 0.0689239 -0.997622 0
    outer loop
      vertex 54.445 100.312 1.5
      vertex 53.4897 100.246 1
      vertex 54.445 100.312 1
    endloop
  endfacet
  facet normal 0.999893 0.0146443 0
    outer loop
      vertex 54.445 100.312 1.5
      vertex 54.4328 101.145 1
      vertex 54.4328 101.145 1.5
    endloop
  endfacet
  facet normal 0.999893 0.0146443 0
    outer loop
      vertex 54.4328 101.145 1
      vertex 54.445 100.312 1.5
      vertex 54.445 100.312 1
    endloop
  endfacet
  facet normal 0.998538 0.0540454 0
    outer loop
      vertex 54.4328 101.145 1.5
      vertex 54.3954 101.836 1
      vertex 54.3954 101.836 1.5
    endloop
  endfacet
  facet normal 0.998538 0.0540454 0
    outer loop
      vertex 54.3954 101.836 1
      vertex 54.4328 101.145 1.5
      vertex 54.4328 101.145 1
    endloop
  endfacet
  facet normal 0.993498 0.113846 0
    outer loop
      vertex 54.3954 101.836 1.5
      vertex 54.331 102.398 1
      vertex 54.331 102.398 1.5
    endloop
  endfacet
  facet normal 0.993498 0.113846 0
    outer loop
      vertex 54.331 102.398 1
      vertex 54.3954 101.836 1.5
      vertex 54.3954 101.836 1
    endloop
  endfacet
  facet normal 0.978711 0.205242 0
    outer loop
      vertex 54.331 102.398 1.5
      vertex 54.2381 102.841 1
      vertex 54.2381 102.841 1.5
    endloop
  endfacet
  facet normal 0.978711 0.205242 0
    outer loop
      vertex 54.2381 102.841 1
      vertex 54.331 102.398 1.5
      vertex 54.331 102.398 1
    endloop
  endfacet
  facet normal 0.939476 0.342616 0
    outer loop
      vertex 54.2381 102.841 1.5
      vertex 54.1152 103.178 1
      vertex 54.1152 103.178 1.5
    endloop
  endfacet
  facet normal 0.939476 0.342616 0
    outer loop
      vertex 54.1152 103.178 1
      vertex 54.2381 102.841 1.5
      vertex 54.2381 102.841 1
    endloop
  endfacet
  facet normal 0.8417 0.539945 0
    outer loop
      vertex 54.1152 103.178 1.5
      vertex 53.9606 103.419 1
      vertex 53.9606 103.419 1.5
    endloop
  endfacet
  facet normal 0.8417 0.539945 0
    outer loop
      vertex 53.9606 103.419 1
      vertex 54.1152 103.178 1.5
      vertex 54.1152 103.178 1
    endloop
  endfacet
  facet normal 0.643584 0.765376 -0
    outer loop
      vertex 53.9606 103.419 1
      vertex 53.7727 103.577 1.5
      vertex 53.9606 103.419 1.5
    endloop
  endfacet
  facet normal 0.643584 0.765376 0
    outer loop
      vertex 53.7727 103.577 1.5
      vertex 53.9606 103.419 1
      vertex 53.7727 103.577 1
    endloop
  endfacet
  facet normal 0.364021 0.931391 -0
    outer loop
      vertex 53.7727 103.577 1
      vertex 53.5501 103.664 1.5
      vertex 53.7727 103.577 1.5
    endloop
  endfacet
  facet normal 0.364021 0.931391 0
    outer loop
      vertex 53.5501 103.664 1.5
      vertex 53.7727 103.577 1
      vertex 53.5501 103.664 1
    endloop
  endfacet
  facet normal 0.0998459 0.995003 -0
    outer loop
      vertex 53.5501 103.664 1
      vertex 53.291 103.69 1.5
      vertex 53.5501 103.664 1.5
    endloop
  endfacet
  facet normal 0.0998459 0.995003 0
    outer loop
      vertex 53.291 103.69 1.5
      vertex 53.5501 103.664 1
      vertex 53.291 103.69 1
    endloop
  endfacet
  facet normal -0.161296 0.986906 0
    outer loop
      vertex 53.291 103.69 1
      vertex 53.0279 103.647 1.5
      vertex 53.291 103.69 1.5
    endloop
  endfacet
  facet normal -0.161296 0.986906 0
    outer loop
      vertex 53.0279 103.647 1.5
      vertex 53.291 103.69 1
      vertex 53.0279 103.647 1
    endloop
  endfacet
  facet normal -0.4976 0.867407 0
    outer loop
      vertex 53.0279 103.647 1
      vertex 52.7978 103.515 1.5
      vertex 53.0279 103.647 1.5
    endloop
  endfacet
  facet normal -0.4976 0.867407 0
    outer loop
      vertex 52.7978 103.515 1.5
      vertex 53.0279 103.647 1
      vertex 52.7978 103.515 1
    endloop
  endfacet
  facet normal -0.758674 0.65147 0
    outer loop
      vertex 52.6003 103.285 1
      vertex 52.7978 103.515 1.5
      vertex 52.7978 103.515 1
    endloop
  endfacet
  facet normal -0.758674 0.65147 0
    outer loop
      vertex 52.7978 103.515 1.5
      vertex 52.6003 103.285 1
      vertex 52.6003 103.285 1.5
    endloop
  endfacet
  facet normal -0.894966 0.446135 0
    outer loop
      vertex 52.4348 102.953 1
      vertex 52.6003 103.285 1.5
      vertex 52.6003 103.285 1
    endloop
  endfacet
  facet normal -0.894966 0.446135 0
    outer loop
      vertex 52.6003 103.285 1.5
      vertex 52.4348 102.953 1
      vertex 52.4348 102.953 1.5
    endloop
  endfacet
  facet normal -0.95711 0.289726 0
    outer loop
      vertex 52.3007 102.51 1
      vertex 52.4348 102.953 1.5
      vertex 52.4348 102.953 1
    endloop
  endfacet
  facet normal -0.95711 0.289726 0
    outer loop
      vertex 52.4348 102.953 1.5
      vertex 52.3007 102.51 1
      vertex 52.3007 102.51 1.5
    endloop
  endfacet
  facet normal -0.983409 0.181404 0
    outer loop
      vertex 52.1974 101.95 1
      vertex 52.3007 102.51 1.5
      vertex 52.3007 102.51 1
    endloop
  endfacet
  facet normal -0.983409 0.181404 0
    outer loop
      vertex 52.3007 102.51 1.5
      vertex 52.1974 101.95 1
      vertex 52.1974 101.95 1.5
    endloop
  endfacet
  facet normal -0.994321 0.10642 0
    outer loop
      vertex 52.1243 101.267 1
      vertex 52.1974 101.95 1.5
      vertex 52.1974 101.95 1
    endloop
  endfacet
  facet normal -0.994321 0.10642 0
    outer loop
      vertex 52.1974 101.95 1.5
      vertex 52.1243 101.267 1
      vertex 52.1243 101.267 1.5
    endloop
  endfacet
  facet normal -0.998585 0.0531762 0
    outer loop
      vertex 52.0809 100.452 1
      vertex 52.1243 101.267 1.5
      vertex 52.1243 101.267 1
    endloop
  endfacet
  facet normal -0.998585 0.0531762 0
    outer loop
      vertex 52.1243 101.267 1.5
      vertex 52.0809 100.452 1
      vertex 52.0809 100.452 1.5
    endloop
  endfacet
  facet normal -0.999887 0.0150367 0
    outer loop
      vertex 52.0666 99.5011 1
      vertex 52.0809 100.452 1.5
      vertex 52.0809 100.452 1
    endloop
  endfacet
  facet normal -0.999887 0.0150367 0
    outer loop
      vertex 52.0809 100.452 1.5
      vertex 52.0666 99.5011 1
      vertex 52.0666 99.5011 1.5
    endloop
  endfacet
  facet normal -0.999887 -0.0150304 0
    outer loop
      vertex 52.0809 98.5498 1
      vertex 52.0666 99.5011 1.5
      vertex 52.0666 99.5011 1
    endloop
  endfacet
  facet normal -0.999887 -0.0150304 0
    outer loop
      vertex 52.0666 99.5011 1.5
      vertex 52.0809 98.5498 1
      vertex 52.0809 98.5498 1.5
    endloop
  endfacet
  facet normal -0.998582 -0.0532348 0
    outer loop
      vertex 52.1243 97.7357 1
      vertex 52.0809 98.5498 1.5
      vertex 52.0809 98.5498 1
    endloop
  endfacet
  facet normal -0.998582 -0.0532348 0
    outer loop
      vertex 52.0809 98.5498 1.5
      vertex 52.1243 97.7357 1
      vertex 52.1243 97.7357 1.5
    endloop
  endfacet
  facet normal -0.994329 -0.106343 0
    outer loop
      vertex 52.1974 97.0522 1
      vertex 52.1243 97.7357 1.5
      vertex 52.1243 97.7357 1
    endloop
  endfacet
  facet normal -0.994329 -0.106343 0
    outer loop
      vertex 52.1243 97.7357 1.5
      vertex 52.1974 97.0522 1
      vertex 52.1974 97.0522 1.5
    endloop
  endfacet
  facet normal -0.983403 -0.181435 0
    outer loop
      vertex 52.3007 96.4923 1
      vertex 52.1974 97.0522 1.5
      vertex 52.1974 97.0522 1
    endloop
  endfacet
  facet normal -0.983403 -0.181435 0
    outer loop
      vertex 52.1974 97.0522 1.5
      vertex 52.3007 96.4923 1
      vertex 52.3007 96.4923 1.5
    endloop
  endfacet
  facet normal -0.957073 -0.289845 0
    outer loop
      vertex 52.4348 96.0495 1
      vertex 52.3007 96.4923 1.5
      vertex 52.3007 96.4923 1
    endloop
  endfacet
  facet normal -0.957073 -0.289845 0
    outer loop
      vertex 52.3007 96.4923 1.5
      vertex 52.4348 96.0495 1
      vertex 52.4348 96.0495 1.5
    endloop
  endfacet
  facet normal -0.89534 -0.445383 0
    outer loop
      vertex 52.6003 95.7168 1
      vertex 52.4348 96.0495 1.5
      vertex 52.4348 96.0495 1
    endloop
  endfacet
  facet normal -0.89534 -0.445383 0
    outer loop
      vertex 52.4348 96.0495 1.5
      vertex 52.6003 95.7168 1
      vertex 52.6003 95.7168 1.5
    endloop
  endfacet
  facet normal -0.757577 -0.652746 0
    outer loop
      vertex 52.7871 95.5 1
      vertex 52.6003 95.7168 1.5
      vertex 52.6003 95.7168 1
    endloop
  endfacet
  facet normal -0.757577 -0.652746 0
    outer loop
      vertex 52.6003 95.7168 1.5
      vertex 52.7871 95.5 1
      vertex 52.7871 95.5 1.5
    endloop
  endfacet
  facet normal 0.572774 -0.819713 0
    outer loop
      vertex 33.8082 95.5 1
      vertex 33.8882 95.5559 1.5
      vertex 33.8082 95.5 1.5
    endloop
  endfacet
  facet normal 0.572774 -0.819713 0
    outer loop
      vertex 33.8882 95.5559 1.5
      vertex 33.8082 95.5 1
      vertex 33.8882 95.5559 1
    endloop
  endfacet
  facet normal 0.75128 -0.659984 0
    outer loop
      vertex 33.8882 95.5559 1.5
      vertex 34.0523 95.7427 1
      vertex 34.0523 95.7427 1.5
    endloop
  endfacet
  facet normal 0.75128 -0.659984 0
    outer loop
      vertex 34.0523 95.7427 1
      vertex 33.8882 95.5559 1.5
      vertex 33.8882 95.5559 1
    endloop
  endfacet
  facet normal 0.86941 -0.494091 0
    outer loop
      vertex 34.0523 95.7427 1.5
      vertex 34.1875 95.9806 1
      vertex 34.1875 95.9806 1.5
    endloop
  endfacet
  facet normal 0.86941 -0.494091 0
    outer loop
      vertex 34.1875 95.9806 1
      vertex 34.0523 95.7427 1.5
      vertex 34.0523 95.7427 1
    endloop
  endfacet
  facet normal 0.938771 -0.344542 0
    outer loop
      vertex 34.1875 95.9806 1.5
      vertex 34.2932 96.2686 1
      vertex 34.2932 96.2686 1.5
    endloop
  endfacet
  facet normal 0.938771 -0.344542 0
    outer loop
      vertex 34.2932 96.2686 1
      vertex 34.1875 95.9806 1.5
      vertex 34.1875 95.9806 1
    endloop
  endfacet
  facet normal 0.975529 -0.21987 0
    outer loop
      vertex 34.2932 96.2686 1.5
      vertex 34.3692 96.6058 1
      vertex 34.3692 96.6058 1.5
    endloop
  endfacet
  facet normal 0.975529 -0.21987 0
    outer loop
      vertex 34.3692 96.6058 1
      vertex 34.2932 96.2686 1.5
      vertex 34.2932 96.2686 1
    endloop
  endfacet
  facet normal 0.992975 -0.118322 0
    outer loop
      vertex 34.3692 96.6058 1.5
      vertex 34.4151 96.991 1
      vertex 34.4151 96.991 1.5
    endloop
  endfacet
  facet normal 0.992975 -0.118322 0
    outer loop
      vertex 34.4151 96.991 1
      vertex 34.3692 96.6058 1.5
      vertex 34.3692 96.6058 1
    endloop
  endfacet
  facet normal 0.999375 -0.0353618 0
    outer loop
      vertex 34.4151 96.991 1.5
      vertex 34.4304 97.4234 1
      vertex 34.4304 97.4234 1.5
    endloop
  endfacet
  facet normal 0.999375 -0.0353618 0
    outer loop
      vertex 34.4304 97.4234 1
      vertex 34.4151 96.991 1.5
      vertex 34.4151 96.991 1
    endloop
  endfacet
  facet normal 0.999414 0.0342154 0
    outer loop
      vertex 34.4304 97.4234 1.5
      vertex 34.4156 97.8557 1
      vertex 34.4156 97.8557 1.5
    endloop
  endfacet
  facet normal 0.999414 0.0342154 0
    outer loop
      vertex 34.4156 97.8557 1
      vertex 34.4304 97.4234 1.5
      vertex 34.4304 97.4234 1
    endloop
  endfacet
  facet normal 0.994091 0.10855 0
    outer loop
      vertex 34.4156 97.8557 1.5
      vertex 34.3738 98.2385 1
      vertex 34.3738 98.2385 1.5
    endloop
  endfacet
  facet normal 0.994091 0.10855 0
    outer loop
      vertex 34.3738 98.2385 1
      vertex 34.4156 97.8557 1.5
      vertex 34.4156 97.8557 1
    endloop
  endfacet
  facet normal 0.982064 0.188547 0
    outer loop
      vertex 34.3738 98.2385 1.5
      vertex 34.3086 98.5781 1
      vertex 34.3086 98.5781 1.5
    endloop
  endfacet
  facet normal 0.982064 0.188547 0
    outer loop
      vertex 34.3086 98.5781 1
      vertex 34.3738 98.2385 1.5
      vertex 34.3738 98.2385 1
    endloop
  endfacet
  facet normal 0.963116 0.269087 0
    outer loop
      vertex 34.3086 98.5781 1.5
      vertex 34.224 98.8809 1
      vertex 34.224 98.8809 1.5
    endloop
  endfacet
  facet normal 0.963116 0.269087 0
    outer loop
      vertex 34.224 98.8809 1
      vertex 34.3086 98.5781 1.5
      vertex 34.3086 98.5781 1
    endloop
  endfacet
  facet normal 0.938561 0.345115 0
    outer loop
      vertex 34.224 98.8809 1.5
      vertex 34.1238 99.1534 1
      vertex 34.1238 99.1534 1.5
    endloop
  endfacet
  facet normal 0.938561 0.345115 0
    outer loop
      vertex 34.1238 99.1534 1
      vertex 34.224 98.8809 1.5
      vertex 34.224 98.8809 1
    endloop
  endfacet
  facet normal 0.911406 0.411508 0
    outer loop
      vertex 34.1238 99.1534 1.5
      vertex 34.0116 99.4019 1
      vertex 34.0116 99.4019 1.5
    endloop
  endfacet
  facet normal 0.911406 0.411508 0
    outer loop
      vertex 34.0116 99.4019 1
      vertex 34.1238 99.1534 1.5
      vertex 34.1238 99.1534 1
    endloop
  endfacet
  facet normal 0.887091 0.461595 0
    outer loop
      vertex 34.0116 99.4019 1.5
      vertex 33.8914 99.6329 1
      vertex 33.8914 99.6329 1.5
    endloop
  endfacet
  facet normal 0.887091 0.461595 0
    outer loop
      vertex 33.8914 99.6329 1
      vertex 34.0116 99.4019 1.5
      vertex 34.0116 99.4019 1
    endloop
  endfacet
  facet normal 0.870113 0.492853 0
    outer loop
      vertex 33.8914 99.6329 1.5
      vertex 33.7669 99.8527 1
      vertex 33.7669 99.8527 1.5
    endloop
  endfacet
  facet normal 0.870113 0.492853 0
    outer loop
      vertex 33.7669 99.8527 1
      vertex 33.8914 99.6329 1.5
      vertex 33.8914 99.6329 1
    endloop
  endfacet
  facet normal 0.864811 0.502097 0
    outer loop
      vertex 33.7669 99.8527 1.5
      vertex 33.6419 100.068 1
      vertex 33.6419 100.068 1.5
    endloop
  endfacet
  facet normal 0.864811 0.502097 0
    outer loop
      vertex 33.6419 100.068 1
      vertex 33.7669 99.8527 1.5
      vertex 33.7669 99.8527 1
    endloop
  endfacet
  facet normal 0.860885 0.508799 0
    outer loop
      vertex 33.6419 100.068 1.5
      vertex 33.5432 100.235 1
      vertex 33.5432 100.235 1.5
    endloop
  endfacet
  facet normal 0.860885 0.508799 0
    outer loop
      vertex 33.5432 100.235 1
      vertex 33.6419 100.068 1.5
      vertex 33.6419 100.068 1
    endloop
  endfacet
  facet normal 0.864938 0.501878 0
    outer loop
      vertex 33.5432 100.235 1.5
      vertex 33.4492 100.397 1
      vertex 33.4492 100.397 1.5
    endloop
  endfacet
  facet normal 0.864938 0.501878 0
    outer loop
      vertex 33.4492 100.397 1
      vertex 33.5432 100.235 1.5
      vertex 33.5432 100.235 1
    endloop
  endfacet
  facet normal 0.880087 0.474812 0
    outer loop
      vertex 33.4492 100.397 1.5
      vertex 33.3618 100.559 1
      vertex 33.3618 100.559 1.5
    endloop
  endfacet
  facet normal 0.880087 0.474812 0
    outer loop
      vertex 33.3618 100.559 1
      vertex 33.4492 100.397 1.5
      vertex 33.4492 100.397 1
    endloop
  endfacet
  facet normal 0.901736 0.432287 0
    outer loop
      vertex 33.3618 100.559 1.5
      vertex 33.2827 100.724 1
      vertex 33.2827 100.724 1.5
    endloop
  endfacet
  facet normal 0.901736 0.432287 0
    outer loop
      vertex 33.2827 100.724 1
      vertex 33.3618 100.559 1.5
      vertex 33.3618 100.559 1
    endloop
  endfacet
  facet normal 0.929216 0.369538 0
    outer loop
      vertex 33.2827 100.724 1.5
      vertex 33.2139 100.897 1
      vertex 33.2139 100.897 1.5
    endloop
  endfacet
  facet normal 0.929216 0.369538 0
    outer loop
      vertex 33.2139 100.897 1
      vertex 33.2827 100.724 1.5
      vertex 33.2827 100.724 1
    endloop
  endfacet
  facet normal 0.955054 0.296432 0
    outer loop
      vertex 33.2139 100.897 1.5
      vertex 33.1571 101.08 1
      vertex 33.1571 101.08 1.5
    endloop
  endfacet
  facet normal 0.955054 0.296432 0
    outer loop
      vertex 33.1571 101.08 1
      vertex 33.2139 100.897 1.5
      vertex 33.2139 100.897 1
    endloop
  endfacet
  facet normal 0.977425 0.211282 0
    outer loop
      vertex 33.1571 101.08 1.5
      vertex 33.1143 101.278 1
      vertex 33.1143 101.278 1.5
    endloop
  endfacet
  facet normal 0.977425 0.211282 0
    outer loop
      vertex 33.1143 101.278 1
      vertex 33.1571 101.08 1.5
      vertex 33.1571 101.08 1
    endloop
  endfacet
  facet normal 0.992292 0.123922 0
    outer loop
      vertex 33.1143 101.278 1.5
      vertex 33.0872 101.495 1
      vertex 33.0872 101.495 1.5
    endloop
  endfacet
  facet normal 0.992292 0.123922 0
    outer loop
      vertex 33.0872 101.495 1
      vertex 33.1143 101.278 1.5
      vertex 33.1143 101.278 1
    endloop
  endfacet
  facet normal 0.999227 0.0393002 0
    outer loop
      vertex 33.0872 101.495 1.5
      vertex 33.0778 101.734 1
      vertex 33.0778 101.734 1.5
    endloop
  endfacet
  facet normal 0.999227 0.0393002 0
    outer loop
      vertex 33.0778 101.734 1
      vertex 33.0872 101.495 1.5
      vertex 33.0872 101.495 1
    endloop
  endfacet
  facet normal 0.999837 -0.0180693 0
    outer loop
      vertex 33.0778 101.734 1.5
      vertex 33.0793 101.817 1
      vertex 33.0793 101.817 1.5
    endloop
  endfacet
  facet normal 0.999837 -0.0180693 0
    outer loop
      vertex 33.0793 101.817 1
      vertex 33.0778 101.734 1.5
      vertex 33.0778 101.734 1
    endloop
  endfacet
  facet normal 0.998266 -0.0588721 0
    outer loop
      vertex 33.0793 101.817 1.5
      vertex 33.0839 101.895 1
      vertex 33.0839 101.895 1.5
    endloop
  endfacet
  facet normal 0.998266 -0.0588721 0
    outer loop
      vertex 33.0839 101.895 1
      vertex 33.0793 101.817 1.5
      vertex 33.0793 101.817 1
    endloop
  endfacet
  facet normal 0.993867 -0.110585 0
    outer loop
      vertex 33.0839 101.895 1.5
      vertex 33.0918 101.966 1
      vertex 33.0918 101.966 1.5
    endloop
  endfacet
  facet normal 0.993867 -0.110585 0
    outer loop
      vertex 33.0918 101.966 1
      vertex 33.0839 101.895 1.5
      vertex 33.0839 101.895 1
    endloop
  endfacet
  facet normal 0.983968 -0.178344 0
    outer loop
      vertex 33.0918 101.966 1.5
      vertex 33.1034 102.03 1
      vertex 33.1034 102.03 1.5
    endloop
  endfacet
  facet normal 0.983968 -0.178344 0
    outer loop
      vertex 33.1034 102.03 1
      vertex 33.0918 101.966 1.5
      vertex 33.0918 101.966 1
    endloop
  endfacet
  facet normal 0.961187 -0.275896 0
    outer loop
      vertex 33.1034 102.03 1.5
      vertex 33.1189 102.084 1
      vertex 33.1189 102.084 1.5
    endloop
  endfacet
  facet normal 0.961187 -0.275896 0
    outer loop
      vertex 33.1189 102.084 1
      vertex 33.1034 102.03 1.5
      vertex 33.1034 102.03 1
    endloop
  endfacet
  facet normal 0.916064 -0.401032 0
    outer loop
      vertex 33.1189 102.084 1.5
      vertex 33.1386 102.129 1
      vertex 33.1386 102.129 1.5
    endloop
  endfacet
  facet normal 0.916064 -0.401032 0
    outer loop
      vertex 33.1386 102.129 1
      vertex 33.1189 102.084 1.5
      vertex 33.1189 102.084 1
    endloop
  endfacet
  facet normal 0.80757 -0.589771 0
    outer loop
      vertex 33.1386 102.129 1.5
      vertex 33.1627 102.162 1
      vertex 33.1627 102.162 1.5
    endloop
  endfacet
  facet normal 0.80757 -0.589771 0
    outer loop
      vertex 33.1627 102.162 1
      vertex 33.1386 102.129 1.5
      vertex 33.1386 102.129 1
    endloop
  endfacet
  facet normal 0.589172 -0.808008 0
    outer loop
      vertex 33.1627 102.162 1
      vertex 33.1915 102.183 1.5
      vertex 33.1627 102.162 1.5
    endloop
  endfacet
  facet normal 0.589172 -0.808008 0
    outer loop
      vertex 33.1915 102.183 1.5
      vertex 33.1627 102.162 1
      vertex 33.1915 102.183 1
    endloop
  endfacet
  facet normal 0.203374 -0.979101 0
    outer loop
      vertex 33.1915 102.183 1
      vertex 33.2252 102.19 1.5
      vertex 33.1915 102.183 1.5
    endloop
  endfacet
  facet normal 0.203374 -0.979101 0
    outer loop
      vertex 33.2252 102.19 1.5
      vertex 33.1915 102.183 1
      vertex 33.2252 102.19 1
    endloop
  endfacet
  facet normal -0.0735106 -0.997294 0
    outer loop
      vertex 33.2252 102.19 1
      vertex 33.2659 102.187 1.5
      vertex 33.2252 102.19 1.5
    endloop
  endfacet
  facet normal -0.0735106 -0.997294 -0
    outer loop
      vertex 33.2659 102.187 1.5
      vertex 33.2252 102.19 1
      vertex 33.2659 102.187 1
    endloop
  endfacet
  facet normal -0.40333 -0.915055 0
    outer loop
      vertex 33.2659 102.187 1
      vertex 33.3022 102.171 1.5
      vertex 33.2659 102.187 1.5
    endloop
  endfacet
  facet normal -0.40333 -0.915055 -0
    outer loop
      vertex 33.3022 102.171 1.5
      vertex 33.2659 102.187 1
      vertex 33.3022 102.171 1
    endloop
  endfacet
  facet normal -0.761939 -0.647648 0
    outer loop
      vertex 33.3345 102.133 1
      vertex 33.3022 102.171 1.5
      vertex 33.3022 102.171 1
    endloop
  endfacet
  facet normal -0.761939 -0.647648 0
    outer loop
      vertex 33.3022 102.171 1.5
      vertex 33.3345 102.133 1
      vertex 33.3345 102.133 1.5
    endloop
  endfacet
  facet normal -0.926144 -0.377169 0
    outer loop
      vertex 33.3626 102.064 1
      vertex 33.3345 102.133 1.5
      vertex 33.3345 102.133 1
    endloop
  endfacet
  facet normal -0.926144 -0.377169 0
    outer loop
      vertex 33.3345 102.133 1.5
      vertex 33.3626 102.064 1
      vertex 33.3626 102.064 1.5
    endloop
  endfacet
  facet normal -0.976607 -0.215033 0
    outer loop
      vertex 33.3866 101.955 1
      vertex 33.3626 102.064 1.5
      vertex 33.3626 102.064 1
    endloop
  endfacet
  facet normal -0.976607 -0.215033 0
    outer loop
      vertex 33.3626 102.064 1.5
      vertex 33.3866 101.955 1
      vertex 33.3866 101.955 1.5
    endloop
  endfacet
  facet normal -0.992201 -0.124645 0
    outer loop
      vertex 33.4067 101.795 1
      vertex 33.3866 101.955 1.5
      vertex 33.3866 101.955 1
    endloop
  endfacet
  facet normal -0.992201 -0.124645 0
    outer loop
      vertex 33.3866 101.955 1.5
      vertex 33.4067 101.795 1
      vertex 33.4067 101.795 1.5
    endloop
  endfacet
  facet normal -0.997342 -0.0728652 0
    outer loop
      vertex 33.4227 101.576 1
      vertex 33.4067 101.795 1.5
      vertex 33.4067 101.795 1
    endloop
  endfacet
  facet normal -0.997342 -0.0728652 0
    outer loop
      vertex 33.4067 101.795 1.5
      vertex 33.4227 101.576 1
      vertex 33.4227 101.576 1.5
    endloop
  endfacet
  facet normal -0.999098 -0.0424704 0
    outer loop
      vertex 33.4349 101.289 1
      vertex 33.4227 101.576 1.5
      vertex 33.4227 101.576 1
    endloop
  endfacet
  facet normal -0.999098 -0.0424704 0
    outer loop
      vertex 33.4227 101.576 1.5
      vertex 33.4349 101.289 1
      vertex 33.4349 101.289 1.5
    endloop
  endfacet
  facet normal -0.999743 -0.0226718 0
    outer loop
      vertex 33.4432 100.923 1
      vertex 33.4349 101.289 1.5
      vertex 33.4349 101.289 1
    endloop
  endfacet
  facet normal -0.999743 -0.0226718 0
    outer loop
      vertex 33.4349 101.289 1.5
      vertex 33.4432 100.923 1
      vertex 33.4432 100.923 1.5
    endloop
  endfacet
  facet normal 0.140774 -0.990042 0
    outer loop
      vertex 33.4432 100.923 1
      vertex 34.3856 101.057 1.5
      vertex 33.4432 100.923 1.5
    endloop
  endfacet
  facet normal 0.140774 -0.990042 0
    outer loop
      vertex 34.3856 101.057 1.5
      vertex 33.4432 100.923 1
      vertex 34.3856 101.057 1
    endloop
  endfacet
  facet normal 0.999344 0.0362055 0
    outer loop
      vertex 34.3856 101.057 1.5
      vertex 34.366 101.598 1
      vertex 34.366 101.598 1.5
    endloop
  endfacet
  facet normal 0.999344 0.0362055 0
    outer loop
      vertex 34.366 101.598 1
      vertex 34.3856 101.057 1.5
      vertex 34.3856 101.057 1
    endloop
  endfacet
  facet normal 0.996645 0.0818451 0
    outer loop
      vertex 34.366 101.598 1.5
      vertex 34.3265 102.079 1
      vertex 34.3265 102.079 1.5
    endloop
  endfacet
  facet normal 0.996645 0.0818451 0
    outer loop
      vertex 34.3265 102.079 1
      vertex 34.366 101.598 1.5
      vertex 34.366 101.598 1
    endloop
  endfacet
  facet normal 0.988988 0.147996 0
    outer loop
      vertex 34.3265 102.079 1.5
      vertex 34.2635 102.5 1
      vertex 34.2635 102.5 1.5
    endloop
  endfacet
  facet normal 0.988988 0.147996 0
    outer loop
      vertex 34.2635 102.5 1
      vertex 34.3265 102.079 1.5
      vertex 34.3265 102.079 1
    endloop
  endfacet
  facet normal 0.970238 0.242154 0
    outer loop
      vertex 34.2635 102.5 1.5
      vertex 34.1739 102.859 1
      vertex 34.1739 102.859 1.5
    endloop
  endfacet
  facet normal 0.970238 0.242154 0
    outer loop
      vertex 34.1739 102.859 1
      vertex 34.2635 102.5 1.5
      vertex 34.2635 102.5 1
    endloop
  endfacet
  facet normal 0.926957 0.375167 0
    outer loop
      vertex 34.1739 102.859 1.5
      vertex 34.0541 103.155 1
      vertex 34.0541 103.155 1.5
    endloop
  endfacet
  facet normal 0.926957 0.375167 0
    outer loop
      vertex 34.0541 103.155 1
      vertex 34.1739 102.859 1.5
      vertex 34.1739 102.859 1
    endloop
  endfacet
  facet normal 0.835235 0.549893 0
    outer loop
      vertex 34.0541 103.155 1.5
      vertex 33.9007 103.388 1
      vertex 33.9007 103.388 1.5
    endloop
  endfacet
  facet normal 0.835235 0.549893 0
    outer loop
      vertex 33.9007 103.388 1
      vertex 34.0541 103.155 1.5
      vertex 34.0541 103.155 1
    endloop
  endfacet
  facet normal 0.659986 0.751278 -0
    outer loop
      vertex 33.9007 103.388 1
      vertex 33.7106 103.555 1.5
      vertex 33.9007 103.388 1.5
    endloop
  endfacet
  facet normal 0.659986 0.751278 0
    outer loop
      vertex 33.7106 103.555 1.5
      vertex 33.9007 103.388 1
      vertex 33.7106 103.555 1
    endloop
  endfacet
  facet normal 0.40134 0.915929 -0
    outer loop
      vertex 33.7106 103.555 1
      vertex 33.4801 103.656 1.5
      vertex 33.7106 103.555 1.5
    endloop
  endfacet
  facet normal 0.40134 0.915929 0
    outer loop
      vertex 33.4801 103.656 1.5
      vertex 33.7106 103.555 1
      vertex 33.4801 103.656 1
    endloop
  endfacet
  facet normal 0.123099 0.992394 -0
    outer loop
      vertex 33.4801 103.656 1
      vertex 33.206 103.69 1.5
      vertex 33.4801 103.656 1.5
    endloop
  endfacet
  facet normal 0.123099 0.992394 0
    outer loop
      vertex 33.206 103.69 1.5
      vertex 33.4801 103.656 1
      vertex 33.206 103.69 1
    endloop
  endfacet
  facet normal -0.126104 0.992017 0
    outer loop
      vertex 33.206 103.69 1
      vertex 32.97 103.66 1.5
      vertex 33.206 103.69 1.5
    endloop
  endfacet
  facet normal -0.126104 0.992017 0
    outer loop
      vertex 32.97 103.66 1.5
      vertex 33.206 103.69 1
      vertex 32.97 103.66 1
    endloop
  endfacet
  facet normal -0.397112 0.91777 0
    outer loop
      vertex 32.97 103.66 1
      vertex 32.762 103.57 1.5
      vertex 32.97 103.66 1.5
    endloop
  endfacet
  facet normal -0.397112 0.91777 0
    outer loop
      vertex 32.762 103.57 1.5
      vertex 32.97 103.66 1
      vertex 32.762 103.57 1
    endloop
  endfacet
  facet normal -0.626907 0.779094 0
    outer loop
      vertex 32.762 103.57 1
      vertex 32.5818 103.425 1.5
      vertex 32.762 103.57 1.5
    endloop
  endfacet
  facet normal -0.626907 0.779094 0
    outer loop
      vertex 32.5818 103.425 1.5
      vertex 32.762 103.57 1
      vertex 32.5818 103.425 1
    endloop
  endfacet
  facet normal -0.792639 0.609691 0
    outer loop
      vertex 32.4295 103.227 1
      vertex 32.5818 103.425 1.5
      vertex 32.5818 103.425 1
    endloop
  endfacet
  facet normal -0.792639 0.609691 0
    outer loop
      vertex 32.5818 103.425 1.5
      vertex 32.4295 103.227 1
      vertex 32.4295 103.227 1.5
    endloop
  endfacet
  facet normal -0.89385 0.448367 0
    outer loop
      vertex 32.3051 102.979 1
      vertex 32.4295 103.227 1.5
      vertex 32.4295 103.227 1
    endloop
  endfacet
  facet normal -0.89385 0.448367 0
    outer loop
      vertex 32.4295 103.227 1.5
      vertex 32.3051 102.979 1
      vertex 32.3051 102.979 1.5
    endloop
  endfacet
  facet normal -0.950154 0.31178 0
    outer loop
      vertex 32.2083 102.684 1
      vertex 32.3051 102.979 1.5
      vertex 32.3051 102.979 1
    endloop
  endfacet
  facet normal -0.950154 0.31178 0
    outer loop
      vertex 32.3051 102.979 1.5
      vertex 32.2083 102.684 1
      vertex 32.2083 102.684 1.5
    endloop
  endfacet
  facet normal -0.979908 0.19945 0
    outer loop
      vertex 32.1393 102.345 1
      vertex 32.2083 102.684 1.5
      vertex 32.2083 102.684 1
    endloop
  endfacet
  facet normal -0.979908 0.19945 0
    outer loop
      vertex 32.2083 102.684 1.5
      vertex 32.1393 102.345 1
      vertex 32.1393 102.345 1.5
    endloop
  endfacet
  facet normal -0.994148 0.108026 0
    outer loop
      vertex 32.0979 101.964 1
      vertex 32.1393 102.345 1.5
      vertex 32.1393 102.345 1
    endloop
  endfacet
  facet normal -0.994148 0.108026 0
    outer loop
      vertex 32.1393 102.345 1.5
      vertex 32.0979 101.964 1
      vertex 32.0979 101.964 1.5
    endloop
  endfacet
  facet normal -0.999455 0.0329964 0
    outer loop
      vertex 32.0841 101.546 1
      vertex 32.0979 101.964 1.5
      vertex 32.0979 101.964 1
    endloop
  endfacet
  facet normal -0.999455 0.0329964 0
    outer loop
      vertex 32.0979 101.964 1.5
      vertex 32.0841 101.546 1
      vertex 32.0841 101.546 1.5
    endloop
  endfacet
  facet normal -0.999377 -0.0353014 0
    outer loop
      vertex 32.0983 101.144 1
      vertex 32.0841 101.546 1.5
      vertex 32.0841 101.546 1
    endloop
  endfacet
  facet normal -0.999377 -0.0353014 0
    outer loop
      vertex 32.0841 101.546 1.5
      vertex 32.0983 101.144 1
      vertex 32.0983 101.144 1.5
    endloop
  endfacet
  facet normal -0.994078 -0.108668 0
    outer loop
      vertex 32.1382 100.779 1
      vertex 32.0983 101.144 1.5
      vertex 32.0983 101.144 1
    endloop
  endfacet
  facet normal -0.994078 -0.108668 0
    outer loop
      vertex 32.0983 101.144 1.5
      vertex 32.1382 100.779 1
      vertex 32.1382 100.779 1.5
    endloop
  endfacet
  facet normal -0.982744 -0.18497 0
    outer loop
      vertex 32.2005 100.448 1
      vertex 32.1382 100.779 1.5
      vertex 32.1382 100.779 1
    endloop
  endfacet
  facet normal -0.982744 -0.18497 0
    outer loop
      vertex 32.1382 100.779 1.5
      vertex 32.2005 100.448 1
      vertex 32.2005 100.448 1.5
    endloop
  endfacet
  facet normal -0.965727 -0.259559 0
    outer loop
      vertex 32.2814 100.147 1
      vertex 32.2005 100.448 1.5
      vertex 32.2005 100.448 1
    endloop
  endfacet
  facet normal -0.965727 -0.259559 0
    outer loop
      vertex 32.2005 100.448 1.5
      vertex 32.2814 100.147 1
      vertex 32.2814 100.147 1.5
    endloop
  endfacet
  facet normal -0.94501 -0.32704 0
    outer loop
      vertex 32.3774 99.8696 1
      vertex 32.2814 100.147 1.5
      vertex 32.2814 100.147 1
    endloop
  endfacet
  facet normal -0.94501 -0.32704 0
    outer loop
      vertex 32.2814 100.147 1.5
      vertex 32.3774 99.8696 1
      vertex 32.3774 99.8696 1.5
    endloop
  endfacet
  facet normal -0.922277 -0.386529 0
    outer loop
      vertex 32.4849 99.6131 1
      vertex 32.3774 99.8696 1.5
      vertex 32.3774 99.8696 1
    endloop
  endfacet
  facet normal -0.922277 -0.386529 0
    outer loop
      vertex 32.3774 99.8696 1.5
      vertex 32.4849 99.6131 1
      vertex 32.4849 99.6131 1.5
    endloop
  endfacet
  facet normal -0.901365 -0.43306 0
    outer loop
      vertex 32.6004 99.3727 1
      vertex 32.4849 99.6131 1.5
      vertex 32.4849 99.6131 1
    endloop
  endfacet
  facet normal -0.901365 -0.43306 0
    outer loop
      vertex 32.4849 99.6131 1.5
      vertex 32.6004 99.3727 1
      vertex 32.6004 99.3727 1.5
    endloop
  endfacet
  facet normal -0.885816 -0.464036 0
    outer loop
      vertex 32.7201 99.1442 1
      vertex 32.6004 99.3727 1.5
      vertex 32.6004 99.3727 1
    endloop
  endfacet
  facet normal -0.885816 -0.464036 0
    outer loop
      vertex 32.6004 99.3727 1.5
      vertex 32.7201 99.1442 1
      vertex 32.7201 99.1442 1.5
    endloop
  endfacet
  facet normal -0.877789 -0.479047 0
    outer loop
      vertex 32.8406 98.9234 1
      vertex 32.7201 99.1442 1.5
      vertex 32.7201 99.1442 1
    endloop
  endfacet
  facet normal -0.877789 -0.479047 0
    outer loop
      vertex 32.7201 99.1442 1.5
      vertex 32.8406 98.9234 1
      vertex 32.8406 98.9234 1.5
    endloop
  endfacet
  facet normal -0.871842 -0.489788 0
    outer loop
      vertex 32.9438 98.7397 1
      vertex 32.8406 98.9234 1.5
      vertex 32.8406 98.9234 1
    endloop
  endfacet
  facet normal -0.871842 -0.489788 0
    outer loop
      vertex 32.8406 98.9234 1.5
      vertex 32.9438 98.7397 1
      vertex 32.9438 98.7397 1.5
    endloop
  endfacet
  facet normal -0.871137 -0.491041 0
    outer loop
      vertex 33.0425 98.5646 1
      vertex 32.9438 98.7397 1.5
      vertex 32.9438 98.7397 1
    endloop
  endfacet
  facet normal -0.871137 -0.491041 0
    outer loop
      vertex 32.9438 98.7397 1.5
      vertex 33.0425 98.5646 1
      vertex 33.0425 98.5646 1.5
    endloop
  endfacet
  facet normal -0.878469 -0.4778 0
    outer loop
      vertex 33.1348 98.3949 1
      vertex 33.0425 98.5646 1.5
      vertex 33.0425 98.5646 1
    endloop
  endfacet
  facet normal -0.878469 -0.4778 0
    outer loop
      vertex 33.0425 98.5646 1.5
      vertex 33.1348 98.3949 1
      vertex 33.1348 98.3949 1.5
    endloop
  endfacet
  facet normal -0.894106 -0.447856 0
    outer loop
      vertex 33.2185 98.2278 1
      vertex 33.1348 98.3949 1.5
      vertex 33.1348 98.3949 1
    endloop
  endfacet
  facet normal -0.894106 -0.447856 0
    outer loop
      vertex 33.1348 98.3949 1.5
      vertex 33.2185 98.2278 1
      vertex 33.2185 98.2278 1.5
    endloop
  endfacet
  facet normal -0.916783 -0.399385 0
    outer loop
      vertex 33.2916 98.06 1
      vertex 33.2185 98.2278 1.5
      vertex 33.2185 98.2278 1
    endloop
  endfacet
  facet normal -0.916783 -0.399385 0
    outer loop
      vertex 33.2185 98.2278 1.5
      vertex 33.2916 98.06 1
      vertex 33.2916 98.06 1.5
    endloop
  endfacet
  facet normal -0.942858 -0.333195 0
    outer loop
      vertex 33.3521 97.8888 1
      vertex 33.2916 98.06 1.5
      vertex 33.2916 98.06 1
    endloop
  endfacet
  facet normal -0.942858 -0.333195 0
    outer loop
      vertex 33.2916 98.06 1.5
      vertex 33.3521 97.8888 1
      vertex 33.3521 97.8888 1.5
    endloop
  endfacet
  facet normal -0.968553 -0.248808 0
    outer loop
      vertex 33.3978 97.7109 1
      vertex 33.3521 97.8888 1.5
      vertex 33.3521 97.8888 1
    endloop
  endfacet
  facet normal -0.968553 -0.248808 0
    outer loop
      vertex 33.3521 97.8888 1.5
      vertex 33.3978 97.7109 1
      vertex 33.3978 97.7109 1.5
    endloop
  endfacet
  facet normal -0.988329 -0.152334 0
    outer loop
      vertex 33.4267 97.5234 1
      vertex 33.3978 97.7109 1.5
      vertex 33.3978 97.7109 1
    endloop
  endfacet
  facet normal -0.988329 -0.152334 0
    outer loop
      vertex 33.3978 97.7109 1.5
      vertex 33.4267 97.5234 1
      vertex 33.4267 97.5234 1.5
    endloop
  endfacet
  facet normal -0.998727 -0.0504357 0
    outer loop
      vertex 33.4368 97.3234 1
      vertex 33.4267 97.5234 1.5
      vertex 33.4267 97.5234 1
    endloop
  endfacet
  facet normal -0.998727 -0.0504357 0
    outer loop
      vertex 33.4267 97.5234 1.5
      vertex 33.4368 97.3234 1
      vertex 33.4368 97.3234 1.5
    endloop
  endfacet
  facet normal -0.999761 0.0218435 0
    outer loop
      vertex 33.4342 97.2044 1
      vertex 33.4368 97.3234 1.5
      vertex 33.4368 97.3234 1
    endloop
  endfacet
  facet normal -0.999761 0.0218435 0
    outer loop
      vertex 33.4368 97.3234 1.5
      vertex 33.4342 97.2044 1
      vertex 33.4342 97.2044 1.5
    endloop
  endfacet
  facet normal -0.997247 0.0741518 0
    outer loop
      vertex 33.4264 97.0995 1
      vertex 33.4342 97.2044 1.5
      vertex 33.4342 97.2044 1
    endloop
  endfacet
  facet normal -0.997247 0.0741518 0
    outer loop
      vertex 33.4342 97.2044 1.5
      vertex 33.4264 97.0995 1
      vertex 33.4264 97.0995 1.5
    endloop
  endfacet
  facet normal -0.990252 0.139288 0
    outer loop
      vertex 33.4136 97.0085 1
      vertex 33.4264 97.0995 1.5
      vertex 33.4264 97.0995 1
    endloop
  endfacet
  facet normal -0.990252 0.139288 0
    outer loop
      vertex 33.4264 97.0995 1.5
      vertex 33.4136 97.0085 1
      vertex 33.4136 97.0085 1.5
    endloop
  endfacet
  facet normal -0.973748 0.227629 0
    outer loop
      vertex 33.3956 96.9315 1
      vertex 33.4136 97.0085 1.5
      vertex 33.4136 97.0085 1
    endloop
  endfacet
  facet normal -0.973748 0.227629 0
    outer loop
      vertex 33.4136 97.0085 1.5
      vertex 33.3956 96.9315 1
      vertex 33.3956 96.9315 1.5
    endloop
  endfacet
  facet normal -0.939182 0.343421 0
    outer loop
      vertex 33.3726 96.8686 1
      vertex 33.3956 96.9315 1.5
      vertex 33.3956 96.9315 1
    endloop
  endfacet
  facet normal -0.939182 0.343421 0
    outer loop
      vertex 33.3956 96.9315 1.5
      vertex 33.3726 96.8686 1
      vertex 33.3726 96.8686 1.5
    endloop
  endfacet
  facet normal -0.869006 0.494801 0
    outer loop
      vertex 33.3447 96.8196 1
      vertex 33.3726 96.8686 1.5
      vertex 33.3726 96.8686 1
    endloop
  endfacet
  facet normal -0.869006 0.494801 0
    outer loop
      vertex 33.3726 96.8686 1.5
      vertex 33.3447 96.8196 1
      vertex 33.3447 96.8196 1.5
    endloop
  endfacet
  facet normal -0.728628 0.68491 0
    outer loop
      vertex 33.3118 96.7846 1
      vertex 33.3447 96.8196 1.5
      vertex 33.3447 96.8196 1
    endloop
  endfacet
  facet normal -0.728628 0.68491 0
    outer loop
      vertex 33.3447 96.8196 1.5
      vertex 33.3118 96.7846 1
      vertex 33.3118 96.7846 1.5
    endloop
  endfacet
  facet normal -0.486626 0.87361 0
    outer loop
      vertex 33.3118 96.7846 1
      vertex 33.2741 96.7636 1.5
      vertex 33.3118 96.7846 1.5
    endloop
  endfacet
  facet normal -0.486626 0.87361 0
    outer loop
      vertex 33.2741 96.7636 1.5
      vertex 33.3118 96.7846 1
      vertex 33.2741 96.7636 1
    endloop
  endfacet
  facet normal -0.160255 0.987076 0
    outer loop
      vertex 33.2741 96.7636 1
      vertex 33.2316 96.7567 1.5
      vertex 33.2741 96.7636 1.5
    endloop
  endfacet
  facet normal -0.160255 0.987076 0
    outer loop
      vertex 33.2316 96.7567 1.5
      vertex 33.2741 96.7636 1
      vertex 33.2316 96.7567 1
    endloop
  endfacet
  facet normal 0.174157 0.984718 -0
    outer loop
      vertex 33.2316 96.7567 1
      vertex 33.1711 96.7674 1.5
      vertex 33.2316 96.7567 1.5
    endloop
  endfacet
  facet normal 0.174157 0.984718 0
    outer loop
      vertex 33.1711 96.7674 1.5
      vertex 33.2316 96.7567 1
      vertex 33.1711 96.7674 1
    endloop
  endfacet
  facet normal 0.582161 0.813074 -0
    outer loop
      vertex 33.1711 96.7674 1
      vertex 33.1211 96.8032 1.5
      vertex 33.1711 96.7674 1.5
    endloop
  endfacet
  facet normal 0.582161 0.813074 0
    outer loop
      vertex 33.1211 96.8032 1.5
      vertex 33.1711 96.7674 1
      vertex 33.1211 96.8032 1
    endloop
  endfacet
  facet normal 0.85073 0.525602 0
    outer loop
      vertex 33.1211 96.8032 1.5
      vertex 33.0802 96.8694 1
      vertex 33.0802 96.8694 1.5
    endloop
  endfacet
  facet normal 0.85073 0.525602 0
    outer loop
      vertex 33.0802 96.8694 1
      vertex 33.1211 96.8032 1.5
      vertex 33.1211 96.8032 1
    endloop
  endfacet
  facet normal 0.950808 0.309782 0
    outer loop
      vertex 33.0802 96.8694 1.5
      vertex 33.047 96.9713 1
      vertex 33.047 96.9713 1.5
    endloop
  endfacet
  facet normal 0.950808 0.309782 0
    outer loop
      vertex 33.047 96.9713 1
      vertex 33.0802 96.8694 1.5
      vertex 33.0802 96.8694 1
    endloop
  endfacet
  facet normal 0.982966 0.18379 0
    outer loop
      vertex 33.047 96.9713 1.5
      vertex 33.0203 97.1141 1
      vertex 33.0203 97.1141 1.5
    endloop
  endfacet
  facet normal 0.982966 0.18379 0
    outer loop
      vertex 33.0203 97.1141 1
      vertex 33.047 96.9713 1.5
      vertex 33.047 96.9713 1
    endloop
  endfacet
  facet normal 0.99342 0.114524 0
    outer loop
      vertex 33.0203 97.1141 1.5
      vertex 32.9985 97.3032 1
      vertex 32.9985 97.3032 1.5
    endloop
  endfacet
  facet normal 0.99342 0.114524 0
    outer loop
      vertex 32.9985 97.3032 1
      vertex 33.0203 97.1141 1.5
      vertex 33.0203 97.1141 1
    endloop
  endfacet
  facet normal 0.997185 0.0749856 0
    outer loop
      vertex 32.9985 97.3032 1.5
      vertex 32.9804 97.5439 1
      vertex 32.9804 97.5439 1.5
    endloop
  endfacet
  facet normal 0.997185 0.0749856 0
    outer loop
      vertex 32.9804 97.5439 1
      vertex 32.9985 97.3032 1.5
      vertex 32.9985 97.3032 1
    endloop
  endfacet
  facet normal 0.998575 0.0533692 0
    outer loop
      vertex 32.9804 97.5439 1.5
      vertex 32.9645 97.8414 1
      vertex 32.9645 97.8414 1.5
    endloop
  endfacet
  facet normal 0.998575 0.0533692 0
    outer loop
      vertex 32.9645 97.8414 1
      vertex 32.9804 97.5439 1.5
      vertex 32.9804 97.5439 1
    endloop
  endfacet
  facet normal 0.999143 0.0413879 0
    outer loop
      vertex 32.9645 97.8414 1.5
      vertex 32.9496 98.2011 1
      vertex 32.9496 98.2011 1.5
    endloop
  endfacet
  facet normal 0.999143 0.0413879 0
    outer loop
      vertex 32.9496 98.2011 1
      vertex 32.9645 97.8414 1.5
      vertex 32.9645 97.8414 1
    endloop
  endfacet
  facet normal -0.117869 0.993029 0
    outer loop
      vertex 32.9496 98.2011 1
      vertex 32.0136 98.09 1.5
      vertex 32.9496 98.2011 1.5
    endloop
  endfacet
  facet normal -0.117869 0.993029 0
    outer loop
      vertex 32.0136 98.09 1.5
      vertex 32.9496 98.2011 1
      vertex 32.0136 98.09 1
    endloop
  endfacet
  facet normal -0.99928 -0.0379523 0
    outer loop
      vertex 32.033 97.5792 1
      vertex 32.0136 98.09 1.5
      vertex 32.0136 98.09 1
    endloop
  endfacet
  facet normal -0.99928 -0.0379523 0
    outer loop
      vertex 32.0136 98.09 1.5
      vertex 32.033 97.5792 1
      vertex 32.033 97.5792 1.5
    endloop
  endfacet
  facet normal -0.99765 -0.0685216 0
    outer loop
      vertex 32.0657 97.1031 1
      vertex 32.033 97.5792 1.5
      vertex 32.033 97.5792 1
    endloop
  endfacet
  facet normal -0.99765 -0.0685216 0
    outer loop
      vertex 32.033 97.5792 1.5
      vertex 32.0657 97.1031 1
      vertex 32.0657 97.1031 1.5
    endloop
  endfacet
  facet normal -0.992752 -0.120181 0
    outer loop
      vertex 32.1183 96.6686 1
      vertex 32.0657 97.1031 1.5
      vertex 32.0657 97.1031 1
    endloop
  endfacet
  facet normal -0.992752 -0.120181 0
    outer loop
      vertex 32.0657 97.1031 1.5
      vertex 32.1183 96.6686 1
      vertex 32.1183 96.6686 1.5
    endloop
  endfacet
  facet normal -0.979563 -0.201138 0
    outer loop
      vertex 32.1976 96.2824 1
      vertex 32.1183 96.6686 1.5
      vertex 32.1183 96.6686 1
    endloop
  endfacet
  facet normal -0.979563 -0.201138 0
    outer loop
      vertex 32.1183 96.6686 1.5
      vertex 32.1976 96.2824 1
      vertex 32.1976 96.2824 1.5
    endloop
  endfacet
  facet normal -0.946954 -0.32137 0
    outer loop
      vertex 32.31 95.9512 1
      vertex 32.1976 96.2824 1.5
      vertex 32.1976 96.2824 1
    endloop
  endfacet
  facet normal -0.946954 -0.32137 0
    outer loop
      vertex 32.1976 96.2824 1.5
      vertex 32.31 95.9512 1
      vertex 32.31 95.9512 1.5
    endloop
  endfacet
  facet normal -0.870382 -0.492377 0
    outer loop
      vertex 32.4624 95.6818 1
      vertex 32.31 95.9512 1.5
      vertex 32.31 95.9512 1
    endloop
  endfacet
  facet normal -0.870382 -0.492377 0
    outer loop
      vertex 32.31 95.9512 1.5
      vertex 32.4624 95.6818 1
      vertex 32.4624 95.6818 1.5
    endloop
  endfacet
  facet normal -0.710616 -0.70358 0
    outer loop
      vertex 32.6424 95.5 1
      vertex 32.4624 95.6818 1.5
      vertex 32.4624 95.6818 1
    endloop
  endfacet
  facet normal -0.710616 -0.70358 0
    outer loop
      vertex 32.4624 95.6818 1.5
      vertex 32.6424 95.5 1
      vertex 32.6424 95.5 1.5
    endloop
  endfacet
  facet normal 0.572774 -0.819713 0
    outer loop
      vertex 37.1262 95.5 1
      vertex 37.2062 95.5559 1.5
      vertex 37.1262 95.5 1.5
    endloop
  endfacet
  facet normal 0.572774 -0.819713 0
    outer loop
      vertex 37.2062 95.5559 1.5
      vertex 37.1262 95.5 1
      vertex 37.2062 95.5559 1
    endloop
  endfacet
  facet normal 0.75128 -0.659984 0
    outer loop
      vertex 37.2062 95.5559 1.5
      vertex 37.3703 95.7427 1
      vertex 37.3703 95.7427 1.5
    endloop
  endfacet
  facet normal 0.75128 -0.659984 0
    outer loop
      vertex 37.3703 95.7427 1
      vertex 37.2062 95.5559 1.5
      vertex 37.2062 95.5559 1
    endloop
  endfacet
  facet normal 0.86941 -0.494091 0
    outer loop
      vertex 37.3703 95.7427 1.5
      vertex 37.5055 95.9806 1
      vertex 37.5055 95.9806 1.5
    endloop
  endfacet
  facet normal 0.86941 -0.494091 0
    outer loop
      vertex 37.5055 95.9806 1
      vertex 37.3703 95.7427 1.5
      vertex 37.3703 95.7427 1
    endloop
  endfacet
  facet normal 0.938771 -0.344542 0
    outer loop
      vertex 37.5055 95.9806 1.5
      vertex 37.6112 96.2686 1
      vertex 37.6112 96.2686 1.5
    endloop
  endfacet
  facet normal 0.938771 -0.344542 0
    outer loop
      vertex 37.6112 96.2686 1
      vertex 37.5055 95.9806 1.5
      vertex 37.5055 95.9806 1
    endloop
  endfacet
  facet normal 0.975529 -0.21987 0
    outer loop
      vertex 37.6112 96.2686 1.5
      vertex 37.6872 96.6058 1
      vertex 37.6872 96.6058 1.5
    endloop
  endfacet
  facet normal 0.975529 -0.21987 0
    outer loop
      vertex 37.6872 96.6058 1
      vertex 37.6112 96.2686 1.5
      vertex 37.6112 96.2686 1
    endloop
  endfacet
  facet normal 0.992975 -0.118322 0
    outer loop
      vertex 37.6872 96.6058 1.5
      vertex 37.7331 96.991 1
      vertex 37.7331 96.991 1.5
    endloop
  endfacet
  facet normal 0.992975 -0.118322 0
    outer loop
      vertex 37.7331 96.991 1
      vertex 37.6872 96.6058 1.5
      vertex 37.6872 96.6058 1
    endloop
  endfacet
  facet normal 0.999366 -0.0355926 0
    outer loop
      vertex 37.7331 96.991 1.5
      vertex 37.7485 97.4234 1
      vertex 37.7485 97.4234 1.5
    endloop
  endfacet
  facet normal 0.999366 -0.0355926 0
    outer loop
      vertex 37.7485 97.4234 1
      vertex 37.7331 96.991 1.5
      vertex 37.7331 96.991 1
    endloop
  endfacet
  facet normal 0.999414 0.0342154 0
    outer loop
      vertex 37.7485 97.4234 1.5
      vertex 37.7337 97.8557 1
      vertex 37.7337 97.8557 1.5
    endloop
  endfacet
  facet normal 0.999414 0.0342154 0
    outer loop
      vertex 37.7337 97.8557 1
      vertex 37.7485 97.4234 1.5
      vertex 37.7485 97.4234 1
    endloop
  endfacet
  facet normal 0.994063 0.108807 0
    outer loop
      vertex 37.7337 97.8557 1.5
      vertex 37.6918 98.2385 1
      vertex 37.6918 98.2385 1.5
    endloop
  endfacet
  facet normal 0.994063 0.108807 0
    outer loop
      vertex 37.6918 98.2385 1
      vertex 37.7337 97.8557 1.5
      vertex 37.7337 97.8557 1
    endloop
  endfacet
  facet normal 0.982118 0.188268 0
    outer loop
      vertex 37.6918 98.2385 1.5
      vertex 37.6267 98.5781 1
      vertex 37.6267 98.5781 1.5
    endloop
  endfacet
  facet normal 0.982118 0.188268 0
    outer loop
      vertex 37.6267 98.5781 1
      vertex 37.6918 98.2385 1.5
      vertex 37.6918 98.2385 1
    endloop
  endfacet
  facet normal 0.963116 0.269087 0
    outer loop
      vertex 37.6267 98.5781 1.5
      vertex 37.5421 98.8809 1
      vertex 37.5421 98.8809 1.5
    endloop
  endfacet
  facet normal 0.963116 0.269087 0
    outer loop
      vertex 37.5421 98.8809 1
      vertex 37.6267 98.5781 1.5
      vertex 37.6267 98.5781 1
    endloop
  endfacet
  facet normal 0.938449 0.345418 0
    outer loop
      vertex 37.5421 98.8809 1.5
      vertex 37.4418 99.1534 1
      vertex 37.4418 99.1534 1.5
    endloop
  endfacet
  facet normal 0.938449 0.345418 0
    outer loop
      vertex 37.4418 99.1534 1
      vertex 37.5421 98.8809 1.5
      vertex 37.5421 98.8809 1
    endloop
  endfacet
  facet normal 0.911544 0.411203 0
    outer loop
      vertex 37.4418 99.1534 1.5
      vertex 37.3297 99.4019 1
      vertex 37.3297 99.4019 1.5
    endloop
  endfacet
  facet normal 0.911544 0.411203 0
    outer loop
      vertex 37.3297 99.4019 1
      vertex 37.4418 99.1534 1.5
      vertex 37.4418 99.1534 1
    endloop
  endfacet
  facet normal 0.886934 0.461897 0
    outer loop
      vertex 37.3297 99.4019 1.5
      vertex 37.2094 99.6329 1
      vertex 37.2094 99.6329 1.5
    endloop
  endfacet
  facet normal 0.886934 0.461897 0
    outer loop
      vertex 37.2094 99.6329 1
      vertex 37.3297 99.4019 1.5
      vertex 37.3297 99.4019 1
    endloop
  endfacet
  facet normal 0.870113 0.492853 0
    outer loop
      vertex 37.2094 99.6329 1.5
      vertex 37.0849 99.8527 1
      vertex 37.0849 99.8527 1.5
    endloop
  endfacet
  facet normal 0.870113 0.492853 0
    outer loop
      vertex 37.0849 99.8527 1
      vertex 37.2094 99.6329 1.5
      vertex 37.2094 99.6329 1
    endloop
  endfacet
  facet normal 0.864986 0.501796 0
    outer loop
      vertex 37.0849 99.8527 1.5
      vertex 36.96 100.068 1
      vertex 36.96 100.068 1.5
    endloop
  endfacet
  facet normal 0.864986 0.501796 0
    outer loop
      vertex 36.96 100.068 1
      vertex 37.0849 99.8527 1.5
      vertex 37.0849 99.8527 1
    endloop
  endfacet
  facet normal 0.860885 0.508799 0
    outer loop
      vertex 36.96 100.068 1.5
      vertex 36.8613 100.235 1
      vertex 36.8613 100.235 1.5
    endloop
  endfacet
  facet normal 0.860885 0.508799 0
    outer loop
      vertex 36.8613 100.235 1
      vertex 36.96 100.068 1.5
      vertex 36.96 100.068 1
    endloop
  endfacet
  facet normal 0.864938 0.501878 0
    outer loop
      vertex 36.8613 100.235 1.5
      vertex 36.7673 100.397 1
      vertex 36.7673 100.397 1.5
    endloop
  endfacet
  facet normal 0.864938 0.501878 0
    outer loop
      vertex 36.7673 100.397 1
      vertex 36.8613 100.235 1.5
      vertex 36.8613 100.235 1
    endloop
  endfacet
  facet normal 0.87986 0.475233 0
    outer loop
      vertex 36.7673 100.397 1.5
      vertex 36.6798 100.559 1
      vertex 36.6798 100.559 1.5
    endloop
  endfacet
  facet normal 0.87986 0.475233 0
    outer loop
      vertex 36.6798 100.559 1
      vertex 36.7673 100.397 1.5
      vertex 36.7673 100.397 1
    endloop
  endfacet
  facet normal 0.901736 0.432287 0
    outer loop
      vertex 36.6798 100.559 1.5
      vertex 36.6007 100.724 1
      vertex 36.6007 100.724 1.5
    endloop
  endfacet
  facet normal 0.901736 0.432287 0
    outer loop
      vertex 36.6007 100.724 1
      vertex 36.6798 100.559 1.5
      vertex 36.6798 100.559 1
    endloop
  endfacet
  facet normal 0.929216 0.369538 0
    outer loop
      vertex 36.6007 100.724 1.5
      vertex 36.5319 100.897 1
      vertex 36.5319 100.897 1.5
    endloop
  endfacet
  facet normal 0.929216 0.369538 0
    outer loop
      vertex 36.5319 100.897 1
      vertex 36.6007 100.724 1.5
      vertex 36.6007 100.724 1
    endloop
  endfacet
  facet normal 0.955054 0.296432 0
    outer loop
      vertex 36.5319 100.897 1.5
      vertex 36.4751 101.08 1
      vertex 36.4751 101.08 1.5
    endloop
  endfacet
  facet normal 0.955054 0.296432 0
    outer loop
      vertex 36.4751 101.08 1
      vertex 36.5319 100.897 1.5
      vertex 36.5319 100.897 1
    endloop
  endfacet
  facet normal 0.977425 0.211282 0
    outer loop
      vertex 36.4751 101.08 1.5
      vertex 36.4323 101.278 1
      vertex 36.4323 101.278 1.5
    endloop
  endfacet
  facet normal 0.977425 0.211282 0
    outer loop
      vertex 36.4323 101.278 1
      vertex 36.4751 101.08 1.5
      vertex 36.4751 101.08 1
    endloop
  endfacet
  facet normal 0.992348 0.123472 0
    outer loop
      vertex 36.4323 101.278 1.5
      vertex 36.4053 101.495 1
      vertex 36.4053 101.495 1.5
    endloop
  endfacet
  facet normal 0.992348 0.123472 0
    outer loop
      vertex 36.4053 101.495 1
      vertex 36.4323 101.278 1.5
      vertex 36.4323 101.278 1
    endloop
  endfacet
  facet normal 0.999211 0.0397176 0
    outer loop
      vertex 36.4053 101.495 1.5
      vertex 36.3958 101.734 1
      vertex 36.3958 101.734 1.5
    endloop
  endfacet
  facet normal 0.999211 0.0397176 0
    outer loop
      vertex 36.3958 101.734 1
      vertex 36.4053 101.495 1.5
      vertex 36.4053 101.495 1
    endloop
  endfacet
  facet normal 0.999837 -0.0180693 0
    outer loop
      vertex 36.3958 101.734 1.5
      vertex 36.3973 101.817 1
      vertex 36.3973 101.817 1.5
    endloop
  endfacet
  facet normal 0.999837 -0.0180693 0
    outer loop
      vertex 36.3973 101.817 1
      vertex 36.3958 101.734 1.5
      vertex 36.3958 101.734 1
    endloop
  endfacet
  facet normal 0.998266 -0.0588721 0
    outer loop
      vertex 36.3973 101.817 1.5
      vertex 36.4019 101.895 1
      vertex 36.4019 101.895 1.5
    endloop
  endfacet
  facet normal 0.998266 -0.0588721 0
    outer loop
      vertex 36.4019 101.895 1
      vertex 36.3973 101.817 1.5
      vertex 36.3973 101.817 1
    endloop
  endfacet
  facet normal 0.993867 -0.110585 0
    outer loop
      vertex 36.4019 101.895 1.5
      vertex 36.4098 101.966 1
      vertex 36.4098 101.966 1.5
    endloop
  endfacet
  facet normal 0.993867 -0.110585 0
    outer loop
      vertex 36.4098 101.966 1
      vertex 36.4019 101.895 1.5
      vertex 36.4019 101.895 1
    endloop
  endfacet
  facet normal 0.983968 -0.178344 0
    outer loop
      vertex 36.4098 101.966 1.5
      vertex 36.4214 102.03 1
      vertex 36.4214 102.03 1.5
    endloop
  endfacet
  facet normal 0.983968 -0.178344 0
    outer loop
      vertex 36.4214 102.03 1
      vertex 36.4098 101.966 1.5
      vertex 36.4098 101.966 1
    endloop
  endfacet
  facet normal 0.961187 -0.275896 0
    outer loop
      vertex 36.4214 102.03 1.5
      vertex 36.4369 102.084 1
      vertex 36.4369 102.084 1.5
    endloop
  endfacet
  facet normal 0.961187 -0.275896 0
    outer loop
      vertex 36.4369 102.084 1
      vertex 36.4214 102.03 1.5
      vertex 36.4214 102.03 1
    endloop
  endfacet
  facet normal 0.916064 -0.401032 0
    outer loop
      vertex 36.4369 102.084 1.5
      vertex 36.4566 102.129 1
      vertex 36.4566 102.129 1.5
    endloop
  endfacet
  facet normal 0.916064 -0.401032 0
    outer loop
      vertex 36.4566 102.129 1
      vertex 36.4369 102.084 1.5
      vertex 36.4369 102.084 1
    endloop
  endfacet
  facet normal 0.80757 -0.589771 0
    outer loop
      vertex 36.4566 102.129 1.5
      vertex 36.4807 102.162 1
      vertex 36.4807 102.162 1.5
    endloop
  endfacet
  facet normal 0.80757 -0.589771 0
    outer loop
      vertex 36.4807 102.162 1
      vertex 36.4566 102.129 1.5
      vertex 36.4566 102.129 1
    endloop
  endfacet
  facet normal 0.589172 -0.808008 0
    outer loop
      vertex 36.4807 102.162 1
      vertex 36.5095 102.183 1.5
      vertex 36.4807 102.162 1.5
    endloop
  endfacet
  facet normal 0.589172 -0.808008 0
    outer loop
      vertex 36.5095 102.183 1.5
      vertex 36.4807 102.162 1
      vertex 36.5095 102.183 1
    endloop
  endfacet
  facet normal 0.202797 -0.979221 0
    outer loop
      vertex 36.5095 102.183 1
      vertex 36.5433 102.19 1.5
      vertex 36.5095 102.183 1.5
    endloop
  endfacet
  facet normal 0.202797 -0.979221 0
    outer loop
      vertex 36.5433 102.19 1.5
      vertex 36.5095 102.183 1
      vertex 36.5433 102.19 1
    endloop
  endfacet
  facet normal -0.0736907 -0.997281 0
    outer loop
      vertex 36.5433 102.19 1
      vertex 36.5839 102.187 1.5
      vertex 36.5433 102.19 1.5
    endloop
  endfacet
  facet normal -0.0736907 -0.997281 -0
    outer loop
      vertex 36.5839 102.187 1.5
      vertex 36.5433 102.19 1
      vertex 36.5839 102.187 1
    endloop
  endfacet
  facet normal -0.402401 -0.915463 0
    outer loop
      vertex 36.5839 102.187 1
      vertex 36.6203 102.171 1.5
      vertex 36.5839 102.187 1.5
    endloop
  endfacet
  facet normal -0.402401 -0.915463 -0
    outer loop
      vertex 36.6203 102.171 1.5
      vertex 36.5839 102.187 1
      vertex 36.6203 102.171 1
    endloop
  endfacet
  facet normal -0.762929 -0.646482 0
    outer loop
      vertex 36.6525 102.133 1
      vertex 36.6203 102.171 1.5
      vertex 36.6203 102.171 1
    endloop
  endfacet
  facet normal -0.762929 -0.646482 0
    outer loop
      vertex 36.6203 102.171 1.5
      vertex 36.6525 102.133 1
      vertex 36.6525 102.133 1.5
    endloop
  endfacet
  facet normal -0.926144 -0.377169 0
    outer loop
      vertex 36.6806 102.064 1
      vertex 36.6525 102.133 1.5
      vertex 36.6525 102.133 1
    endloop
  endfacet
  facet normal -0.926144 -0.377169 0
    outer loop
      vertex 36.6525 102.133 1.5
      vertex 36.6806 102.064 1
      vertex 36.6806 102.064 1.5
    endloop
  endfacet
  facet normal -0.976607 -0.215033 0
    outer loop
      vertex 36.7046 101.955 1
      vertex 36.6806 102.064 1.5
      vertex 36.6806 102.064 1
    endloop
  endfacet
  facet normal -0.976607 -0.215033 0
    outer loop
      vertex 36.6806 102.064 1.5
      vertex 36.7046 101.955 1
      vertex 36.7046 101.955 1.5
    endloop
  endfacet
  facet normal -0.992201 -0.124645 0
    outer loop
      vertex 36.7247 101.795 1
      vertex 36.7046 101.955 1.5
      vertex 36.7046 101.955 1
    endloop
  endfacet
  facet normal -0.992201 -0.124645 0
    outer loop
      vertex 36.7046 101.955 1.5
      vertex 36.7247 101.795 1
      vertex 36.7247 101.795 1.5
    endloop
  endfacet
  facet normal -0.997309 -0.0733181 0
    outer loop
      vertex 36.7408 101.576 1
      vertex 36.7247 101.795 1.5
      vertex 36.7247 101.795 1
    endloop
  endfacet
  facet normal -0.997309 -0.0733181 0
    outer loop
      vertex 36.7247 101.795 1.5
      vertex 36.7408 101.576 1
      vertex 36.7408 101.576 1.5
    endloop
  endfacet
  facet normal -0.999112 -0.0421229 0
    outer loop
      vertex 36.7529 101.289 1
      vertex 36.7408 101.576 1.5
      vertex 36.7408 101.576 1
    endloop
  endfacet
  facet normal -0.999112 -0.0421229 0
    outer loop
      vertex 36.7408 101.576 1.5
      vertex 36.7529 101.289 1
      vertex 36.7529 101.289 1.5
    endloop
  endfacet
  facet normal -0.999737 -0.0229448 0
    outer loop
      vertex 36.7613 100.923 1
      vertex 36.7529 101.289 1.5
      vertex 36.7529 101.289 1
    endloop
  endfacet
  facet normal -0.999737 -0.0229448 0
    outer loop
      vertex 36.7529 101.289 1.5
      vertex 36.7613 100.923 1
      vertex 36.7613 100.923 1.5
    endloop
  endfacet
  facet normal 0.140789 -0.99004 0
    outer loop
      vertex 36.7613 100.923 1
      vertex 37.7036 101.057 1.5
      vertex 36.7613 100.923 1.5
    endloop
  endfacet
  facet normal 0.140789 -0.99004 0
    outer loop
      vertex 37.7036 101.057 1.5
      vertex 36.7613 100.923 1
      vertex 37.7036 101.057 1
    endloop
  endfacet
  facet normal 0.999344 0.0362055 0
    outer loop
      vertex 37.7036 101.057 1.5
      vertex 37.684 101.598 1
      vertex 37.684 101.598 1.5
    endloop
  endfacet
  facet normal 0.999344 0.0362055 0
    outer loop
      vertex 37.684 101.598 1
      vertex 37.7036 101.057 1.5
      vertex 37.7036 101.057 1
    endloop
  endfacet
  facet normal 0.996645 0.0818451 0
    outer loop
      vertex 37.684 101.598 1.5
      vertex 37.6445 102.079 1
      vertex 37.6445 102.079 1.5
    endloop
  endfacet
  facet normal 0.996645 0.0818451 0
    outer loop
      vertex 37.6445 102.079 1
      vertex 37.684 101.598 1.5
      vertex 37.684 101.598 1
    endloop
  endfacet
  facet normal 0.989022 0.147766 0
    outer loop
      vertex 37.6445 102.079 1.5
      vertex 37.5816 102.5 1
      vertex 37.5816 102.5 1.5
    endloop
  endfacet
  facet normal 0.989022 0.147766 0
    outer loop
      vertex 37.5816 102.5 1
      vertex 37.6445 102.079 1.5
      vertex 37.6445 102.079 1
    endloop
  endfacet
  facet normal 0.970174 0.242408 0
    outer loop
      vertex 37.5816 102.5 1.5
      vertex 37.4919 102.859 1
      vertex 37.4919 102.859 1.5
    endloop
  endfacet
  facet normal 0.970174 0.242408 0
    outer loop
      vertex 37.4919 102.859 1
      vertex 37.5816 102.5 1.5
      vertex 37.5816 102.5 1
    endloop
  endfacet
  facet normal 0.926957 0.375167 0
    outer loop
      vertex 37.4919 102.859 1.5
      vertex 37.3721 103.155 1
      vertex 37.3721 103.155 1.5
    endloop
  endfacet
  facet normal 0.926957 0.375167 0
    outer loop
      vertex 37.3721 103.155 1
      vertex 37.4919 102.859 1.5
      vertex 37.4919 102.859 1
    endloop
  endfacet
  facet normal 0.8354 0.549643 0
    outer loop
      vertex 37.3721 103.155 1.5
      vertex 37.2188 103.388 1
      vertex 37.2188 103.388 1.5
    endloop
  endfacet
  facet normal 0.8354 0.549643 0
    outer loop
      vertex 37.2188 103.388 1
      vertex 37.3721 103.155 1.5
      vertex 37.3721 103.155 1
    endloop
  endfacet
  facet normal 0.65979 0.75145 -0
    outer loop
      vertex 37.2188 103.388 1
      vertex 37.0286 103.555 1.5
      vertex 37.2188 103.388 1.5
    endloop
  endfacet
  facet normal 0.65979 0.75145 0
    outer loop
      vertex 37.0286 103.555 1.5
      vertex 37.2188 103.388 1
      vertex 37.0286 103.555 1
    endloop
  endfacet
  facet normal 0.40134 0.915929 -0
    outer loop
      vertex 37.0286 103.555 1
      vertex 36.7981 103.656 1.5
      vertex 37.0286 103.555 1.5
    endloop
  endfacet
  facet normal 0.40134 0.915929 0
    outer loop
      vertex 36.7981 103.656 1.5
      vertex 37.0286 103.555 1
      vertex 36.7981 103.656 1
    endloop
  endfacet
  facet normal 0.123143 0.992389 -0
    outer loop
      vertex 36.7981 103.656 1
      vertex 36.5241 103.69 1.5
      vertex 36.7981 103.656 1.5
    endloop
  endfacet
  facet normal 0.123143 0.992389 0
    outer loop
      vertex 36.5241 103.69 1.5
      vertex 36.7981 103.656 1
      vertex 36.5241 103.69 1
    endloop
  endfacet
  facet normal -0.126051 0.992024 0
    outer loop
      vertex 36.5241 103.69 1
      vertex 36.288 103.66 1.5
      vertex 36.5241 103.69 1.5
    endloop
  endfacet
  facet normal -0.126051 0.992024 0
    outer loop
      vertex 36.288 103.66 1.5
      vertex 36.5241 103.69 1
      vertex 36.288 103.66 1
    endloop
  endfacet
  facet normal -0.397112 0.91777 0
    outer loop
      vertex 36.288 103.66 1
      vertex 36.08 103.57 1.5
      vertex 36.288 103.66 1.5
    endloop
  endfacet
  facet normal -0.397112 0.91777 0
    outer loop
      vertex 36.08 103.57 1.5
      vertex 36.288 103.66 1
      vertex 36.08 103.57 1
    endloop
  endfacet
  facet normal -0.626907 0.779094 0
    outer loop
      vertex 36.08 103.57 1
      vertex 35.8998 103.425 1.5
      vertex 36.08 103.57 1.5
    endloop
  endfacet
  facet normal -0.626907 0.779094 0
    outer loop
      vertex 35.8998 103.425 1.5
      vertex 36.08 103.57 1
      vertex 35.8998 103.425 1
    endloop
  endfacet
  facet normal -0.792832 0.60944 0
    outer loop
      vertex 35.7476 103.227 1
      vertex 35.8998 103.425 1.5
      vertex 35.8998 103.425 1
    endloop
  endfacet
  facet normal -0.792832 0.60944 0
    outer loop
      vertex 35.8998 103.425 1.5
      vertex 35.7476 103.227 1
      vertex 35.7476 103.227 1.5
    endloop
  endfacet
  facet normal -0.893705 0.448654 0
    outer loop
      vertex 35.6231 102.979 1
      vertex 35.7476 103.227 1.5
      vertex 35.7476 103.227 1
    endloop
  endfacet
  facet normal -0.893705 0.448654 0
    outer loop
      vertex 35.7476 103.227 1.5
      vertex 35.6231 102.979 1
      vertex 35.6231 102.979 1.5
    endloop
  endfacet
  facet normal -0.95025 0.311489 0
    outer loop
      vertex 35.5264 102.684 1
      vertex 35.6231 102.979 1.5
      vertex 35.6231 102.979 1
    endloop
  endfacet
  facet normal -0.95025 0.311489 0
    outer loop
      vertex 35.6231 102.979 1.5
      vertex 35.5264 102.684 1
      vertex 35.5264 102.684 1.5
    endloop
  endfacet
  facet normal -0.979851 0.199728 0
    outer loop
      vertex 35.4573 102.345 1
      vertex 35.5264 102.684 1.5
      vertex 35.5264 102.684 1
    endloop
  endfacet
  facet normal -0.979851 0.199728 0
    outer loop
      vertex 35.5264 102.684 1.5
      vertex 35.4573 102.345 1
      vertex 35.4573 102.345 1.5
    endloop
  endfacet
  facet normal -0.994176 0.107768 0
    outer loop
      vertex 35.416 101.964 1
      vertex 35.4573 102.345 1.5
      vertex 35.4573 102.345 1
    endloop
  endfacet
  facet normal -0.994176 0.107768 0
    outer loop
      vertex 35.4573 102.345 1.5
      vertex 35.416 101.964 1
      vertex 35.416 101.964 1.5
    endloop
  endfacet
  facet normal -0.999455 0.0329964 0
    outer loop
      vertex 35.4022 101.546 1
      vertex 35.416 101.964 1.5
      vertex 35.416 101.964 1
    endloop
  endfacet
  facet normal -0.999455 0.0329964 0
    outer loop
      vertex 35.416 101.964 1.5
      vertex 35.4022 101.546 1
      vertex 35.4022 101.546 1.5
    endloop
  endfacet
  facet normal -0.999385 -0.0350531 0
    outer loop
      vertex 35.4163 101.144 1
      vertex 35.4022 101.546 1.5
      vertex 35.4022 101.546 1
    endloop
  endfacet
  facet normal -0.999385 -0.0350531 0
    outer loop
      vertex 35.4022 101.546 1.5
      vertex 35.4163 101.144 1
      vertex 35.4163 101.144 1.5
    endloop
  endfacet
  facet normal -0.994049 -0.108937 0
    outer loop
      vertex 35.4563 100.779 1
      vertex 35.4163 101.144 1.5
      vertex 35.4163 101.144 1
    endloop
  endfacet
  facet normal -0.994049 -0.108937 0
    outer loop
      vertex 35.4163 101.144 1.5
      vertex 35.4563 100.779 1
      vertex 35.4563 100.779 1.5
    endloop
  endfacet
  facet normal -0.982798 -0.184683 0
    outer loop
      vertex 35.5185 100.448 1
      vertex 35.4563 100.779 1.5
      vertex 35.4563 100.779 1
    endloop
  endfacet
  facet normal -0.982798 -0.184683 0
    outer loop
      vertex 35.4563 100.779 1.5
      vertex 35.5185 100.448 1
      vertex 35.5185 100.448 1.5
    endloop
  endfacet
  facet normal -0.965727 -0.259559 0
    outer loop
      vertex 35.5994 100.147 1
      vertex 35.5185 100.448 1.5
      vertex 35.5185 100.448 1
    endloop
  endfacet
  facet normal -0.965727 -0.259559 0
    outer loop
      vertex 35.5185 100.448 1.5
      vertex 35.5994 100.147 1
      vertex 35.5994 100.147 1.5
    endloop
  endfacet
  facet normal -0.94501 -0.32704 0
    outer loop
      vertex 35.6954 99.8696 1
      vertex 35.5994 100.147 1.5
      vertex 35.5994 100.147 1
    endloop
  endfacet
  facet normal -0.94501 -0.32704 0
    outer loop
      vertex 35.5994 100.147 1.5
      vertex 35.6954 99.8696 1
      vertex 35.6954 99.8696 1.5
    endloop
  endfacet
  facet normal -0.922149 -0.386835 0
    outer loop
      vertex 35.803 99.6131 1
      vertex 35.6954 99.8696 1.5
      vertex 35.6954 99.8696 1
    endloop
  endfacet
  facet normal -0.922149 -0.386835 0
    outer loop
      vertex 35.6954 99.8696 1.5
      vertex 35.803 99.6131 1
      vertex 35.803 99.6131 1.5
    endloop
  endfacet
  facet normal -0.901511 -0.432755 0
    outer loop
      vertex 35.9184 99.3727 1
      vertex 35.803 99.6131 1.5
      vertex 35.803 99.6131 1
    endloop
  endfacet
  facet normal -0.901511 -0.432755 0
    outer loop
      vertex 35.803 99.6131 1.5
      vertex 35.9184 99.3727 1
      vertex 35.9184 99.3727 1.5
    endloop
  endfacet
  facet normal -0.885816 -0.464036 0
    outer loop
      vertex 36.0381 99.1442 1
      vertex 35.9184 99.3727 1.5
      vertex 35.9184 99.3727 1
    endloop
  endfacet
  facet normal -0.885816 -0.464036 0
    outer loop
      vertex 35.9184 99.3727 1.5
      vertex 36.0381 99.1442 1
      vertex 36.0381 99.1442 1.5
    endloop
  endfacet
  facet normal -0.877789 -0.479047 0
    outer loop
      vertex 36.1586 98.9234 1
      vertex 36.0381 99.1442 1.5
      vertex 36.0381 99.1442 1
    endloop
  endfacet
  facet normal -0.877789 -0.479047 0
    outer loop
      vertex 36.0381 99.1442 1.5
      vertex 36.1586 98.9234 1
      vertex 36.1586 98.9234 1.5
    endloop
  endfacet
  facet normal -0.871842 -0.489788 0
    outer loop
      vertex 36.2618 98.7397 1
      vertex 36.1586 98.9234 1.5
      vertex 36.1586 98.9234 1
    endloop
  endfacet
  facet normal -0.871842 -0.489788 0
    outer loop
      vertex 36.1586 98.9234 1.5
      vertex 36.2618 98.7397 1
      vertex 36.2618 98.7397 1.5
    endloop
  endfacet
  facet normal -0.870924 -0.491418 0
    outer loop
      vertex 36.3606 98.5646 1
      vertex 36.2618 98.7397 1.5
      vertex 36.2618 98.7397 1
    endloop
  endfacet
  facet normal -0.870924 -0.491418 0
    outer loop
      vertex 36.2618 98.7397 1.5
      vertex 36.3606 98.5646 1
      vertex 36.3606 98.5646 1.5
    endloop
  endfacet
  facet normal -0.878686 -0.4774 0
    outer loop
      vertex 36.4528 98.3949 1
      vertex 36.3606 98.5646 1.5
      vertex 36.3606 98.5646 1
    endloop
  endfacet
  facet normal -0.878686 -0.4774 0
    outer loop
      vertex 36.3606 98.5646 1.5
      vertex 36.4528 98.3949 1
      vertex 36.4528 98.3949 1.5
    endloop
  endfacet
  facet normal -0.894106 -0.447856 0
    outer loop
      vertex 36.5365 98.2278 1
      vertex 36.4528 98.3949 1.5
      vertex 36.4528 98.3949 1
    endloop
  endfacet
  facet normal -0.894106 -0.447856 0
    outer loop
      vertex 36.4528 98.3949 1.5
      vertex 36.5365 98.2278 1
      vertex 36.5365 98.2278 1.5
    endloop
  endfacet
  facet normal -0.916783 -0.399385 0
    outer loop
      vertex 36.6096 98.06 1
      vertex 36.5365 98.2278 1.5
      vertex 36.5365 98.2278 1
    endloop
  endfacet
  facet normal -0.916783 -0.399385 0
    outer loop
      vertex 36.5365 98.2278 1.5
      vertex 36.6096 98.06 1
      vertex 36.6096 98.06 1.5
    endloop
  endfacet
  facet normal -0.942858 -0.333195 0
    outer loop
      vertex 36.6701 97.8888 1
      vertex 36.6096 98.06 1.5
      vertex 36.6096 98.06 1
    endloop
  endfacet
  facet normal -0.942858 -0.333195 0
    outer loop
      vertex 36.6096 98.06 1.5
      vertex 36.6701 97.8888 1
      vertex 36.6701 97.8888 1.5
    endloop
  endfacet
  facet normal -0.968553 -0.248808 0
    outer loop
      vertex 36.7158 97.7109 1
      vertex 36.6701 97.8888 1.5
      vertex 36.6701 97.8888 1
    endloop
  endfacet
  facet normal -0.968553 -0.248808 0
    outer loop
      vertex 36.6701 97.8888 1.5
      vertex 36.7158 97.7109 1
      vertex 36.7158 97.7109 1.5
    endloop
  endfacet
  facet normal -0.988329 -0.152334 0
    outer loop
      vertex 36.7447 97.5234 1
      vertex 36.7158 97.7109 1.5
      vertex 36.7158 97.7109 1
    endloop
  endfacet
  facet normal -0.988329 -0.152334 0
    outer loop
      vertex 36.7158 97.7109 1.5
      vertex 36.7447 97.5234 1
      vertex 36.7447 97.5234 1.5
    endloop
  endfacet
  facet normal -0.998727 -0.0504357 0
    outer loop
      vertex 36.7548 97.3234 1
      vertex 36.7447 97.5234 1.5
      vertex 36.7447 97.5234 1
    endloop
  endfacet
  facet normal -0.998727 -0.0504357 0
    outer loop
      vertex 36.7447 97.5234 1.5
      vertex 36.7548 97.3234 1
      vertex 36.7548 97.3234 1.5
    endloop
  endfacet
  facet normal -0.999761 0.0218435 0
    outer loop
      vertex 36.7522 97.2044 1
      vertex 36.7548 97.3234 1.5
      vertex 36.7548 97.3234 1
    endloop
  endfacet
  facet normal -0.999761 0.0218435 0
    outer loop
      vertex 36.7548 97.3234 1.5
      vertex 36.7522 97.2044 1
      vertex 36.7522 97.2044 1.5
    endloop
  endfacet
  facet normal -0.997317 0.0732063 0
    outer loop
      vertex 36.7445 97.0995 1
      vertex 36.7522 97.2044 1.5
      vertex 36.7522 97.2044 1
    endloop
  endfacet
  facet normal -0.997317 0.0732063 0
    outer loop
      vertex 36.7522 97.2044 1.5
      vertex 36.7445 97.0995 1
      vertex 36.7445 97.0995 1.5
    endloop
  endfacet
  facet normal -0.990101 0.140355 0
    outer loop
      vertex 36.7316 97.0085 1
      vertex 36.7445 97.0995 1.5
      vertex 36.7445 97.0995 1
    endloop
  endfacet
  facet normal -0.990101 0.140355 0
    outer loop
      vertex 36.7445 97.0995 1.5
      vertex 36.7316 97.0085 1
      vertex 36.7316 97.0085 1.5
    endloop
  endfacet
  facet normal -0.973748 0.227629 0
    outer loop
      vertex 36.7136 96.9315 1
      vertex 36.7316 97.0085 1.5
      vertex 36.7316 97.0085 1
    endloop
  endfacet
  facet normal -0.973748 0.227629 0
    outer loop
      vertex 36.7316 97.0085 1.5
      vertex 36.7136 96.9315 1
      vertex 36.7136 96.9315 1.5
    endloop
  endfacet
  facet normal -0.939182 0.343421 0
    outer loop
      vertex 36.6906 96.8686 1
      vertex 36.7136 96.9315 1.5
      vertex 36.7136 96.9315 1
    endloop
  endfacet
  facet normal -0.939182 0.343421 0
    outer loop
      vertex 36.7136 96.9315 1.5
      vertex 36.6906 96.8686 1
      vertex 36.6906 96.8686 1.5
    endloop
  endfacet
  facet normal -0.869006 0.494801 0
    outer loop
      vertex 36.6627 96.8196 1
      vertex 36.6906 96.8686 1.5
      vertex 36.6906 96.8686 1
    endloop
  endfacet
  facet normal -0.869006 0.494801 0
    outer loop
      vertex 36.6906 96.8686 1.5
      vertex 36.6627 96.8196 1
      vertex 36.6627 96.8196 1.5
    endloop
  endfacet
  facet normal -0.729667 0.683802 0
    outer loop
      vertex 36.6299 96.7846 1
      vertex 36.6627 96.8196 1.5
      vertex 36.6627 96.8196 1
    endloop
  endfacet
  facet normal -0.729667 0.683802 0
    outer loop
      vertex 36.6627 96.8196 1.5
      vertex 36.6299 96.7846 1
      vertex 36.6299 96.7846 1.5
    endloop
  endfacet
  facet normal -0.486626 0.87361 0
    outer loop
      vertex 36.6299 96.7846 1
      vertex 36.5922 96.7636 1.5
      vertex 36.6299 96.7846 1.5
    endloop
  endfacet
  facet normal -0.486626 0.87361 0
    outer loop
      vertex 36.5922 96.7636 1.5
      vertex 36.6299 96.7846 1
      vertex 36.5922 96.7636 1
    endloop
  endfacet
  facet normal -0.160255 0.987076 0
    outer loop
      vertex 36.5922 96.7636 1
      vertex 36.5497 96.7567 1.5
      vertex 36.5922 96.7636 1.5
    endloop
  endfacet
  facet normal -0.160255 0.987076 0
    outer loop
      vertex 36.5497 96.7567 1.5
      vertex 36.5922 96.7636 1
      vertex 36.5497 96.7567 1
    endloop
  endfacet
  facet normal 0.173878 0.984767 -0
    outer loop
      vertex 36.5497 96.7567 1
      vertex 36.4891 96.7674 1.5
      vertex 36.5497 96.7567 1.5
    endloop
  endfacet
  facet normal 0.173878 0.984767 0
    outer loop
      vertex 36.4891 96.7674 1.5
      vertex 36.5497 96.7567 1
      vertex 36.4891 96.7674 1
    endloop
  endfacet
  facet normal 0.582161 0.813074 -0
    outer loop
      vertex 36.4891 96.7674 1
      vertex 36.4391 96.8032 1.5
      vertex 36.4891 96.7674 1.5
    endloop
  endfacet
  facet normal 0.582161 0.813074 0
    outer loop
      vertex 36.4391 96.8032 1.5
      vertex 36.4891 96.7674 1
      vertex 36.4391 96.8032 1
    endloop
  endfacet
  facet normal 0.85073 0.525602 0
    outer loop
      vertex 36.4391 96.8032 1.5
      vertex 36.3982 96.8694 1
      vertex 36.3982 96.8694 1.5
    endloop
  endfacet
  facet normal 0.85073 0.525602 0
    outer loop
      vertex 36.3982 96.8694 1
      vertex 36.4391 96.8032 1.5
      vertex 36.4391 96.8032 1
    endloop
  endfacet
  facet normal 0.950808 0.309782 0
    outer loop
      vertex 36.3982 96.8694 1.5
      vertex 36.365 96.9713 1
      vertex 36.365 96.9713 1.5
    endloop
  endfacet
  facet normal 0.950808 0.309782 0
    outer loop
      vertex 36.365 96.9713 1
      vertex 36.3982 96.8694 1.5
      vertex 36.3982 96.8694 1
    endloop
  endfacet
  facet normal 0.982966 0.18379 0
    outer loop
      vertex 36.365 96.9713 1.5
      vertex 36.3383 97.1141 1
      vertex 36.3383 97.1141 1.5
    endloop
  endfacet
  facet normal 0.982966 0.18379 0
    outer loop
      vertex 36.3383 97.1141 1
      vertex 36.365 96.9713 1.5
      vertex 36.365 96.9713 1
    endloop
  endfacet
  facet normal 0.99342 0.114524 0
    outer loop
      vertex 36.3383 97.1141 1.5
      vertex 36.3165 97.3032 1
      vertex 36.3165 97.3032 1.5
    endloop
  endfacet
  facet normal 0.99342 0.114524 0
    outer loop
      vertex 36.3165 97.3032 1
      vertex 36.3383 97.1141 1.5
      vertex 36.3383 97.1141 1
    endloop
  endfacet
  facet normal 0.997185 0.0749856 0
    outer loop
      vertex 36.3165 97.3032 1.5
      vertex 36.2984 97.5439 1
      vertex 36.2984 97.5439 1.5
    endloop
  endfacet
  facet normal 0.997185 0.0749856 0
    outer loop
      vertex 36.2984 97.5439 1
      vertex 36.3165 97.3032 1.5
      vertex 36.3165 97.3032 1
    endloop
  endfacet
  facet normal 0.998593 0.0530345 0
    outer loop
      vertex 36.2984 97.5439 1.5
      vertex 36.2826 97.8414 1
      vertex 36.2826 97.8414 1.5
    endloop
  endfacet
  facet normal 0.998593 0.0530345 0
    outer loop
      vertex 36.2826 97.8414 1
      vertex 36.2984 97.5439 1.5
      vertex 36.2984 97.5439 1
    endloop
  endfacet
  facet normal 0.999132 0.0416652 0
    outer loop
      vertex 36.2826 97.8414 1.5
      vertex 36.2676 98.2011 1
      vertex 36.2676 98.2011 1.5
    endloop
  endfacet
  facet normal 0.999132 0.0416652 0
    outer loop
      vertex 36.2676 98.2011 1
      vertex 36.2826 97.8414 1.5
      vertex 36.2826 97.8414 1
    endloop
  endfacet
  facet normal -0.117869 0.993029 0
    outer loop
      vertex 36.2676 98.2011 1
      vertex 35.3316 98.09 1.5
      vertex 36.2676 98.2011 1.5
    endloop
  endfacet
  facet normal -0.117869 0.993029 0
    outer loop
      vertex 35.3316 98.09 1.5
      vertex 36.2676 98.2011 1
      vertex 35.3316 98.09 1
    endloop
  endfacet
  facet normal -0.99928 -0.0379523 0
    outer loop
      vertex 35.351 97.5792 1
      vertex 35.3316 98.09 1.5
      vertex 35.3316 98.09 1
    endloop
  endfacet
  facet normal -0.99928 -0.0379523 0
    outer loop
      vertex 35.3316 98.09 1.5
      vertex 35.351 97.5792 1
      vertex 35.351 97.5792 1.5
    endloop
  endfacet
  facet normal -0.99765 -0.0685216 0
    outer loop
      vertex 35.3837 97.1031 1
      vertex 35.351 97.5792 1.5
      vertex 35.351 97.5792 1
    endloop
  endfacet
  facet normal -0.99765 -0.0685216 0
    outer loop
      vertex 35.351 97.5792 1.5
      vertex 35.3837 97.1031 1
      vertex 35.3837 97.1031 1.5
    endloop
  endfacet
  facet normal -0.992725 -0.120406 0
    outer loop
      vertex 35.4364 96.6686 1
      vertex 35.3837 97.1031 1.5
      vertex 35.3837 97.1031 1
    endloop
  endfacet
  facet normal -0.992725 -0.120406 0
    outer loop
      vertex 35.3837 97.1031 1.5
      vertex 35.4364 96.6686 1
      vertex 35.4364 96.6686 1.5
    endloop
  endfacet
  facet normal -0.979613 -0.200894 0
    outer loop
      vertex 35.5156 96.2824 1
      vertex 35.4364 96.6686 1.5
      vertex 35.4364 96.6686 1
    endloop
  endfacet
  facet normal -0.979613 -0.200894 0
    outer loop
      vertex 35.4364 96.6686 1.5
      vertex 35.5156 96.2824 1
      vertex 35.5156 96.2824 1.5
    endloop
  endfacet
  facet normal -0.946867 -0.321626 0
    outer loop
      vertex 35.6281 95.9512 1
      vertex 35.5156 96.2824 1.5
      vertex 35.5156 96.2824 1
    endloop
  endfacet
  facet normal -0.946867 -0.321626 0
    outer loop
      vertex 35.5156 96.2824 1.5
      vertex 35.6281 95.9512 1
      vertex 35.6281 95.9512 1.5
    endloop
  endfacet
  facet normal -0.870521 -0.492132 0
    outer loop
      vertex 35.7804 95.6818 1
      vertex 35.6281 95.9512 1.5
      vertex 35.6281 95.9512 1
    endloop
  endfacet
  facet normal -0.870521 -0.492132 0
    outer loop
      vertex 35.6281 95.9512 1.5
      vertex 35.7804 95.6818 1
      vertex 35.7804 95.6818 1.5
    endloop
  endfacet
  facet normal -0.710421 -0.703777 0
    outer loop
      vertex 35.9605 95.5 1
      vertex 35.7804 95.6818 1.5
      vertex 35.7804 95.6818 1
    endloop
  endfacet
  facet normal -0.710421 -0.703777 0
    outer loop
      vertex 35.7804 95.6818 1.5
      vertex 35.9605 95.5 1
      vertex 35.9605 95.5 1.5
    endloop
  endfacet
  facet normal 0.753954 -0.656927 0
    outer loop
      vertex 47.2344 95.5 1.5
      vertex 47.4233 95.7168 1
      vertex 47.4233 95.7168 1.5
    endloop
  endfacet
  facet normal 0.753954 -0.656927 0
    outer loop
      vertex 47.4233 95.7168 1
      vertex 47.2344 95.5 1.5
      vertex 47.2344 95.5 1
    endloop
  endfacet
  facet normal 0.891785 -0.45246 0
    outer loop
      vertex 47.4233 95.7168 1.5
      vertex 47.5921 96.0495 1
      vertex 47.5921 96.0495 1.5
    endloop
  endfacet
  facet normal 0.891785 -0.45246 0
    outer loop
      vertex 47.5921 96.0495 1
      vertex 47.4233 95.7168 1.5
      vertex 47.4233 95.7168 1
    endloop
  endfacet
  facet normal 0.954832 -0.297145 0
    outer loop
      vertex 47.5921 96.0495 1.5
      vertex 47.7299 96.4923 1
      vertex 47.7299 96.4923 1.5
    endloop
  endfacet
  facet normal 0.954832 -0.297145 0
    outer loop
      vertex 47.7299 96.4923 1
      vertex 47.5921 96.0495 1.5
      vertex 47.5921 96.0495 1
    endloop
  endfacet
  facet normal 0.982225 -0.187709 0
    outer loop
      vertex 47.7299 96.4923 1.5
      vertex 47.8369 97.0522 1
      vertex 47.8369 97.0522 1.5
    endloop
  endfacet
  facet normal 0.982225 -0.187709 0
    outer loop
      vertex 47.8369 97.0522 1
      vertex 47.7299 96.4923 1.5
      vertex 47.7299 96.4923 1
    endloop
  endfacet
  facet normal 0.993827 -0.110942 0
    outer loop
      vertex 47.8369 97.0522 1.5
      vertex 47.9132 97.7357 1
      vertex 47.9132 97.7357 1.5
    endloop
  endfacet
  facet normal 0.993827 -0.110942 0
    outer loop
      vertex 47.9132 97.7357 1
      vertex 47.8369 97.0522 1.5
      vertex 47.8369 97.0522 1
    endloop
  endfacet
  facet normal 0.998421 -0.0561696 0
    outer loop
      vertex 47.9132 97.7357 1.5
      vertex 47.959 98.5498 1
      vertex 47.959 98.5498 1.5
    endloop
  endfacet
  facet normal 0.998421 -0.0561696 0
    outer loop
      vertex 47.959 98.5498 1
      vertex 47.9132 97.7357 1.5
      vertex 47.9132 97.7357 1
    endloop
  endfacet
  facet normal 0.999872 -0.0159761 0
    outer loop
      vertex 47.959 98.5498 1.5
      vertex 47.9742 99.5011 1
      vertex 47.9742 99.5011 1.5
    endloop
  endfacet
  facet normal 0.999872 -0.0159761 0
    outer loop
      vertex 47.9742 99.5011 1
      vertex 47.959 98.5498 1.5
      vertex 47.959 98.5498 1
    endloop
  endfacet
  facet normal 0.999872 0.0159828 0
    outer loop
      vertex 47.9742 99.5011 1.5
      vertex 47.959 100.452 1
      vertex 47.959 100.452 1.5
    endloop
  endfacet
  facet normal 0.999872 0.0159828 0
    outer loop
      vertex 47.959 100.452 1
      vertex 47.9742 99.5011 1.5
      vertex 47.9742 99.5011 1
    endloop
  endfacet
  facet normal 0.998425 0.0561078 0
    outer loop
      vertex 47.959 100.452 1.5
      vertex 47.9132 101.267 1
      vertex 47.9132 101.267 1.5
    endloop
  endfacet
  facet normal 0.998425 0.0561078 0
    outer loop
      vertex 47.9132 101.267 1
      vertex 47.959 100.452 1.5
      vertex 47.959 100.452 1
    endloop
  endfacet
  facet normal 0.993818 0.111022 0
    outer loop
      vertex 47.9132 101.267 1.5
      vertex 47.8369 101.95 1
      vertex 47.8369 101.95 1.5
    endloop
  endfacet
  facet normal 0.993818 0.111022 0
    outer loop
      vertex 47.8369 101.95 1
      vertex 47.9132 101.267 1.5
      vertex 47.9132 101.267 1
    endloop
  endfacet
  facet normal 0.982231 0.187676 0
    outer loop
      vertex 47.8369 101.95 1.5
      vertex 47.7299 102.51 1
      vertex 47.7299 102.51 1.5
    endloop
  endfacet
  facet normal 0.982231 0.187676 0
    outer loop
      vertex 47.7299 102.51 1
      vertex 47.8369 101.95 1.5
      vertex 47.8369 101.95 1
    endloop
  endfacet
  facet normal 0.95487 0.297023 0
    outer loop
      vertex 47.7299 102.51 1.5
      vertex 47.5921 102.953 1
      vertex 47.5921 102.953 1.5
    endloop
  endfacet
  facet normal 0.95487 0.297023 0
    outer loop
      vertex 47.5921 102.953 1
      vertex 47.7299 102.51 1.5
      vertex 47.7299 102.51 1
    endloop
  endfacet
  facet normal 0.8914 0.453218 0
    outer loop
      vertex 47.5921 102.953 1.5
      vertex 47.4233 103.285 1
      vertex 47.4233 103.285 1.5
    endloop
  endfacet
  facet normal 0.8914 0.453218 0
    outer loop
      vertex 47.4233 103.285 1
      vertex 47.5921 102.953 1.5
      vertex 47.5921 102.953 1
    endloop
  endfacet
  facet normal 0.75493 0.655805 0
    outer loop
      vertex 47.4233 103.285 1.5
      vertex 47.2235 103.515 1
      vertex 47.2235 103.515 1.5
    endloop
  endfacet
  facet normal 0.75493 0.655805 0
    outer loop
      vertex 47.2235 103.515 1
      vertex 47.4233 103.285 1.5
      vertex 47.4233 103.285 1
    endloop
  endfacet
  facet normal 0.496301 0.868151 -0
    outer loop
      vertex 47.2235 103.515 1
      vertex 46.9926 103.647 1.5
      vertex 47.2235 103.515 1.5
    endloop
  endfacet
  facet normal 0.496301 0.868151 0
    outer loop
      vertex 46.9926 103.647 1.5
      vertex 47.2235 103.515 1
      vertex 46.9926 103.647 1
    endloop
  endfacet
  facet normal 0.161895 0.986808 -0
    outer loop
      vertex 46.9926 103.647 1
      vertex 46.7305 103.69 1.5
      vertex 46.9926 103.647 1.5
    endloop
  endfacet
  facet normal 0.161895 0.986808 0
    outer loop
      vertex 46.7305 103.69 1.5
      vertex 46.9926 103.647 1
      vertex 46.7305 103.69 1
    endloop
  endfacet
  facet normal -0.160879 0.986974 0
    outer loop
      vertex 46.7305 103.69 1
      vertex 46.4667 103.647 1.5
      vertex 46.7305 103.69 1.5
    endloop
  endfacet
  facet normal -0.160879 0.986974 0
    outer loop
      vertex 46.4667 103.647 1.5
      vertex 46.7305 103.69 1
      vertex 46.4667 103.647 1
    endloop
  endfacet
  facet normal -0.494846 0.86898 0
    outer loop
      vertex 46.4667 103.647 1
      vertex 46.2349 103.515 1.5
      vertex 46.4667 103.647 1.5
    endloop
  endfacet
  facet normal -0.494846 0.86898 0
    outer loop
      vertex 46.2349 103.515 1.5
      vertex 46.4667 103.647 1
      vertex 46.2349 103.515 1
    endloop
  endfacet
  facet normal -0.754443 0.656365 0
    outer loop
      vertex 46.0348 103.285 1
      vertex 46.2349 103.515 1.5
      vertex 46.2349 103.515 1
    endloop
  endfacet
  facet normal -0.754443 0.656365 0
    outer loop
      vertex 46.2349 103.515 1.5
      vertex 46.0348 103.285 1
      vertex 46.0348 103.285 1.5
    endloop
  endfacet
  facet normal -0.891725 0.452577 0
    outer loop
      vertex 45.8663 102.953 1
      vertex 46.0348 103.285 1.5
      vertex 46.0348 103.285 1
    endloop
  endfacet
  facet normal -0.891725 0.452577 0
    outer loop
      vertex 46.0348 103.285 1.5
      vertex 45.8663 102.953 1
      vertex 45.8663 102.953 1.5
    endloop
  endfacet
  facet normal -0.955176 0.29604 0
    outer loop
      vertex 45.729 102.51 1
      vertex 45.8663 102.953 1.5
      vertex 45.8663 102.953 1
    endloop
  endfacet
  facet normal -0.955176 0.29604 0
    outer loop
      vertex 45.8663 102.953 1.5
      vertex 45.729 102.51 1
      vertex 45.729 102.51 1.5
    endloop
  endfacet
  facet normal -0.982424 0.186661 0
    outer loop
      vertex 45.6226 101.95 1
      vertex 45.729 102.51 1.5
      vertex 45.729 102.51 1
    endloop
  endfacet
  facet normal -0.982424 0.186661 0
    outer loop
      vertex 45.729 102.51 1.5
      vertex 45.6226 101.95 1
      vertex 45.6226 101.95 1.5
    endloop
  endfacet
  facet normal -0.99393 0.110016 0
    outer loop
      vertex 45.547 101.267 1
      vertex 45.6226 101.95 1.5
      vertex 45.6226 101.95 1
    endloop
  endfacet
  facet normal -0.99393 0.110016 0
    outer loop
      vertex 45.6226 101.95 1.5
      vertex 45.547 101.267 1
      vertex 45.547 101.267 1.5
    endloop
  endfacet
  facet normal -0.998466 0.055375 0
    outer loop
      vertex 45.5018 100.452 1
      vertex 45.547 101.267 1.5
      vertex 45.547 101.267 1
    endloop
  endfacet
  facet normal -0.998466 0.055375 0
    outer loop
      vertex 45.547 101.267 1.5
      vertex 45.5018 100.452 1
      vertex 45.5018 100.452 1.5
    endloop
  endfacet
  facet normal -0.999876 0.0157726 0
    outer loop
      vertex 45.4868 99.5011 1
      vertex 45.5018 100.452 1.5
      vertex 45.5018 100.452 1
    endloop
  endfacet
  facet normal -0.999876 0.0157726 0
    outer loop
      vertex 45.5018 100.452 1.5
      vertex 45.4868 99.5011 1
      vertex 45.4868 99.5011 1.5
    endloop
  endfacet
  facet normal -0.999876 -0.0157659 0
    outer loop
      vertex 45.5018 98.5498 1
      vertex 45.4868 99.5011 1.5
      vertex 45.4868 99.5011 1
    endloop
  endfacet
  facet normal -0.999876 -0.0157659 0
    outer loop
      vertex 45.4868 99.5011 1.5
      vertex 45.5018 98.5498 1
      vertex 45.5018 98.5498 1.5
    endloop
  endfacet
  facet normal -0.998462 -0.0554361 0
    outer loop
      vertex 45.547 97.7357 1
      vertex 45.5018 98.5498 1.5
      vertex 45.5018 98.5498 1
    endloop
  endfacet
  facet normal -0.998462 -0.0554361 0
    outer loop
      vertex 45.5018 98.5498 1.5
      vertex 45.547 97.7357 1
      vertex 45.547 97.7357 1.5
    endloop
  endfacet
  facet normal -0.993939 -0.109937 0
    outer loop
      vertex 45.6226 97.0522 1
      vertex 45.547 97.7357 1.5
      vertex 45.547 97.7357 1
    endloop
  endfacet
  facet normal -0.993939 -0.109937 0
    outer loop
      vertex 45.547 97.7357 1.5
      vertex 45.6226 97.0522 1
      vertex 45.6226 97.0522 1.5
    endloop
  endfacet
  facet normal -0.982418 -0.186693 0
    outer loop
      vertex 45.729 96.4923 1
      vertex 45.6226 97.0522 1.5
      vertex 45.6226 97.0522 1
    endloop
  endfacet
  facet normal -0.982418 -0.186693 0
    outer loop
      vertex 45.6226 97.0522 1.5
      vertex 45.729 96.4923 1
      vertex 45.729 96.4923 1.5
    endloop
  endfacet
  facet normal -0.955138 -0.296162 0
    outer loop
      vertex 45.8663 96.0495 1
      vertex 45.729 96.4923 1.5
      vertex 45.729 96.4923 1
    endloop
  endfacet
  facet normal -0.955138 -0.296162 0
    outer loop
      vertex 45.729 96.4923 1.5
      vertex 45.8663 96.0495 1
      vertex 45.8663 96.0495 1.5
    endloop
  endfacet
  facet normal -0.892109 -0.45182 0
    outer loop
      vertex 46.0348 95.7168 1
      vertex 45.8663 96.0495 1.5
      vertex 45.8663 96.0495 1
    endloop
  endfacet
  facet normal -0.892109 -0.45182 0
    outer loop
      vertex 45.8663 96.0495 1.5
      vertex 46.0348 95.7168 1
      vertex 46.0348 95.7168 1.5
    endloop
  endfacet
  facet normal -0.753437 -0.65752 0
    outer loop
      vertex 46.224 95.5 1
      vertex 46.0348 95.7168 1.5
      vertex 46.0348 95.7168 1
    endloop
  endfacet
  facet normal -0.753437 -0.65752 0
    outer loop
      vertex 46.0348 95.7168 1.5
      vertex 46.224 95.5 1
      vertex 46.224 95.5 1.5
    endloop
  endfacet
  facet normal 0.836014 0.548708 0
    outer loop
      vertex 46.6711 96.8897 1.5
      vertex 46.6245 96.9607 1
      vertex 46.6245 96.9607 1.5
    endloop
  endfacet
  facet normal 0.836014 0.548708 0
    outer loop
      vertex 46.6245 96.9607 1
      vertex 46.6711 96.8897 1.5
      vertex 46.6711 96.8897 1
    endloop
  endfacet
  facet normal 0.963679 0.267062 0
    outer loop
      vertex 46.6245 96.9607 1.5
      vertex 46.589 97.0888 1
      vertex 46.589 97.0888 1.5
    endloop
  endfacet
  facet normal 0.963679 0.267062 0
    outer loop
      vertex 46.589 97.0888 1
      vertex 46.6245 96.9607 1.5
      vertex 46.6245 96.9607 1
    endloop
  endfacet
  facet normal 0.991192 0.132433 0
    outer loop
      vertex 46.589 97.0888 1.5
      vertex 46.5632 97.2819 1
      vertex 46.5632 97.2819 1.5
    endloop
  endfacet
  facet normal 0.991192 0.132433 0
    outer loop
      vertex 46.5632 97.2819 1
      vertex 46.589 97.0888 1.5
      vertex 46.589 97.0888 1
    endloop
  endfacet
  facet normal 0.997793 0.0663945 0
    outer loop
      vertex 46.5632 97.2819 1.5
      vertex 46.5455 97.5479 1
      vertex 46.5455 97.5479 1.5
    endloop
  endfacet
  facet normal 0.997793 0.0663945 0
    outer loop
      vertex 46.5455 97.5479 1
      vertex 46.5632 97.2819 1.5
      vertex 46.5632 97.2819 1
    endloop
  endfacet
  facet normal 0.999489 0.0319629 0
    outer loop
      vertex 46.5455 97.5479 1.5
      vertex 46.5344 97.895 1
      vertex 46.5344 97.895 1.5
    endloop
  endfacet
  facet normal 0.999489 0.0319629 0
    outer loop
      vertex 46.5344 97.895 1
      vertex 46.5455 97.5479 1.5
      vertex 46.5455 97.5479 1
    endloop
  endfacet
  facet normal 0.999905 0.0137633 0
    outer loop
      vertex 46.5344 97.895 1.5
      vertex 46.5284 98.3309 1
      vertex 46.5284 98.3309 1.5
    endloop
  endfacet
  facet normal 0.999905 0.0137633 0
    outer loop
      vertex 46.5284 98.3309 1
      vertex 46.5344 97.895 1.5
      vertex 46.5344 97.895 1
    endloop
  endfacet
  facet normal 0.999988 0.00488074 0
    outer loop
      vertex 46.5284 98.3309 1.5
      vertex 46.5258 98.8636 1
      vertex 46.5258 98.8636 1.5
    endloop
  endfacet
  facet normal 0.999988 0.00488074 0
    outer loop
      vertex 46.5258 98.8636 1
      vertex 46.5284 98.3309 1.5
      vertex 46.5284 98.3309 1
    endloop
  endfacet
  facet normal 1 0.000627451 0
    outer loop
      vertex 46.5258 98.8636 1.5
      vertex 46.5254 99.5011 1
      vertex 46.5254 99.5011 1.5
    endloop
  endfacet
  facet normal 1 0.000627451 0
    outer loop
      vertex 46.5254 99.5011 1
      vertex 46.5258 98.8636 1.5
      vertex 46.5258 98.8636 1
    endloop
  endfacet
  facet normal 1 -0.00062903 0
    outer loop
      vertex 46.5254 99.5011 1.5
      vertex 46.5258 100.137 1
      vertex 46.5258 100.137 1.5
    endloop
  endfacet
  facet normal 1 -0.00062903 0
    outer loop
      vertex 46.5258 100.137 1
      vertex 46.5254 99.5011 1.5
      vertex 46.5254 99.5011 1
    endloop
  endfacet
  facet normal 0.999988 -0.00493353 0
    outer loop
      vertex 46.5258 100.137 1.5
      vertex 46.5284 100.664 1
      vertex 46.5284 100.664 1.5
    endloop
  endfacet
  facet normal 0.999988 -0.00493353 0
    outer loop
      vertex 46.5284 100.664 1
      vertex 46.5258 100.137 1.5
      vertex 46.5258 100.137 1
    endloop
  endfacet
  facet normal 0.999902 -0.0139846 0
    outer loop
      vertex 46.5284 100.664 1.5
      vertex 46.5344 101.093 1
      vertex 46.5344 101.093 1.5
    endloop
  endfacet
  facet normal 0.999902 -0.0139846 0
    outer loop
      vertex 46.5344 101.093 1
      vertex 46.5284 100.664 1.5
      vertex 46.5284 100.664 1
    endloop
  endfacet
  facet normal 0.999461 -0.0328225 0
    outer loop
      vertex 46.5344 101.093 1.5
      vertex 46.5455 101.431 1
      vertex 46.5455 101.431 1.5
    endloop
  endfacet
  facet normal 0.999461 -0.0328225 0
    outer loop
      vertex 46.5455 101.431 1
      vertex 46.5344 101.093 1.5
      vertex 46.5344 101.093 1
    endloop
  endfacet
  facet normal 0.997637 -0.0687088 0
    outer loop
      vertex 46.5455 101.431 1.5
      vertex 46.5632 101.688 1
      vertex 46.5632 101.688 1.5
    endloop
  endfacet
  facet normal 0.997637 -0.0687088 0
    outer loop
      vertex 46.5632 101.688 1
      vertex 46.5455 101.431 1.5
      vertex 46.5455 101.431 1
    endloop
  endfacet
  facet normal 0.990312 -0.138859 0
    outer loop
      vertex 46.5632 101.688 1.5
      vertex 46.589 101.872 1
      vertex 46.589 101.872 1.5
    endloop
  endfacet
  facet normal 0.990312 -0.138859 0
    outer loop
      vertex 46.589 101.872 1
      vertex 46.5632 101.688 1.5
      vertex 46.5632 101.688 1
    endloop
  endfacet
  facet normal 0.959555 -0.281522 0
    outer loop
      vertex 46.589 101.872 1.5
      vertex 46.6245 101.993 1
      vertex 46.6245 101.993 1.5
    endloop
  endfacet
  facet normal 0.959555 -0.281522 0
    outer loop
      vertex 46.6245 101.993 1
      vertex 46.589 101.872 1.5
      vertex 46.589 101.872 1
    endloop
  endfacet
  facet normal 0.816899 -0.57678 0
    outer loop
      vertex 46.6245 101.993 1.5
      vertex 46.6711 102.059 1
      vertex 46.6711 102.059 1.5
    endloop
  endfacet
  facet normal 0.816899 -0.57678 0
    outer loop
      vertex 46.6711 102.059 1
      vertex 46.6245 101.993 1.5
      vertex 46.6245 101.993 1
    endloop
  endfacet
  facet normal 0.319098 -0.947722 0
    outer loop
      vertex 46.6711 102.059 1
      vertex 46.7305 102.079 1.5
      vertex 46.6711 102.059 1.5
    endloop
  endfacet
  facet normal 0.319098 -0.947722 0
    outer loop
      vertex 46.7305 102.079 1.5
      vertex 46.6711 102.059 1
      vertex 46.7305 102.079 1
    endloop
  endfacet
  facet normal -0.319098 -0.947722 0
    outer loop
      vertex 46.7305 102.079 1
      vertex 46.7899 102.059 1.5
      vertex 46.7305 102.079 1.5
    endloop
  endfacet
  facet normal -0.319098 -0.947722 -0
    outer loop
      vertex 46.7899 102.059 1.5
      vertex 46.7305 102.079 1
      vertex 46.7899 102.059 1
    endloop
  endfacet
  facet normal -0.816899 -0.57678 0
    outer loop
      vertex 46.8365 101.993 1
      vertex 46.7899 102.059 1.5
      vertex 46.7899 102.059 1
    endloop
  endfacet
  facet normal -0.816899 -0.57678 0
    outer loop
      vertex 46.7899 102.059 1.5
      vertex 46.8365 101.993 1
      vertex 46.8365 101.993 1.5
    endloop
  endfacet
  facet normal -0.959555 -0.281522 0
    outer loop
      vertex 46.872 101.872 1
      vertex 46.8365 101.993 1.5
      vertex 46.8365 101.993 1
    endloop
  endfacet
  facet normal -0.959555 -0.281522 0
    outer loop
      vertex 46.8365 101.993 1.5
      vertex 46.872 101.872 1
      vertex 46.872 101.872 1.5
    endloop
  endfacet
  facet normal -0.990312 -0.138859 0
    outer loop
      vertex 46.8978 101.688 1
      vertex 46.872 101.872 1.5
      vertex 46.872 101.872 1
    endloop
  endfacet
  facet normal -0.990312 -0.138859 0
    outer loop
      vertex 46.872 101.872 1.5
      vertex 46.8978 101.688 1
      vertex 46.8978 101.688 1.5
    endloop
  endfacet
  facet normal -0.997637 -0.0687088 0
    outer loop
      vertex 46.9155 101.431 1
      vertex 46.8978 101.688 1.5
      vertex 46.8978 101.688 1
    endloop
  endfacet
  facet normal -0.997637 -0.0687088 0
    outer loop
      vertex 46.8978 101.688 1.5
      vertex 46.9155 101.431 1
      vertex 46.9155 101.431 1.5
    endloop
  endfacet
  facet normal -0.999461 -0.0328225 0
    outer loop
      vertex 46.9266 101.093 1
      vertex 46.9155 101.431 1.5
      vertex 46.9155 101.431 1
    endloop
  endfacet
  facet normal -0.999461 -0.0328225 0
    outer loop
      vertex 46.9155 101.431 1.5
      vertex 46.9266 101.093 1
      vertex 46.9266 101.093 1.5
    endloop
  endfacet
  facet normal -0.999899 -0.0142177 0
    outer loop
      vertex 46.9327 100.664 1
      vertex 46.9266 101.093 1.5
      vertex 46.9266 101.093 1
    endloop
  endfacet
  facet normal -0.999899 -0.0142177 0
    outer loop
      vertex 46.9266 101.093 1.5
      vertex 46.9327 100.664 1
      vertex 46.9327 100.664 1.5
    endloop
  endfacet
  facet normal -0.999989 -0.00474378 0
    outer loop
      vertex 46.9352 100.137 1
      vertex 46.9327 100.664 1.5
      vertex 46.9327 100.664 1
    endloop
  endfacet
  facet normal -0.999989 -0.00474378 0
    outer loop
      vertex 46.9327 100.664 1.5
      vertex 46.9352 100.137 1
      vertex 46.9352 100.137 1.5
    endloop
  endfacet
  facet normal -1 -0.00062903 0
    outer loop
      vertex 46.9356 99.5011 1
      vertex 46.9352 100.137 1.5
      vertex 46.9352 100.137 1
    endloop
  endfacet
  facet normal -1 -0.00062903 0
    outer loop
      vertex 46.9352 100.137 1.5
      vertex 46.9356 99.5011 1
      vertex 46.9356 99.5011 1.5
    endloop
  endfacet
  facet normal -1 0.000627451 0
    outer loop
      vertex 46.9352 98.8636 1
      vertex 46.9356 99.5011 1.5
      vertex 46.9356 99.5011 1
    endloop
  endfacet
  facet normal -1 0.000627451 0
    outer loop
      vertex 46.9356 99.5011 1.5
      vertex 46.9352 98.8636 1
      vertex 46.9352 98.8636 1.5
    endloop
  endfacet
  facet normal -0.999989 0.00469302 0
    outer loop
      vertex 46.9327 98.3309 1
      vertex 46.9352 98.8636 1.5
      vertex 46.9352 98.8636 1
    endloop
  endfacet
  facet normal -0.999989 0.00469302 0
    outer loop
      vertex 46.9352 98.8636 1.5
      vertex 46.9327 98.3309 1
      vertex 46.9327 98.3309 1.5
    endloop
  endfacet
  facet normal -0.999902 0.0139927 0
    outer loop
      vertex 46.9266 97.895 1
      vertex 46.9327 98.3309 1.5
      vertex 46.9327 98.3309 1
    endloop
  endfacet
  facet normal -0.999902 0.0139927 0
    outer loop
      vertex 46.9327 98.3309 1.5
      vertex 46.9266 97.895 1
      vertex 46.9266 97.895 1.5
    endloop
  endfacet
  facet normal -0.999489 0.0319629 0
    outer loop
      vertex 46.9155 97.5479 1
      vertex 46.9266 97.895 1.5
      vertex 46.9266 97.895 1
    endloop
  endfacet
  facet normal -0.999489 0.0319629 0
    outer loop
      vertex 46.9266 97.895 1.5
      vertex 46.9155 97.5479 1
      vertex 46.9155 97.5479 1.5
    endloop
  endfacet
  facet normal -0.997793 0.0663945 0
    outer loop
      vertex 46.8978 97.2819 1
      vertex 46.9155 97.5479 1.5
      vertex 46.9155 97.5479 1
    endloop
  endfacet
  facet normal -0.997793 0.0663945 0
    outer loop
      vertex 46.9155 97.5479 1.5
      vertex 46.8978 97.2819 1
      vertex 46.8978 97.2819 1.5
    endloop
  endfacet
  facet normal -0.991192 0.132433 0
    outer loop
      vertex 46.872 97.0888 1
      vertex 46.8978 97.2819 1.5
      vertex 46.8978 97.2819 1
    endloop
  endfacet
  facet normal -0.991192 0.132433 0
    outer loop
      vertex 46.8978 97.2819 1.5
      vertex 46.872 97.0888 1
      vertex 46.872 97.0888 1.5
    endloop
  endfacet
  facet normal -0.963679 0.267062 0
    outer loop
      vertex 46.8365 96.9607 1
      vertex 46.872 97.0888 1.5
      vertex 46.872 97.0888 1
    endloop
  endfacet
  facet normal -0.963679 0.267062 0
    outer loop
      vertex 46.872 97.0888 1.5
      vertex 46.8365 96.9607 1
      vertex 46.8365 96.9607 1.5
    endloop
  endfacet
  facet normal -0.836014 0.548708 0
    outer loop
      vertex 46.7899 96.8897 1
      vertex 46.8365 96.9607 1.5
      vertex 46.8365 96.9607 1
    endloop
  endfacet
  facet normal -0.836014 0.548708 0
    outer loop
      vertex 46.8365 96.9607 1.5
      vertex 46.7899 96.8897 1
      vertex 46.7899 96.8897 1.5
    endloop
  endfacet
  facet normal -0.345925 0.938262 0
    outer loop
      vertex 46.7899 96.8897 1
      vertex 46.7305 96.8678 1.5
      vertex 46.7899 96.8897 1.5
    endloop
  endfacet
  facet normal -0.345925 0.938262 0
    outer loop
      vertex 46.7305 96.8678 1.5
      vertex 46.7899 96.8897 1
      vertex 46.7305 96.8678 1
    endloop
  endfacet
  facet normal 0.345925 0.938262 -0
    outer loop
      vertex 46.7305 96.8678 1
      vertex 46.6711 96.8897 1.5
      vertex 46.7305 96.8678 1.5
    endloop
  endfacet
  facet normal 0.345925 0.938262 0
    outer loop
      vertex 46.6711 96.8897 1.5
      vertex 46.7305 96.8678 1
      vertex 46.6711 96.8897 1
    endloop
  endfacet
  facet normal 0.710981 -0.703211 0
    outer loop
      vertex 67.5261 95.5 1.5
      vertex 67.5985 95.5732 1
      vertex 67.5985 95.5732 1.5
    endloop
  endfacet
  facet normal 0.710981 -0.703211 0
    outer loop
      vertex 67.5985 95.5732 1
      vertex 67.5261 95.5 1.5
      vertex 67.5261 95.5 1
    endloop
  endfacet
  facet normal 0.81567 -0.578518 0
    outer loop
      vertex 67.5985 95.5732 1.5
      vertex 67.6851 95.6953 1
      vertex 67.6851 95.6953 1.5
    endloop
  endfacet
  facet normal 0.81567 -0.578518 0
    outer loop
      vertex 67.6851 95.6953 1
      vertex 67.5985 95.5732 1.5
      vertex 67.5985 95.5732 1
    endloop
  endfacet
  facet normal 0.887536 -0.460739 0
    outer loop
      vertex 67.6851 95.6953 1.5
      vertex 67.7584 95.8365 1
      vertex 67.7584 95.8365 1.5
    endloop
  endfacet
  facet normal 0.887536 -0.460739 0
    outer loop
      vertex 67.7584 95.8365 1
      vertex 67.6851 95.6953 1.5
      vertex 67.6851 95.6953 1
    endloop
  endfacet
  facet normal 0.935594 -0.353077 0
    outer loop
      vertex 67.7584 95.8365 1.5
      vertex 67.8178 95.9939 1
      vertex 67.8178 95.9939 1.5
    endloop
  endfacet
  facet normal 0.935594 -0.353077 0
    outer loop
      vertex 67.8178 95.9939 1
      vertex 67.7584 95.8365 1.5
      vertex 67.7584 95.8365 1
    endloop
  endfacet
  facet normal 0.967382 -0.253322 0
    outer loop
      vertex 67.8178 95.9939 1.5
      vertex 67.8625 96.1646 1
      vertex 67.8625 96.1646 1.5
    endloop
  endfacet
  facet normal 0.967382 -0.253322 0
    outer loop
      vertex 67.8625 96.1646 1
      vertex 67.8178 95.9939 1.5
      vertex 67.8178 95.9939 1
    endloop
  endfacet
  facet normal 0.987136 -0.159884 0
    outer loop
      vertex 67.8625 96.1646 1.5
      vertex 67.8918 96.3455 1
      vertex 67.8918 96.3455 1.5
    endloop
  endfacet
  facet normal 0.987136 -0.159884 0
    outer loop
      vertex 67.8918 96.3455 1
      vertex 67.8625 96.1646 1.5
      vertex 67.8625 96.1646 1
    endloop
  endfacet
  facet normal 0 -1 0
    outer loop
      vertex 67.8918 96.3455 1
      vertex 67.8982 96.3455 1.5
      vertex 67.8918 96.3455 1.5
    endloop
  endfacet
  facet normal 0 -1 -0
    outer loop
      vertex 67.8982 96.3455 1.5
      vertex 67.8918 96.3455 1
      vertex 67.8982 96.3455 1
    endloop
  endfacet
  facet normal -0.999796 -0.0202206 0
    outer loop
      vertex 67.9153 95.5 1
      vertex 67.8982 96.3455 1.5
      vertex 67.8982 96.3455 1
    endloop
  endfacet
  facet normal -0.999796 -0.0202206 0
    outer loop
      vertex 67.8982 96.3455 1.5
      vertex 67.9153 95.5 1
      vertex 67.9153 95.5 1.5
    endloop
  endfacet
  facet normal 1 -0 0
    outer loop
      vertex 68.4624 95.5 1.5
      vertex 68.4624 99.5011 1
      vertex 68.4624 99.5011 1.5
    endloop
  endfacet
  facet normal 1 0 0
    outer loop
      vertex 68.4624 99.5011 1
      vertex 68.4624 95.5 1.5
      vertex 68.4624 95.5 1
    endloop
  endfacet
  facet normal 0 1 -0
    outer loop
      vertex 68.4624 99.5011 1
      vertex 67.302 99.5011 1.5
      vertex 68.4624 99.5011 1.5
    endloop
  endfacet
  facet normal 0 1 0
    outer loop
      vertex 67.302 99.5011 1.5
      vertex 68.4624 99.5011 1
      vertex 67.302 99.5011 1
    endloop
  endfacet
  facet normal -1 0 0
    outer loop
      vertex 67.302 98.1566 1
      vertex 67.302 99.5011 1.5
      vertex 67.302 99.5011 1
    endloop
  endfacet
  facet normal -1 -0 0
    outer loop
      vertex 67.302 99.5011 1.5
      vertex 67.302 98.1566 1
      vertex 67.302 98.1566 1.5
    endloop
  endfacet
  facet normal 0 -1 0
    outer loop
      vertex 67.302 98.1566 1
      vertex 67.6098 98.1566 1.5
      vertex 67.302 98.1566 1.5
    endloop
  endfacet
  facet normal 0 -1 -0
    outer loop
      vertex 67.6098 98.1566 1.5
      vertex 67.302 98.1566 1
      vertex 67.6098 98.1566 1
    endloop
  endfacet
  facet normal -0.999707 0.0241996 0
    outer loop
      vertex 67.6024 97.8509 1
      vertex 67.6098 98.1566 1.5
      vertex 67.6098 98.1566 1
    endloop
  endfacet
  facet normal -0.999707 0.0241996 0
    outer loop
      vertex 67.6098 98.1566 1.5
      vertex 67.6024 97.8509 1
      vertex 67.6024 97.8509 1.5
    endloop
  endfacet
  facet normal -0.999275 0.038064 0
    outer loop
      vertex 67.5925 97.591 1
      vertex 67.6024 97.8509 1.5
      vertex 67.6024 97.8509 1
    endloop
  endfacet
  facet normal -0.999275 0.038064 0
    outer loop
      vertex 67.6024 97.8509 1.5
      vertex 67.5925 97.591 1
      vertex 67.5925 97.591 1.5
    endloop
  endfacet
  facet normal -0.997947 0.0640419 0
    outer loop
      vertex 67.5786 97.3744 1
      vertex 67.5925 97.591 1.5
      vertex 67.5925 97.591 1
    endloop
  endfacet
  facet normal -0.997947 0.0640419 0
    outer loop
      vertex 67.5925 97.591 1.5
      vertex 67.5786 97.3744 1
      vertex 67.5786 97.3744 1.5
    endloop
  endfacet
  facet normal -0.99435 0.106154 0
    outer loop
      vertex 67.5598 97.1983 1
      vertex 67.5786 97.3744 1.5
      vertex 67.5786 97.3744 1
    endloop
  endfacet
  facet normal -0.99435 0.106154 0
    outer loop
      vertex 67.5786 97.3744 1.5
      vertex 67.5598 97.1983 1
      vertex 67.5598 97.1983 1.5
    endloop
  endfacet
  facet normal -0.983733 0.179638 0
    outer loop
      vertex 67.5346 97.0603 1
      vertex 67.5598 97.1983 1.5
      vertex 67.5598 97.1983 1
    endloop
  endfacet
  facet normal -0.983733 0.179638 0
    outer loop
      vertex 67.5598 97.1983 1.5
      vertex 67.5346 97.0603 1
      vertex 67.5346 97.0603 1.5
    endloop
  endfacet
  facet normal -0.953218 0.302285 0
    outer loop
      vertex 67.502 96.9575 1
      vertex 67.5346 97.0603 1.5
      vertex 67.5346 97.0603 1
    endloop
  endfacet
  facet normal -0.953218 0.302285 0
    outer loop
      vertex 67.5346 97.0603 1.5
      vertex 67.502 96.9575 1
      vertex 67.502 96.9575 1.5
    endloop
  endfacet
  facet normal -0.861049 0.508522 0
    outer loop
      vertex 67.4606 96.8874 1
      vertex 67.502 96.9575 1.5
      vertex 67.502 96.9575 1
    endloop
  endfacet
  facet normal -0.861049 0.508522 0
    outer loop
      vertex 67.502 96.9575 1.5
      vertex 67.4606 96.8874 1
      vertex 67.4606 96.8874 1.5
    endloop
  endfacet
  facet normal -0.615853 0.787861 0
    outer loop
      vertex 67.4606 96.8874 1
      vertex 67.4093 96.8473 1.5
      vertex 67.4606 96.8874 1.5
    endloop
  endfacet
  facet normal -0.615853 0.787861 0
    outer loop
      vertex 67.4093 96.8473 1.5
      vertex 67.4606 96.8874 1
      vertex 67.4093 96.8473 1
    endloop
  endfacet
  facet normal -0.200944 0.979603 0
    outer loop
      vertex 67.4093 96.8473 1
      vertex 67.3469 96.8345 1.5
      vertex 67.4093 96.8473 1.5
    endloop
  endfacet
  facet normal -0.200944 0.979603 0
    outer loop
      vertex 67.3469 96.8345 1.5
      vertex 67.4093 96.8473 1
      vertex 67.3469 96.8345 1
    endloop
  endfacet
  facet normal 0.338679 0.940902 -0
    outer loop
      vertex 67.3469 96.8345 1
      vertex 67.2655 96.8638 1.5
      vertex 67.3469 96.8345 1.5
    endloop
  endfacet
  facet normal 0.338679 0.940902 0
    outer loop
      vertex 67.2655 96.8638 1.5
      vertex 67.3469 96.8345 1
      vertex 67.2655 96.8638 1
    endloop
  endfacet
  facet normal 0.821895 0.569639 0
    outer loop
      vertex 67.2655 96.8638 1.5
      vertex 67.2034 96.9534 1
      vertex 67.2034 96.9534 1.5
    endloop
  endfacet
  facet normal 0.821895 0.569639 0
    outer loop
      vertex 67.2034 96.9534 1
      vertex 67.2655 96.8638 1.5
      vertex 67.2655 96.8638 1
    endloop
  endfacet
  facet normal 0.95836 0.285562 0
    outer loop
      vertex 67.2034 96.9534 1.5
      vertex 67.1579 97.1061 1
      vertex 67.1579 97.1061 1.5
    endloop
  endfacet
  facet normal 0.95836 0.285562 0
    outer loop
      vertex 67.1579 97.1061 1
      vertex 67.2034 96.9534 1.5
      vertex 67.2034 96.9534 1
    endloop
  endfacet
  facet normal 0.989831 0.142246 0
    outer loop
      vertex 67.1579 97.1061 1.5
      vertex 67.1265 97.3246 1
      vertex 67.1265 97.3246 1.5
    endloop
  endfacet
  facet normal 0.989831 0.142246 0
    outer loop
      vertex 67.1265 97.3246 1
      vertex 67.1579 97.1061 1.5
      vertex 67.1579 97.1061 1
    endloop
  endfacet
  facet normal 0.997632 0.0687782 0
    outer loop
      vertex 67.1265 97.3246 1.5
      vertex 67.1067 97.6118 1
      vertex 67.1067 97.6118 1.5
    endloop
  endfacet
  facet normal 0.997632 0.0687782 0
    outer loop
      vertex 67.1067 97.6118 1
      vertex 67.1265 97.3246 1.5
      vertex 67.1265 97.3246 1
    endloop
  endfacet
  facet normal 0.99953 0.030669 0
    outer loop
      vertex 67.1067 97.6118 1.5
      vertex 67.0957 97.9703 1
      vertex 67.0957 97.9703 1.5
    endloop
  endfacet
  facet normal 0.99953 0.030669 0
    outer loop
      vertex 67.0957 97.9703 1
      vertex 67.1067 97.6118 1.5
      vertex 67.1067 97.6118 1
    endloop
  endfacet
  facet normal 0.999943 0.0106352 0
    outer loop
      vertex 67.0957 97.9703 1.5
      vertex 67.0911 98.4028 1
      vertex 67.0911 98.4028 1.5
    endloop
  endfacet
  facet normal 0.999943 0.0106352 0
    outer loop
      vertex 67.0911 98.4028 1
      vertex 67.0957 97.9703 1.5
      vertex 67.0957 97.9703 1
    endloop
  endfacet
  facet normal 0.999998 0.00176678 0
    outer loop
      vertex 67.0911 98.4028 1.5
      vertex 67.0902 98.9122 1
      vertex 67.0902 98.9122 1.5
    endloop
  endfacet
  facet normal 0.999998 0.00176678 0
    outer loop
      vertex 67.0902 98.9122 1
      vertex 67.0911 98.4028 1.5
      vertex 67.0911 98.4028 1
    endloop
  endfacet
  facet normal 1 -0.000509424 0
    outer loop
      vertex 67.0902 98.9122 1.5
      vertex 67.0905 99.5011 1
      vertex 67.0905 99.5011 1.5
    endloop
  endfacet
  facet normal 1 -0.000509424 0
    outer loop
      vertex 67.0905 99.5011 1
      vertex 67.0902 98.9122 1.5
      vertex 67.0902 98.9122 1
    endloop
  endfacet
  facet normal 1 -0.000853388 0
    outer loop
      vertex 67.0905 99.5011 1.5
      vertex 67.091 100.087 1
      vertex 67.091 100.087 1.5
    endloop
  endfacet
  facet normal 1 -0.000853388 0
    outer loop
      vertex 67.091 100.087 1
      vertex 67.0905 99.5011 1.5
      vertex 67.0905 99.5011 1
    endloop
  endfacet
  facet normal 0.999988 -0.00498996 0
    outer loop
      vertex 67.091 100.087 1.5
      vertex 67.0935 100.588 1
      vertex 67.0935 100.588 1.5
    endloop
  endfacet
  facet normal 0.999988 -0.00498996 0
    outer loop
      vertex 67.0935 100.588 1
      vertex 67.091 100.087 1.5
      vertex 67.091 100.087 1
    endloop
  endfacet
  facet normal 0.999898 -0.0142503 0
    outer loop
      vertex 67.0935 100.588 1.5
      vertex 67.0995 101.009 1
      vertex 67.0995 101.009 1.5
    endloop
  endfacet
  facet normal 0.999898 -0.0142503 0
    outer loop
      vertex 67.0995 101.009 1
      vertex 67.0935 100.588 1.5
      vertex 67.0935 100.588 1
    endloop
  endfacet
  facet normal 0.99948 -0.0322507 0
    outer loop
      vertex 67.0995 101.009 1.5
      vertex 67.1106 101.353 1
      vertex 67.1106 101.353 1.5
    endloop
  endfacet
  facet normal 0.99948 -0.0322507 0
    outer loop
      vertex 67.1106 101.353 1
      vertex 67.0995 101.009 1.5
      vertex 67.0995 101.009 1
    endloop
  endfacet
  facet normal 0.997905 -0.0646993 0
    outer loop
      vertex 67.1106 101.353 1.5
      vertex 67.1283 101.626 1
      vertex 67.1283 101.626 1.5
    endloop
  endfacet
  facet normal 0.997905 -0.0646993 0
    outer loop
      vertex 67.1283 101.626 1
      vertex 67.1106 101.353 1.5
      vertex 67.1106 101.353 1
    endloop
  endfacet
  facet normal 0.992097 -0.125471 0
    outer loop
      vertex 67.1283 101.626 1.5
      vertex 67.1541 101.83 1
      vertex 67.1541 101.83 1.5
    endloop
  endfacet
  facet normal 0.992097 -0.125471 0
    outer loop
      vertex 67.1541 101.83 1
      vertex 67.1283 101.626 1.5
      vertex 67.1283 101.626 1
    endloop
  endfacet
  facet normal 0.969737 -0.244154 0
    outer loop
      vertex 67.1541 101.83 1.5
      vertex 67.1896 101.971 1
      vertex 67.1896 101.971 1.5
    endloop
  endfacet
  facet normal 0.969737 -0.244154 0
    outer loop
      vertex 67.1896 101.971 1
      vertex 67.1541 101.83 1.5
      vertex 67.1541 101.83 1
    endloop
  endfacet
  facet normal 0.86896 -0.494883 0
    outer loop
      vertex 67.1896 101.971 1.5
      vertex 67.2363 102.053 1
      vertex 67.2363 102.053 1.5
    endloop
  endfacet
  facet normal 0.86896 -0.494883 0
    outer loop
      vertex 67.2363 102.053 1
      vertex 67.1896 101.971 1.5
      vertex 67.1896 101.971 1
    endloop
  endfacet
  facet normal 0.400981 -0.916087 0
    outer loop
      vertex 67.2363 102.053 1
      vertex 67.2957 102.079 1.5
      vertex 67.2363 102.053 1.5
    endloop
  endfacet
  facet normal 0.400981 -0.916087 0
    outer loop
      vertex 67.2957 102.079 1.5
      vertex 67.2363 102.053 1
      vertex 67.2957 102.079 1
    endloop
  endfacet
  facet normal -0.245909 -0.969293 0
    outer loop
      vertex 67.2957 102.079 1
      vertex 67.343 102.067 1.5
      vertex 67.2957 102.079 1.5
    endloop
  endfacet
  facet normal -0.245909 -0.969293 -0
    outer loop
      vertex 67.343 102.067 1.5
      vertex 67.2957 102.079 1
      vertex 67.343 102.067 1
    endloop
  endfacet
  facet normal -0.708877 -0.705332 0
    outer loop
      vertex 67.3828 102.027 1
      vertex 67.343 102.067 1.5
      vertex 67.343 102.067 1
    endloop
  endfacet
  facet normal -0.708877 -0.705332 0
    outer loop
      vertex 67.343 102.067 1.5
      vertex 67.3828 102.027 1
      vertex 67.3828 102.027 1.5
    endloop
  endfacet
  facet normal -0.922235 -0.386629 0
    outer loop
      vertex 67.4155 101.949 1
      vertex 67.3828 102.027 1.5
      vertex 67.3828 102.027 1
    endloop
  endfacet
  facet normal -0.922235 -0.386629 0
    outer loop
      vertex 67.3828 102.027 1.5
      vertex 67.4155 101.949 1
      vertex 67.4155 101.949 1.5
    endloop
  endfacet
  facet normal -0.977895 -0.209095 0
    outer loop
      vertex 67.4418 101.826 1
      vertex 67.4155 101.949 1.5
      vertex 67.4155 101.949 1
    endloop
  endfacet
  facet normal -0.977895 -0.209095 0
    outer loop
      vertex 67.4155 101.949 1.5
      vertex 67.4418 101.826 1
      vertex 67.4418 101.826 1.5
    endloop
  endfacet
  facet normal -0.993349 -0.115138 0
    outer loop
      vertex 67.4622 101.65 1
      vertex 67.4418 101.826 1.5
      vertex 67.4418 101.826 1
    endloop
  endfacet
  facet normal -0.993349 -0.115138 0
    outer loop
      vertex 67.4418 101.826 1.5
      vertex 67.4622 101.65 1
      vertex 67.4622 101.65 1.5
    endloop
  endfacet
  facet normal -0.998072 -0.062065 0
    outer loop
      vertex 67.477 101.412 1
      vertex 67.4622 101.65 1.5
      vertex 67.4622 101.65 1
    endloop
  endfacet
  facet normal -0.998072 -0.062065 0
    outer loop
      vertex 67.4622 101.65 1.5
      vertex 67.477 101.412 1
      vertex 67.477 101.412 1.5
    endloop
  endfacet
  facet normal -0.999473 -0.0324504 0
    outer loop
      vertex 67.487 101.104 1
      vertex 67.477 101.412 1.5
      vertex 67.477 101.412 1
    endloop
  endfacet
  facet normal -0.999473 -0.0324504 0
    outer loop
      vertex 67.477 101.412 1.5
      vertex 67.487 101.104 1
      vertex 67.487 101.104 1.5
    endloop
  endfacet
  facet normal -0.999895 -0.0145062 0
    outer loop
      vertex 67.4926 100.718 1
      vertex 67.487 101.104 1.5
      vertex 67.487 101.104 1
    endloop
  endfacet
  facet normal -0.999895 -0.0145062 0
    outer loop
      vertex 67.487 101.104 1.5
      vertex 67.4926 100.718 1
      vertex 67.4926 100.718 1.5
    endloop
  endfacet
  facet normal -0.999993 -0.00381353 0
    outer loop
      vertex 67.4944 100.246 1
      vertex 67.4926 100.718 1.5
      vertex 67.4926 100.718 1
    endloop
  endfacet
  facet normal -0.999993 -0.00381353 0
    outer loop
      vertex 67.4926 100.718 1.5
      vertex 67.4944 100.246 1
      vertex 67.4944 100.246 1.5
    endloop
  endfacet
  facet normal 0.0708276 -0.997489 0
    outer loop
      vertex 67.4944 100.246 1
      vertex 68.4239 100.312 1.5
      vertex 67.4944 100.246 1.5
    endloop
  endfacet
  facet normal 0.0708276 -0.997489 0
    outer loop
      vertex 68.4239 100.312 1.5
      vertex 67.4944 100.246 1
      vertex 68.4239 100.312 1
    endloop
  endfacet
  facet normal 0.999284 0.0378435 0
    outer loop
      vertex 68.4239 100.312 1.5
      vertex 68.3958 101.054 1
      vertex 68.3958 101.054 1.5
    endloop
  endfacet
  facet normal 0.999284 0.0378435 0
    outer loop
      vertex 68.3958 101.054 1
      vertex 68.4239 100.312 1.5
      vertex 68.4239 100.312 1
    endloop
  endfacet
  facet normal 0.997656 0.068424 0
    outer loop
      vertex 68.3958 101.054 1.5
      vertex 68.3517 101.697 1
      vertex 68.3517 101.697 1.5
    endloop
  endfacet
  facet normal 0.997656 0.068424 0
    outer loop
      vertex 68.3517 101.697 1
      vertex 68.3958 101.054 1.5
      vertex 68.3958 101.054 1
    endloop
  endfacet
  facet normal 0.993333 0.115285 0
    outer loop
      vertex 68.3517 101.697 1.5
      vertex 68.2881 102.245 1
      vertex 68.2881 102.245 1.5
    endloop
  endfacet
  facet normal 0.993333 0.115285 0
    outer loop
      vertex 68.2881 102.245 1
      vertex 68.3517 101.697 1.5
      vertex 68.3517 101.697 1
    endloop
  endfacet
  facet normal 0.982249 0.187579 0
    outer loop
      vertex 68.2881 102.245 1.5
      vertex 68.2014 102.699 1
      vertex 68.2014 102.699 1.5
    endloop
  endfacet
  facet normal 0.982249 0.187579 0
    outer loop
      vertex 68.2014 102.699 1
      vertex 68.2881 102.245 1.5
      vertex 68.2881 102.245 1
    endloop
  endfacet
  facet normal 0.954972 0.296695 0
    outer loop
      vertex 68.2014 102.699 1.5
      vertex 68.088 103.064 1
      vertex 68.088 103.064 1.5
    endloop
  endfacet
  facet normal 0.954972 0.296695 0
    outer loop
      vertex 68.088 103.064 1
      vertex 68.2014 102.699 1.5
      vertex 68.2014 102.699 1
    endloop
  endfacet
  facet normal 0.88901 0.457888 0
    outer loop
      vertex 68.088 103.064 1.5
      vertex 67.9443 103.343 1
      vertex 67.9443 103.343 1.5
    endloop
  endfacet
  facet normal 0.88901 0.457888 0
    outer loop
      vertex 67.9443 103.343 1
      vertex 68.088 103.064 1.5
      vertex 68.088 103.064 1
    endloop
  endfacet
  facet normal 0.739322 0.673352 0
    outer loop
      vertex 67.9443 103.343 1.5
      vertex 67.7667 103.538 1
      vertex 67.7667 103.538 1.5
    endloop
  endfacet
  facet normal 0.739322 0.673352 0
    outer loop
      vertex 67.7667 103.538 1
      vertex 67.9443 103.343 1.5
      vertex 67.9443 103.343 1
    endloop
  endfacet
  facet normal 0.468454 0.883488 -0
    outer loop
      vertex 67.7667 103.538 1
      vertex 67.5517 103.652 1.5
      vertex 67.7667 103.538 1.5
    endloop
  endfacet
  facet normal 0.468454 0.883488 0
    outer loop
      vertex 67.5517 103.652 1.5
      vertex 67.7667 103.538 1
      vertex 67.5517 103.652 1
    endloop
  endfacet
  facet normal 0.146829 0.989162 -0
    outer loop
      vertex 67.5517 103.652 1
      vertex 67.2957 103.69 1.5
      vertex 67.5517 103.652 1.5
    endloop
  endfacet
  facet normal 0.146829 0.989162 0
    outer loop
      vertex 67.2957 103.69 1.5
      vertex 67.5517 103.652 1
      vertex 67.2957 103.69 1
    endloop
  endfacet
  facet normal -0.168527 0.985697 0
    outer loop
      vertex 67.2957 103.69 1
      vertex 67.0325 103.645 1.5
      vertex 67.2957 103.69 1.5
    endloop
  endfacet
  facet normal -0.168527 0.985697 0
    outer loop
      vertex 67.0325 103.645 1.5
      vertex 67.2957 103.69 1
      vertex 67.0325 103.645 1
    endloop
  endfacet
  facet normal -0.511582 0.859234 0
    outer loop
      vertex 67.0325 103.645 1
      vertex 66.8024 103.508 1.5
      vertex 67.0325 103.645 1.5
    endloop
  endfacet
  facet normal -0.511582 0.859234 0
    outer loop
      vertex 66.8024 103.508 1.5
      vertex 67.0325 103.645 1
      vertex 66.8024 103.508 1
    endloop
  endfacet
  facet normal -0.765544 0.643383 0
    outer loop
      vertex 66.6049 103.273 1
      vertex 66.8024 103.508 1.5
      vertex 66.8024 103.508 1
    endloop
  endfacet
  facet normal -0.765544 0.643383 0
    outer loop
      vertex 66.8024 103.508 1.5
      vertex 66.6049 103.273 1
      vertex 66.6049 103.273 1.5
    endloop
  endfacet
  facet normal -0.898116 0.439758 0
    outer loop
      vertex 66.4394 102.935 1
      vertex 66.6049 103.273 1.5
      vertex 66.6049 103.273 1
    endloop
  endfacet
  facet normal -0.898116 0.439758 0
    outer loop
      vertex 66.6049 103.273 1.5
      vertex 66.4394 102.935 1
      vertex 66.4394 102.935 1.5
    endloop
  endfacet
  facet normal -0.958003 0.286759 0
    outer loop
      vertex 66.3053 102.487 1
      vertex 66.4394 102.935 1.5
      vertex 66.4394 102.935 1
    endloop
  endfacet
  facet normal -0.958003 0.286759 0
    outer loop
      vertex 66.4394 102.935 1.5
      vertex 66.3053 102.487 1
      vertex 66.3053 102.487 1.5
    endloop
  endfacet
  facet normal -0.983524 0.180779 0
    outer loop
      vertex 66.202 101.925 1
      vertex 66.3053 102.487 1.5
      vertex 66.3053 102.487 1
    endloop
  endfacet
  facet normal -0.983524 0.180779 0
    outer loop
      vertex 66.3053 102.487 1.5
      vertex 66.202 101.925 1
      vertex 66.202 101.925 1.5
    endloop
  endfacet
  facet normal -0.994304 0.106585 0
    outer loop
      vertex 66.129 101.244 1
      vertex 66.202 101.925 1.5
      vertex 66.202 101.925 1
    endloop
  endfacet
  facet normal -0.994304 0.106585 0
    outer loop
      vertex 66.202 101.925 1.5
      vertex 66.129 101.244 1
      vertex 66.129 101.244 1.5
    endloop
  endfacet
  facet normal -0.998547 0.0538918 0
    outer loop
      vertex 66.0855 100.438 1
      vertex 66.129 101.244 1.5
      vertex 66.129 101.244 1
    endloop
  endfacet
  facet normal -0.998547 0.0538918 0
    outer loop
      vertex 66.129 101.244 1.5
      vertex 66.0855 100.438 1
      vertex 66.0855 100.438 1.5
    endloop
  endfacet
  facet normal -0.999884 0.0152613 0
    outer loop
      vertex 66.0712 99.5011 1
      vertex 66.0855 100.438 1.5
      vertex 66.0855 100.438 1
    endloop
  endfacet
  facet normal -0.999884 0.0152613 0
    outer loop
      vertex 66.0855 100.438 1.5
      vertex 66.0712 99.5011 1
      vertex 66.0712 99.5011 1.5
    endloop
  endfacet
  facet normal -0.999933 -0.0115389 0
    outer loop
      vertex 66.082 98.5652 1
      vertex 66.0712 99.5011 1.5
      vertex 66.0712 99.5011 1
    endloop
  endfacet
  facet normal -0.999933 -0.0115389 0
    outer loop
      vertex 66.0712 99.5011 1.5
      vertex 66.082 98.5652 1
      vertex 66.082 98.5652 1.5
    endloop
  endfacet
  facet normal -0.999139 -0.041491 0
    outer loop
      vertex 66.1154 97.7609 1
      vertex 66.082 98.5652 1.5
      vertex 66.082 98.5652 1
    endloop
  endfacet
  facet normal -0.999139 -0.041491 0
    outer loop
      vertex 66.082 98.5652 1.5
      vertex 66.1154 97.7609 1
      vertex 66.1154 97.7609 1.5
    endloop
  endfacet
  facet normal -0.996377 -0.0850512 0
    outer loop
      vertex 66.1733 97.0826 1
      vertex 66.1154 97.7609 1.5
      vertex 66.1154 97.7609 1
    endloop
  endfacet
  facet normal -0.996377 -0.0850512 0
    outer loop
      vertex 66.1154 97.7609 1.5
      vertex 66.1733 97.0826 1
      vertex 66.1733 97.0826 1.5
    endloop
  endfacet
  facet normal -0.98881 -0.149181 0
    outer loop
      vertex 66.2575 96.5245 1
      vertex 66.1733 97.0826 1.5
      vertex 66.1733 97.0826 1
    endloop
  endfacet
  facet normal -0.98881 -0.149181 0
    outer loop
      vertex 66.1733 97.0826 1.5
      vertex 66.2575 96.5245 1
      vertex 66.2575 96.5245 1.5
    endloop
  endfacet
  facet normal -0.969445 -0.24531 0
    outer loop
      vertex 66.3698 96.0807 1
      vertex 66.2575 96.5245 1.5
      vertex 66.2575 96.5245 1
    endloop
  endfacet
  facet normal -0.969445 -0.24531 0
    outer loop
      vertex 66.2575 96.5245 1.5
      vertex 66.3698 96.0807 1
      vertex 66.3698 96.0807 1.5
    endloop
  endfacet
  facet normal -0.920645 -0.390402 0
    outer loop
      vertex 66.5119 95.7456 1
      vertex 66.3698 96.0807 1.5
      vertex 66.3698 96.0807 1
    endloop
  endfacet
  facet normal -0.920645 -0.390402 0
    outer loop
      vertex 66.3698 96.0807 1.5
      vertex 66.5119 95.7456 1
      vertex 66.5119 95.7456 1.5
    endloop
  endfacet
  facet normal -0.800579 -0.599227 0
    outer loop
      vertex 66.6857 95.5134 1
      vertex 66.5119 95.7456 1.5
      vertex 66.5119 95.7456 1
    endloop
  endfacet
  facet normal -0.800579 -0.599227 0
    outer loop
      vertex 66.5119 95.7456 1.5
      vertex 66.6857 95.5134 1
      vertex 66.6857 95.5134 1.5
    endloop
  endfacet
  facet normal -0.549014 -0.835813 0
    outer loop
      vertex 66.6857 95.5134 1
      vertex 66.7061 95.5 1.5
      vertex 66.6857 95.5134 1.5
    endloop
  endfacet
  facet normal -0.549014 -0.835813 -0
    outer loop
      vertex 66.7061 95.5 1.5
      vertex 66.6857 95.5134 1
      vertex 66.7061 95.5 1
    endloop
  endfacet
  facet normal 0 -1 0
    outer loop
      vertex 63.2066 96.9234 1
      vertex 63.6425 96.9234 1.5
      vertex 63.2066 96.9234 1.5
    endloop
  endfacet
  facet normal 0 -1 -0
    outer loop
      vertex 63.6425 96.9234 1.5
      vertex 63.2066 96.9234 1
      vertex 63.6425 96.9234 1
    endloop
  endfacet
  facet normal -0.998038 -0.062614 0
    outer loop
      vertex 63.7318 95.5 1
      vertex 63.6425 96.9234 1.5
      vertex 63.6425 96.9234 1
    endloop
  endfacet
  facet normal -0.998038 -0.062614 0
    outer loop
      vertex 63.6425 96.9234 1.5
      vertex 63.7318 95.5 1
      vertex 63.7318 95.5 1.5
    endloop
  endfacet
  facet normal 0.995758 0.0920092 0
    outer loop
      vertex 64.7478 95.5 1.5
      vertex 63.9951 103.646 1
      vertex 63.9951 103.646 1.5
    endloop
  endfacet
  facet normal 0.995758 0.0920092 0
    outer loop
      vertex 63.9951 103.646 1
      vertex 64.7478 95.5 1.5
      vertex 64.7478 95.5 1
    endloop
  endfacet
  facet normal 0 1 -0
    outer loop
      vertex 63.9951 103.646 1
      vertex 62.9374 103.646 1.5
      vertex 63.9951 103.646 1.5
    endloop
  endfacet
  facet normal 0 1 0
    outer loop
      vertex 62.9374 103.646 1.5
      vertex 63.9951 103.646 1
      vertex 62.9374 103.646 1
    endloop
  endfacet
  facet normal -0.995686 0.0927848 0
    outer loop
      vertex 62.1783 95.5 1
      vertex 62.9374 103.646 1.5
      vertex 62.9374 103.646 1
    endloop
  endfacet
  facet normal -0.995686 0.0927848 0
    outer loop
      vertex 62.9374 103.646 1.5
      vertex 62.1783 95.5 1
      vertex 62.1783 95.5 1.5
    endloop
  endfacet
  facet normal 0.998292 -0.0584219 0
    outer loop
      vertex 63.1233 95.5 1.5
      vertex 63.2066 96.9234 1
      vertex 63.2066 96.9234 1.5
    endloop
  endfacet
  facet normal 0.998292 -0.0584219 0
    outer loop
      vertex 63.2066 96.9234 1
      vertex 63.1233 95.5 1.5
      vertex 63.1233 95.5 1
    endloop
  endfacet
  facet normal 0.997781 -0.0665783 0
    outer loop
      vertex 63.2579 98.09 1.5
      vertex 63.2728 98.3133 1
      vertex 63.2728 98.3133 1.5
    endloop
  endfacet
  facet normal 0.997781 -0.0665783 0
    outer loop
      vertex 63.2728 98.3133 1
      vertex 63.2579 98.09 1.5
      vertex 63.2579 98.09 1
    endloop
  endfacet
  facet normal 0.997921 -0.0644518 0
    outer loop
      vertex 63.2728 98.3133 1.5
      vertex 63.2877 98.544 1
      vertex 63.2877 98.544 1.5
    endloop
  endfacet
  facet normal 0.997921 -0.0644518 0
    outer loop
      vertex 63.2877 98.544 1
      vertex 63.2728 98.3133 1.5
      vertex 63.2728 98.3133 1
    endloop
  endfacet
  facet normal 0.998074 -0.0620344 0
    outer loop
      vertex 63.2877 98.544 1.5
      vertex 63.3023 98.7789 1
      vertex 63.3023 98.7789 1.5
    endloop
  endfacet
  facet normal 0.998074 -0.0620344 0
    outer loop
      vertex 63.3023 98.7789 1
      vertex 63.2877 98.544 1.5
      vertex 63.2877 98.544 1
    endloop
  endfacet
  facet normal 0.998163 -0.0605846 0
    outer loop
      vertex 63.3023 98.7789 1.5
      vertex 63.3166 99.0145 1
      vertex 63.3166 99.0145 1.5
    endloop
  endfacet
  facet normal 0.998163 -0.0605846 0
    outer loop
      vertex 63.3166 99.0145 1
      vertex 63.3023 98.7789 1.5
      vertex 63.3023 98.7789 1
    endloop
  endfacet
  facet normal 0.998228 -0.0594999 0
    outer loop
      vertex 63.3166 99.0145 1.5
      vertex 63.3305 99.2477 1
      vertex 63.3305 99.2477 1.5
    endloop
  endfacet
  facet normal 0.998228 -0.0594999 0
    outer loop
      vertex 63.3305 99.2477 1
      vertex 63.3166 99.0145 1.5
      vertex 63.3166 99.0145 1
    endloop
  endfacet
  facet normal 0.998295 -0.0583619 0
    outer loop
      vertex 63.3305 99.2477 1.5
      vertex 63.3438 99.4752 1
      vertex 63.3438 99.4752 1.5
    endloop
  endfacet
  facet normal 0.998295 -0.0583619 0
    outer loop
      vertex 63.3438 99.4752 1
      vertex 63.3305 99.2477 1.5
      vertex 63.3305 99.2477 1
    endloop
  endfacet
  facet normal 0.998297 -0.0583359 0
    outer loop
      vertex 63.3438 99.4752 1.5
      vertex 63.3686 99.8996 1
      vertex 63.3686 99.8996 1.5
    endloop
  endfacet
  facet normal 0.998297 -0.0583359 0
    outer loop
      vertex 63.3686 99.8996 1
      vertex 63.3438 99.4752 1.5
      vertex 63.3438 99.4752 1
    endloop
  endfacet
  facet normal 0.998305 -0.0581995 0
    outer loop
      vertex 63.3686 99.8996 1.5
      vertex 63.3797 100.09 1
      vertex 63.3797 100.09 1.5
    endloop
  endfacet
  facet normal 0.998305 -0.0581995 0
    outer loop
      vertex 63.3797 100.09 1
      vertex 63.3686 99.8996 1.5
      vertex 63.3686 99.8996 1
    endloop
  endfacet
  facet normal 0.998806 -0.0488546 0
    outer loop
      vertex 63.3797 100.09 1.5
      vertex 63.3842 100.182 1
      vertex 63.3842 100.182 1.5
    endloop
  endfacet
  facet normal 0.998806 -0.0488546 0
    outer loop
      vertex 63.3842 100.182 1
      vertex 63.3797 100.09 1.5
      vertex 63.3797 100.09 1
    endloop
  endfacet
  facet normal 0.998585 -0.0531855 0
    outer loop
      vertex 63.3842 100.182 1.5
      vertex 63.3891 100.274 1
      vertex 63.3891 100.274 1.5
    endloop
  endfacet
  facet normal 0.998585 -0.0531855 0
    outer loop
      vertex 63.3891 100.274 1
      vertex 63.3842 100.182 1.5
      vertex 63.3842 100.182 1
    endloop
  endfacet
  facet normal 0.998398 -0.0565759 0
    outer loop
      vertex 63.3891 100.274 1.5
      vertex 63.3942 100.364 1
      vertex 63.3942 100.364 1.5
    endloop
  endfacet
  facet normal 0.998398 -0.0565759 0
    outer loop
      vertex 63.3942 100.364 1
      vertex 63.3891 100.274 1.5
      vertex 63.3891 100.274 1
    endloop
  endfacet
  facet normal 0.998271 -0.058787 0
    outer loop
      vertex 63.3942 100.364 1.5
      vertex 63.3995 100.454 1
      vertex 63.3995 100.454 1.5
    endloop
  endfacet
  facet normal 0.998271 -0.058787 0
    outer loop
      vertex 63.3995 100.454 1
      vertex 63.3942 100.364 1.5
      vertex 63.3942 100.364 1
    endloop
  endfacet
  facet normal 0.998212 -0.0597799 0
    outer loop
      vertex 63.3995 100.454 1.5
      vertex 63.4101 100.631 1
      vertex 63.4101 100.631 1.5
    endloop
  endfacet
  facet normal 0.998212 -0.0597799 0
    outer loop
      vertex 63.4101 100.631 1
      vertex 63.3995 100.454 1.5
      vertex 63.3995 100.454 1
    endloop
  endfacet
  facet normal 0.998286 -0.0585202 0
    outer loop
      vertex 63.4101 100.631 1.5
      vertex 63.4152 100.718 1
      vertex 63.4152 100.718 1.5
    endloop
  endfacet
  facet normal 0.998286 -0.0585202 0
    outer loop
      vertex 63.4152 100.718 1
      vertex 63.4101 100.631 1.5
      vertex 63.4101 100.631 1
    endloop
  endfacet
  facet normal 0.998381 -0.0568845 0
    outer loop
      vertex 63.4152 100.718 1.5
      vertex 63.4201 100.804 1
      vertex 63.4201 100.804 1.5
    endloop
  endfacet
  facet normal 0.998381 -0.0568845 0
    outer loop
      vertex 63.4201 100.804 1
      vertex 63.4152 100.718 1.5
      vertex 63.4152 100.718 1
    endloop
  endfacet
  facet normal 0.998634 -0.0522541 0
    outer loop
      vertex 63.4201 100.804 1.5
      vertex 63.4246 100.89 1
      vertex 63.4246 100.89 1.5
    endloop
  endfacet
  facet normal 0.998634 -0.0522541 0
    outer loop
      vertex 63.4246 100.89 1
      vertex 63.4201 100.804 1.5
      vertex 63.4201 100.804 1
    endloop
  endfacet
  facet normal 0 -1 0
    outer loop
      vertex 63.4246 100.89 1
      vertex 63.4374 100.89 1.5
      vertex 63.4246 100.89 1.5
    endloop
  endfacet
  facet normal 0 -1 -0
    outer loop
      vertex 63.4374 100.89 1.5
      vertex 63.4246 100.89 1
      vertex 63.4374 100.89 1
    endloop
  endfacet
  facet normal -0.998752 -0.0499376 0
    outer loop
      vertex 63.446 100.718 1
      vertex 63.4374 100.89 1.5
      vertex 63.4374 100.89 1
    endloop
  endfacet
  facet normal -0.998752 -0.0499376 0
    outer loop
      vertex 63.4374 100.89 1.5
      vertex 63.446 100.718 1
      vertex 63.446 100.718 1.5
    endloop
  endfacet
  facet normal -0.998665 -0.0516551 0
    outer loop
      vertex 63.4505 100.631 1
      vertex 63.446 100.718 1.5
      vertex 63.446 100.718 1
    endloop
  endfacet
  facet normal -0.998665 -0.0516551 0
    outer loop
      vertex 63.446 100.718 1.5
      vertex 63.4505 100.631 1
      vertex 63.4505 100.631 1.5
    endloop
  endfacet
  facet normal -0.998637 -0.0522015 0
    outer loop
      vertex 63.4551 100.543 1
      vertex 63.4505 100.631 1.5
      vertex 63.4505 100.631 1
    endloop
  endfacet
  facet normal -0.998637 -0.0522015 0
    outer loop
      vertex 63.4505 100.631 1.5
      vertex 63.4551 100.543 1
      vertex 63.4551 100.543 1.5
    endloop
  endfacet
  facet normal -0.998549 -0.0538543 0
    outer loop
      vertex 63.4599 100.454 1
      vertex 63.4551 100.543 1.5
      vertex 63.4551 100.543 1
    endloop
  endfacet
  facet normal -0.998549 -0.0538543 0
    outer loop
      vertex 63.4551 100.543 1.5
      vertex 63.4599 100.454 1
      vertex 63.4599 100.454 1.5
    endloop
  endfacet
  facet normal -0.99846 -0.05547 0
    outer loop
      vertex 63.4649 100.364 1
      vertex 63.4599 100.454 1.5
      vertex 63.4599 100.454 1
    endloop
  endfacet
  facet normal -0.99846 -0.05547 0
    outer loop
      vertex 63.4599 100.454 1.5
      vertex 63.4649 100.364 1
      vertex 63.4649 100.364 1.5
    endloop
  endfacet
  facet normal -0.998205 -0.0598923 0
    outer loop
      vertex 63.4703 100.274 1
      vertex 63.4649 100.364 1.5
      vertex 63.4649 100.364 1
    endloop
  endfacet
  facet normal -0.998205 -0.0598923 0
    outer loop
      vertex 63.4649 100.364 1.5
      vertex 63.4703 100.274 1
      vertex 63.4703 100.274 1.5
    endloop
  endfacet
  facet normal -0.998019 -0.0629186 0
    outer loop
      vertex 63.4761 100.182 1
      vertex 63.4703 100.274 1.5
      vertex 63.4703 100.274 1
    endloop
  endfacet
  facet normal -0.998019 -0.0629186 0
    outer loop
      vertex 63.4703 100.274 1.5
      vertex 63.4761 100.182 1
      vertex 63.4761 100.182 1.5
    endloop
  endfacet
  facet normal -0.997737 -0.0672388 0
    outer loop
      vertex 63.4823 100.09 1
      vertex 63.4761 100.182 1.5
      vertex 63.4761 100.182 1
    endloop
  endfacet
  facet normal -0.997737 -0.0672388 0
    outer loop
      vertex 63.4761 100.182 1.5
      vertex 63.4823 100.09 1
      vertex 63.4823 100.09 1.5
    endloop
  endfacet
  facet normal -0.998252 -0.0590965 0
    outer loop
      vertex 63.4934 99.9025 1
      vertex 63.4823 100.09 1.5
      vertex 63.4823 100.09 1
    endloop
  endfacet
  facet normal -0.998252 -0.0590965 0
    outer loop
      vertex 63.4823 100.09 1.5
      vertex 63.4934 99.9025 1
      vertex 63.4934 99.9025 1.5
    endloop
  endfacet
  facet normal -0.998311 -0.0580924 0
    outer loop
      vertex 63.5053 99.698 1
      vertex 63.4934 99.9025 1.5
      vertex 63.4934 99.9025 1
    endloop
  endfacet
  facet normal -0.998311 -0.0580924 0
    outer loop
      vertex 63.4934 99.9025 1.5
      vertex 63.5053 99.698 1
      vertex 63.5053 99.698 1.5
    endloop
  endfacet
  facet normal -0.998332 -0.0577283 0
    outer loop
      vertex 63.5179 99.4801 1
      vertex 63.5053 99.698 1.5
      vertex 63.5053 99.698 1
    endloop
  endfacet
  facet normal -0.998332 -0.0577283 0
    outer loop
      vertex 63.5053 99.698 1.5
      vertex 63.5179 99.4801 1
      vertex 63.5179 99.4801 1.5
    endloop
  endfacet
  facet normal -0.998376 -0.0569749 0
    outer loop
      vertex 63.5309 99.2523 1
      vertex 63.5179 99.4801 1.5
      vertex 63.5179 99.4801 1
    endloop
  endfacet
  facet normal -0.998376 -0.0569749 0
    outer loop
      vertex 63.5179 99.4801 1.5
      vertex 63.5309 99.2523 1
      vertex 63.5309 99.2523 1.5
    endloop
  endfacet
  facet normal -0.998373 -0.0570196 0
    outer loop
      vertex 63.5578 98.7813 1
      vertex 63.5309 99.2523 1.5
      vertex 63.5309 99.2523 1
    endloop
  endfacet
  facet normal -0.998373 -0.0570196 0
    outer loop
      vertex 63.5309 99.2523 1.5
      vertex 63.5578 98.7813 1
      vertex 63.5578 98.7813 1.5
    endloop
  endfacet
  facet normal -0.998368 -0.05711 0
    outer loop
      vertex 63.5713 98.5453 1
      vertex 63.5578 98.7813 1.5
      vertex 63.5578 98.7813 1
    endloop
  endfacet
  facet normal -0.998368 -0.05711 0
    outer loop
      vertex 63.5578 98.7813 1.5
      vertex 63.5713 98.5453 1
      vertex 63.5713 98.5453 1.5
    endloop
  endfacet
  facet normal -0.998355 -0.0573321 0
    outer loop
      vertex 63.5846 98.3137 1
      vertex 63.5713 98.5453 1.5
      vertex 63.5713 98.5453 1
    endloop
  endfacet
  facet normal -0.998355 -0.0573321 0
    outer loop
      vertex 63.5713 98.5453 1.5
      vertex 63.5846 98.3137 1
      vertex 63.5846 98.3137 1.5
    endloop
  endfacet
  facet normal -0.99829 -0.0584604 0
    outer loop
      vertex 63.5977 98.09 1
      vertex 63.5846 98.3137 1.5
      vertex 63.5846 98.3137 1
    endloop
  endfacet
  facet normal -0.99829 -0.0584604 0
    outer loop
      vertex 63.5846 98.3137 1.5
      vertex 63.5977 98.09 1
      vertex 63.5977 98.09 1.5
    endloop
  endfacet
  facet normal 0 1 -0
    outer loop
      vertex 63.5977 98.09 1
      vertex 63.2579 98.09 1.5
      vertex 63.5977 98.09 1.5
    endloop
  endfacet
  facet normal 0 1 0
    outer loop
      vertex 63.2579 98.09 1.5
      vertex 63.5977 98.09 1
      vertex 63.2579 98.09 1
    endloop
  endfacet
  facet normal 0 -1 0
    outer loop
      vertex 55.3873 96.9234 1
      vertex 55.8232 96.9234 1.5
      vertex 55.3873 96.9234 1.5
    endloop
  endfacet
  facet normal 0 -1 -0
    outer loop
      vertex 55.8232 96.9234 1.5
      vertex 55.3873 96.9234 1
      vertex 55.8232 96.9234 1
    endloop
  endfacet
  facet normal -0.998038 -0.062614 0
    outer loop
      vertex 55.9125 95.5 1
      vertex 55.8232 96.9234 1.5
      vertex 55.8232 96.9234 1
    endloop
  endfacet
  facet normal -0.998038 -0.062614 0
    outer loop
      vertex 55.8232 96.9234 1.5
      vertex 55.9125 95.5 1
      vertex 55.9125 95.5 1.5
    endloop
  endfacet
  facet normal 0.995757 0.0920213 0
    outer loop
      vertex 56.9286 95.5 1.5
      vertex 56.1758 103.646 1
      vertex 56.1758 103.646 1.5
    endloop
  endfacet
  facet normal 0.995757 0.0920213 0
    outer loop
      vertex 56.1758 103.646 1
      vertex 56.9286 95.5 1.5
      vertex 56.9286 95.5 1
    endloop
  endfacet
  facet normal 0 1 -0
    outer loop
      vertex 56.1758 103.646 1
      vertex 55.1181 103.646 1.5
      vertex 56.1758 103.646 1.5
    endloop
  endfacet
  facet normal 0 1 0
    outer loop
      vertex 55.1181 103.646 1.5
      vertex 56.1758 103.646 1
      vertex 55.1181 103.646 1
    endloop
  endfacet
  facet normal -0.995687 0.0927727 0
    outer loop
      vertex 54.3591 95.5 1
      vertex 55.1181 103.646 1.5
      vertex 55.1181 103.646 1
    endloop
  endfacet
  facet normal -0.995687 0.0927727 0
    outer loop
      vertex 55.1181 103.646 1.5
      vertex 54.3591 95.5 1
      vertex 54.3591 95.5 1.5
    endloop
  endfacet
  facet normal 0.998292 -0.0584219 0
    outer loop
      vertex 55.304 95.5 1.5
      vertex 55.3873 96.9234 1
      vertex 55.3873 96.9234 1.5
    endloop
  endfacet
  facet normal 0.998292 -0.0584219 0
    outer loop
      vertex 55.3873 96.9234 1
      vertex 55.304 95.5 1.5
      vertex 55.304 95.5 1
    endloop
  endfacet
  facet normal 0.997751 -0.0670232 0
    outer loop
      vertex 55.4386 98.09 1.5
      vertex 55.4536 98.3133 1
      vertex 55.4536 98.3133 1.5
    endloop
  endfacet
  facet normal 0.997751 -0.0670232 0
    outer loop
      vertex 55.4536 98.3133 1
      vertex 55.4386 98.09 1.5
      vertex 55.4386 98.09 1
    endloop
  endfacet
  facet normal 0.997949 -0.064021 0
    outer loop
      vertex 55.4536 98.3133 1.5
      vertex 55.4684 98.544 1
      vertex 55.4684 98.544 1.5
    endloop
  endfacet
  facet normal 0.997949 -0.064021 0
    outer loop
      vertex 55.4684 98.544 1
      vertex 55.4536 98.3133 1.5
      vertex 55.4536 98.3133 1
    endloop
  endfacet
  facet normal 0.998074 -0.0620344 0
    outer loop
      vertex 55.4684 98.544 1.5
      vertex 55.483 98.7789 1
      vertex 55.483 98.7789 1.5
    endloop
  endfacet
  facet normal 0.998074 -0.0620344 0
    outer loop
      vertex 55.483 98.7789 1
      vertex 55.4684 98.544 1.5
      vertex 55.4684 98.544 1
    endloop
  endfacet
  facet normal 0.998163 -0.0605846 0
    outer loop
      vertex 55.483 98.7789 1.5
      vertex 55.4973 99.0145 1
      vertex 55.4973 99.0145 1.5
    endloop
  endfacet
  facet normal 0.998163 -0.0605846 0
    outer loop
      vertex 55.4973 99.0145 1
      vertex 55.483 98.7789 1.5
      vertex 55.483 98.7789 1
    endloop
  endfacet
  facet normal 0.998228 -0.0594999 0
    outer loop
      vertex 55.4973 99.0145 1.5
      vertex 55.5112 99.2477 1
      vertex 55.5112 99.2477 1.5
    endloop
  endfacet
  facet normal 0.998228 -0.0594999 0
    outer loop
      vertex 55.5112 99.2477 1
      vertex 55.4973 99.0145 1.5
      vertex 55.4973 99.0145 1
    endloop
  endfacet
  facet normal 0.99827 -0.0587992 0
    outer loop
      vertex 55.5112 99.2477 1.5
      vertex 55.5246 99.4752 1
      vertex 55.5246 99.4752 1.5
    endloop
  endfacet
  facet normal 0.99827 -0.0587992 0
    outer loop
      vertex 55.5246 99.4752 1
      vertex 55.5112 99.2477 1.5
      vertex 55.5112 99.2477 1
    endloop
  endfacet
  facet normal 0.998311 -0.0581015 0
    outer loop
      vertex 55.5246 99.4752 1.5
      vertex 55.5493 99.8996 1
      vertex 55.5493 99.8996 1.5
    endloop
  endfacet
  facet normal 0.998311 -0.0581015 0
    outer loop
      vertex 55.5493 99.8996 1
      vertex 55.5246 99.4752 1.5
      vertex 55.5246 99.4752 1
    endloop
  endfacet
  facet normal 0.998305 -0.0581995 0
    outer loop
      vertex 55.5493 99.8996 1.5
      vertex 55.5604 100.09 1
      vertex 55.5604 100.09 1.5
    endloop
  endfacet
  facet normal 0.998305 -0.0581995 0
    outer loop
      vertex 55.5604 100.09 1
      vertex 55.5493 99.8996 1.5
      vertex 55.5493 99.8996 1
    endloop
  endfacet
  facet normal 0.998806 -0.0488546 0
    outer loop
      vertex 55.5604 100.09 1.5
      vertex 55.5649 100.182 1
      vertex 55.5649 100.182 1.5
    endloop
  endfacet
  facet normal 0.998806 -0.0488546 0
    outer loop
      vertex 55.5649 100.182 1
      vertex 55.5604 100.09 1.5
      vertex 55.5604 100.09 1
    endloop
  endfacet
  facet normal 0.998585 -0.0531855 0
    outer loop
      vertex 55.5649 100.182 1.5
      vertex 55.5698 100.274 1
      vertex 55.5698 100.274 1.5
    endloop
  endfacet
  facet normal 0.998585 -0.0531855 0
    outer loop
      vertex 55.5698 100.274 1
      vertex 55.5649 100.182 1.5
      vertex 55.5649 100.182 1
    endloop
  endfacet
  facet normal 0.998398 -0.0565759 0
    outer loop
      vertex 55.5698 100.274 1.5
      vertex 55.5749 100.364 1
      vertex 55.5749 100.364 1.5
    endloop
  endfacet
  facet normal 0.998398 -0.0565759 0
    outer loop
      vertex 55.5749 100.364 1
      vertex 55.5698 100.274 1.5
      vertex 55.5698 100.274 1
    endloop
  endfacet
  facet normal 0.998271 -0.058787 0
    outer loop
      vertex 55.5749 100.364 1.5
      vertex 55.5802 100.454 1
      vertex 55.5802 100.454 1.5
    endloop
  endfacet
  facet normal 0.998271 -0.058787 0
    outer loop
      vertex 55.5802 100.454 1
      vertex 55.5749 100.364 1.5
      vertex 55.5749 100.364 1
    endloop
  endfacet
  facet normal 0.998212 -0.0597799 0
    outer loop
      vertex 55.5802 100.454 1.5
      vertex 55.5908 100.631 1
      vertex 55.5908 100.631 1.5
    endloop
  endfacet
  facet normal 0.998212 -0.0597799 0
    outer loop
      vertex 55.5908 100.631 1
      vertex 55.5802 100.454 1.5
      vertex 55.5802 100.454 1
    endloop
  endfacet
  facet normal 0.998286 -0.0585202 0
    outer loop
      vertex 55.5908 100.631 1.5
      vertex 55.5959 100.718 1
      vertex 55.5959 100.718 1.5
    endloop
  endfacet
  facet normal 0.998286 -0.0585202 0
    outer loop
      vertex 55.5959 100.718 1
      vertex 55.5908 100.631 1.5
      vertex 55.5908 100.631 1
    endloop
  endfacet
  facet normal 0.998381 -0.0568845 0
    outer loop
      vertex 55.5959 100.718 1.5
      vertex 55.6008 100.804 1
      vertex 55.6008 100.804 1.5
    endloop
  endfacet
  facet normal 0.998381 -0.0568845 0
    outer loop
      vertex 55.6008 100.804 1
      vertex 55.5959 100.718 1.5
      vertex 55.5959 100.718 1
    endloop
  endfacet
  facet normal 0.998634 -0.0522541 0
    outer loop
      vertex 55.6008 100.804 1.5
      vertex 55.6053 100.89 1
      vertex 55.6053 100.89 1.5
    endloop
  endfacet
  facet normal 0.998634 -0.0522541 0
    outer loop
      vertex 55.6053 100.89 1
      vertex 55.6008 100.804 1.5
      vertex 55.6008 100.804 1
    endloop
  endfacet
  facet normal 0 -1 0
    outer loop
      vertex 55.6053 100.89 1
      vertex 55.6181 100.89 1.5
      vertex 55.6053 100.89 1.5
    endloop
  endfacet
  facet normal 0 -1 -0
    outer loop
      vertex 55.6181 100.89 1.5
      vertex 55.6053 100.89 1
      vertex 55.6181 100.89 1
    endloop
  endfacet
  facet normal -0.998752 -0.0499376 0
    outer loop
      vertex 55.6267 100.718 1
      vertex 55.6181 100.89 1.5
      vertex 55.6181 100.89 1
    endloop
  endfacet
  facet normal -0.998752 -0.0499376 0
    outer loop
      vertex 55.6181 100.89 1.5
      vertex 55.6267 100.718 1
      vertex 55.6267 100.718 1.5
    endloop
  endfacet
  facet normal -0.998665 -0.0516551 0
    outer loop
      vertex 55.6312 100.631 1
      vertex 55.6267 100.718 1.5
      vertex 55.6267 100.718 1
    endloop
  endfacet
  facet normal -0.998665 -0.0516551 0
    outer loop
      vertex 55.6267 100.718 1.5
      vertex 55.6312 100.631 1
      vertex 55.6312 100.631 1.5
    endloop
  endfacet
  facet normal -0.998637 -0.0522015 0
    outer loop
      vertex 55.6358 100.543 1
      vertex 55.6312 100.631 1.5
      vertex 55.6312 100.631 1
    endloop
  endfacet
  facet normal -0.998637 -0.0522015 0
    outer loop
      vertex 55.6312 100.631 1.5
      vertex 55.6358 100.543 1
      vertex 55.6358 100.543 1.5
    endloop
  endfacet
  facet normal -0.998549 -0.0538543 0
    outer loop
      vertex 55.6406 100.454 1
      vertex 55.6358 100.543 1.5
      vertex 55.6358 100.543 1
    endloop
  endfacet
  facet normal -0.998549 -0.0538543 0
    outer loop
      vertex 55.6358 100.543 1.5
      vertex 55.6406 100.454 1
      vertex 55.6406 100.454 1.5
    endloop
  endfacet
  facet normal -0.998398 -0.0565759 0
    outer loop
      vertex 55.6457 100.364 1
      vertex 55.6406 100.454 1.5
      vertex 55.6406 100.454 1
    endloop
  endfacet
  facet normal -0.998398 -0.0565759 0
    outer loop
      vertex 55.6406 100.454 1.5
      vertex 55.6457 100.364 1
      vertex 55.6457 100.364 1.5
    endloop
  endfacet
  facet normal -0.998271 -0.058787 0
    outer loop
      vertex 55.651 100.274 1
      vertex 55.6457 100.364 1.5
      vertex 55.6457 100.364 1
    endloop
  endfacet
  facet normal -0.998271 -0.058787 0
    outer loop
      vertex 55.6457 100.364 1.5
      vertex 55.651 100.274 1
      vertex 55.651 100.274 1.5
    endloop
  endfacet
  facet normal -0.998019 -0.0629186 0
    outer loop
      vertex 55.6568 100.182 1
      vertex 55.651 100.274 1.5
      vertex 55.651 100.274 1
    endloop
  endfacet
  facet normal -0.998019 -0.0629186 0
    outer loop
      vertex 55.651 100.274 1.5
      vertex 55.6568 100.182 1
      vertex 55.6568 100.182 1.5
    endloop
  endfacet
  facet normal -0.997737 -0.0672388 0
    outer loop
      vertex 55.663 100.09 1
      vertex 55.6568 100.182 1.5
      vertex 55.6568 100.182 1
    endloop
  endfacet
  facet normal -0.997737 -0.0672388 0
    outer loop
      vertex 55.6568 100.182 1.5
      vertex 55.663 100.09 1
      vertex 55.663 100.09 1.5
    endloop
  endfacet
  facet normal -0.998252 -0.0590965 0
    outer loop
      vertex 55.6741 99.9025 1
      vertex 55.663 100.09 1.5
      vertex 55.663 100.09 1
    endloop
  endfacet
  facet normal -0.998252 -0.0590965 0
    outer loop
      vertex 55.663 100.09 1.5
      vertex 55.6741 99.9025 1
      vertex 55.6741 99.9025 1.5
    endloop
  endfacet
  facet normal -0.998283 -0.0585789 0
    outer loop
      vertex 55.6861 99.698 1
      vertex 55.6741 99.9025 1.5
      vertex 55.6741 99.9025 1
    endloop
  endfacet
  facet normal -0.998283 -0.0585789 0
    outer loop
      vertex 55.6741 99.9025 1.5
      vertex 55.6861 99.698 1
      vertex 55.6861 99.698 1.5
    endloop
  endfacet
  facet normal -0.998359 -0.0572716 0
    outer loop
      vertex 55.6986 99.4801 1
      vertex 55.6861 99.698 1.5
      vertex 55.6861 99.698 1
    endloop
  endfacet
  facet normal -0.998359 -0.0572716 0
    outer loop
      vertex 55.6861 99.698 1.5
      vertex 55.6986 99.4801 1
      vertex 55.6986 99.4801 1.5
    endloop
  endfacet
  facet normal -0.998351 -0.0574117 0
    outer loop
      vertex 55.7117 99.2523 1
      vertex 55.6986 99.4801 1.5
      vertex 55.6986 99.4801 1
    endloop
  endfacet
  facet normal -0.998351 -0.0574117 0
    outer loop
      vertex 55.6986 99.4801 1.5
      vertex 55.7117 99.2523 1
      vertex 55.7117 99.2523 1.5
    endloop
  endfacet
  facet normal -0.998385 -0.0568083 0
    outer loop
      vertex 55.7385 98.7813 1
      vertex 55.7117 99.2523 1.5
      vertex 55.7117 99.2523 1
    endloop
  endfacet
  facet normal -0.998385 -0.0568083 0
    outer loop
      vertex 55.7117 99.2523 1.5
      vertex 55.7385 98.7813 1
      vertex 55.7385 98.7813 1.5
    endloop
  endfacet
  facet normal -0.998368 -0.05711 0
    outer loop
      vertex 55.752 98.5453 1
      vertex 55.7385 98.7813 1.5
      vertex 55.7385 98.7813 1
    endloop
  endfacet
  facet normal -0.998368 -0.05711 0
    outer loop
      vertex 55.7385 98.7813 1.5
      vertex 55.752 98.5453 1
      vertex 55.752 98.5453 1.5
    endloop
  endfacet
  facet normal -0.99833 -0.0577618 0
    outer loop
      vertex 55.7654 98.3137 1
      vertex 55.752 98.5453 1.5
      vertex 55.752 98.5453 1
    endloop
  endfacet
  facet normal -0.99833 -0.0577618 0
    outer loop
      vertex 55.752 98.5453 1.5
      vertex 55.7654 98.3137 1
      vertex 55.7654 98.3137 1.5
    endloop
  endfacet
  facet normal -0.998316 -0.0580157 0
    outer loop
      vertex 55.7784 98.09 1
      vertex 55.7654 98.3137 1.5
      vertex 55.7654 98.3137 1
    endloop
  endfacet
  facet normal -0.998316 -0.0580157 0
    outer loop
      vertex 55.7654 98.3137 1.5
      vertex 55.7784 98.09 1
      vertex 55.7784 98.09 1.5
    endloop
  endfacet
  facet normal 0 1 -0
    outer loop
      vertex 55.7784 98.09 1
      vertex 55.4386 98.09 1.5
      vertex 55.7784 98.09 1.5
    endloop
  endfacet
  facet normal 0 1 0
    outer loop
      vertex 55.4386 98.09 1.5
      vertex 55.7784 98.09 1
      vertex 55.4386 98.09 1
    endloop
  endfacet
  facet normal 0 -1 0
    outer loop
      vertex 15.7149 96.9234 1
      vertex 16.1509 96.9234 1.5
      vertex 15.7149 96.9234 1.5
    endloop
  endfacet
  facet normal 0 -1 -0
    outer loop
      vertex 16.1509 96.9234 1.5
      vertex 15.7149 96.9234 1
      vertex 16.1509 96.9234 1
    endloop
  endfacet
  facet normal -0.998042 -0.0625442 0
    outer loop
      vertex 16.2401 95.5 1
      vertex 16.1509 96.9234 1.5
      vertex 16.1509 96.9234 1
    endloop
  endfacet
  facet normal -0.998042 -0.0625442 0
    outer loop
      vertex 16.1509 96.9234 1.5
      vertex 16.2401 95.5 1
      vertex 16.2401 95.5 1.5
    endloop
  endfacet
  facet normal 0.995757 0.0920213 0
    outer loop
      vertex 17.2562 95.5 1.5
      vertex 16.5034 103.646 1
      vertex 16.5034 103.646 1.5
    endloop
  endfacet
  facet normal 0.995757 0.0920213 0
    outer loop
      vertex 16.5034 103.646 1
      vertex 17.2562 95.5 1.5
      vertex 17.2562 95.5 1
    endloop
  endfacet
  facet normal 0 1 -0
    outer loop
      vertex 16.5034 103.646 1
      vertex 15.4457 103.646 1.5
      vertex 16.5034 103.646 1.5
    endloop
  endfacet
  facet normal 0 1 0
    outer loop
      vertex 15.4457 103.646 1.5
      vertex 16.5034 103.646 1
      vertex 15.4457 103.646 1
    endloop
  endfacet
  facet normal -0.995687 0.0927727 0
    outer loop
      vertex 14.6867 95.5 1
      vertex 15.4457 103.646 1.5
      vertex 15.4457 103.646 1
    endloop
  endfacet
  facet normal -0.995687 0.0927727 0
    outer loop
      vertex 15.4457 103.646 1.5
      vertex 14.6867 95.5 1
      vertex 14.6867 95.5 1.5
    endloop
  endfacet
  facet normal 0.998292 -0.0584219 0
    outer loop
      vertex 15.6316 95.5 1.5
      vertex 15.7149 96.9234 1
      vertex 15.7149 96.9234 1.5
    endloop
  endfacet
  facet normal 0.998292 -0.0584219 0
    outer loop
      vertex 15.7149 96.9234 1
      vertex 15.6316 95.5 1.5
      vertex 15.6316 95.5 1
    endloop
  endfacet
  facet normal 0.997751 -0.0670232 0
    outer loop
      vertex 15.7662 98.09 1.5
      vertex 15.7812 98.3133 1
      vertex 15.7812 98.3133 1.5
    endloop
  endfacet
  facet normal 0.997751 -0.0670232 0
    outer loop
      vertex 15.7812 98.3133 1
      vertex 15.7662 98.09 1.5
      vertex 15.7662 98.09 1
    endloop
  endfacet
  facet normal 0.997949 -0.064021 0
    outer loop
      vertex 15.7812 98.3133 1.5
      vertex 15.796 98.544 1
      vertex 15.796 98.544 1.5
    endloop
  endfacet
  facet normal 0.997949 -0.064021 0
    outer loop
      vertex 15.796 98.544 1
      vertex 15.7812 98.3133 1.5
      vertex 15.7812 98.3133 1
    endloop
  endfacet
  facet normal 0.998074 -0.0620344 0
    outer loop
      vertex 15.796 98.544 1.5
      vertex 15.8106 98.7789 1
      vertex 15.8106 98.7789 1.5
    endloop
  endfacet
  facet normal 0.998074 -0.0620344 0
    outer loop
      vertex 15.8106 98.7789 1
      vertex 15.796 98.544 1.5
      vertex 15.796 98.544 1
    endloop
  endfacet
  facet normal 0.998163 -0.0605846 0
    outer loop
      vertex 15.8106 98.7789 1.5
      vertex 15.8249 99.0145 1
      vertex 15.8249 99.0145 1.5
    endloop
  endfacet
  facet normal 0.998163 -0.0605846 0
    outer loop
      vertex 15.8249 99.0145 1
      vertex 15.8106 98.7789 1.5
      vertex 15.8106 98.7789 1
    endloop
  endfacet
  facet normal 0.998228 -0.0594999 0
    outer loop
      vertex 15.8249 99.0145 1.5
      vertex 15.8388 99.2477 1
      vertex 15.8388 99.2477 1.5
    endloop
  endfacet
  facet normal 0.998228 -0.0594999 0
    outer loop
      vertex 15.8388 99.2477 1
      vertex 15.8249 99.0145 1.5
      vertex 15.8249 99.0145 1
    endloop
  endfacet
  facet normal 0.99827 -0.0587992 0
    outer loop
      vertex 15.8388 99.2477 1.5
      vertex 15.8522 99.4752 1
      vertex 15.8522 99.4752 1.5
    endloop
  endfacet
  facet normal 0.99827 -0.0587992 0
    outer loop
      vertex 15.8522 99.4752 1
      vertex 15.8388 99.2477 1.5
      vertex 15.8388 99.2477 1
    endloop
  endfacet
  facet normal 0.998311 -0.0581015 0
    outer loop
      vertex 15.8522 99.4752 1.5
      vertex 15.8769 99.8996 1
      vertex 15.8769 99.8996 1.5
    endloop
  endfacet
  facet normal 0.998311 -0.0581015 0
    outer loop
      vertex 15.8769 99.8996 1
      vertex 15.8522 99.4752 1.5
      vertex 15.8522 99.4752 1
    endloop
  endfacet
  facet normal 0.998305 -0.0581995 0
    outer loop
      vertex 15.8769 99.8996 1.5
      vertex 15.888 100.09 1
      vertex 15.888 100.09 1.5
    endloop
  endfacet
  facet normal 0.998305 -0.0581995 0
    outer loop
      vertex 15.888 100.09 1
      vertex 15.8769 99.8996 1.5
      vertex 15.8769 99.8996 1
    endloop
  endfacet
  facet normal 0.998806 -0.0488546 0
    outer loop
      vertex 15.888 100.09 1.5
      vertex 15.8925 100.182 1
      vertex 15.8925 100.182 1.5
    endloop
  endfacet
  facet normal 0.998806 -0.0488546 0
    outer loop
      vertex 15.8925 100.182 1
      vertex 15.888 100.09 1.5
      vertex 15.888 100.09 1
    endloop
  endfacet
  facet normal 0.998585 -0.0531855 0
    outer loop
      vertex 15.8925 100.182 1.5
      vertex 15.8974 100.274 1
      vertex 15.8974 100.274 1.5
    endloop
  endfacet
  facet normal 0.998585 -0.0531855 0
    outer loop
      vertex 15.8974 100.274 1
      vertex 15.8925 100.182 1.5
      vertex 15.8925 100.182 1
    endloop
  endfacet
  facet normal 0.998398 -0.0565759 0
    outer loop
      vertex 15.8974 100.274 1.5
      vertex 15.9025 100.364 1
      vertex 15.9025 100.364 1.5
    endloop
  endfacet
  facet normal 0.998398 -0.0565759 0
    outer loop
      vertex 15.9025 100.364 1
      vertex 15.8974 100.274 1.5
      vertex 15.8974 100.274 1
    endloop
  endfacet
  facet normal 0.998271 -0.058787 0
    outer loop
      vertex 15.9025 100.364 1.5
      vertex 15.9078 100.454 1
      vertex 15.9078 100.454 1.5
    endloop
  endfacet
  facet normal 0.998271 -0.058787 0
    outer loop
      vertex 15.9078 100.454 1
      vertex 15.9025 100.364 1.5
      vertex 15.9025 100.364 1
    endloop
  endfacet
  facet normal 0.998212 -0.0597799 0
    outer loop
      vertex 15.9078 100.454 1.5
      vertex 15.9184 100.631 1
      vertex 15.9184 100.631 1.5
    endloop
  endfacet
  facet normal 0.998212 -0.0597799 0
    outer loop
      vertex 15.9184 100.631 1
      vertex 15.9078 100.454 1.5
      vertex 15.9078 100.454 1
    endloop
  endfacet
  facet normal 0.998286 -0.0585202 0
    outer loop
      vertex 15.9184 100.631 1.5
      vertex 15.9235 100.718 1
      vertex 15.9235 100.718 1.5
    endloop
  endfacet
  facet normal 0.998286 -0.0585202 0
    outer loop
      vertex 15.9235 100.718 1
      vertex 15.9184 100.631 1.5
      vertex 15.9184 100.631 1
    endloop
  endfacet
  facet normal 0.998381 -0.0568845 0
    outer loop
      vertex 15.9235 100.718 1.5
      vertex 15.9284 100.804 1
      vertex 15.9284 100.804 1.5
    endloop
  endfacet
  facet normal 0.998381 -0.0568845 0
    outer loop
      vertex 15.9284 100.804 1
      vertex 15.9235 100.718 1.5
      vertex 15.9235 100.718 1
    endloop
  endfacet
  facet normal 0.998634 -0.0522541 0
    outer loop
      vertex 15.9284 100.804 1.5
      vertex 15.9329 100.89 1
      vertex 15.9329 100.89 1.5
    endloop
  endfacet
  facet normal 0.998634 -0.0522541 0
    outer loop
      vertex 15.9329 100.89 1
      vertex 15.9284 100.804 1.5
      vertex 15.9284 100.804 1
    endloop
  endfacet
  facet normal 0 -1 0
    outer loop
      vertex 15.9329 100.89 1
      vertex 15.9457 100.89 1.5
      vertex 15.9329 100.89 1.5
    endloop
  endfacet
  facet normal 0 -1 -0
    outer loop
      vertex 15.9457 100.89 1.5
      vertex 15.9329 100.89 1
      vertex 15.9457 100.89 1
    endloop
  endfacet
  facet normal -0.998752 -0.0499376 0
    outer loop
      vertex 15.9543 100.718 1
      vertex 15.9457 100.89 1.5
      vertex 15.9457 100.89 1
    endloop
  endfacet
  facet normal -0.998752 -0.0499376 0
    outer loop
      vertex 15.9457 100.89 1.5
      vertex 15.9543 100.718 1
      vertex 15.9543 100.718 1.5
    endloop
  endfacet
  facet normal -0.998665 -0.0516551 0
    outer loop
      vertex 15.9588 100.631 1
      vertex 15.9543 100.718 1.5
      vertex 15.9543 100.718 1
    endloop
  endfacet
  facet normal -0.998665 -0.0516551 0
    outer loop
      vertex 15.9543 100.718 1.5
      vertex 15.9588 100.631 1
      vertex 15.9588 100.631 1.5
    endloop
  endfacet
  facet normal -0.998637 -0.0522015 0
    outer loop
      vertex 15.9634 100.543 1
      vertex 15.9588 100.631 1.5
      vertex 15.9588 100.631 1
    endloop
  endfacet
  facet normal -0.998637 -0.0522015 0
    outer loop
      vertex 15.9588 100.631 1.5
      vertex 15.9634 100.543 1
      vertex 15.9634 100.543 1.5
    endloop
  endfacet
  facet normal -0.998549 -0.0538543 0
    outer loop
      vertex 15.9682 100.454 1
      vertex 15.9634 100.543 1.5
      vertex 15.9634 100.543 1
    endloop
  endfacet
  facet normal -0.998549 -0.0538543 0
    outer loop
      vertex 15.9634 100.543 1.5
      vertex 15.9682 100.454 1
      vertex 15.9682 100.454 1.5
    endloop
  endfacet
  facet normal -0.998398 -0.0565759 0
    outer loop
      vertex 15.9733 100.364 1
      vertex 15.9682 100.454 1.5
      vertex 15.9682 100.454 1
    endloop
  endfacet
  facet normal -0.998398 -0.0565759 0
    outer loop
      vertex 15.9682 100.454 1.5
      vertex 15.9733 100.364 1
      vertex 15.9733 100.364 1.5
    endloop
  endfacet
  facet normal -0.998205 -0.0598923 0
    outer loop
      vertex 15.9787 100.274 1
      vertex 15.9733 100.364 1.5
      vertex 15.9733 100.364 1
    endloop
  endfacet
  facet normal -0.998205 -0.0598923 0
    outer loop
      vertex 15.9733 100.364 1.5
      vertex 15.9787 100.274 1
      vertex 15.9787 100.274 1.5
    endloop
  endfacet
  facet normal -0.998086 -0.0618379 0
    outer loop
      vertex 15.9844 100.182 1
      vertex 15.9787 100.274 1.5
      vertex 15.9787 100.274 1
    endloop
  endfacet
  facet normal -0.998086 -0.0618379 0
    outer loop
      vertex 15.9787 100.274 1.5
      vertex 15.9844 100.182 1
      vertex 15.9844 100.182 1.5
    endloop
  endfacet
  facet normal -0.997737 -0.0672388 0
    outer loop
      vertex 15.9906 100.09 1
      vertex 15.9844 100.182 1.5
      vertex 15.9844 100.182 1
    endloop
  endfacet
  facet normal -0.997737 -0.0672388 0
    outer loop
      vertex 15.9844 100.182 1.5
      vertex 15.9906 100.09 1
      vertex 15.9906 100.09 1.5
    endloop
  endfacet
  facet normal -0.998252 -0.0590965 0
    outer loop
      vertex 16.0017 99.9025 1
      vertex 15.9906 100.09 1.5
      vertex 15.9906 100.09 1
    endloop
  endfacet
  facet normal -0.998252 -0.0590965 0
    outer loop
      vertex 15.9906 100.09 1.5
      vertex 16.0017 99.9025 1
      vertex 16.0017 99.9025 1.5
    endloop
  endfacet
  facet normal -0.998283 -0.0585789 0
    outer loop
      vertex 16.0137 99.698 1
      vertex 16.0017 99.9025 1.5
      vertex 16.0017 99.9025 1
    endloop
  endfacet
  facet normal -0.998283 -0.0585789 0
    outer loop
      vertex 16.0017 99.9025 1.5
      vertex 16.0137 99.698 1
      vertex 16.0137 99.698 1.5
    endloop
  endfacet
  facet normal -0.998359 -0.0572716 0
    outer loop
      vertex 16.0262 99.4801 1
      vertex 16.0137 99.698 1.5
      vertex 16.0137 99.698 1
    endloop
  endfacet
  facet normal -0.998359 -0.0572716 0
    outer loop
      vertex 16.0137 99.698 1.5
      vertex 16.0262 99.4801 1
      vertex 16.0262 99.4801 1.5
    endloop
  endfacet
  facet normal -0.998351 -0.0574117 0
    outer loop
      vertex 16.0393 99.2523 1
      vertex 16.0262 99.4801 1.5
      vertex 16.0262 99.4801 1
    endloop
  endfacet
  facet normal -0.998351 -0.0574117 0
    outer loop
      vertex 16.0262 99.4801 1.5
      vertex 16.0393 99.2523 1
      vertex 16.0393 99.2523 1.5
    endloop
  endfacet
  facet normal -0.998385 -0.0568083 0
    outer loop
      vertex 16.0661 98.7813 1
      vertex 16.0393 99.2523 1.5
      vertex 16.0393 99.2523 1
    endloop
  endfacet
  facet normal -0.998385 -0.0568083 0
    outer loop
      vertex 16.0393 99.2523 1.5
      vertex 16.0661 98.7813 1
      vertex 16.0661 98.7813 1.5
    endloop
  endfacet
  facet normal -0.998368 -0.05711 0
    outer loop
      vertex 16.0796 98.5453 1
      vertex 16.0661 98.7813 1.5
      vertex 16.0661 98.7813 1
    endloop
  endfacet
  facet normal -0.998368 -0.05711 0
    outer loop
      vertex 16.0661 98.7813 1.5
      vertex 16.0796 98.5453 1
      vertex 16.0796 98.5453 1.5
    endloop
  endfacet
  facet normal -0.99833 -0.0577618 0
    outer loop
      vertex 16.093 98.3137 1
      vertex 16.0796 98.5453 1.5
      vertex 16.0796 98.5453 1
    endloop
  endfacet
  facet normal -0.99833 -0.0577618 0
    outer loop
      vertex 16.0796 98.5453 1.5
      vertex 16.093 98.3137 1
      vertex 16.093 98.3137 1.5
    endloop
  endfacet
  facet normal -0.998316 -0.0580157 0
    outer loop
      vertex 16.106 98.09 1
      vertex 16.093 98.3137 1.5
      vertex 16.093 98.3137 1
    endloop
  endfacet
  facet normal -0.998316 -0.0580157 0
    outer loop
      vertex 16.093 98.3137 1.5
      vertex 16.106 98.09 1
      vertex 16.106 98.09 1.5
    endloop
  endfacet
  facet normal 0 1 -0
    outer loop
      vertex 16.106 98.09 1
      vertex 15.7662 98.09 1.5
      vertex 16.106 98.09 1.5
    endloop
  endfacet
  facet normal 0 1 0
    outer loop
      vertex 15.7662 98.09 1.5
      vertex 16.106 98.09 1
      vertex 15.7662 98.09 1
    endloop
  endfacet
  facet normal 0 -1 0
    outer loop
      vertex 26.8272 96.9234 1
      vertex 27.2631 96.9234 1.5
      vertex 26.8272 96.9234 1.5
    endloop
  endfacet
  facet normal 0 -1 -0
    outer loop
      vertex 27.2631 96.9234 1.5
      vertex 26.8272 96.9234 1
      vertex 27.2631 96.9234 1
    endloop
  endfacet
  facet normal -0.998038 -0.062614 0
    outer loop
      vertex 27.3524 95.5 1
      vertex 27.2631 96.9234 1.5
      vertex 27.2631 96.9234 1
    endloop
  endfacet
  facet normal -0.998038 -0.062614 0
    outer loop
      vertex 27.2631 96.9234 1.5
      vertex 27.3524 95.5 1
      vertex 27.3524 95.5 1.5
    endloop
  endfacet
  facet normal 0.995758 0.0920092 0
    outer loop
      vertex 28.3684 95.5 1.5
      vertex 27.6157 103.646 1
      vertex 27.6157 103.646 1.5
    endloop
  endfacet
  facet normal 0.995758 0.0920092 0
    outer loop
      vertex 27.6157 103.646 1
      vertex 28.3684 95.5 1.5
      vertex 28.3684 95.5 1
    endloop
  endfacet
  facet normal 0 1 -0
    outer loop
      vertex 27.6157 103.646 1
      vertex 26.558 103.646 1.5
      vertex 27.6157 103.646 1.5
    endloop
  endfacet
  facet normal 0 1 0
    outer loop
      vertex 26.558 103.646 1.5
      vertex 27.6157 103.646 1
      vertex 26.558 103.646 1
    endloop
  endfacet
  facet normal -0.995686 0.0927848 0
    outer loop
      vertex 25.7989 95.5 1
      vertex 26.558 103.646 1.5
      vertex 26.558 103.646 1
    endloop
  endfacet
  facet normal -0.995686 0.0927848 0
    outer loop
      vertex 26.558 103.646 1.5
      vertex 25.7989 95.5 1
      vertex 25.7989 95.5 1.5
    endloop
  endfacet
  facet normal 0.998292 -0.0584219 0
    outer loop
      vertex 26.7439 95.5 1.5
      vertex 26.8272 96.9234 1
      vertex 26.8272 96.9234 1.5
    endloop
  endfacet
  facet normal 0.998292 -0.0584219 0
    outer loop
      vertex 26.8272 96.9234 1
      vertex 26.7439 95.5 1.5
      vertex 26.7439 95.5 1
    endloop
  endfacet
  facet normal 0.997781 -0.0665783 0
    outer loop
      vertex 26.8785 98.09 1.5
      vertex 26.8934 98.3133 1
      vertex 26.8934 98.3133 1.5
    endloop
  endfacet
  facet normal 0.997781 -0.0665783 0
    outer loop
      vertex 26.8934 98.3133 1
      vertex 26.8785 98.09 1.5
      vertex 26.8785 98.09 1
    endloop
  endfacet
  facet normal 0.997949 -0.064021 0
    outer loop
      vertex 26.8934 98.3133 1.5
      vertex 26.9082 98.544 1
      vertex 26.9082 98.544 1.5
    endloop
  endfacet
  facet normal 0.997949 -0.064021 0
    outer loop
      vertex 26.9082 98.544 1
      vertex 26.8934 98.3133 1.5
      vertex 26.8934 98.3133 1
    endloop
  endfacet
  facet normal 0.998048 -0.0624576 0
    outer loop
      vertex 26.9082 98.544 1.5
      vertex 26.9229 98.7789 1
      vertex 26.9229 98.7789 1.5
    endloop
  endfacet
  facet normal 0.998048 -0.0624576 0
    outer loop
      vertex 26.9229 98.7789 1
      vertex 26.9082 98.544 1.5
      vertex 26.9082 98.544 1
    endloop
  endfacet
  facet normal 0.998163 -0.0605846 0
    outer loop
      vertex 26.9229 98.7789 1.5
      vertex 26.9372 99.0145 1
      vertex 26.9372 99.0145 1.5
    endloop
  endfacet
  facet normal 0.998163 -0.0605846 0
    outer loop
      vertex 26.9372 99.0145 1
      vertex 26.9229 98.7789 1.5
      vertex 26.9229 98.7789 1
    endloop
  endfacet
  facet normal 0.998228 -0.0594999 0
    outer loop
      vertex 26.9372 99.0145 1.5
      vertex 26.9511 99.2477 1
      vertex 26.9511 99.2477 1.5
    endloop
  endfacet
  facet normal 0.998228 -0.0594999 0
    outer loop
      vertex 26.9511 99.2477 1
      vertex 26.9372 99.0145 1.5
      vertex 26.9372 99.0145 1
    endloop
  endfacet
  facet normal 0.998295 -0.0583619 0
    outer loop
      vertex 26.9511 99.2477 1.5
      vertex 26.9644 99.4752 1
      vertex 26.9644 99.4752 1.5
    endloop
  endfacet
  facet normal 0.998295 -0.0583619 0
    outer loop
      vertex 26.9644 99.4752 1
      vertex 26.9511 99.2477 1.5
      vertex 26.9511 99.2477 1
    endloop
  endfacet
  facet normal 0.998311 -0.0581015 0
    outer loop
      vertex 26.9644 99.4752 1.5
      vertex 26.9891 99.8996 1
      vertex 26.9891 99.8996 1.5
    endloop
  endfacet
  facet normal 0.998311 -0.0581015 0
    outer loop
      vertex 26.9891 99.8996 1
      vertex 26.9644 99.4752 1.5
      vertex 26.9644 99.4752 1
    endloop
  endfacet
  facet normal 0.998274 -0.058722 0
    outer loop
      vertex 26.9891 99.8996 1.5
      vertex 27.0003 100.09 1
      vertex 27.0003 100.09 1.5
    endloop
  endfacet
  facet normal 0.998274 -0.058722 0
    outer loop
      vertex 27.0003 100.09 1
      vertex 26.9891 99.8996 1.5
      vertex 26.9891 99.8996 1
    endloop
  endfacet
  facet normal 0.998806 -0.0488546 0
    outer loop
      vertex 27.0003 100.09 1.5
      vertex 27.0048 100.182 1
      vertex 27.0048 100.182 1.5
    endloop
  endfacet
  facet normal 0.998806 -0.0488546 0
    outer loop
      vertex 27.0048 100.182 1
      vertex 27.0003 100.09 1.5
      vertex 27.0003 100.09 1
    endloop
  endfacet
  facet normal 0.998642 -0.052103 0
    outer loop
      vertex 27.0048 100.182 1.5
      vertex 27.0096 100.274 1
      vertex 27.0096 100.274 1.5
    endloop
  endfacet
  facet normal 0.998642 -0.052103 0
    outer loop
      vertex 27.0096 100.274 1
      vertex 27.0048 100.182 1.5
      vertex 27.0048 100.182 1
    endloop
  endfacet
  facet normal 0.998335 -0.0576816 0
    outer loop
      vertex 27.0096 100.274 1.5
      vertex 27.0148 100.364 1
      vertex 27.0148 100.364 1.5
    endloop
  endfacet
  facet normal 0.998335 -0.0576816 0
    outer loop
      vertex 27.0148 100.364 1
      vertex 27.0096 100.274 1.5
      vertex 27.0096 100.274 1
    endloop
  endfacet
  facet normal 0.998335 -0.0576816 0
    outer loop
      vertex 27.0148 100.364 1.5
      vertex 27.02 100.454 1
      vertex 27.02 100.454 1.5
    endloop
  endfacet
  facet normal 0.998335 -0.0576816 0
    outer loop
      vertex 27.02 100.454 1
      vertex 27.0148 100.364 1.5
      vertex 27.0148 100.364 1
    endloop
  endfacet
  facet normal 0.998178 -0.0603418 0
    outer loop
      vertex 27.02 100.454 1.5
      vertex 27.0307 100.631 1
      vertex 27.0307 100.631 1.5
    endloop
  endfacet
  facet normal 0.998178 -0.0603418 0
    outer loop
      vertex 27.0307 100.631 1
      vertex 27.02 100.454 1.5
      vertex 27.02 100.454 1
    endloop
  endfacet
  facet normal 0.998286 -0.0585202 0
    outer loop
      vertex 27.0307 100.631 1.5
      vertex 27.0358 100.718 1
      vertex 27.0358 100.718 1.5
    endloop
  endfacet
  facet normal 0.998286 -0.0585202 0
    outer loop
      vertex 27.0358 100.718 1
      vertex 27.0307 100.631 1.5
      vertex 27.0307 100.631 1
    endloop
  endfacet
  facet normal 0.998381 -0.0568845 0
    outer loop
      vertex 27.0358 100.718 1.5
      vertex 27.0407 100.804 1
      vertex 27.0407 100.804 1.5
    endloop
  endfacet
  facet normal 0.998381 -0.0568845 0
    outer loop
      vertex 27.0407 100.804 1
      vertex 27.0358 100.718 1.5
      vertex 27.0358 100.718 1
    endloop
  endfacet
  facet normal 0.998694 -0.051096 0
    outer loop
      vertex 27.0407 100.804 1.5
      vertex 27.0451 100.89 1
      vertex 27.0451 100.89 1.5
    endloop
  endfacet
  facet normal 0.998694 -0.051096 0
    outer loop
      vertex 27.0451 100.89 1
      vertex 27.0407 100.804 1.5
      vertex 27.0407 100.804 1
    endloop
  endfacet
  facet normal 0 -1 0
    outer loop
      vertex 27.0451 100.89 1
      vertex 27.058 100.89 1.5
      vertex 27.0451 100.89 1.5
    endloop
  endfacet
  facet normal 0 -1 -0
    outer loop
      vertex 27.058 100.89 1.5
      vertex 27.0451 100.89 1
      vertex 27.058 100.89 1
    endloop
  endfacet
  facet normal -0.998752 -0.0499376 0
    outer loop
      vertex 27.0666 100.718 1
      vertex 27.058 100.89 1.5
      vertex 27.058 100.89 1
    endloop
  endfacet
  facet normal -0.998752 -0.0499376 0
    outer loop
      vertex 27.058 100.89 1.5
      vertex 27.0666 100.718 1
      vertex 27.0666 100.718 1.5
    endloop
  endfacet
  facet normal -0.998724 -0.0505102 0
    outer loop
      vertex 27.071 100.631 1
      vertex 27.0666 100.718 1.5
      vertex 27.0666 100.718 1
    endloop
  endfacet
  facet normal -0.998724 -0.0505102 0
    outer loop
      vertex 27.0666 100.718 1.5
      vertex 27.071 100.631 1
      vertex 27.071 100.631 1.5
    endloop
  endfacet
  facet normal -0.998637 -0.0522015 0
    outer loop
      vertex 27.0756 100.543 1
      vertex 27.071 100.631 1.5
      vertex 27.071 100.631 1
    endloop
  endfacet
  facet normal -0.998637 -0.0522015 0
    outer loop
      vertex 27.071 100.631 1.5
      vertex 27.0756 100.543 1
      vertex 27.0756 100.543 1.5
    endloop
  endfacet
  facet normal -0.998549 -0.0538543 0
    outer loop
      vertex 27.0804 100.454 1
      vertex 27.0756 100.543 1.5
      vertex 27.0756 100.543 1
    endloop
  endfacet
  facet normal -0.998549 -0.0538543 0
    outer loop
      vertex 27.0756 100.543 1.5
      vertex 27.0804 100.454 1
      vertex 27.0804 100.454 1.5
    endloop
  endfacet
  facet normal -0.998398 -0.0565759 0
    outer loop
      vertex 27.0855 100.364 1
      vertex 27.0804 100.454 1.5
      vertex 27.0804 100.454 1
    endloop
  endfacet
  facet normal -0.998398 -0.0565759 0
    outer loop
      vertex 27.0804 100.454 1.5
      vertex 27.0855 100.364 1
      vertex 27.0855 100.364 1.5
    endloop
  endfacet
  facet normal -0.998205 -0.0598923 0
    outer loop
      vertex 27.0909 100.274 1
      vertex 27.0855 100.364 1.5
      vertex 27.0855 100.364 1
    endloop
  endfacet
  facet normal -0.998205 -0.0598923 0
    outer loop
      vertex 27.0855 100.364 1.5
      vertex 27.0909 100.274 1
      vertex 27.0909 100.274 1.5
    endloop
  endfacet
  facet normal -0.998019 -0.0629186 0
    outer loop
      vertex 27.0967 100.182 1
      vertex 27.0909 100.274 1.5
      vertex 27.0909 100.274 1
    endloop
  endfacet
  facet normal -0.998019 -0.0629186 0
    outer loop
      vertex 27.0909 100.274 1.5
      vertex 27.0967 100.182 1
      vertex 27.0967 100.182 1.5
    endloop
  endfacet
  facet normal -0.997809 -0.0661591 0
    outer loop
      vertex 27.1028 100.09 1
      vertex 27.0967 100.182 1.5
      vertex 27.0967 100.182 1
    endloop
  endfacet
  facet normal -0.997809 -0.0661591 0
    outer loop
      vertex 27.0967 100.182 1.5
      vertex 27.1028 100.09 1
      vertex 27.1028 100.09 1.5
    endloop
  endfacet
  facet normal -0.998221 -0.0596271 0
    outer loop
      vertex 27.114 99.9025 1
      vertex 27.1028 100.09 1.5
      vertex 27.1028 100.09 1
    endloop
  endfacet
  facet normal -0.998221 -0.0596271 0
    outer loop
      vertex 27.1028 100.09 1.5
      vertex 27.114 99.9025 1
      vertex 27.114 99.9025 1.5
    endloop
  endfacet
  facet normal -0.998311 -0.0580924 0
    outer loop
      vertex 27.1259 99.698 1
      vertex 27.114 99.9025 1.5
      vertex 27.114 99.9025 1
    endloop
  endfacet
  facet normal -0.998311 -0.0580924 0
    outer loop
      vertex 27.114 99.9025 1.5
      vertex 27.1259 99.698 1
      vertex 27.1259 99.698 1.5
    endloop
  endfacet
  facet normal -0.998332 -0.0577283 0
    outer loop
      vertex 27.1385 99.4801 1
      vertex 27.1259 99.698 1.5
      vertex 27.1259 99.698 1
    endloop
  endfacet
  facet normal -0.998332 -0.0577283 0
    outer loop
      vertex 27.1259 99.698 1.5
      vertex 27.1385 99.4801 1
      vertex 27.1385 99.4801 1.5
    endloop
  endfacet
  facet normal -0.998376 -0.0569749 0
    outer loop
      vertex 27.1515 99.2523 1
      vertex 27.1385 99.4801 1.5
      vertex 27.1385 99.4801 1
    endloop
  endfacet
  facet normal -0.998376 -0.0569749 0
    outer loop
      vertex 27.1385 99.4801 1.5
      vertex 27.1515 99.2523 1
      vertex 27.1515 99.2523 1.5
    endloop
  endfacet
  facet normal -0.998373 -0.0570196 0
    outer loop
      vertex 27.1784 98.7813 1
      vertex 27.1515 99.2523 1.5
      vertex 27.1515 99.2523 1
    endloop
  endfacet
  facet normal -0.998373 -0.0570196 0
    outer loop
      vertex 27.1515 99.2523 1.5
      vertex 27.1784 98.7813 1
      vertex 27.1784 98.7813 1.5
    endloop
  endfacet
  facet normal -0.998368 -0.05711 0
    outer loop
      vertex 27.1919 98.5453 1
      vertex 27.1784 98.7813 1.5
      vertex 27.1784 98.7813 1
    endloop
  endfacet
  facet normal -0.998368 -0.05711 0
    outer loop
      vertex 27.1784 98.7813 1.5
      vertex 27.1919 98.5453 1
      vertex 27.1919 98.5453 1.5
    endloop
  endfacet
  facet normal -0.998355 -0.0573321 0
    outer loop
      vertex 27.2052 98.3137 1
      vertex 27.1919 98.5453 1.5
      vertex 27.1919 98.5453 1
    endloop
  endfacet
  facet normal -0.998355 -0.0573321 0
    outer loop
      vertex 27.1919 98.5453 1.5
      vertex 27.2052 98.3137 1
      vertex 27.2052 98.3137 1.5
    endloop
  endfacet
  facet normal -0.998316 -0.0580157 0
    outer loop
      vertex 27.2182 98.09 1
      vertex 27.2052 98.3137 1.5
      vertex 27.2052 98.3137 1
    endloop
  endfacet
  facet normal -0.998316 -0.0580157 0
    outer loop
      vertex 27.2052 98.3137 1.5
      vertex 27.2182 98.09 1
      vertex 27.2182 98.09 1.5
    endloop
  endfacet
  facet normal 0 1 -0
    outer loop
      vertex 27.2182 98.09 1
      vertex 26.8785 98.09 1.5
      vertex 27.2182 98.09 1.5
    endloop
  endfacet
  facet normal 0 1 0
    outer loop
      vertex 26.8785 98.09 1.5
      vertex 27.2182 98.09 1
      vertex 26.8785 98.09 1
    endloop
  endfacet
  facet normal 0 -1 0
    outer loop
      vertex 41.3514 96.9234 1
      vertex 41.7873 96.9234 1.5
      vertex 41.3514 96.9234 1.5
    endloop
  endfacet
  facet normal 0 -1 -0
    outer loop
      vertex 41.7873 96.9234 1.5
      vertex 41.3514 96.9234 1
      vertex 41.7873 96.9234 1
    endloop
  endfacet
  facet normal -0.998038 -0.062614 0
    outer loop
      vertex 41.8766 95.5 1
      vertex 41.7873 96.9234 1.5
      vertex 41.7873 96.9234 1
    endloop
  endfacet
  facet normal -0.998038 -0.062614 0
    outer loop
      vertex 41.7873 96.9234 1.5
      vertex 41.8766 95.5 1
      vertex 41.8766 95.5 1.5
    endloop
  endfacet
  facet normal 0.995758 0.0920092 0
    outer loop
      vertex 42.8926 95.5 1.5
      vertex 42.1399 103.646 1
      vertex 42.1399 103.646 1.5
    endloop
  endfacet
  facet normal 0.995758 0.0920092 0
    outer loop
      vertex 42.1399 103.646 1
      vertex 42.8926 95.5 1.5
      vertex 42.8926 95.5 1
    endloop
  endfacet
  facet normal 0 1 -0
    outer loop
      vertex 42.1399 103.646 1
      vertex 41.0822 103.646 1.5
      vertex 42.1399 103.646 1.5
    endloop
  endfacet
  facet normal 0 1 0
    outer loop
      vertex 41.0822 103.646 1.5
      vertex 42.1399 103.646 1
      vertex 41.0822 103.646 1
    endloop
  endfacet
  facet normal -0.995686 0.0927848 0
    outer loop
      vertex 40.3231 95.5 1
      vertex 41.0822 103.646 1.5
      vertex 41.0822 103.646 1
    endloop
  endfacet
  facet normal -0.995686 0.0927848 0
    outer loop
      vertex 41.0822 103.646 1.5
      vertex 40.3231 95.5 1
      vertex 40.3231 95.5 1.5
    endloop
  endfacet
  facet normal 0.998292 -0.0584219 0
    outer loop
      vertex 41.2681 95.5 1.5
      vertex 41.3514 96.9234 1
      vertex 41.3514 96.9234 1.5
    endloop
  endfacet
  facet normal 0.998292 -0.0584219 0
    outer loop
      vertex 41.3514 96.9234 1
      vertex 41.2681 95.5 1.5
      vertex 41.2681 95.5 1
    endloop
  endfacet
  facet normal 0.997781 -0.0665783 0
    outer loop
      vertex 41.4027 98.09 1.5
      vertex 41.4176 98.3133 1
      vertex 41.4176 98.3133 1.5
    endloop
  endfacet
  facet normal 0.997781 -0.0665783 0
    outer loop
      vertex 41.4176 98.3133 1
      vertex 41.4027 98.09 1.5
      vertex 41.4027 98.09 1
    endloop
  endfacet
  facet normal 0.997949 -0.064021 0
    outer loop
      vertex 41.4176 98.3133 1.5
      vertex 41.4324 98.544 1
      vertex 41.4324 98.544 1.5
    endloop
  endfacet
  facet normal 0.997949 -0.064021 0
    outer loop
      vertex 41.4324 98.544 1
      vertex 41.4176 98.3133 1.5
      vertex 41.4176 98.3133 1
    endloop
  endfacet
  facet normal 0.998048 -0.0624576 0
    outer loop
      vertex 41.4324 98.544 1.5
      vertex 41.4471 98.7789 1
      vertex 41.4471 98.7789 1.5
    endloop
  endfacet
  facet normal 0.998048 -0.0624576 0
    outer loop
      vertex 41.4471 98.7789 1
      vertex 41.4324 98.544 1.5
      vertex 41.4324 98.544 1
    endloop
  endfacet
  facet normal 0.998163 -0.0605846 0
    outer loop
      vertex 41.4471 98.7789 1.5
      vertex 41.4614 99.0145 1
      vertex 41.4614 99.0145 1.5
    endloop
  endfacet
  facet normal 0.998163 -0.0605846 0
    outer loop
      vertex 41.4614 99.0145 1
      vertex 41.4471 98.7789 1.5
      vertex 41.4471 98.7789 1
    endloop
  endfacet
  facet normal 0.998228 -0.0594999 0
    outer loop
      vertex 41.4614 99.0145 1.5
      vertex 41.4753 99.2477 1
      vertex 41.4753 99.2477 1.5
    endloop
  endfacet
  facet normal 0.998228 -0.0594999 0
    outer loop
      vertex 41.4753 99.2477 1
      vertex 41.4614 99.0145 1.5
      vertex 41.4614 99.0145 1
    endloop
  endfacet
  facet normal 0.998295 -0.0583619 0
    outer loop
      vertex 41.4753 99.2477 1.5
      vertex 41.4886 99.4752 1
      vertex 41.4886 99.4752 1.5
    endloop
  endfacet
  facet normal 0.998295 -0.0583619 0
    outer loop
      vertex 41.4886 99.4752 1
      vertex 41.4753 99.2477 1.5
      vertex 41.4753 99.2477 1
    endloop
  endfacet
  facet normal 0.998311 -0.0581015 0
    outer loop
      vertex 41.4886 99.4752 1.5
      vertex 41.5133 99.8996 1
      vertex 41.5133 99.8996 1.5
    endloop
  endfacet
  facet normal 0.998311 -0.0581015 0
    outer loop
      vertex 41.5133 99.8996 1
      vertex 41.4886 99.4752 1.5
      vertex 41.4886 99.4752 1
    endloop
  endfacet
  facet normal 0.998274 -0.058722 0
    outer loop
      vertex 41.5133 99.8996 1.5
      vertex 41.5245 100.09 1
      vertex 41.5245 100.09 1.5
    endloop
  endfacet
  facet normal 0.998274 -0.058722 0
    outer loop
      vertex 41.5245 100.09 1
      vertex 41.5133 99.8996 1.5
      vertex 41.5133 99.8996 1
    endloop
  endfacet
  facet normal 0.998806 -0.0488546 0
    outer loop
      vertex 41.5245 100.09 1.5
      vertex 41.529 100.182 1
      vertex 41.529 100.182 1.5
    endloop
  endfacet
  facet normal 0.998806 -0.0488546 0
    outer loop
      vertex 41.529 100.182 1
      vertex 41.5245 100.09 1.5
      vertex 41.5245 100.09 1
    endloop
  endfacet
  facet normal 0.998642 -0.052103 0
    outer loop
      vertex 41.529 100.182 1.5
      vertex 41.5338 100.274 1
      vertex 41.5338 100.274 1.5
    endloop
  endfacet
  facet normal 0.998642 -0.052103 0
    outer loop
      vertex 41.5338 100.274 1
      vertex 41.529 100.182 1.5
      vertex 41.529 100.182 1
    endloop
  endfacet
  facet normal 0.998335 -0.0576816 0
    outer loop
      vertex 41.5338 100.274 1.5
      vertex 41.539 100.364 1
      vertex 41.539 100.364 1.5
    endloop
  endfacet
  facet normal 0.998335 -0.0576816 0
    outer loop
      vertex 41.539 100.364 1
      vertex 41.5338 100.274 1.5
      vertex 41.5338 100.274 1
    endloop
  endfacet
  facet normal 0.998335 -0.0576816 0
    outer loop
      vertex 41.539 100.364 1.5
      vertex 41.5442 100.454 1
      vertex 41.5442 100.454 1.5
    endloop
  endfacet
  facet normal 0.998335 -0.0576816 0
    outer loop
      vertex 41.5442 100.454 1
      vertex 41.539 100.364 1.5
      vertex 41.539 100.364 1
    endloop
  endfacet
  facet normal 0.998178 -0.0603418 0
    outer loop
      vertex 41.5442 100.454 1.5
      vertex 41.5549 100.631 1
      vertex 41.5549 100.631 1.5
    endloop
  endfacet
  facet normal 0.998178 -0.0603418 0
    outer loop
      vertex 41.5549 100.631 1
      vertex 41.5442 100.454 1.5
      vertex 41.5442 100.454 1
    endloop
  endfacet
  facet normal 0.998286 -0.0585202 0
    outer loop
      vertex 41.5549 100.631 1.5
      vertex 41.56 100.718 1
      vertex 41.56 100.718 1.5
    endloop
  endfacet
  facet normal 0.998286 -0.0585202 0
    outer loop
      vertex 41.56 100.718 1
      vertex 41.5549 100.631 1.5
      vertex 41.5549 100.631 1
    endloop
  endfacet
  facet normal 0.998446 -0.0557272 0
    outer loop
      vertex 41.56 100.718 1.5
      vertex 41.5648 100.804 1
      vertex 41.5648 100.804 1.5
    endloop
  endfacet
  facet normal 0.998446 -0.0557272 0
    outer loop
      vertex 41.5648 100.804 1
      vertex 41.56 100.718 1.5
      vertex 41.56 100.718 1
    endloop
  endfacet
  facet normal 0.998634 -0.0522541 0
    outer loop
      vertex 41.5648 100.804 1.5
      vertex 41.5693 100.89 1
      vertex 41.5693 100.89 1.5
    endloop
  endfacet
  facet normal 0.998634 -0.0522541 0
    outer loop
      vertex 41.5693 100.89 1
      vertex 41.5648 100.804 1.5
      vertex 41.5648 100.804 1
    endloop
  endfacet
  facet normal 0 -1 0
    outer loop
      vertex 41.5693 100.89 1
      vertex 41.5822 100.89 1.5
      vertex 41.5693 100.89 1.5
    endloop
  endfacet
  facet normal 0 -1 -0
    outer loop
      vertex 41.5822 100.89 1.5
      vertex 41.5693 100.89 1
      vertex 41.5822 100.89 1
    endloop
  endfacet
  facet normal -0.998752 -0.0499376 0
    outer loop
      vertex 41.5908 100.718 1
      vertex 41.5822 100.89 1.5
      vertex 41.5822 100.89 1
    endloop
  endfacet
  facet normal -0.998752 -0.0499376 0
    outer loop
      vertex 41.5822 100.89 1.5
      vertex 41.5908 100.718 1
      vertex 41.5908 100.718 1.5
    endloop
  endfacet
  facet normal -0.998724 -0.0505102 0
    outer loop
      vertex 41.5952 100.631 1
      vertex 41.5908 100.718 1.5
      vertex 41.5908 100.718 1
    endloop
  endfacet
  facet normal -0.998724 -0.0505102 0
    outer loop
      vertex 41.5908 100.718 1.5
      vertex 41.5952 100.631 1
      vertex 41.5952 100.631 1.5
    endloop
  endfacet
  facet normal -0.998637 -0.0522015 0
    outer loop
      vertex 41.5998 100.543 1
      vertex 41.5952 100.631 1.5
      vertex 41.5952 100.631 1
    endloop
  endfacet
  facet normal -0.998637 -0.0522015 0
    outer loop
      vertex 41.5952 100.631 1.5
      vertex 41.5998 100.543 1
      vertex 41.5998 100.543 1.5
    endloop
  endfacet
  facet normal -0.998549 -0.0538543 0
    outer loop
      vertex 41.6046 100.454 1
      vertex 41.5998 100.543 1.5
      vertex 41.5998 100.543 1
    endloop
  endfacet
  facet normal -0.998549 -0.0538543 0
    outer loop
      vertex 41.5998 100.543 1.5
      vertex 41.6046 100.454 1
      vertex 41.6046 100.454 1.5
    endloop
  endfacet
  facet normal -0.998398 -0.0565759 0
    outer loop
      vertex 41.6097 100.364 1
      vertex 41.6046 100.454 1.5
      vertex 41.6046 100.454 1
    endloop
  endfacet
  facet normal -0.998398 -0.0565759 0
    outer loop
      vertex 41.6046 100.454 1.5
      vertex 41.6097 100.364 1
      vertex 41.6097 100.364 1.5
    endloop
  endfacet
  facet normal -0.998205 -0.0598923 0
    outer loop
      vertex 41.6151 100.274 1
      vertex 41.6097 100.364 1.5
      vertex 41.6097 100.364 1
    endloop
  endfacet
  facet normal -0.998205 -0.0598923 0
    outer loop
      vertex 41.6097 100.364 1.5
      vertex 41.6151 100.274 1
      vertex 41.6151 100.274 1.5
    endloop
  endfacet
  facet normal -0.998019 -0.0629186 0
    outer loop
      vertex 41.6209 100.182 1
      vertex 41.6151 100.274 1.5
      vertex 41.6151 100.274 1
    endloop
  endfacet
  facet normal -0.998019 -0.0629186 0
    outer loop
      vertex 41.6151 100.274 1.5
      vertex 41.6209 100.182 1
      vertex 41.6209 100.182 1.5
    endloop
  endfacet
  facet normal -0.997809 -0.0661591 0
    outer loop
      vertex 41.627 100.09 1
      vertex 41.6209 100.182 1.5
      vertex 41.6209 100.182 1
    endloop
  endfacet
  facet normal -0.997809 -0.0661591 0
    outer loop
      vertex 41.6209 100.182 1.5
      vertex 41.627 100.09 1
      vertex 41.627 100.09 1.5
    endloop
  endfacet
  facet normal -0.998221 -0.0596271 0
    outer loop
      vertex 41.6382 99.9025 1
      vertex 41.627 100.09 1.5
      vertex 41.627 100.09 1
    endloop
  endfacet
  facet normal -0.998221 -0.0596271 0
    outer loop
      vertex 41.627 100.09 1.5
      vertex 41.6382 99.9025 1
      vertex 41.6382 99.9025 1.5
    endloop
  endfacet
  facet normal -0.998311 -0.0580924 0
    outer loop
      vertex 41.6501 99.698 1
      vertex 41.6382 99.9025 1.5
      vertex 41.6382 99.9025 1
    endloop
  endfacet
  facet normal -0.998311 -0.0580924 0
    outer loop
      vertex 41.6382 99.9025 1.5
      vertex 41.6501 99.698 1
      vertex 41.6501 99.698 1.5
    endloop
  endfacet
  facet normal -0.998332 -0.0577283 0
    outer loop
      vertex 41.6627 99.4801 1
      vertex 41.6501 99.698 1.5
      vertex 41.6501 99.698 1
    endloop
  endfacet
  facet normal -0.998332 -0.0577283 0
    outer loop
      vertex 41.6501 99.698 1.5
      vertex 41.6627 99.4801 1
      vertex 41.6627 99.4801 1.5
    endloop
  endfacet
  facet normal -0.998376 -0.0569749 0
    outer loop
      vertex 41.6757 99.2523 1
      vertex 41.6627 99.4801 1.5
      vertex 41.6627 99.4801 1
    endloop
  endfacet
  facet normal -0.998376 -0.0569749 0
    outer loop
      vertex 41.6627 99.4801 1.5
      vertex 41.6757 99.2523 1
      vertex 41.6757 99.2523 1.5
    endloop
  endfacet
  facet normal -0.998373 -0.0570196 0
    outer loop
      vertex 41.7026 98.7813 1
      vertex 41.6757 99.2523 1.5
      vertex 41.6757 99.2523 1
    endloop
  endfacet
  facet normal -0.998373 -0.0570196 0
    outer loop
      vertex 41.6757 99.2523 1.5
      vertex 41.7026 98.7813 1
      vertex 41.7026 98.7813 1.5
    endloop
  endfacet
  facet normal -0.998368 -0.05711 0
    outer loop
      vertex 41.7161 98.5453 1
      vertex 41.7026 98.7813 1.5
      vertex 41.7026 98.7813 1
    endloop
  endfacet
  facet normal -0.998368 -0.05711 0
    outer loop
      vertex 41.7026 98.7813 1.5
      vertex 41.7161 98.5453 1
      vertex 41.7161 98.5453 1.5
    endloop
  endfacet
  facet normal -0.998355 -0.0573321 0
    outer loop
      vertex 41.7294 98.3137 1
      vertex 41.7161 98.5453 1.5
      vertex 41.7161 98.5453 1
    endloop
  endfacet
  facet normal -0.998355 -0.0573321 0
    outer loop
      vertex 41.7161 98.5453 1.5
      vertex 41.7294 98.3137 1
      vertex 41.7294 98.3137 1.5
    endloop
  endfacet
  facet normal -0.998316 -0.0580157 0
    outer loop
      vertex 41.7424 98.09 1
      vertex 41.7294 98.3137 1.5
      vertex 41.7294 98.3137 1
    endloop
  endfacet
  facet normal -0.998316 -0.0580157 0
    outer loop
      vertex 41.7294 98.3137 1.5
      vertex 41.7424 98.09 1
      vertex 41.7424 98.09 1.5
    endloop
  endfacet
  facet normal 0 1 -0
    outer loop
      vertex 41.7424 98.09 1
      vertex 41.4027 98.09 1.5
      vertex 41.7424 98.09 1.5
    endloop
  endfacet
  facet normal 0 1 0
    outer loop
      vertex 41.4027 98.09 1.5
      vertex 41.7424 98.09 1
      vertex 41.4027 98.09 1
    endloop
  endfacet
  facet normal 0 -1 0
    outer loop
      vertex 5.55609 102.101 1
      vertex 6.14588 102.101 1.5
      vertex 5.55609 102.101 1.5
    endloop
  endfacet
  facet normal 0 -1 -0
    outer loop
      vertex 6.14588 102.101 1.5
      vertex 5.55609 102.101 1
      vertex 6.14588 102.101 1
    endloop
  endfacet
  facet normal 1 -0 0
    outer loop
      vertex 6.14588 102.101 1.5
      vertex 6.14588 103.612 1
      vertex 6.14588 103.612 1.5
    endloop
  endfacet
  facet normal 1 0 0
    outer loop
      vertex 6.14588 103.612 1
      vertex 6.14588 102.101 1.5
      vertex 6.14588 102.101 1
    endloop
  endfacet
  facet normal 0 1 -0
    outer loop
      vertex 6.14588 103.612 1
      vertex 3.95343 103.612 1.5
      vertex 6.14588 103.612 1.5
    endloop
  endfacet
  facet normal 0 1 0
    outer loop
      vertex 3.95343 103.612 1.5
      vertex 6.14588 103.612 1
      vertex 3.95343 103.612 1
    endloop
  endfacet
  facet normal -1 0 0
    outer loop
      vertex 3.95343 102.101 1
      vertex 3.95343 103.612 1.5
      vertex 3.95343 103.612 1
    endloop
  endfacet
  facet normal -1 -0 0
    outer loop
      vertex 3.95343 103.612 1.5
      vertex 3.95343 102.101 1
      vertex 3.95343 102.101 1.5
    endloop
  endfacet
  facet normal 0 -1 0
    outer loop
      vertex 3.95343 102.101 1
      vertex 4.54322 102.101 1.5
      vertex 3.95343 102.101 1.5
    endloop
  endfacet
  facet normal 0 -1 -0
    outer loop
      vertex 4.54322 102.101 1.5
      vertex 3.95343 102.101 1
      vertex 4.54322 102.101 1
    endloop
  endfacet
  facet normal -1 0 0
    outer loop
      vertex 4.54322 95.5 1
      vertex 4.54322 102.101 1.5
      vertex 4.54322 102.101 1
    endloop
  endfacet
  facet normal -1 -0 0
    outer loop
      vertex 4.54322 102.101 1.5
      vertex 4.54322 95.5 1
      vertex 4.54322 95.5 1.5
    endloop
  endfacet
  facet normal 1 -0 0
    outer loop
      vertex 5.55609 95.5 1.5
      vertex 5.55609 102.101 1
      vertex 5.55609 102.101 1.5
    endloop
  endfacet
  facet normal 1 0 0
    outer loop
      vertex 5.55609 102.101 1
      vertex 5.55609 95.5 1.5
      vertex 5.55609 95.5 1
    endloop
  endfacet
  facet normal 0 1 -0
    outer loop
      vertex 65.8472 103.612 1
      vertex 64.8343 103.612 1.5
      vertex 65.8472 103.612 1.5
    endloop
  endfacet
  facet normal 0 1 0
    outer loop
      vertex 64.8343 103.612 1.5
      vertex 65.8472 103.612 1
      vertex 64.8343 103.612 1
    endloop
  endfacet
  facet normal -1 0 0
    outer loop
      vertex 64.8343 95.5 1
      vertex 64.8343 103.612 1.5
      vertex 64.8343 103.612 1
    endloop
  endfacet
  facet normal -1 -0 0
    outer loop
      vertex 64.8343 103.612 1.5
      vertex 64.8343 95.5 1
      vertex 64.8343 95.5 1.5
    endloop
  endfacet
  facet normal 1 -0 0
    outer loop
      vertex 65.8472 95.5 1.5
      vertex 65.8472 103.612 1
      vertex 65.8472 103.612 1.5
    endloop
  endfacet
  facet normal 1 0 0
    outer loop
      vertex 65.8472 103.612 1
      vertex 65.8472 95.5 1.5
      vertex 65.8472 95.5 1
    endloop
  endfacet
  facet normal 1 0.000934143 0
    outer loop
      vertex 69.5366 96.9011 1.5
      vertex 69.5364 97.1152 1
      vertex 69.5364 97.1152 1.5
    endloop
  endfacet
  facet normal 1 0.000934143 0
    outer loop
      vertex 69.5364 97.1152 1
      vertex 69.5366 96.9011 1.5
      vertex 69.5366 96.9011 1
    endloop
  endfacet
  facet normal 0.999992 0.00389102 0
    outer loop
      vertex 69.5364 97.1152 1.5
      vertex 69.5354 97.3722 1
      vertex 69.5354 97.3722 1.5
    endloop
  endfacet
  facet normal 0.999992 0.00389102 0
    outer loop
      vertex 69.5354 97.3722 1
      vertex 69.5364 97.1152 1.5
      vertex 69.5364 97.1152 1
    endloop
  endfacet
  facet normal 0.99998 0.00624554 0
    outer loop
      vertex 69.5354 97.3722 1.5
      vertex 69.5336 97.6604 1
      vertex 69.5336 97.6604 1.5
    endloop
  endfacet
  facet normal 0.99998 0.00624554 0
    outer loop
      vertex 69.5336 97.6604 1
      vertex 69.5354 97.3722 1.5
      vertex 69.5354 97.3722 1
    endloop
  endfacet
  facet normal 0.999953 0.00974296 0
    outer loop
      vertex 69.5336 97.6604 1.5
      vertex 69.5306 97.9683 1
      vertex 69.5306 97.9683 1.5
    endloop
  endfacet
  facet normal 0.999953 0.00974296 0
    outer loop
      vertex 69.5306 97.9683 1
      vertex 69.5336 97.6604 1.5
      vertex 69.5336 97.6604 1
    endloop
  endfacet
  facet normal 0.999908 0.0135977 0
    outer loop
      vertex 69.5306 97.9683 1.5
      vertex 69.5263 98.2845 1
      vertex 69.5263 98.2845 1.5
    endloop
  endfacet
  facet normal 0.999908 0.0135977 0
    outer loop
      vertex 69.5263 98.2845 1
      vertex 69.5306 97.9683 1.5
      vertex 69.5306 97.9683 1
    endloop
  endfacet
  facet normal 0.999828 0.0185331 0
    outer loop
      vertex 69.5263 98.2845 1.5
      vertex 69.5205 98.5974 1
      vertex 69.5205 98.5974 1.5
    endloop
  endfacet
  facet normal 0.999828 0.0185331 0
    outer loop
      vertex 69.5205 98.5974 1
      vertex 69.5263 98.2845 1.5
      vertex 69.5263 98.2845 1
    endloop
  endfacet
  facet normal 0.999675 0.0254865 0
    outer loop
      vertex 69.5205 98.5974 1.5
      vertex 69.5129 98.8955 1
      vertex 69.5129 98.8955 1.5
    endloop
  endfacet
  facet normal 0.999675 0.0254865 0
    outer loop
      vertex 69.5129 98.8955 1
      vertex 69.5205 98.5974 1.5
      vertex 69.5205 98.5974 1
    endloop
  endfacet
  facet normal 0.999389 0.0349437 0
    outer loop
      vertex 69.5129 98.8955 1.5
      vertex 69.5034 99.1672 1
      vertex 69.5034 99.1672 1.5
    endloop
  endfacet
  facet normal 0.999389 0.0349437 0
    outer loop
      vertex 69.5034 99.1672 1
      vertex 69.5129 98.8955 1.5
      vertex 69.5129 98.8955 1
    endloop
  endfacet
  facet normal 0.998772 0.049533 0
    outer loop
      vertex 69.5034 99.1672 1.5
      vertex 69.4918 99.4011 1
      vertex 69.4918 99.4011 1.5
    endloop
  endfacet
  facet normal 0.998772 0.049533 0
    outer loop
      vertex 69.4918 99.4011 1
      vertex 69.5034 99.1672 1.5
      vertex 69.5034 99.1672 1
    endloop
  endfacet
  facet normal 0 -1 0
    outer loop
      vertex 69.4918 99.4011 1
      vertex 69.5046 99.4011 1.5
      vertex 69.4918 99.4011 1.5
    endloop
  endfacet
  facet normal 0 -1 -0
    outer loop
      vertex 69.5046 99.4011 1.5
      vertex 69.4918 99.4011 1
      vertex 69.5046 99.4011 1
    endloop
  endfacet
  facet normal -0.994155 -0.107966 0
    outer loop
      vertex 69.5368 99.1046 1
      vertex 69.5046 99.4011 1.5
      vertex 69.5046 99.4011 1
    endloop
  endfacet
  facet normal -0.994155 -0.107966 0
    outer loop
      vertex 69.5046 99.4011 1.5
      vertex 69.5368 99.1046 1
      vertex 69.5368 99.1046 1.5
    endloop
  endfacet
  facet normal -0.992246 -0.124287 0
    outer loop
      vertex 69.5732 98.814 1
      vertex 69.5368 99.1046 1.5
      vertex 69.5368 99.1046 1
    endloop
  endfacet
  facet normal -0.992246 -0.124287 0
    outer loop
      vertex 69.5368 99.1046 1.5
      vertex 69.5732 98.814 1
      vertex 69.5732 98.814 1.5
    endloop
  endfacet
  facet normal -0.990415 -0.138125 0
    outer loop
      vertex 69.6131 98.5279 1
      vertex 69.5732 98.814 1.5
      vertex 69.5732 98.814 1
    endloop
  endfacet
  facet normal -0.990415 -0.138125 0
    outer loop
      vertex 69.5732 98.814 1.5
      vertex 69.6131 98.5279 1
      vertex 69.6131 98.5279 1.5
    endloop
  endfacet
  facet normal -0.988661 -0.150167 0
    outer loop
      vertex 69.6561 98.2448 1
      vertex 69.6131 98.5279 1.5
      vertex 69.6131 98.5279 1
    endloop
  endfacet
  facet normal -0.988661 -0.150167 0
    outer loop
      vertex 69.6131 98.5279 1.5
      vertex 69.6561 98.2448 1
      vertex 69.6561 98.2448 1.5
    endloop
  endfacet
  facet normal -0.987252 -0.159166 0
    outer loop
      vertex 69.7015 97.9632 1
      vertex 69.6561 98.2448 1.5
      vertex 69.6561 98.2448 1
    endloop
  endfacet
  facet normal -0.987252 -0.159166 0
    outer loop
      vertex 69.6561 98.2448 1.5
      vertex 69.7015 97.9632 1
      vertex 69.7015 97.9632 1.5
    endloop
  endfacet
  facet normal -0.986223 -0.165422 0
    outer loop
      vertex 69.7487 97.6818 1
      vertex 69.7015 97.9632 1.5
      vertex 69.7015 97.9632 1
    endloop
  endfacet
  facet normal -0.986223 -0.165422 0
    outer loop
      vertex 69.7015 97.9632 1.5
      vertex 69.7487 97.6818 1
      vertex 69.7487 97.6818 1.5
    endloop
  endfacet
  facet normal -0.985611 -0.169032 0
    outer loop
      vertex 69.7972 97.399 1
      vertex 69.7487 97.6818 1.5
      vertex 69.7487 97.6818 1
    endloop
  endfacet
  facet normal -0.985611 -0.169032 0
    outer loop
      vertex 69.7487 97.6818 1.5
      vertex 69.7972 97.399 1
      vertex 69.7972 97.399 1.5
    endloop
  endfacet
  facet normal -0.985494 -0.169711 0
    outer loop
      vertex 69.8464 97.1133 1
      vertex 69.7972 97.399 1.5
      vertex 69.7972 97.399 1
    endloop
  endfacet
  facet normal -0.985494 -0.169711 0
    outer loop
      vertex 69.7972 97.399 1.5
      vertex 69.8464 97.1133 1
      vertex 69.8464 97.1133 1.5
    endloop
  endfacet
  facet normal -0.985846 -0.167652 0
    outer loop
      vertex 69.8957 96.8234 1
      vertex 69.8464 97.1133 1.5
      vertex 69.8464 97.1133 1
    endloop
  endfacet
  facet normal -0.985846 -0.167652 0
    outer loop
      vertex 69.8464 97.1133 1.5
      vertex 69.8957 96.8234 1
      vertex 69.8957 96.8234 1.5
    endloop
  endfacet
  facet normal -0.986583 -0.163263 0
    outer loop
      vertex 70.1147 95.5 1
      vertex 69.8957 96.8234 1.5
      vertex 69.8957 96.8234 1
    endloop
  endfacet
  facet normal -0.986583 -0.163263 0
    outer loop
      vertex 69.8957 96.8234 1.5
      vertex 70.1147 95.5 1
      vertex 70.1147 95.5 1.5
    endloop
  endfacet
  facet normal 1 -0 0
    outer loop
      vertex 70.9534 95.5 1.5
      vertex 70.9534 103.612 1
      vertex 70.9534 103.612 1.5
    endloop
  endfacet
  facet normal 1 0 0
    outer loop
      vertex 70.9534 103.612 1
      vertex 70.9534 95.5 1.5
      vertex 70.9534 95.5 1
    endloop
  endfacet
  facet normal 0 1 -0
    outer loop
      vertex 70.9534 103.612 1
      vertex 70.088 103.612 1.5
      vertex 70.9534 103.612 1.5
    endloop
  endfacet
  facet normal 0 1 0
    outer loop
      vertex 70.088 103.612 1.5
      vertex 70.9534 103.612 1
      vertex 70.088 103.612 1
    endloop
  endfacet
  facet normal -1 0 0
    outer loop
      vertex 70.088 102.001 1
      vertex 70.088 103.612 1.5
      vertex 70.088 103.612 1
    endloop
  endfacet
  facet normal -1 -0 0
    outer loop
      vertex 70.088 103.612 1.5
      vertex 70.088 102.001 1
      vertex 70.088 102.001 1.5
    endloop
  endfacet
  facet normal -0.999998 -0.00199203 0
    outer loop
      vertex 70.0885 101.75 1
      vertex 70.088 102.001 1.5
      vertex 70.088 102.001 1
    endloop
  endfacet
  facet normal -0.999998 -0.00199203 0
    outer loop
      vertex 70.088 102.001 1.5
      vertex 70.0885 101.75 1
      vertex 70.0885 101.75 1.5
    endloop
  endfacet
  facet normal -0.999983 -0.00588225 0
    outer loop
      vertex 70.09 101.495 1
      vertex 70.0885 101.75 1.5
      vertex 70.0885 101.75 1
    endloop
  endfacet
  facet normal -0.999983 -0.00588225 0
    outer loop
      vertex 70.0885 101.75 1.5
      vertex 70.09 101.495 1
      vertex 70.09 101.495 1.5
    endloop
  endfacet
  facet normal -0.999954 -0.00954155 0
    outer loop
      vertex 70.0925 101.233 1
      vertex 70.09 101.495 1.5
      vertex 70.09 101.495 1
    endloop
  endfacet
  facet normal -0.999954 -0.00954155 0
    outer loop
      vertex 70.09 101.495 1.5
      vertex 70.0925 101.233 1
      vertex 70.0925 101.233 1.5
    endloop
  endfacet
  facet normal -0.999904 -0.0138563 0
    outer loop
      vertex 70.0962 100.966 1
      vertex 70.0925 101.233 1.5
      vertex 70.0925 101.233 1
    endloop
  endfacet
  facet normal -0.999904 -0.0138563 0
    outer loop
      vertex 70.0925 101.233 1.5
      vertex 70.0962 100.966 1
      vertex 70.0962 100.966 1.5
    endloop
  endfacet
  facet normal -0.999845 -0.0175797 0
    outer loop
      vertex 70.101 100.693 1
      vertex 70.0962 100.966 1.5
      vertex 70.0962 100.966 1
    endloop
  endfacet
  facet normal -0.999845 -0.0175797 0
    outer loop
      vertex 70.0962 100.966 1.5
      vertex 70.101 100.693 1
      vertex 70.101 100.693 1.5
    endloop
  endfacet
  facet normal -0.99977 -0.0214237 0
    outer loop
      vertex 70.107 100.413 1
      vertex 70.101 100.693 1.5
      vertex 70.101 100.693 1
    endloop
  endfacet
  facet normal -0.99977 -0.0214237 0
    outer loop
      vertex 70.101 100.693 1.5
      vertex 70.107 100.413 1
      vertex 70.107 100.413 1.5
    endloop
  endfacet
  facet normal -0.999674 -0.0255162 0
    outer loop
      vertex 70.1143 100.127 1
      vertex 70.107 100.413 1.5
      vertex 70.107 100.413 1
    endloop
  endfacet
  facet normal -0.999674 -0.0255162 0
    outer loop
      vertex 70.107 100.413 1.5
      vertex 70.1143 100.127 1
      vertex 70.1143 100.127 1.5
    endloop
  endfacet
  facet normal -0.999568 -0.029389 0
    outer loop
      vertex 70.1229 99.8345 1
      vertex 70.1143 100.127 1.5
      vertex 70.1143 100.127 1
    endloop
  endfacet
  facet normal -0.999568 -0.029389 0
    outer loop
      vertex 70.1143 100.127 1.5
      vertex 70.1229 99.8345 1
      vertex 70.1229 99.8345 1.5
    endloop
  endfacet
  facet normal -0.999445 -0.0333148 0
    outer loop
      vertex 70.1329 99.5345 1
      vertex 70.1229 99.8345 1.5
      vertex 70.1229 99.8345 1
    endloop
  endfacet
  facet normal -0.999445 -0.0333148 0
    outer loop
      vertex 70.1229 99.8345 1.5
      vertex 70.1329 99.5345 1
      vertex 70.1329 99.5345 1.5
    endloop
  endfacet
  facet normal 0 1 -0
    outer loop
      vertex 70.1329 99.5345 1
      vertex 70.12 99.5345 1.5
      vertex 70.1329 99.5345 1.5
    endloop
  endfacet
  facet normal 0 1 0
    outer loop
      vertex 70.12 99.5345 1.5
      vertex 70.1329 99.5345 1
      vertex 70.12 99.5345 1
    endloop
  endfacet
  facet normal 0.994684 0.102972 0
    outer loop
      vertex 70.12 99.5345 1.5
      vertex 70.0909 99.8156 1
      vertex 70.0909 99.8156 1.5
    endloop
  endfacet
  facet normal 0.994684 0.102972 0
    outer loop
      vertex 70.0909 99.8156 1
      vertex 70.12 99.5345 1.5
      vertex 70.12 99.5345 1
    endloop
  endfacet
  facet normal 0.993968 0.10967 0
    outer loop
      vertex 70.0909 99.8156 1.5
      vertex 70.0593 100.102 1
      vertex 70.0593 100.102 1.5
    endloop
  endfacet
  facet normal 0.993968 0.10967 0
    outer loop
      vertex 70.0593 100.102 1
      vertex 70.0909 99.8156 1.5
      vertex 70.0909 99.8156 1
    endloop
  endfacet
  facet normal 0.993439 0.114365 0
    outer loop
      vertex 70.0593 100.102 1.5
      vertex 70.0258 100.393 1
      vertex 70.0258 100.393 1.5
    endloop
  endfacet
  facet normal 0.993439 0.114365 0
    outer loop
      vertex 70.0258 100.393 1
      vertex 70.0593 100.102 1.5
      vertex 70.0593 100.102 1
    endloop
  endfacet
  facet normal 0.992812 0.119681 0
    outer loop
      vertex 70.0258 100.393 1.5
      vertex 69.9906 100.685 1
      vertex 69.9906 100.685 1.5
    endloop
  endfacet
  facet normal 0.992812 0.119681 0
    outer loop
      vertex 69.9906 100.685 1
      vertex 70.0258 100.393 1.5
      vertex 70.0258 100.393 1
    endloop
  endfacet
  facet normal 0.992413 0.122951 0
    outer loop
      vertex 69.9906 100.685 1.5
      vertex 69.9543 100.978 1
      vertex 69.9543 100.978 1.5
    endloop
  endfacet
  facet normal 0.992413 0.122951 0
    outer loop
      vertex 69.9543 100.978 1
      vertex 69.9906 100.685 1.5
      vertex 69.9906 100.685 1
    endloop
  endfacet
  facet normal 0.992013 0.126132 0
    outer loop
      vertex 69.9543 100.978 1.5
      vertex 69.9173 101.269 1
      vertex 69.9173 101.269 1.5
    endloop
  endfacet
  facet normal 0.992013 0.126132 0
    outer loop
      vertex 69.9173 101.269 1
      vertex 69.9543 100.978 1.5
      vertex 69.9543 100.978 1
    endloop
  endfacet
  facet normal 0.991616 0.129221 0
    outer loop
      vertex 69.9173 101.269 1.5
      vertex 69.8799 101.556 1
      vertex 69.8799 101.556 1.5
    endloop
  endfacet
  facet normal 0.991616 0.129221 0
    outer loop
      vertex 69.8799 101.556 1
      vertex 69.9173 101.269 1.5
      vertex 69.9173 101.269 1
    endloop
  endfacet
  facet normal 0.991411 0.130782 0
    outer loop
      vertex 69.8799 101.556 1.5
      vertex 69.8427 101.838 1
      vertex 69.8427 101.838 1.5
    endloop
  endfacet
  facet normal 0.991411 0.130782 0
    outer loop
      vertex 69.8427 101.838 1
      vertex 69.8799 101.556 1.5
      vertex 69.8799 101.556 1
    endloop
  endfacet
  facet normal 0.991101 0.133111 0
    outer loop
      vertex 69.8427 101.838 1.5
      vertex 69.8059 102.112 1
      vertex 69.8059 102.112 1.5
    endloop
  endfacet
  facet normal 0.991101 0.133111 0
    outer loop
      vertex 69.8059 102.112 1
      vertex 69.8427 101.838 1.5
      vertex 69.8427 101.838 1
    endloop
  endfacet
  facet normal 0.99134 0.13132 0
    outer loop
      vertex 69.8059 102.112 1.5
      vertex 69.6072 103.612 1
      vertex 69.6072 103.612 1.5
    endloop
  endfacet
  facet normal 0.99134 0.13132 0
    outer loop
      vertex 69.6072 103.612 1
      vertex 69.8059 102.112 1.5
      vertex 69.8059 102.112 1
    endloop
  endfacet
  facet normal 0 1 -0
    outer loop
      vertex 69.6072 103.612 1
      vertex 68.6712 103.612 1.5
      vertex 69.6072 103.612 1.5
    endloop
  endfacet
  facet normal 0 1 0
    outer loop
      vertex 68.6712 103.612 1.5
      vertex 69.6072 103.612 1
      vertex 68.6712 103.612 1
    endloop
  endfacet
  facet normal -1 0 0
    outer loop
      vertex 68.6712 95.5 1
      vertex 68.6712 103.612 1.5
      vertex 68.6712 103.612 1
    endloop
  endfacet
  facet normal -1 -0 0
    outer loop
      vertex 68.6712 103.612 1.5
      vertex 68.6712 95.5 1
      vertex 68.6712 95.5 1.5
    endloop
  endfacet
  facet normal 1 -0 0
    outer loop
      vertex 69.5366 95.5 1.5
      vertex 69.5366 96.9011 1
      vertex 69.5366 96.9011 1.5
    endloop
  endfacet
  facet normal 1 0 0
    outer loop
      vertex 69.5366 96.9011 1
      vertex 69.5366 95.5 1.5
      vertex 69.5366 95.5 1
    endloop
  endfacet
  facet normal 0 -1 0
    outer loop
      vertex 38.914 99.0455 1
      vertex 39.2602 99.0455 1.5
      vertex 38.914 99.0455 1.5
    endloop
  endfacet
  facet normal 0 -1 -0
    outer loop
      vertex 39.2602 99.0455 1.5
      vertex 38.914 99.0455 1
      vertex 39.2602 99.0455 1
    endloop
  endfacet
  facet normal -1 0 0
    outer loop
      vertex 39.2602 95.5 1
      vertex 39.2602 99.0455 1.5
      vertex 39.2602 99.0455 1
    endloop
  endfacet
  facet normal -1 -0 0
    outer loop
      vertex 39.2602 99.0455 1.5
      vertex 39.2602 95.5 1
      vertex 39.2602 95.5 1.5
    endloop
  endfacet
  facet normal 1 -0 0
    outer loop
      vertex 40.2731 95.5 1.5
      vertex 40.2731 103.612 1
      vertex 40.2731 103.612 1.5
    endloop
  endfacet
  facet normal 1 0 0
    outer loop
      vertex 40.2731 103.612 1
      vertex 40.2731 95.5 1.5
      vertex 40.2731 95.5 1
    endloop
  endfacet
  facet normal 0 1 -0
    outer loop
      vertex 40.2731 103.612 1
      vertex 39.2602 103.612 1.5
      vertex 40.2731 103.612 1.5
    endloop
  endfacet
  facet normal 0 1 0
    outer loop
      vertex 39.2602 103.612 1.5
      vertex 40.2731 103.612 1
      vertex 39.2602 103.612 1
    endloop
  endfacet
  facet normal -1 0 0
    outer loop
      vertex 39.2602 100.446 1
      vertex 39.2602 103.612 1.5
      vertex 39.2602 103.612 1
    endloop
  endfacet
  facet normal -1 -0 0
    outer loop
      vertex 39.2602 103.612 1.5
      vertex 39.2602 100.446 1
      vertex 39.2602 100.446 1.5
    endloop
  endfacet
  facet normal 0 1 -0
    outer loop
      vertex 39.2602 100.446 1
      vertex 38.914 100.446 1.5
      vertex 39.2602 100.446 1.5
    endloop
  endfacet
  facet normal 0 1 0
    outer loop
      vertex 38.914 100.446 1.5
      vertex 39.2602 100.446 1
      vertex 38.914 100.446 1
    endloop
  endfacet
  facet normal 1 -0 0
    outer loop
      vertex 38.914 100.446 1.5
      vertex 38.914 103.612 1
      vertex 38.914 103.612 1.5
    endloop
  endfacet
  facet normal 1 0 0
    outer loop
      vertex 38.914 103.612 1
      vertex 38.914 100.446 1.5
      vertex 38.914 100.446 1
    endloop
  endfacet
  facet normal 0 1 -0
    outer loop
      vertex 38.914 103.612 1
      vertex 37.9011 103.612 1.5
      vertex 38.914 103.612 1.5
    endloop
  endfacet
  facet normal 0 1 0
    outer loop
      vertex 37.9011 103.612 1.5
      vertex 38.914 103.612 1
      vertex 37.9011 103.612 1
    endloop
  endfacet
  facet normal -1 0 0
    outer loop
      vertex 37.9011 95.5 1
      vertex 37.9011 103.612 1.5
      vertex 37.9011 103.612 1
    endloop
  endfacet
  facet normal -1 -0 0
    outer loop
      vertex 37.9011 103.612 1.5
      vertex 37.9011 95.5 1
      vertex 37.9011 95.5 1.5
    endloop
  endfacet
  facet normal 1 -0 0
    outer loop
      vertex 38.914 95.5 1.5
      vertex 38.914 99.0455 1
      vertex 38.914 99.0455 1.5
    endloop
  endfacet
  facet normal 1 0 0
    outer loop
      vertex 38.914 99.0455 1
      vertex 38.914 95.5 1.5
      vertex 38.914 95.5 1
    endloop
  endfacet
  facet normal 0.541282 -0.840841 0
    outer loop
      vertex 44.4535 95.5 1
      vertex 44.6803 95.646 1.5
      vertex 44.4535 95.5 1.5
    endloop
  endfacet
  facet normal 0.541282 -0.840841 0
    outer loop
      vertex 44.6803 95.646 1.5
      vertex 44.4535 95.5 1
      vertex 44.6803 95.646 1
    endloop
  endfacet
  facet normal 0.772025 -0.635592 0
    outer loop
      vertex 44.6803 95.646 1.5
      vertex 44.8932 95.9046 1
      vertex 44.8932 95.9046 1.5
    endloop
  endfacet
  facet normal 0.772025 -0.635592 0
    outer loop
      vertex 44.8932 95.9046 1
      vertex 44.6803 95.646 1.5
      vertex 44.6803 95.646 1
    endloop
  endfacet
  facet normal 0.905322 -0.424725 0
    outer loop
      vertex 44.8932 95.9046 1.5
      vertex 45.0726 96.287 1
      vertex 45.0726 96.287 1.5
    endloop
  endfacet
  facet normal 0.905322 -0.424725 0
    outer loop
      vertex 45.0726 96.287 1
      vertex 44.8932 95.9046 1.5
      vertex 44.8932 95.9046 1
    endloop
  endfacet
  facet normal 0.965012 -0.262206 0
    outer loop
      vertex 45.0726 96.287 1.5
      vertex 45.2162 96.8155 1
      vertex 45.2162 96.8155 1.5
    endloop
  endfacet
  facet normal 0.965012 -0.262206 0
    outer loop
      vertex 45.2162 96.8155 1
      vertex 45.0726 96.287 1.5
      vertex 45.0726 96.287 1
    endloop
  endfacet
  facet normal 0.988759 -0.14952 0
    outer loop
      vertex 45.2162 96.8155 1.5
      vertex 45.3216 97.5125 1
      vertex 45.3216 97.5125 1.5
    endloop
  endfacet
  facet normal 0.988759 -0.14952 0
    outer loop
      vertex 45.3216 97.5125 1
      vertex 45.2162 96.8155 1.5
      vertex 45.2162 96.8155 1
    endloop
  endfacet
  facet normal 0.997331 -0.0730192 0
    outer loop
      vertex 45.3216 97.5125 1.5
      vertex 45.3866 98.4003 1
      vertex 45.3866 98.4003 1.5
    endloop
  endfacet
  facet normal 0.997331 -0.0730192 0
    outer loop
      vertex 45.3866 98.4003 1
      vertex 45.3216 97.5125 1.5
      vertex 45.3216 97.5125 1
    endloop
  endfacet
  facet normal 0.999797 -0.0201631 0
    outer loop
      vertex 45.3866 98.4003 1.5
      vertex 45.4088 99.5011 1
      vertex 45.4088 99.5011 1.5
    endloop
  endfacet
  facet normal 0.999797 -0.0201631 0
    outer loop
      vertex 45.4088 99.5011 1
      vertex 45.3866 98.4003 1.5
      vertex 45.3866 98.4003 1
    endloop
  endfacet
  facet normal 0.99981 0.0195102 0
    outer loop
      vertex 45.4088 99.5011 1.5
      vertex 45.3872 100.608 1
      vertex 45.3872 100.608 1.5
    endloop
  endfacet
  facet normal 0.99981 0.0195102 0
    outer loop
      vertex 45.3872 100.608 1
      vertex 45.4088 99.5011 1.5
      vertex 45.4088 99.5011 1
    endloop
  endfacet
  facet normal 0.997486 0.0708652 0
    outer loop
      vertex 45.3872 100.608 1.5
      vertex 45.3239 101.499 1
      vertex 45.3239 101.499 1.5
    endloop
  endfacet
  facet normal 0.997486 0.0708652 0
    outer loop
      vertex 45.3239 101.499 1
      vertex 45.3872 100.608 1.5
      vertex 45.3872 100.608 1
    endloop
  endfacet
  facet normal 0.989205 0.146538 0
    outer loop
      vertex 45.3239 101.499 1.5
      vertex 45.2205 102.197 1
      vertex 45.2205 102.197 1.5
    endloop
  endfacet
  facet normal 0.989205 0.146538 0
    outer loop
      vertex 45.2205 102.197 1
      vertex 45.3239 101.499 1.5
      vertex 45.3239 101.499 1
    endloop
  endfacet
  facet normal 0.965792 0.259316 0
    outer loop
      vertex 45.2205 102.197 1.5
      vertex 45.079 102.724 1
      vertex 45.079 102.724 1.5
    endloop
  endfacet
  facet normal 0.965792 0.259316 0
    outer loop
      vertex 45.079 102.724 1
      vertex 45.2205 102.197 1.5
      vertex 45.2205 102.197 1
    endloop
  endfacet
  facet normal 0.906092 0.423081 0
    outer loop
      vertex 45.079 102.724 1.5
      vertex 44.9011 103.105 1
      vertex 44.9011 103.105 1.5
    endloop
  endfacet
  facet normal 0.906092 0.423081 0
    outer loop
      vertex 44.9011 103.105 1
      vertex 45.079 102.724 1.5
      vertex 45.079 102.724 1
    endloop
  endfacet
  facet normal 0.769895 0.638171 0
    outer loop
      vertex 44.9011 103.105 1.5
      vertex 44.6889 103.361 1
      vertex 44.6889 103.361 1.5
    endloop
  endfacet
  facet normal 0.769895 0.638171 0
    outer loop
      vertex 44.6889 103.361 1
      vertex 44.9011 103.105 1.5
      vertex 44.9011 103.105 1
    endloop
  endfacet
  facet normal 0.534798 0.84498 -0
    outer loop
      vertex 44.6889 103.361 1
      vertex 44.444 103.516 1.5
      vertex 44.6889 103.361 1.5
    endloop
  endfacet
  facet normal 0.534798 0.84498 0
    outer loop
      vertex 44.444 103.516 1.5
      vertex 44.6889 103.361 1
      vertex 44.444 103.516 1
    endloop
  endfacet
  facet normal 0.26575 0.964042 -0
    outer loop
      vertex 44.444 103.516 1
      vertex 44.1683 103.592 1.5
      vertex 44.444 103.516 1.5
    endloop
  endfacet
  facet normal 0.26575 0.964042 0
    outer loop
      vertex 44.1683 103.592 1.5
      vertex 44.444 103.516 1
      vertex 44.1683 103.592 1
    endloop
  endfacet
  facet normal 0.0655402 0.99785 -0
    outer loop
      vertex 44.1683 103.592 1
      vertex 43.8638 103.612 1.5
      vertex 44.1683 103.592 1.5
    endloop
  endfacet
  facet normal 0.0655402 0.99785 0
    outer loop
      vertex 43.8638 103.612 1.5
      vertex 44.1683 103.592 1
      vertex 43.8638 103.612 1
    endloop
  endfacet
  facet normal 0 1 -0
    outer loop
      vertex 43.8638 103.612 1
      vertex 42.947 103.612 1.5
      vertex 43.8638 103.612 1.5
    endloop
  endfacet
  facet normal 0 1 0
    outer loop
      vertex 42.947 103.612 1.5
      vertex 43.8638 103.612 1
      vertex 42.947 103.612 1
    endloop
  endfacet
  facet normal -1 0 0
    outer loop
      vertex 42.947 95.5 1
      vertex 42.947 103.612 1.5
      vertex 42.947 103.612 1
    endloop
  endfacet
  facet normal -1 -0 0
    outer loop
      vertex 42.947 103.612 1.5
      vertex 42.947 95.5 1
      vertex 42.947 95.5 1.5
    endloop
  endfacet
  facet normal 1 -0 0
    outer loop
      vertex 43.9599 96.8455 1.5
      vertex 43.9599 102.101 1
      vertex 43.9599 102.101 1.5
    endloop
  endfacet
  facet normal 1 0 0
    outer loop
      vertex 43.9599 102.101 1
      vertex 43.9599 96.8455 1.5
      vertex 43.9599 96.8455 1
    endloop
  endfacet
  facet normal 0 -1 0
    outer loop
      vertex 43.9599 102.101 1
      vertex 44.0241 102.101 1.5
      vertex 43.9599 102.101 1.5
    endloop
  endfacet
  facet normal 0 -1 -0
    outer loop
      vertex 44.0241 102.101 1.5
      vertex 43.9599 102.101 1
      vertex 44.0241 102.101 1
    endloop
  endfacet
  facet normal -0.160812 -0.986985 0
    outer loop
      vertex 44.0241 102.101 1
      vertex 44.1223 102.085 1.5
      vertex 44.0241 102.101 1.5
    endloop
  endfacet
  facet normal -0.160812 -0.986985 -0
    outer loop
      vertex 44.1223 102.085 1.5
      vertex 44.0241 102.101 1
      vertex 44.1223 102.085 1
    endloop
  endfacet
  facet normal -0.589524 -0.807751 0
    outer loop
      vertex 44.1223 102.085 1
      vertex 44.2004 102.028 1.5
      vertex 44.1223 102.085 1.5
    endloop
  endfacet
  facet normal -0.589524 -0.807751 -0
    outer loop
      vertex 44.2004 102.028 1.5
      vertex 44.1223 102.085 1
      vertex 44.2004 102.028 1
    endloop
  endfacet
  facet normal -0.876552 -0.481307 0
    outer loop
      vertex 44.2608 101.918 1
      vertex 44.2004 102.028 1.5
      vertex 44.2004 102.028 1
    endloop
  endfacet
  facet normal -0.876552 -0.481307 0
    outer loop
      vertex 44.2004 102.028 1.5
      vertex 44.2608 101.918 1
      vertex 44.2608 101.918 1.5
    endloop
  endfacet
  facet normal -0.968067 -0.25069 0
    outer loop
      vertex 44.3056 101.745 1
      vertex 44.2608 101.918 1.5
      vertex 44.2608 101.918 1
    endloop
  endfacet
  facet normal -0.968067 -0.25069 0
    outer loop
      vertex 44.2608 101.918 1.5
      vertex 44.3056 101.745 1
      vertex 44.3056 101.745 1.5
    endloop
  endfacet
  facet normal -0.992106 -0.125402 0
    outer loop
      vertex 44.3372 101.495 1
      vertex 44.3056 101.745 1.5
      vertex 44.3056 101.745 1
    endloop
  endfacet
  facet normal -0.992106 -0.125402 0
    outer loop
      vertex 44.3056 101.745 1.5
      vertex 44.3372 101.495 1
      vertex 44.3372 101.495 1.5
    endloop
  endfacet
  facet normal -0.998119 -0.0613088 0
    outer loop
      vertex 44.3579 101.158 1
      vertex 44.3372 101.495 1.5
      vertex 44.3372 101.495 1
    endloop
  endfacet
  facet normal -0.998119 -0.0613088 0
    outer loop
      vertex 44.3372 101.495 1.5
      vertex 44.3579 101.158 1
      vertex 44.3579 101.158 1.5
    endloop
  endfacet
  facet normal -0.999629 -0.027221 0
    outer loop
      vertex 44.3698 100.721 1
      vertex 44.3579 101.158 1.5
      vertex 44.3579 101.158 1
    endloop
  endfacet
  facet normal -0.999629 -0.027221 0
    outer loop
      vertex 44.3579 101.158 1.5
      vertex 44.3698 100.721 1
      vertex 44.3698 100.721 1.5
    endloop
  endfacet
  facet normal -0.99995 -0.010036 0
    outer loop
      vertex 44.3753 100.173 1
      vertex 44.3698 100.721 1.5
      vertex 44.3698 100.721 1
    endloop
  endfacet
  facet normal -0.99995 -0.010036 0
    outer loop
      vertex 44.3698 100.721 1.5
      vertex 44.3753 100.173 1
      vertex 44.3753 100.173 1.5
    endloop
  endfacet
  facet normal -0.999998 -0.00208364 0
    outer loop
      vertex 44.3767 99.5011 1
      vertex 44.3753 100.173 1.5
      vertex 44.3753 100.173 1
    endloop
  endfacet
  facet normal -0.999998 -0.00208364 0
    outer loop
      vertex 44.3753 100.173 1.5
      vertex 44.3767 99.5011 1
      vertex 44.3767 99.5011 1.5
    endloop
  endfacet
  facet normal -0.999998 0.00212507 0
    outer loop
      vertex 44.3753 98.8423 1
      vertex 44.3767 99.5011 1.5
      vertex 44.3767 99.5011 1
    endloop
  endfacet
  facet normal -0.999998 0.00212507 0
    outer loop
      vertex 44.3767 99.5011 1.5
      vertex 44.3753 98.8423 1
      vertex 44.3753 98.8423 1.5
    endloop
  endfacet
  facet normal -0.999951 0.00989506 0
    outer loop
      vertex 44.3699 98.2966 1
      vertex 44.3753 98.8423 1.5
      vertex 44.3753 98.8423 1
    endloop
  endfacet
  facet normal -0.999951 0.00989506 0
    outer loop
      vertex 44.3753 98.8423 1.5
      vertex 44.3699 98.2966 1
      vertex 44.3699 98.2966 1.5
    endloop
  endfacet
  facet normal -0.999644 0.0266873 0
    outer loop
      vertex 44.3581 97.8546 1
      vertex 44.3699 98.2966 1.5
      vertex 44.3699 98.2966 1
    endloop
  endfacet
  facet normal -0.999644 0.0266873 0
    outer loop
      vertex 44.3699 98.2966 1.5
      vertex 44.3581 97.8546 1
      vertex 44.3581 97.8546 1.5
    endloop
  endfacet
  facet normal -0.998303 0.0582343 0
    outer loop
      vertex 44.3378 97.5066 1
      vertex 44.3581 97.8546 1.5
      vertex 44.3581 97.8546 1
    endloop
  endfacet
  facet normal -0.998303 0.0582343 0
    outer loop
      vertex 44.3581 97.8546 1.5
      vertex 44.3378 97.5066 1
      vertex 44.3378 97.5066 1.5
    endloop
  endfacet
  facet normal -0.993096 0.117301 0
    outer loop
      vertex 44.3067 97.2433 1
      vertex 44.3378 97.5066 1.5
      vertex 44.3378 97.5066 1
    endloop
  endfacet
  facet normal -0.993096 0.117301 0
    outer loop
      vertex 44.3378 97.5066 1.5
      vertex 44.3067 97.2433 1
      vertex 44.3067 97.2433 1.5
    endloop
  endfacet
  facet normal -0.973769 0.22754 0
    outer loop
      vertex 44.2627 97.055 1
      vertex 44.3067 97.2433 1.5
      vertex 44.3067 97.2433 1
    endloop
  endfacet
  facet normal -0.973769 0.22754 0
    outer loop
      vertex 44.3067 97.2433 1.5
      vertex 44.2627 97.055 1
      vertex 44.2627 97.055 1.5
    endloop
  endfacet
  facet normal -0.900363 0.435139 0
    outer loop
      vertex 44.2034 96.9323 1
      vertex 44.2627 97.055 1.5
      vertex 44.2627 97.055 1
    endloop
  endfacet
  facet normal -0.900363 0.435139 0
    outer loop
      vertex 44.2627 97.055 1.5
      vertex 44.2034 96.9323 1
      vertex 44.2034 96.9323 1.5
    endloop
  endfacet
  facet normal -0.65669 0.75416 0
    outer loop
      vertex 44.2034 96.9323 1
      vertex 44.1268 96.8656 1.5
      vertex 44.2034 96.9323 1.5
    endloop
  endfacet
  facet normal -0.65669 0.75416 0
    outer loop
      vertex 44.1268 96.8656 1.5
      vertex 44.2034 96.9323 1
      vertex 44.1268 96.8656 1
    endloop
  endfacet
  facet normal -0.20432 0.978904 0
    outer loop
      vertex 44.1268 96.8656 1
      vertex 44.0305 96.8455 1.5
      vertex 44.1268 96.8656 1.5
    endloop
  endfacet
  facet normal -0.20432 0.978904 0
    outer loop
      vertex 44.0305 96.8455 1.5
      vertex 44.1268 96.8656 1
      vertex 44.0305 96.8455 1
    endloop
  endfacet
  facet normal 0 1 -0
    outer loop
      vertex 44.0305 96.8455 1
      vertex 43.9599 96.8455 1.5
      vertex 44.0305 96.8455 1.5
    endloop
  endfacet
  facet normal 0 1 0
    outer loop
      vertex 43.9599 96.8455 1.5
      vertex 44.0305 96.8455 1
      vertex 43.9599 96.8455 1
    endloop
  endfacet
  facet normal 0 -1 0
    outer loop
      vertex 49.62 99.9122 1
      vertex 49.6329 99.9122 1.5
      vertex 49.62 99.9122 1.5
    endloop
  endfacet
  facet normal 0 -1 -0
    outer loop
      vertex 49.6329 99.9122 1.5
      vertex 49.62 99.9122 1
      vertex 49.6329 99.9122 1
    endloop
  endfacet
  facet normal -0.998574 -0.0533891 0
    outer loop
      vertex 49.8688 95.5 1
      vertex 49.6329 99.9122 1.5
      vertex 49.6329 99.9122 1
    endloop
  endfacet
  facet normal -0.998574 -0.0533891 0
    outer loop
      vertex 49.6329 99.9122 1.5
      vertex 49.8688 95.5 1
      vertex 49.8688 95.5 1.5
    endloop
  endfacet
  facet normal 0.997566 -0.0697263 0
    outer loop
      vertex 50.816 95.5 1.5
      vertex 51.383 103.612 1
      vertex 51.383 103.612 1.5
    endloop
  endfacet
  facet normal 0.997566 -0.0697263 0
    outer loop
      vertex 51.383 103.612 1
      vertex 50.816 95.5 1.5
      vertex 50.816 95.5 1
    endloop
  endfacet
  facet normal 0 1 -0
    outer loop
      vertex 51.383 103.612 1
      vertex 50.4727 103.612 1.5
      vertex 51.383 103.612 1.5
    endloop
  endfacet
  facet normal 0 1 0
    outer loop
      vertex 50.4727 103.612 1.5
      vertex 51.383 103.612 1
      vertex 50.4727 103.612 1
    endloop
  endfacet
  facet normal -0.999333 0.0365193 0
    outer loop
      vertex 50.3509 100.279 1
      vertex 50.4727 103.612 1.5
      vertex 50.4727 103.612 1
    endloop
  endfacet
  facet normal -0.999333 0.0365193 0
    outer loop
      vertex 50.4727 103.612 1.5
      vertex 50.3509 100.279 1
      vertex 50.3509 100.279 1.5
    endloop
  endfacet
  facet normal -0.999335 0.0364622 0
    outer loop
      vertex 50.3428 100.057 1
      vertex 50.3509 100.279 1.5
      vertex 50.3509 100.279 1
    endloop
  endfacet
  facet normal -0.999335 0.0364622 0
    outer loop
      vertex 50.3509 100.279 1.5
      vertex 50.3428 100.057 1
      vertex 50.3428 100.057 1.5
    endloop
  endfacet
  facet normal -0.999354 0.0359374 0
    outer loop
      vertex 50.3355 99.854 1
      vertex 50.3428 100.057 1.5
      vertex 50.3428 100.057 1
    endloop
  endfacet
  facet normal -0.999354 0.0359374 0
    outer loop
      vertex 50.3428 100.057 1.5
      vertex 50.3355 99.854 1
      vertex 50.3355 99.854 1.5
    endloop
  endfacet
  facet normal -0.999376 0.0353341 0
    outer loop
      vertex 50.3288 99.6645 1
      vertex 50.3355 99.854 1.5
      vertex 50.3355 99.854 1
    endloop
  endfacet
  facet normal -0.999376 0.0353341 0
    outer loop
      vertex 50.3355 99.854 1.5
      vertex 50.3288 99.6645 1
      vertex 50.3288 99.6645 1.5
    endloop
  endfacet
  facet normal -0.99942 0.0340649 0
    outer loop
      vertex 50.3226 99.4826 1
      vertex 50.3288 99.6645 1.5
      vertex 50.3288 99.6645 1
    endloop
  endfacet
  facet normal -0.99942 0.0340649 0
    outer loop
      vertex 50.3288 99.6645 1.5
      vertex 50.3226 99.4826 1
      vertex 50.3226 99.4826 1.5
    endloop
  endfacet
  facet normal -0.999463 0.0327784 0
    outer loop
      vertex 50.3167 99.3027 1
      vertex 50.3226 99.4826 1.5
      vertex 50.3226 99.4826 1
    endloop
  endfacet
  facet normal -0.999463 0.0327784 0
    outer loop
      vertex 50.3226 99.4826 1.5
      vertex 50.3167 99.3027 1
      vertex 50.3167 99.3027 1.5
    endloop
  endfacet
  facet normal -0.999518 0.0310477 0
    outer loop
      vertex 50.311 99.1192 1
      vertex 50.3167 99.3027 1.5
      vertex 50.3167 99.3027 1
    endloop
  endfacet
  facet normal -0.999518 0.0310477 0
    outer loop
      vertex 50.3167 99.3027 1.5
      vertex 50.311 99.1192 1
      vertex 50.311 99.1192 1.5
    endloop
  endfacet
  facet normal -0.999563 0.0295514 0
    outer loop
      vertex 50.3053 98.9264 1
      vertex 50.311 99.1192 1.5
      vertex 50.311 99.1192 1
    endloop
  endfacet
  facet normal -0.999563 0.0295514 0
    outer loop
      vertex 50.311 99.1192 1.5
      vertex 50.3053 98.9264 1
      vertex 50.3053 98.9264 1.5
    endloop
  endfacet
  facet normal -0.999598 0.0283676 0
    outer loop
      vertex 50.2994 98.7185 1
      vertex 50.3053 98.9264 1.5
      vertex 50.3053 98.9264 1
    endloop
  endfacet
  facet normal -0.999598 0.0283676 0
    outer loop
      vertex 50.3053 98.9264 1.5
      vertex 50.2994 98.7185 1
      vertex 50.2994 98.7185 1.5
    endloop
  endfacet
  facet normal -0.999632 0.0271235 0
    outer loop
      vertex 50.2932 98.49 1
      vertex 50.2994 98.7185 1.5
      vertex 50.2994 98.7185 1
    endloop
  endfacet
  facet normal -0.999632 0.0271235 0
    outer loop
      vertex 50.2994 98.7185 1.5
      vertex 50.2932 98.49 1
      vertex 50.2932 98.49 1.5
    endloop
  endfacet
  facet normal 0 1 -0
    outer loop
      vertex 50.2932 98.49 1
      vertex 50.2867 98.49 1.5
      vertex 50.2932 98.49 1.5
    endloop
  endfacet
  facet normal 0 1 0
    outer loop
      vertex 50.2867 98.49 1.5
      vertex 50.2932 98.49 1
      vertex 50.2867 98.49 1
    endloop
  endfacet
  facet normal 0.999589 0.0286749 0
    outer loop
      vertex 50.2867 98.49 1.5
      vertex 50.2803 98.7131 1
      vertex 50.2803 98.7131 1.5
    endloop
  endfacet
  facet normal 0.999589 0.0286749 0
    outer loop
      vertex 50.2803 98.7131 1
      vertex 50.2867 98.49 1.5
      vertex 50.2867 98.49 1
    endloop
  endfacet
  facet normal 0.999486 0.0320691 0
    outer loop
      vertex 50.2803 98.7131 1.5
      vertex 50.2737 98.9188 1
      vertex 50.2737 98.9188 1.5
    endloop
  endfacet
  facet normal 0.999486 0.0320691 0
    outer loop
      vertex 50.2737 98.9188 1
      vertex 50.2803 98.7131 1.5
      vertex 50.2803 98.7131 1
    endloop
  endfacet
  facet normal 0.999364 0.0356547 0
    outer loop
      vertex 50.2737 98.9188 1.5
      vertex 50.2668 99.1122 1
      vertex 50.2668 99.1122 1.5
    endloop
  endfacet
  facet normal 0.999364 0.0356547 0
    outer loop
      vertex 50.2668 99.1122 1
      vertex 50.2737 98.9188 1.5
      vertex 50.2737 98.9188 1
    endloop
  endfacet
  facet normal 0.99921 0.0397535 0
    outer loop
      vertex 50.2668 99.1122 1.5
      vertex 50.2594 99.2982 1
      vertex 50.2594 99.2982 1.5
    endloop
  endfacet
  facet normal 0.99921 0.0397535 0
    outer loop
      vertex 50.2594 99.2982 1
      vertex 50.2668 99.1122 1.5
      vertex 50.2668 99.1122 1
    endloop
  endfacet
  facet normal 0.999052 0.0435317 0
    outer loop
      vertex 50.2594 99.2982 1.5
      vertex 50.2514 99.4818 1
      vertex 50.2514 99.4818 1.5
    endloop
  endfacet
  facet normal 0.999052 0.0435317 0
    outer loop
      vertex 50.2514 99.4818 1
      vertex 50.2594 99.2982 1.5
      vertex 50.2594 99.2982 1
    endloop
  endfacet
  facet normal 0.998883 0.047259 0
    outer loop
      vertex 50.2514 99.4818 1.5
      vertex 50.2426 99.6678 1
      vertex 50.2426 99.6678 1.5
    endloop
  endfacet
  facet normal 0.998883 0.047259 0
    outer loop
      vertex 50.2426 99.6678 1
      vertex 50.2514 99.4818 1.5
      vertex 50.2514 99.4818 1
    endloop
  endfacet
  facet normal 0.998719 0.0506073 0
    outer loop
      vertex 50.2426 99.6678 1.5
      vertex 50.2328 99.8612 1
      vertex 50.2328 99.8612 1.5
    endloop
  endfacet
  facet normal 0.998719 0.0506073 0
    outer loop
      vertex 50.2328 99.8612 1
      vertex 50.2426 99.6678 1.5
      vertex 50.2426 99.6678 1
    endloop
  endfacet
  facet normal 0.998626 0.052406 0
    outer loop
      vertex 50.2328 99.8612 1.5
      vertex 50.222 100.067 1
      vertex 50.222 100.067 1.5
    endloop
  endfacet
  facet normal 0.998626 0.052406 0
    outer loop
      vertex 50.222 100.067 1
      vertex 50.2328 99.8612 1.5
      vertex 50.2328 99.8612 1
    endloop
  endfacet
  facet normal 0.998507 0.0546268 0
    outer loop
      vertex 50.222 100.067 1.5
      vertex 50.2098 100.29 1
      vertex 50.2098 100.29 1.5
    endloop
  endfacet
  facet normal 0.998507 0.0546268 0
    outer loop
      vertex 50.2098 100.29 1
      vertex 50.222 100.067 1.5
      vertex 50.222 100.067 1
    endloop
  endfacet
  facet normal 0.998745 0.0500876 0
    outer loop
      vertex 50.2098 100.29 1.5
      vertex 50.0432 103.612 1
      vertex 50.0432 103.612 1.5
    endloop
  endfacet
  facet normal 0.998745 0.0500876 0
    outer loop
      vertex 50.0432 103.612 1
      vertex 50.2098 100.29 1.5
      vertex 50.2098 100.29 1
    endloop
  endfacet
  facet normal 0 1 -0
    outer loop
      vertex 50.0432 103.612 1
      vertex 49.3572 103.612 1.5
      vertex 50.0432 103.612 1.5
    endloop
  endfacet
  facet normal 0 1 0
    outer loop
      vertex 49.3572 103.612 1.5
      vertex 50.0432 103.612 1
      vertex 49.3572 103.612 1
    endloop
  endfacet
  facet normal -0.997896 0.0648409 0
    outer loop
      vertex 49.1392 100.257 1
      vertex 49.3572 103.612 1.5
      vertex 49.3572 103.612 1
    endloop
  endfacet
  facet normal -0.997896 0.0648409 0
    outer loop
      vertex 49.3572 103.612 1.5
      vertex 49.1392 100.257 1
      vertex 49.1392 100.257 1.5
    endloop
  endfacet
  facet normal -0.998714 0.0506987 0
    outer loop
      vertex 49.0495 98.49 1
      vertex 49.1392 100.257 1.5
      vertex 49.1392 100.257 1
    endloop
  endfacet
  facet normal -0.998714 0.0506987 0
    outer loop
      vertex 49.1392 100.257 1.5
      vertex 49.0495 98.49 1
      vertex 49.0495 98.49 1.5
    endloop
  endfacet
  facet normal 0.999583 -0.0288625 0
    outer loop
      vertex 49.0495 98.49 1.5
      vertex 49.0544 98.6597 1
      vertex 49.0544 98.6597 1.5
    endloop
  endfacet
  facet normal 0.999583 -0.0288625 0
    outer loop
      vertex 49.0544 98.6597 1
      vertex 49.0495 98.49 1.5
      vertex 49.0495 98.49 1
    endloop
  endfacet
  facet normal 0.999729 -0.0232753 0
    outer loop
      vertex 49.0544 98.6597 1.5
      vertex 49.0565 98.7499 1
      vertex 49.0565 98.7499 1.5
    endloop
  endfacet
  facet normal 0.999729 -0.0232753 0
    outer loop
      vertex 49.0565 98.7499 1
      vertex 49.0544 98.6597 1.5
      vertex 49.0544 98.6597 1
    endloop
  endfacet
  facet normal 0.999993 0.00377356 0
    outer loop
      vertex 49.0565 98.7499 1.5
      vertex 49.0564 98.7764 1
      vertex 49.0564 98.7764 1.5
    endloop
  endfacet
  facet normal 0.999993 0.00377356 0
    outer loop
      vertex 49.0564 98.7764 1
      vertex 49.0565 98.7499 1.5
      vertex 49.0565 98.7499 1
    endloop
  endfacet
  facet normal -0.997164 0.0752577 0
    outer loop
      vertex 49.0548 98.7552 1
      vertex 49.0564 98.7764 1.5
      vertex 49.0564 98.7764 1
    endloop
  endfacet
  facet normal -0.997164 0.0752577 0
    outer loop
      vertex 49.0564 98.7764 1.5
      vertex 49.0548 98.7552 1
      vertex 49.0548 98.7552 1.5
    endloop
  endfacet
  facet normal -0.998705 0.0508774 0
    outer loop
      vertex 49.0521 98.7022 1
      vertex 49.0548 98.7552 1.5
      vertex 49.0548 98.7552 1
    endloop
  endfacet
  facet normal -0.998705 0.0508774 0
    outer loop
      vertex 49.0548 98.7552 1.5
      vertex 49.0521 98.7022 1
      vertex 49.0521 98.7022 1.5
    endloop
  endfacet
  facet normal -0.998992 0.0448823 0
    outer loop
      vertex 49.049 98.6332 1
      vertex 49.0521 98.7022 1.5
      vertex 49.0521 98.7022 1
    endloop
  endfacet
  facet normal -0.998992 0.0448823 0
    outer loop
      vertex 49.0521 98.7022 1.5
      vertex 49.049 98.6332 1
      vertex 49.049 98.6332 1.5
    endloop
  endfacet
  facet normal -0.999115 0.0420528 0
    outer loop
      vertex 49.0461 98.5643 1
      vertex 49.049 98.6332 1.5
      vertex 49.049 98.6332 1
    endloop
  endfacet
  facet normal -0.999115 0.0420528 0
    outer loop
      vertex 49.049 98.6332 1.5
      vertex 49.0461 98.5643 1
      vertex 49.0461 98.5643 1.5
    endloop
  endfacet
  facet normal -0.999186 0.040344 0
    outer loop
      vertex 49.0431 98.49 1
      vertex 49.0461 98.5643 1.5
      vertex 49.0461 98.5643 1
    endloop
  endfacet
  facet normal -0.999186 0.040344 0
    outer loop
      vertex 49.0461 98.5643 1.5
      vertex 49.0431 98.49 1
      vertex 49.0431 98.49 1.5
    endloop
  endfacet
  facet normal 0.999788 0.0205812 0
    outer loop
      vertex 49.0431 98.49 1.5
      vertex 49.0386 98.7086 1
      vertex 49.0386 98.7086 1.5
    endloop
  endfacet
  facet normal 0.999788 0.0205812 0
    outer loop
      vertex 49.0386 98.7086 1
      vertex 49.0431 98.49 1.5
      vertex 49.0431 98.49 1
    endloop
  endfacet
  facet normal 0.999732 0.0231288 0
    outer loop
      vertex 49.0386 98.7086 1.5
      vertex 49.0337 98.9204 1
      vertex 49.0337 98.9204 1.5
    endloop
  endfacet
  facet normal 0.999732 0.0231288 0
    outer loop
      vertex 49.0337 98.9204 1
      vertex 49.0386 98.7086 1.5
      vertex 49.0386 98.7086 1
    endloop
  endfacet
  facet normal 0.999667 0.0257947 0
    outer loop
      vertex 49.0337 98.9204 1.5
      vertex 49.0284 99.1258 1
      vertex 49.0284 99.1258 1.5
    endloop
  endfacet
  facet normal 0.999667 0.0257947 0
    outer loop
      vertex 49.0284 99.1258 1
      vertex 49.0337 98.9204 1.5
      vertex 49.0337 98.9204 1
    endloop
  endfacet
  facet normal 0.999607 0.028031 0
    outer loop
      vertex 49.0284 99.1258 1.5
      vertex 49.0228 99.3255 1
      vertex 49.0228 99.3255 1.5
    endloop
  endfacet
  facet normal 0.999607 0.028031 0
    outer loop
      vertex 49.0228 99.3255 1
      vertex 49.0284 99.1258 1.5
      vertex 49.0284 99.1258 1
    endloop
  endfacet
  facet normal 0.99954 0.0303202 0
    outer loop
      vertex 49.0228 99.3255 1.5
      vertex 49.0169 99.52 1
      vertex 49.0169 99.52 1.5
    endloop
  endfacet
  facet normal 0.99954 0.0303202 0
    outer loop
      vertex 49.0169 99.52 1
      vertex 49.0228 99.3255 1.5
      vertex 49.0228 99.3255 1
    endloop
  endfacet
  facet normal 0.999484 0.0321225 0
    outer loop
      vertex 49.0169 99.52 1.5
      vertex 49.0108 99.7098 1
      vertex 49.0108 99.7098 1.5
    endloop
  endfacet
  facet normal 0.999484 0.0321225 0
    outer loop
      vertex 49.0108 99.7098 1
      vertex 49.0169 99.52 1.5
      vertex 49.0169 99.52 1
    endloop
  endfacet
  facet normal 0.999443 0.0333865 0
    outer loop
      vertex 49.0108 99.7098 1.5
      vertex 49.0046 99.8954 1
      vertex 49.0046 99.8954 1.5
    endloop
  endfacet
  facet normal 0.999443 0.0333865 0
    outer loop
      vertex 49.0046 99.8954 1
      vertex 49.0108 99.7098 1.5
      vertex 49.0108 99.7098 1
    endloop
  endfacet
  facet normal 0.999386 0.0350278 0
    outer loop
      vertex 49.0046 99.8954 1.5
      vertex 48.9982 100.078 1
      vertex 48.9982 100.078 1.5
    endloop
  endfacet
  facet normal 0.999386 0.0350278 0
    outer loop
      vertex 48.9982 100.078 1
      vertex 49.0046 99.8954 1.5
      vertex 49.0046 99.8954 1
    endloop
  endfacet
  facet normal 0.999361 0.0357314 0
    outer loop
      vertex 48.9982 100.078 1.5
      vertex 48.9918 100.257 1
      vertex 48.9918 100.257 1.5
    endloop
  endfacet
  facet normal 0.999361 0.0357314 0
    outer loop
      vertex 48.9918 100.257 1
      vertex 48.9982 100.078 1.5
      vertex 48.9982 100.078 1
    endloop
  endfacet
  facet normal 0.999271 0.0381838 0
    outer loop
      vertex 48.9918 100.257 1.5
      vertex 48.8636 103.612 1
      vertex 48.8636 103.612 1.5
    endloop
  endfacet
  facet normal 0.999271 0.0381838 0
    outer loop
      vertex 48.8636 103.612 1
      vertex 48.9918 100.257 1.5
      vertex 48.9918 100.257 1
    endloop
  endfacet
  facet normal 0 1 -0
    outer loop
      vertex 48.8636 103.612 1
      vertex 47.8763 103.612 1.5
      vertex 48.8636 103.612 1.5
    endloop
  endfacet
  facet normal 0 1 0
    outer loop
      vertex 47.8763 103.612 1.5
      vertex 48.8636 103.612 1
      vertex 47.8763 103.612 1
    endloop
  endfacet
  facet normal -0.99762 -0.0689553 0
    outer loop
      vertex 48.437 95.5 1
      vertex 47.8763 103.612 1.5
      vertex 47.8763 103.612 1
    endloop
  endfacet
  facet normal -0.99762 -0.0689553 0
    outer loop
      vertex 47.8763 103.612 1.5
      vertex 48.437 95.5 1
      vertex 48.437 95.5 1.5
    endloop
  endfacet
  facet normal 0.998574 -0.0533891 0
    outer loop
      vertex 49.3841 95.5 1.5
      vertex 49.62 99.9122 1
      vertex 49.62 99.9122 1.5
    endloop
  endfacet
  facet normal 0.998574 -0.0533891 0
    outer loop
      vertex 49.62 99.9122 1
      vertex 49.3841 95.5 1.5
      vertex 49.3841 95.5 1
    endloop
  endfacet
  facet normal 1 -0 0
    outer loop
      vertex 57.7971 95.5 1.5
      vertex 57.7971 98.5458 1
      vertex 57.7971 98.5458 1.5
    endloop
  endfacet
  facet normal 1 0 0
    outer loop
      vertex 57.7971 98.5458 1
      vertex 57.7971 95.5 1.5
      vertex 57.7971 95.5 1
    endloop
  endfacet
  facet normal 1 -0 0
    outer loop
      vertex 57.7971 98.5458 1.5
      vertex 57.7971 98.7942 1
      vertex 57.7971 98.7942 1.5
    endloop
  endfacet
  facet normal 1 0 0
    outer loop
      vertex 57.7971 98.7942 1
      vertex 57.7971 98.5458 1.5
      vertex 57.7971 98.5458 1
    endloop
  endfacet
  facet normal 1 0.000813008 0
    outer loop
      vertex 57.7971 98.7942 1.5
      vertex 57.7969 99.0402 1
      vertex 57.7969 99.0402 1.5
    endloop
  endfacet
  facet normal 1 0.000813008 0
    outer loop
      vertex 57.7969 99.0402 1
      vertex 57.7971 98.7942 1.5
      vertex 57.7971 98.7942 1
    endloop
  endfacet
  facet normal 0.999999 0.00126263 0
    outer loop
      vertex 57.7969 99.0402 1.5
      vertex 57.7966 99.2778 1
      vertex 57.7966 99.2778 1.5
    endloop
  endfacet
  facet normal 0.999999 0.00126263 0
    outer loop
      vertex 57.7966 99.2778 1
      vertex 57.7969 99.0402 1.5
      vertex 57.7969 99.0402 1
    endloop
  endfacet
  facet normal 0.999996 0.00269299 0
    outer loop
      vertex 57.7966 99.2778 1.5
      vertex 57.796 99.5006 1
      vertex 57.796 99.5006 1.5
    endloop
  endfacet
  facet normal 0.999996 0.00269299 0
    outer loop
      vertex 57.796 99.5006 1
      vertex 57.7966 99.2778 1.5
      vertex 57.7966 99.2778 1
    endloop
  endfacet
  facet normal 0.999992 0.00395645 0
    outer loop
      vertex 57.796 99.5006 1.5
      vertex 57.7952 99.7028 1
      vertex 57.7952 99.7028 1.5
    endloop
  endfacet
  facet normal 0.999992 0.00395645 0
    outer loop
      vertex 57.7952 99.7028 1
      vertex 57.796 99.5006 1.5
      vertex 57.796 99.5006 1
    endloop
  endfacet
  facet normal 0.99998 0.00627842 0
    outer loop
      vertex 57.7952 99.7028 1.5
      vertex 57.7941 99.878 1
      vertex 57.7941 99.878 1.5
    endloop
  endfacet
  facet normal 0.99998 0.00627842 0
    outer loop
      vertex 57.7941 99.878 1
      vertex 57.7952 99.7028 1.5
      vertex 57.7952 99.7028 1
    endloop
  endfacet
  facet normal 0.999944 0.0105628 0
    outer loop
      vertex 57.7941 99.878 1.5
      vertex 57.7926 100.02 1
      vertex 57.7926 100.02 1.5
    endloop
  endfacet
  facet normal 0.999944 0.0105628 0
    outer loop
      vertex 57.7926 100.02 1
      vertex 57.7941 99.878 1.5
      vertex 57.7941 99.878 1
    endloop
  endfacet
  facet normal 0.99983 0.0184435 0
    outer loop
      vertex 57.7926 100.02 1.5
      vertex 57.7907 100.123 1
      vertex 57.7907 100.123 1.5
    endloop
  endfacet
  facet normal 0.99983 0.0184435 0
    outer loop
      vertex 57.7907 100.123 1
      vertex 57.7926 100.02 1.5
      vertex 57.7926 100.02 1
    endloop
  endfacet
  facet normal 0 -1 0
    outer loop
      vertex 57.7907 100.123 1
      vertex 57.8036 100.123 1.5
      vertex 57.7907 100.123 1.5
    endloop
  endfacet
  facet normal 0 -1 -0
    outer loop
      vertex 57.8036 100.123 1.5
      vertex 57.7907 100.123 1
      vertex 57.8036 100.123 1
    endloop
  endfacet
  facet normal -0.998801 -0.0489608 0
    outer loop
      vertex 57.8176 99.8374 1
      vertex 57.8036 100.123 1.5
      vertex 57.8036 100.123 1
    endloop
  endfacet
  facet normal -0.998801 -0.0489608 0
    outer loop
      vertex 57.8036 100.123 1.5
      vertex 57.8176 99.8374 1
      vertex 57.8176 99.8374 1.5
    endloop
  endfacet
  facet normal -0.998769 -0.0496038 0
    outer loop
      vertex 57.8302 99.5837 1
      vertex 57.8176 99.8374 1.5
      vertex 57.8176 99.8374 1
    endloop
  endfacet
  facet normal -0.998769 -0.0496038 0
    outer loop
      vertex 57.8176 99.8374 1.5
      vertex 57.8302 99.5837 1
      vertex 57.8302 99.5837 1.5
    endloop
  endfacet
  facet normal -0.998732 -0.050334 0
    outer loop
      vertex 57.8416 99.3575 1
      vertex 57.8302 99.5837 1.5
      vertex 57.8302 99.5837 1
    endloop
  endfacet
  facet normal -0.998732 -0.050334 0
    outer loop
      vertex 57.8302 99.5837 1.5
      vertex 57.8416 99.3575 1
      vertex 57.8416 99.3575 1.5
    endloop
  endfacet
  facet normal -0.99867 -0.0515538 0
    outer loop
      vertex 57.8521 99.1541 1
      vertex 57.8416 99.3575 1.5
      vertex 57.8416 99.3575 1
    endloop
  endfacet
  facet normal -0.99867 -0.0515538 0
    outer loop
      vertex 57.8416 99.3575 1.5
      vertex 57.8521 99.1541 1
      vertex 57.8521 99.1541 1.5
    endloop
  endfacet
  facet normal -0.99849 -0.0549331 0
    outer loop
      vertex 57.8623 98.9687 1
      vertex 57.8521 99.1541 1.5
      vertex 57.8521 99.1541 1
    endloop
  endfacet
  facet normal -0.99849 -0.0549331 0
    outer loop
      vertex 57.8521 99.1541 1.5
      vertex 57.8623 98.9687 1
      vertex 57.8623 98.9687 1.5
    endloop
  endfacet
  facet normal -0.998282 -0.058586 0
    outer loop
      vertex 57.8724 98.7966 1
      vertex 57.8623 98.9687 1.5
      vertex 57.8623 98.9687 1
    endloop
  endfacet
  facet normal -0.998282 -0.058586 0
    outer loop
      vertex 57.8623 98.9687 1.5
      vertex 57.8724 98.7966 1
      vertex 57.8724 98.7966 1.5
    endloop
  endfacet
  facet normal -0.997986 -0.0634416 0
    outer loop
      vertex 57.8828 98.633 1
      vertex 57.8724 98.7966 1.5
      vertex 57.8724 98.7966 1
    endloop
  endfacet
  facet normal -0.997986 -0.0634416 0
    outer loop
      vertex 57.8724 98.7966 1.5
      vertex 57.8828 98.633 1
      vertex 57.8828 98.633 1.5
    endloop
  endfacet
  facet normal -0.997556 -0.0698726 0
    outer loop
      vertex 57.894 98.4731 1
      vertex 57.8828 98.633 1.5
      vertex 57.8828 98.633 1
    endloop
  endfacet
  facet normal -0.997556 -0.0698726 0
    outer loop
      vertex 57.8828 98.633 1.5
      vertex 57.894 98.4731 1
      vertex 57.894 98.4731 1.5
    endloop
  endfacet
  facet normal -0.997184 -0.0749902 0
    outer loop
      vertex 57.9061 98.3122 1
      vertex 57.894 98.4731 1.5
      vertex 57.894 98.4731 1
    endloop
  endfacet
  facet normal -0.997184 -0.0749902 0
    outer loop
      vertex 57.894 98.4731 1.5
      vertex 57.9061 98.3122 1
      vertex 57.9061 98.3122 1.5
    endloop
  endfacet
  facet normal -0.996896 -0.0787322 0
    outer loop
      vertex 58.1282 95.5 1
      vertex 57.9061 98.3122 1.5
      vertex 57.9061 98.3122 1
    endloop
  endfacet
  facet normal -0.996896 -0.0787322 0
    outer loop
      vertex 57.9061 98.3122 1.5
      vertex 58.1282 95.5 1
      vertex 58.1282 95.5 1.5
    endloop
  endfacet
  facet normal 0.996896 -0.0787322 0
    outer loop
      vertex 58.6264 95.5 1.5
      vertex 58.8485 98.3122 1
      vertex 58.8485 98.3122 1.5
    endloop
  endfacet
  facet normal 0.996896 -0.0787322 0
    outer loop
      vertex 58.8485 98.3122 1
      vertex 58.6264 95.5 1.5
      vertex 58.6264 95.5 1
    endloop
  endfacet
  facet normal 0.997219 -0.0745253 0
    outer loop
      vertex 58.8485 98.3122 1.5
      vertex 58.8611 98.4808 1
      vertex 58.8611 98.4808 1.5
    endloop
  endfacet
  facet normal 0.997219 -0.0745253 0
    outer loop
      vertex 58.8611 98.4808 1
      vertex 58.8485 98.3122 1.5
      vertex 58.8485 98.3122 1
    endloop
  endfacet
  facet normal 0.997693 -0.0678854 0
    outer loop
      vertex 58.8611 98.4808 1.5
      vertex 58.8733 98.6601 1
      vertex 58.8733 98.6601 1.5
    endloop
  endfacet
  facet normal 0.997693 -0.0678854 0
    outer loop
      vertex 58.8733 98.6601 1
      vertex 58.8611 98.4808 1.5
      vertex 58.8611 98.4808 1
    endloop
  endfacet
  facet normal 0.998061 -0.0622469 0
    outer loop
      vertex 58.8733 98.6601 1.5
      vertex 58.8851 98.8493 1
      vertex 58.8851 98.8493 1.5
    endloop
  endfacet
  facet normal 0.998061 -0.0622469 0
    outer loop
      vertex 58.8851 98.8493 1
      vertex 58.8733 98.6601 1.5
      vertex 58.8733 98.6601 1
    endloop
  endfacet
  facet normal 0.998321 -0.0579248 0
    outer loop
      vertex 58.8851 98.8493 1.5
      vertex 58.8966 99.0475 1
      vertex 58.8966 99.0475 1.5
    endloop
  endfacet
  facet normal 0.998321 -0.0579248 0
    outer loop
      vertex 58.8966 99.0475 1
      vertex 58.8851 98.8493 1.5
      vertex 58.8851 98.8493 1
    endloop
  endfacet
  facet normal 0.998531 -0.0541839 0
    outer loop
      vertex 58.8966 99.0475 1.5
      vertex 58.9078 99.2539 1
      vertex 58.9078 99.2539 1.5
    endloop
  endfacet
  facet normal 0.998531 -0.0541839 0
    outer loop
      vertex 58.9078 99.2539 1
      vertex 58.8966 99.0475 1.5
      vertex 58.8966 99.0475 1
    endloop
  endfacet
  facet normal 0.99868 -0.051358 0
    outer loop
      vertex 58.9078 99.2539 1.5
      vertex 58.9188 99.4678 1
      vertex 58.9188 99.4678 1.5
    endloop
  endfacet
  facet normal 0.99868 -0.051358 0
    outer loop
      vertex 58.9188 99.4678 1
      vertex 58.9078 99.2539 1.5
      vertex 58.9078 99.2539 1
    endloop
  endfacet
  facet normal 0.998802 -0.0489431 0
    outer loop
      vertex 58.9188 99.4678 1.5
      vertex 58.9296 99.6882 1
      vertex 58.9296 99.6882 1.5
    endloop
  endfacet
  facet normal 0.998802 -0.0489431 0
    outer loop
      vertex 58.9296 99.6882 1
      vertex 58.9188 99.4678 1.5
      vertex 58.9188 99.4678 1
    endloop
  endfacet
  facet normal 0.998862 -0.047691 0
    outer loop
      vertex 58.9296 99.6882 1.5
      vertex 58.9404 99.9144 1
      vertex 58.9404 99.9144 1.5
    endloop
  endfacet
  facet normal 0.998862 -0.047691 0
    outer loop
      vertex 58.9404 99.9144 1
      vertex 58.9296 99.6882 1.5
      vertex 58.9296 99.6882 1
    endloop
  endfacet
  facet normal 0.998934 -0.0461511 0
    outer loop
      vertex 58.9404 99.9144 1.5
      vertex 58.9511 100.146 1
      vertex 58.9511 100.146 1.5
    endloop
  endfacet
  facet normal 0.998934 -0.0461511 0
    outer loop
      vertex 58.9511 100.146 1
      vertex 58.9404 99.9144 1.5
      vertex 58.9404 99.9144 1
    endloop
  endfacet
  facet normal 0 -1 0
    outer loop
      vertex 58.9511 100.146 1
      vertex 58.9639 100.146 1.5
      vertex 58.9511 100.146 1.5
    endloop
  endfacet
  facet normal 0 -1 -0
    outer loop
      vertex 58.9639 100.146 1.5
      vertex 58.9511 100.146 1
      vertex 58.9639 100.146 1
    endloop
  endfacet
  facet normal -0.999999 0.00121212 0
    outer loop
      vertex 58.9637 99.981 1
      vertex 58.9639 100.146 1.5
      vertex 58.9639 100.146 1
    endloop
  endfacet
  facet normal -0.999999 0.00121212 0
    outer loop
      vertex 58.9639 100.146 1.5
      vertex 58.9637 99.981 1
      vertex 58.9637 99.981 1.5
    endloop
  endfacet
  facet normal -0.999994 0.00331673 0
    outer loop
      vertex 58.9631 99.8001 1
      vertex 58.9637 99.981 1.5
      vertex 58.9637 99.981 1
    endloop
  endfacet
  facet normal -0.999994 0.00331673 0
    outer loop
      vertex 58.9637 99.981 1.5
      vertex 58.9631 99.8001 1
      vertex 58.9631 99.8001 1.5
    endloop
  endfacet
  facet normal -0.999989 0.0046272 0
    outer loop
      vertex 58.9622 99.6056 1
      vertex 58.9631 99.8001 1.5
      vertex 58.9631 99.8001 1
    endloop
  endfacet
  facet normal -0.999989 0.0046272 0
    outer loop
      vertex 58.9631 99.8001 1.5
      vertex 58.9622 99.6056 1
      vertex 58.9622 99.6056 1.5
    endloop
  endfacet
  facet normal -0.999989 0.00477094 0
    outer loop
      vertex 58.9602 99.1864 1
      vertex 58.9622 99.6056 1.5
      vertex 58.9622 99.6056 1
    endloop
  endfacet
  facet normal -0.999989 0.00477094 0
    outer loop
      vertex 58.9622 99.6056 1.5
      vertex 58.9602 99.1864 1
      vertex 58.9602 99.1864 1.5
    endloop
  endfacet
  facet normal -0.99999 0.00455576 0
    outer loop
      vertex 58.9592 98.9669 1
      vertex 58.9602 99.1864 1.5
      vertex 58.9602 99.1864 1
    endloop
  endfacet
  facet normal -0.99999 0.00455576 0
    outer loop
      vertex 58.9602 99.1864 1.5
      vertex 58.9592 98.9669 1
      vertex 58.9592 98.9669 1.5
    endloop
  endfacet
  facet normal -0.999992 0.00404673 0
    outer loop
      vertex 58.9583 98.7445 1
      vertex 58.9592 98.9669 1.5
      vertex 58.9592 98.9669 1
    endloop
  endfacet
  facet normal -0.999992 0.00404673 0
    outer loop
      vertex 58.9592 98.9669 1.5
      vertex 58.9583 98.7445 1
      vertex 58.9583 98.7445 1.5
    endloop
  endfacet
  facet normal -0.999996 0.00269299 0
    outer loop
      vertex 58.9577 98.5217 1
      vertex 58.9583 98.7445 1.5
      vertex 58.9583 98.7445 1
    endloop
  endfacet
  facet normal -0.999996 0.00269299 0
    outer loop
      vertex 58.9583 98.7445 1.5
      vertex 58.9577 98.5217 1
      vertex 58.9577 98.5217 1.5
    endloop
  endfacet
  facet normal -1 0.000906618 0
    outer loop
      vertex 58.9575 98.3011 1
      vertex 58.9577 98.5217 1.5
      vertex 58.9577 98.5217 1
    endloop
  endfacet
  facet normal -1 0.000906618 0
    outer loop
      vertex 58.9577 98.5217 1.5
      vertex 58.9575 98.3011 1
      vertex 58.9575 98.3011 1.5
    endloop
  endfacet
  facet normal -1 0 0
    outer loop
      vertex 58.9575 95.5 1
      vertex 58.9575 98.3011 1.5
      vertex 58.9575 98.3011 1
    endloop
  endfacet
  facet normal -1 -0 0
    outer loop
      vertex 58.9575 98.3011 1.5
      vertex 58.9575 95.5 1
      vertex 58.9575 95.5 1.5
    endloop
  endfacet
  facet normal 1 -0 0
    outer loop
      vertex 59.9063 95.5 1.5
      vertex 59.9063 103.612 1
      vertex 59.9063 103.612 1.5
    endloop
  endfacet
  facet normal 1 0 0
    outer loop
      vertex 59.9063 103.612 1
      vertex 59.9063 95.5 1.5
      vertex 59.9063 95.5 1
    endloop
  endfacet
  facet normal 0 1 -0
    outer loop
      vertex 59.9063 103.612 1
      vertex 58.7203 103.612 1.5
      vertex 59.9063 103.612 1.5
    endloop
  endfacet
  facet normal 0 1 0
    outer loop
      vertex 58.7203 103.612 1.5
      vertex 59.9063 103.612 1
      vertex 58.7203 103.612 1
    endloop
  endfacet
  facet normal -0.998114 0.0613803 0
    outer loop
      vertex 58.4511 99.2345 1
      vertex 58.7203 103.612 1.5
      vertex 58.7203 103.612 1
    endloop
  endfacet
  facet normal -0.998114 0.0613803 0
    outer loop
      vertex 58.7203 103.612 1.5
      vertex 58.4511 99.2345 1
      vertex 58.4511 99.2345 1.5
    endloop
  endfacet
  facet normal 0 1 -0
    outer loop
      vertex 58.4511 99.2345 1
      vertex 58.4446 99.2345 1.5
      vertex 58.4511 99.2345 1.5
    endloop
  endfacet
  facet normal 0 1 0
    outer loop
      vertex 58.4446 99.2345 1.5
      vertex 58.4511 99.2345 1
      vertex 58.4446 99.2345 1
    endloop
  endfacet
  facet normal 0.998114 0.0613803 0
    outer loop
      vertex 58.4446 99.2345 1.5
      vertex 58.1754 103.612 1
      vertex 58.1754 103.612 1.5
    endloop
  endfacet
  facet normal 0.998114 0.0613803 0
    outer loop
      vertex 58.1754 103.612 1
      vertex 58.4446 99.2345 1.5
      vertex 58.4446 99.2345 1
    endloop
  endfacet
  facet normal 0 1 -0
    outer loop
      vertex 58.1754 103.612 1
      vertex 56.983 103.612 1.5
      vertex 58.1754 103.612 1.5
    endloop
  endfacet
  facet normal 0 1 0
    outer loop
      vertex 56.983 103.612 1.5
      vertex 58.1754 103.612 1
      vertex 56.983 103.612 1
    endloop
  endfacet
  facet normal -1 0 0
    outer loop
      vertex 56.983 95.5 1
      vertex 56.983 103.612 1.5
      vertex 56.983 103.612 1
    endloop
  endfacet
  facet normal -1 -0 0
    outer loop
      vertex 56.983 103.612 1.5
      vertex 56.983 95.5 1
      vertex 56.983 95.5 1.5
    endloop
  endfacet
  facet normal 0 -1 0
    outer loop
      vertex 61.1382 97.9011 1
      vertex 61.1766 97.9011 1.5
      vertex 61.1382 97.9011 1.5
    endloop
  endfacet
  facet normal 0 -1 -0
    outer loop
      vertex 61.1766 97.9011 1.5
      vertex 61.1382 97.9011 1
      vertex 61.1766 97.9011 1
    endloop
  endfacet
  facet normal 0.0470941 -0.99889 0
    outer loop
      vertex 61.1766 97.9011 1
      vertex 61.3781 97.9106 1.5
      vertex 61.1766 97.9011 1.5
    endloop
  endfacet
  facet normal 0.0470941 -0.99889 0
    outer loop
      vertex 61.3781 97.9106 1.5
      vertex 61.1766 97.9011 1
      vertex 61.3781 97.9106 1
    endloop
  endfacet
  facet normal 0.201789 -0.979429 0
    outer loop
      vertex 61.3781 97.9106 1
      vertex 61.5805 97.9523 1.5
      vertex 61.3781 97.9106 1.5
    endloop
  endfacet
  facet normal 0.201789 -0.979429 0
    outer loop
      vertex 61.5805 97.9523 1.5
      vertex 61.3781 97.9106 1
      vertex 61.5805 97.9523 1
    endloop
  endfacet
  facet normal 0.42988 -0.902886 0
    outer loop
      vertex 61.5805 97.9523 1
      vertex 61.7773 98.046 1.5
      vertex 61.5805 97.9523 1.5
    endloop
  endfacet
  facet normal 0.42988 -0.902886 0
    outer loop
      vertex 61.7773 98.046 1.5
      vertex 61.5805 97.9523 1
      vertex 61.7773 98.046 1
    endloop
  endfacet
  facet normal 0.66756 -0.744556 0
    outer loop
      vertex 61.7773 98.046 1
      vertex 61.962 98.2116 1.5
      vertex 61.7773 98.046 1.5
    endloop
  endfacet
  facet normal 0.66756 -0.744556 0
    outer loop
      vertex 61.962 98.2116 1.5
      vertex 61.7773 98.046 1
      vertex 61.962 98.2116 1
    endloop
  endfacet
  facet normal 0.840445 -0.541896 0
    outer loop
      vertex 61.962 98.2116 1.5
      vertex 62.1279 98.4689 1
      vertex 62.1279 98.4689 1.5
    endloop
  endfacet
  facet normal 0.840445 -0.541896 0
    outer loop
      vertex 62.1279 98.4689 1
      vertex 61.962 98.2116 1.5
      vertex 61.962 98.2116 1
    endloop
  endfacet
  facet normal 0.934484 -0.356006 0
    outer loop
      vertex 62.1279 98.4689 1.5
      vertex 62.2684 98.8377 1
      vertex 62.2684 98.8377 1.5
    endloop
  endfacet
  facet normal 0.934484 -0.356006 0
    outer loop
      vertex 62.2684 98.8377 1
      vertex 62.1279 98.4689 1.5
      vertex 62.1279 98.4689 1
    endloop
  endfacet
  facet normal 0.977282 -0.211943 0
    outer loop
      vertex 62.2684 98.8377 1.5
      vertex 62.3769 99.338 1
      vertex 62.3769 99.338 1.5
    endloop
  endfacet
  facet normal 0.977282 -0.211943 0
    outer loop
      vertex 62.3769 99.338 1
      vertex 62.2684 98.8377 1.5
      vertex 62.2684 98.8377 1
    endloop
  endfacet
  facet normal 0.994295 -0.106662 0
    outer loop
      vertex 62.3769 99.338 1.5
      vertex 62.4468 99.9896 1
      vertex 62.4468 99.9896 1.5
    endloop
  endfacet
  facet normal 0.994295 -0.106662 0
    outer loop
      vertex 62.4468 99.9896 1
      vertex 62.3769 99.338 1.5
      vertex 62.3769 99.338 1
    endloop
  endfacet
  facet normal 0.999546 -0.0301419 0
    outer loop
      vertex 62.4468 99.9896 1.5
      vertex 62.4716 100.812 1
      vertex 62.4716 100.812 1.5
    endloop
  endfacet
  facet normal 0.999546 -0.0301419 0
    outer loop
      vertex 62.4716 100.812 1
      vertex 62.4468 99.9896 1.5
      vertex 62.4468 99.9896 1
    endloop
  endfacet
  facet normal 0.999497 0.0317279 0
    outer loop
      vertex 62.4716 100.812 1.5
      vertex 62.4483 101.546 1
      vertex 62.4483 101.546 1.5
    endloop
  endfacet
  facet normal 0.999497 0.0317279 0
    outer loop
      vertex 62.4483 101.546 1
      vertex 62.4716 100.812 1.5
      vertex 62.4716 100.812 1
    endloop
  endfacet
  facet normal 0.993924 0.110065 0
    outer loop
      vertex 62.4483 101.546 1.5
      vertex 62.3823 102.142 1
      vertex 62.3823 102.142 1.5
    endloop
  endfacet
  facet normal 0.993924 0.110065 0
    outer loop
      vertex 62.3823 102.142 1
      vertex 62.4483 101.546 1.5
      vertex 62.4483 101.546 1
    endloop
  endfacet
  facet normal 0.977102 0.212773 0
    outer loop
      vertex 62.3823 102.142 1.5
      vertex 62.2793 102.615 1
      vertex 62.2793 102.615 1.5
    endloop
  endfacet
  facet normal 0.977102 0.212773 0
    outer loop
      vertex 62.2793 102.615 1
      vertex 62.3823 102.142 1.5
      vertex 62.3823 102.142 1
    endloop
  endfacet
  facet normal 0.937474 0.348056 0
    outer loop
      vertex 62.2793 102.615 1.5
      vertex 62.1449 102.977 1
      vertex 62.1449 102.977 1.5
    endloop
  endfacet
  facet normal 0.937474 0.348056 0
    outer loop
      vertex 62.1449 102.977 1
      vertex 62.2793 102.615 1.5
      vertex 62.2793 102.615 1
    endloop
  endfacet
  facet normal 0.856064 0.516869 0
    outer loop
      vertex 62.1449 102.977 1.5
      vertex 61.9849 103.242 1
      vertex 61.9849 103.242 1.5
    endloop
  endfacet
  facet normal 0.856064 0.516869 0
    outer loop
      vertex 61.9849 103.242 1
      vertex 62.1449 102.977 1.5
      vertex 62.1449 102.977 1
    endloop
  endfacet
  facet normal 0.712926 0.701239 0
    outer loop
      vertex 61.9849 103.242 1.5
      vertex 61.8049 103.425 1
      vertex 61.8049 103.425 1.5
    endloop
  endfacet
  facet normal 0.712926 0.701239 0
    outer loop
      vertex 61.8049 103.425 1
      vertex 61.9849 103.242 1.5
      vertex 61.9849 103.242 1
    endloop
  endfacet
  facet normal 0.50293 0.864327 -0
    outer loop
      vertex 61.8049 103.425 1
      vertex 61.6107 103.538 1.5
      vertex 61.8049 103.425 1.5
    endloop
  endfacet
  facet normal 0.50293 0.864327 0
    outer loop
      vertex 61.6107 103.538 1.5
      vertex 61.8049 103.425 1
      vertex 61.6107 103.538 1
    endloop
  endfacet
  facet normal 0.274972 0.961452 -0
    outer loop
      vertex 61.6107 103.538 1
      vertex 61.4079 103.596 1.5
      vertex 61.6107 103.538 1.5
    endloop
  endfacet
  facet normal 0.274972 0.961452 0
    outer loop
      vertex 61.4079 103.596 1.5
      vertex 61.6107 103.538 1
      vertex 61.4079 103.596 1
    endloop
  endfacet
  facet normal 0.0775864 0.996986 -0
    outer loop
      vertex 61.4079 103.596 1
      vertex 61.2023 103.612 1.5
      vertex 61.4079 103.596 1.5
    endloop
  endfacet
  facet normal 0.0775864 0.996986 0
    outer loop
      vertex 61.2023 103.612 1.5
      vertex 61.4079 103.596 1
      vertex 61.2023 103.612 1
    endloop
  endfacet
  facet normal 0 1 -0
    outer loop
      vertex 61.2023 103.612 1
      vertex 60.1445 103.612 1.5
      vertex 61.2023 103.612 1.5
    endloop
  endfacet
  facet normal 0 1 0
    outer loop
      vertex 60.1445 103.612 1.5
      vertex 61.2023 103.612 1
      vertex 60.1445 103.612 1
    endloop
  endfacet
  facet normal -1 0 0
    outer loop
      vertex 60.1445 95.5 1
      vertex 60.1445 103.612 1.5
      vertex 60.1445 103.612 1
    endloop
  endfacet
  facet normal -1 -0 0
    outer loop
      vertex 60.1445 103.612 1.5
      vertex 60.1445 95.5 1
      vertex 60.1445 95.5 1.5
    endloop
  endfacet
  facet normal 1 -0 0
    outer loop
      vertex 61.1382 95.5 1.5
      vertex 61.1382 97.9011 1
      vertex 61.1382 97.9011 1.5
    endloop
  endfacet
  facet normal 1 0 0
    outer loop
      vertex 61.1382 97.9011 1
      vertex 61.1382 95.5 1.5
      vertex 61.1382 95.5 1
    endloop
  endfacet
  facet normal 1 -0 0
    outer loop
      vertex 61.1382 99.3566 1.5
      vertex 61.1382 102.101 1
      vertex 61.1382 102.101 1.5
    endloop
  endfacet
  facet normal 1 0 0
    outer loop
      vertex 61.1382 102.101 1
      vertex 61.1382 99.3566 1.5
      vertex 61.1382 99.3566 1
    endloop
  endfacet
  facet normal 0 -1 0
    outer loop
      vertex 61.1382 102.101 1
      vertex 61.183 102.101 1.5
      vertex 61.1382 102.101 1.5
    endloop
  endfacet
  facet normal 0 -1 -0
    outer loop
      vertex 61.183 102.101 1.5
      vertex 61.1382 102.101 1
      vertex 61.183 102.101 1
    endloop
  endfacet
  facet normal -0.0379954 -0.999278 0
    outer loop
      vertex 61.183 102.101 1
      vertex 61.2356 102.099 1.5
      vertex 61.183 102.101 1.5
    endloop
  endfacet
  facet normal -0.0379954 -0.999278 -0
    outer loop
      vertex 61.2356 102.099 1.5
      vertex 61.183 102.101 1
      vertex 61.2356 102.099 1
    endloop
  endfacet
  facet normal -0.286822 -0.957984 0
    outer loop
      vertex 61.2356 102.099 1
      vertex 61.2857 102.084 1.5
      vertex 61.2356 102.099 1.5
    endloop
  endfacet
  facet normal -0.286822 -0.957984 -0
    outer loop
      vertex 61.2857 102.084 1.5
      vertex 61.2356 102.099 1
      vertex 61.2857 102.084 1
    endloop
  endfacet
  facet normal -0.61053 -0.791993 0
    outer loop
      vertex 61.2857 102.084 1
      vertex 61.3324 102.048 1.5
      vertex 61.2857 102.084 1.5
    endloop
  endfacet
  facet normal -0.61053 -0.791993 -0
    outer loop
      vertex 61.3324 102.048 1.5
      vertex 61.2857 102.084 1
      vertex 61.3324 102.048 1
    endloop
  endfacet
  facet normal -0.852548 -0.522649 0
    outer loop
      vertex 61.3747 101.979 1
      vertex 61.3324 102.048 1.5
      vertex 61.3324 102.048 1
    endloop
  endfacet
  facet normal -0.852548 -0.522649 0
    outer loop
      vertex 61.3324 102.048 1.5
      vertex 61.3747 101.979 1
      vertex 61.3747 101.979 1.5
    endloop
  endfacet
  facet normal -0.950032 -0.312153 0
    outer loop
      vertex 61.4115 101.867 1
      vertex 61.3747 101.979 1.5
      vertex 61.3747 101.979 1
    endloop
  endfacet
  facet normal -0.950032 -0.312153 0
    outer loop
      vertex 61.3747 101.979 1.5
      vertex 61.4115 101.867 1
      vertex 61.4115 101.867 1.5
    endloop
  endfacet
  facet normal -0.98325 -0.182261 0
    outer loop
      vertex 61.4419 101.703 1
      vertex 61.4115 101.867 1.5
      vertex 61.4115 101.867 1
    endloop
  endfacet
  facet normal -0.98325 -0.182261 0
    outer loop
      vertex 61.4115 101.867 1.5
      vertex 61.4419 101.703 1
      vertex 61.4419 101.703 1.5
    endloop
  endfacet
  facet normal -0.994994 -0.0999358 0
    outer loop
      vertex 61.4648 101.475 1
      vertex 61.4419 101.703 1.5
      vertex 61.4419 101.703 1
    endloop
  endfacet
  facet normal -0.994994 -0.0999358 0
    outer loop
      vertex 61.4419 101.703 1.5
      vertex 61.4648 101.475 1
      vertex 61.4648 101.475 1.5
    endloop
  endfacet
  facet normal -0.998842 -0.048117 0
    outer loop
      vertex 61.4793 101.174 1
      vertex 61.4648 101.475 1.5
      vertex 61.4648 101.475 1
    endloop
  endfacet
  facet normal -0.998842 -0.048117 0
    outer loop
      vertex 61.4648 101.475 1.5
      vertex 61.4793 101.174 1
      vertex 61.4793 101.174 1.5
    endloop
  endfacet
  facet normal -0.999912 -0.0132801 0
    outer loop
      vertex 61.4844 100.79 1
      vertex 61.4793 101.174 1.5
      vertex 61.4793 101.174 1
    endloop
  endfacet
  facet normal -0.999912 -0.0132801 0
    outer loop
      vertex 61.4793 101.174 1.5
      vertex 61.4844 100.79 1
      vertex 61.4844 100.79 1.5
    endloop
  endfacet
  facet normal -0.999923 0.0123777 0
    outer loop
      vertex 61.4793 100.378 1
      vertex 61.4844 100.79 1.5
      vertex 61.4844 100.79 1
    endloop
  endfacet
  facet normal -0.999923 0.0123777 0
    outer loop
      vertex 61.4844 100.79 1.5
      vertex 61.4793 100.378 1
      vertex 61.4793 100.378 1.5
    endloop
  endfacet
  facet normal -0.99902 0.0442643 0
    outer loop
      vertex 61.4649 100.053 1
      vertex 61.4793 100.378 1.5
      vertex 61.4793 100.378 1
    endloop
  endfacet
  facet normal -0.99902 0.0442643 0
    outer loop
      vertex 61.4793 100.378 1.5
      vertex 61.4649 100.053 1
      vertex 61.4649 100.053 1.5
    endloop
  endfacet
  facet normal -0.995763 0.0919538 0
    outer loop
      vertex 61.4421 99.8061 1
      vertex 61.4649 100.053 1.5
      vertex 61.4649 100.053 1
    endloop
  endfacet
  facet normal -0.995763 0.0919538 0
    outer loop
      vertex 61.4649 100.053 1.5
      vertex 61.4421 99.8061 1
      vertex 61.4421 99.8061 1.5
    endloop
  endfacet
  facet normal -0.986423 0.164222 0
    outer loop
      vertex 61.412 99.6253 1
      vertex 61.4421 99.8061 1.5
      vertex 61.4421 99.8061 1
    endloop
  endfacet
  facet normal -0.986423 0.164222 0
    outer loop
      vertex 61.4421 99.8061 1.5
      vertex 61.412 99.6253 1
      vertex 61.412 99.6253 1.5
    endloop
  endfacet
  facet normal -0.960233 0.2792 0
    outer loop
      vertex 61.3758 99.5008 1
      vertex 61.412 99.6253 1.5
      vertex 61.412 99.6253 1
    endloop
  endfacet
  facet normal -0.960233 0.2792 0
    outer loop
      vertex 61.412 99.6253 1.5
      vertex 61.3758 99.5008 1
      vertex 61.3758 99.5008 1.5
    endloop
  endfacet
  facet normal -0.884552 0.466441 0
    outer loop
      vertex 61.3343 99.4221 1
      vertex 61.3758 99.5008 1.5
      vertex 61.3758 99.5008 1
    endloop
  endfacet
  facet normal -0.884552 0.466441 0
    outer loop
      vertex 61.3758 99.5008 1.5
      vertex 61.3343 99.4221 1
      vertex 61.3343 99.4221 1.5
    endloop
  endfacet
  facet normal -0.688582 0.725158 0
    outer loop
      vertex 61.3343 99.4221 1
      vertex 61.2887 99.3788 1.5
      vertex 61.3343 99.4221 1.5
    endloop
  endfacet
  facet normal -0.688582 0.725158 0
    outer loop
      vertex 61.2887 99.3788 1.5
      vertex 61.3343 99.4221 1
      vertex 61.2887 99.3788 1
    endloop
  endfacet
  facet normal -0.354074 0.935217 0
    outer loop
      vertex 61.2887 99.3788 1
      vertex 61.2401 99.3604 1.5
      vertex 61.2887 99.3788 1.5
    endloop
  endfacet
  facet normal -0.354074 0.935217 0
    outer loop
      vertex 61.2401 99.3604 1.5
      vertex 61.2887 99.3788 1
      vertex 61.2401 99.3604 1
    endloop
  endfacet
  facet normal -0.0748879 0.997192 0
    outer loop
      vertex 61.2401 99.3604 1
      vertex 61.1895 99.3566 1.5
      vertex 61.2401 99.3604 1.5
    endloop
  endfacet
  facet normal -0.0748879 0.997192 0
    outer loop
      vertex 61.1895 99.3566 1.5
      vertex 61.2401 99.3604 1
      vertex 61.1895 99.3566 1
    endloop
  endfacet
  facet normal 0 1 -0
    outer loop
      vertex 61.1895 99.3566 1
      vertex 61.1382 99.3566 1.5
      vertex 61.1895 99.3566 1.5
    endloop
  endfacet
  facet normal 0 1 0
    outer loop
      vertex 61.1382 99.3566 1.5
      vertex 61.1895 99.3566 1
      vertex 61.1382 99.3566 1
    endloop
  endfacet
  facet normal 0.999999 0.00140121 0
    outer loop
      vertex 29.2883 96.9011 1.5
      vertex 29.288 97.1152 1
      vertex 29.288 97.1152 1.5
    endloop
  endfacet
  facet normal 0.999999 0.00140121 0
    outer loop
      vertex 29.288 97.1152 1
      vertex 29.2883 96.9011 1.5
      vertex 29.2883 96.9011 1
    endloop
  endfacet
  facet normal 0.999994 0.00350192 0
    outer loop
      vertex 29.288 97.1152 1.5
      vertex 29.2871 97.3722 1
      vertex 29.2871 97.3722 1.5
    endloop
  endfacet
  facet normal 0.999994 0.00350192 0
    outer loop
      vertex 29.2871 97.3722 1
      vertex 29.288 97.1152 1.5
      vertex 29.288 97.1152 1
    endloop
  endfacet
  facet normal 0.999978 0.0065925 0
    outer loop
      vertex 29.2871 97.3722 1.5
      vertex 29.2852 97.6604 1
      vertex 29.2852 97.6604 1.5
    endloop
  endfacet
  facet normal 0.999978 0.0065925 0
    outer loop
      vertex 29.2852 97.6604 1
      vertex 29.2871 97.3722 1.5
      vertex 29.2871 97.3722 1
    endloop
  endfacet
  facet normal 0.999953 0.00974296 0
    outer loop
      vertex 29.2852 97.6604 1.5
      vertex 29.2822 97.9683 1
      vertex 29.2822 97.9683 1.5
    endloop
  endfacet
  facet normal 0.999953 0.00974296 0
    outer loop
      vertex 29.2822 97.9683 1
      vertex 29.2852 97.6604 1.5
      vertex 29.2852 97.6604 1
    endloop
  endfacet
  facet normal 0.999908 0.0135977 0
    outer loop
      vertex 29.2822 97.9683 1.5
      vertex 29.2779 98.2845 1
      vertex 29.2779 98.2845 1.5
    endloop
  endfacet
  facet normal 0.999908 0.0135977 0
    outer loop
      vertex 29.2779 98.2845 1
      vertex 29.2822 97.9683 1.5
      vertex 29.2822 97.9683 1
    endloop
  endfacet
  facet normal 0.999828 0.0185331 0
    outer loop
      vertex 29.2779 98.2845 1.5
      vertex 29.2721 98.5974 1
      vertex 29.2721 98.5974 1.5
    endloop
  endfacet
  facet normal 0.999828 0.0185331 0
    outer loop
      vertex 29.2721 98.5974 1
      vertex 29.2779 98.2845 1.5
      vertex 29.2779 98.2845 1
    endloop
  endfacet
  facet normal 0.999684 0.0251514 0
    outer loop
      vertex 29.2721 98.5974 1.5
      vertex 29.2646 98.8955 1
      vertex 29.2646 98.8955 1.5
    endloop
  endfacet
  facet normal 0.999684 0.0251514 0
    outer loop
      vertex 29.2646 98.8955 1
      vertex 29.2721 98.5974 1.5
      vertex 29.2721 98.5974 1
    endloop
  endfacet
  facet normal 0.999389 0.0349437 0
    outer loop
      vertex 29.2646 98.8955 1.5
      vertex 29.2551 99.1672 1
      vertex 29.2551 99.1672 1.5
    endloop
  endfacet
  facet normal 0.999389 0.0349437 0
    outer loop
      vertex 29.2551 99.1672 1
      vertex 29.2646 98.8955 1.5
      vertex 29.2646 98.8955 1
    endloop
  endfacet
  facet normal 0.998751 0.0499589 0
    outer loop
      vertex 29.2551 99.1672 1.5
      vertex 29.2434 99.4011 1
      vertex 29.2434 99.4011 1.5
    endloop
  endfacet
  facet normal 0.998751 0.0499589 0
    outer loop
      vertex 29.2434 99.4011 1
      vertex 29.2551 99.1672 1.5
      vertex 29.2551 99.1672 1
    endloop
  endfacet
  facet normal 0 -1 0
    outer loop
      vertex 29.2434 99.4011 1
      vertex 29.2562 99.4011 1.5
      vertex 29.2434 99.4011 1.5
    endloop
  endfacet
  facet normal 0 -1 -0
    outer loop
      vertex 29.2562 99.4011 1.5
      vertex 29.2434 99.4011 1
      vertex 29.2562 99.4011 1
    endloop
  endfacet
  facet normal -0.994155 -0.107966 0
    outer loop
      vertex 29.2884 99.1046 1
      vertex 29.2562 99.4011 1.5
      vertex 29.2562 99.4011 1
    endloop
  endfacet
  facet normal -0.994155 -0.107966 0
    outer loop
      vertex 29.2562 99.4011 1.5
      vertex 29.2884 99.1046 1
      vertex 29.2884 99.1046 1.5
    endloop
  endfacet
  facet normal -0.992246 -0.124287 0
    outer loop
      vertex 29.3248 98.814 1
      vertex 29.2884 99.1046 1.5
      vertex 29.2884 99.1046 1
    endloop
  endfacet
  facet normal -0.992246 -0.124287 0
    outer loop
      vertex 29.2884 99.1046 1.5
      vertex 29.3248 98.814 1
      vertex 29.3248 98.814 1.5
    endloop
  endfacet
  facet normal -0.990415 -0.138125 0
    outer loop
      vertex 29.3647 98.5279 1
      vertex 29.3248 98.814 1.5
      vertex 29.3248 98.814 1
    endloop
  endfacet
  facet normal -0.990415 -0.138125 0
    outer loop
      vertex 29.3248 98.814 1.5
      vertex 29.3647 98.5279 1
      vertex 29.3647 98.5279 1.5
    endloop
  endfacet
  facet normal -0.988661 -0.150167 0
    outer loop
      vertex 29.4077 98.2448 1
      vertex 29.3647 98.5279 1.5
      vertex 29.3647 98.5279 1
    endloop
  endfacet
  facet normal -0.988661 -0.150167 0
    outer loop
      vertex 29.3647 98.5279 1.5
      vertex 29.4077 98.2448 1
      vertex 29.4077 98.2448 1.5
    endloop
  endfacet
  facet normal -0.987252 -0.159166 0
    outer loop
      vertex 29.4531 97.9632 1
      vertex 29.4077 98.2448 1.5
      vertex 29.4077 98.2448 1
    endloop
  endfacet
  facet normal -0.987252 -0.159166 0
    outer loop
      vertex 29.4077 98.2448 1.5
      vertex 29.4531 97.9632 1
      vertex 29.4531 97.9632 1.5
    endloop
  endfacet
  facet normal -0.986223 -0.165422 0
    outer loop
      vertex 29.5003 97.6818 1
      vertex 29.4531 97.9632 1.5
      vertex 29.4531 97.9632 1
    endloop
  endfacet
  facet normal -0.986223 -0.165422 0
    outer loop
      vertex 29.4531 97.9632 1.5
      vertex 29.5003 97.6818 1
      vertex 29.5003 97.6818 1.5
    endloop
  endfacet
  facet normal -0.985611 -0.169032 0
    outer loop
      vertex 29.5488 97.399 1
      vertex 29.5003 97.6818 1.5
      vertex 29.5003 97.6818 1
    endloop
  endfacet
  facet normal -0.985611 -0.169032 0
    outer loop
      vertex 29.5003 97.6818 1.5
      vertex 29.5488 97.399 1
      vertex 29.5488 97.399 1.5
    endloop
  endfacet
  facet normal -0.985494 -0.169711 0
    outer loop
      vertex 29.598 97.1133 1
      vertex 29.5488 97.399 1.5
      vertex 29.5488 97.399 1
    endloop
  endfacet
  facet normal -0.985494 -0.169711 0
    outer loop
      vertex 29.5488 97.399 1.5
      vertex 29.598 97.1133 1
      vertex 29.598 97.1133 1.5
    endloop
  endfacet
  facet normal -0.985846 -0.167652 0
    outer loop
      vertex 29.6473 96.8234 1
      vertex 29.598 97.1133 1.5
      vertex 29.598 97.1133 1
    endloop
  endfacet
  facet normal -0.985846 -0.167652 0
    outer loop
      vertex 29.598 97.1133 1.5
      vertex 29.6473 96.8234 1
      vertex 29.6473 96.8234 1.5
    endloop
  endfacet
  facet normal -0.986583 -0.163263 0
    outer loop
      vertex 29.8663 95.5 1
      vertex 29.6473 96.8234 1.5
      vertex 29.6473 96.8234 1
    endloop
  endfacet
  facet normal -0.986583 -0.163263 0
    outer loop
      vertex 29.6473 96.8234 1.5
      vertex 29.8663 95.5 1
      vertex 29.8663 95.5 1.5
    endloop
  endfacet
  facet normal 1 -0 0
    outer loop
      vertex 30.7051 95.5 1.5
      vertex 30.7051 103.612 1
      vertex 30.7051 103.612 1.5
    endloop
  endfacet
  facet normal 1 0 0
    outer loop
      vertex 30.7051 103.612 1
      vertex 30.7051 95.5 1.5
      vertex 30.7051 95.5 1
    endloop
  endfacet
  facet normal 0 1 -0
    outer loop
      vertex 30.7051 103.612 1
      vertex 29.8396 103.612 1.5
      vertex 30.7051 103.612 1.5
    endloop
  endfacet
  facet normal 0 1 0
    outer loop
      vertex 29.8396 103.612 1.5
      vertex 30.7051 103.612 1
      vertex 29.8396 103.612 1
    endloop
  endfacet
  facet normal -1 0 0
    outer loop
      vertex 29.8396 102.001 1
      vertex 29.8396 103.612 1.5
      vertex 29.8396 103.612 1
    endloop
  endfacet
  facet normal -1 -0 0
    outer loop
      vertex 29.8396 103.612 1.5
      vertex 29.8396 102.001 1
      vertex 29.8396 102.001 1.5
    endloop
  endfacet
  facet normal -0.999998 -0.00199203 0
    outer loop
      vertex 29.8401 101.75 1
      vertex 29.8396 102.001 1.5
      vertex 29.8396 102.001 1
    endloop
  endfacet
  facet normal -0.999998 -0.00199203 0
    outer loop
      vertex 29.8396 102.001 1.5
      vertex 29.8401 101.75 1
      vertex 29.8401 101.75 1.5
    endloop
  endfacet
  facet normal -0.999983 -0.00588225 0
    outer loop
      vertex 29.8416 101.495 1
      vertex 29.8401 101.75 1.5
      vertex 29.8401 101.75 1
    endloop
  endfacet
  facet normal -0.999983 -0.00588225 0
    outer loop
      vertex 29.8401 101.75 1.5
      vertex 29.8416 101.495 1
      vertex 29.8416 101.495 1.5
    endloop
  endfacet
  facet normal -0.999954 -0.00954155 0
    outer loop
      vertex 29.8441 101.233 1
      vertex 29.8416 101.495 1.5
      vertex 29.8416 101.495 1
    endloop
  endfacet
  facet normal -0.999954 -0.00954155 0
    outer loop
      vertex 29.8416 101.495 1.5
      vertex 29.8441 101.233 1
      vertex 29.8441 101.233 1.5
    endloop
  endfacet
  facet normal -0.999904 -0.0138563 0
    outer loop
      vertex 29.8478 100.966 1
      vertex 29.8441 101.233 1.5
      vertex 29.8441 101.233 1
    endloop
  endfacet
  facet normal -0.999904 -0.0138563 0
    outer loop
      vertex 29.8441 101.233 1.5
      vertex 29.8478 100.966 1
      vertex 29.8478 100.966 1.5
    endloop
  endfacet
  facet normal -0.999845 -0.0175797 0
    outer loop
      vertex 29.8526 100.693 1
      vertex 29.8478 100.966 1.5
      vertex 29.8478 100.966 1
    endloop
  endfacet
  facet normal -0.999845 -0.0175797 0
    outer loop
      vertex 29.8478 100.966 1.5
      vertex 29.8526 100.693 1
      vertex 29.8526 100.693 1.5
    endloop
  endfacet
  facet normal -0.99977 -0.0214237 0
    outer loop
      vertex 29.8586 100.413 1
      vertex 29.8526 100.693 1.5
      vertex 29.8526 100.693 1
    endloop
  endfacet
  facet normal -0.99977 -0.0214237 0
    outer loop
      vertex 29.8526 100.693 1.5
      vertex 29.8586 100.413 1
      vertex 29.8586 100.413 1.5
    endloop
  endfacet
  facet normal -0.999674 -0.0255162 0
    outer loop
      vertex 29.8659 100.127 1
      vertex 29.8586 100.413 1.5
      vertex 29.8586 100.413 1
    endloop
  endfacet
  facet normal -0.999674 -0.0255162 0
    outer loop
      vertex 29.8586 100.413 1.5
      vertex 29.8659 100.127 1
      vertex 29.8659 100.127 1.5
    endloop
  endfacet
  facet normal -0.999568 -0.029389 0
    outer loop
      vertex 29.8745 99.8345 1
      vertex 29.8659 100.127 1.5
      vertex 29.8659 100.127 1
    endloop
  endfacet
  facet normal -0.999568 -0.029389 0
    outer loop
      vertex 29.8659 100.127 1.5
      vertex 29.8745 99.8345 1
      vertex 29.8745 99.8345 1.5
    endloop
  endfacet
  facet normal -0.999445 -0.0333148 0
    outer loop
      vertex 29.8845 99.5345 1
      vertex 29.8745 99.8345 1.5
      vertex 29.8745 99.8345 1
    endloop
  endfacet
  facet normal -0.999445 -0.0333148 0
    outer loop
      vertex 29.8745 99.8345 1.5
      vertex 29.8845 99.5345 1
      vertex 29.8845 99.5345 1.5
    endloop
  endfacet
  facet normal 0 1 -0
    outer loop
      vertex 29.8845 99.5345 1
      vertex 29.8717 99.5345 1.5
      vertex 29.8845 99.5345 1.5
    endloop
  endfacet
  facet normal 0 1 0
    outer loop
      vertex 29.8717 99.5345 1.5
      vertex 29.8845 99.5345 1
      vertex 29.8717 99.5345 1
    endloop
  endfacet
  facet normal 0.994648 0.103322 0
    outer loop
      vertex 29.8717 99.5345 1.5
      vertex 29.8425 99.8156 1
      vertex 29.8425 99.8156 1.5
    endloop
  endfacet
  facet normal 0.994648 0.103322 0
    outer loop
      vertex 29.8425 99.8156 1
      vertex 29.8717 99.5345 1.5
      vertex 29.8717 99.5345 1
    endloop
  endfacet
  facet normal 0.994006 0.109327 0
    outer loop
      vertex 29.8425 99.8156 1.5
      vertex 29.811 100.102 1
      vertex 29.811 100.102 1.5
    endloop
  endfacet
  facet normal 0.994006 0.109327 0
    outer loop
      vertex 29.811 100.102 1
      vertex 29.8425 99.8156 1.5
      vertex 29.8425 99.8156 1
    endloop
  endfacet
  facet normal 0.9934 0.114702 0
    outer loop
      vertex 29.811 100.102 1.5
      vertex 29.7774 100.393 1
      vertex 29.7774 100.393 1.5
    endloop
  endfacet
  facet normal 0.9934 0.114702 0
    outer loop
      vertex 29.7774 100.393 1
      vertex 29.811 100.102 1.5
      vertex 29.811 100.102 1
    endloop
  endfacet
  facet normal 0.992853 0.119346 0
    outer loop
      vertex 29.7774 100.393 1.5
      vertex 29.7423 100.685 1
      vertex 29.7423 100.685 1.5
    endloop
  endfacet
  facet normal 0.992853 0.119346 0
    outer loop
      vertex 29.7423 100.685 1
      vertex 29.7774 100.393 1.5
      vertex 29.7774 100.393 1
    endloop
  endfacet
  facet normal 0.992413 0.122951 0
    outer loop
      vertex 29.7423 100.685 1.5
      vertex 29.706 100.978 1
      vertex 29.706 100.978 1.5
    endloop
  endfacet
  facet normal 0.992413 0.122951 0
    outer loop
      vertex 29.706 100.978 1
      vertex 29.7423 100.685 1.5
      vertex 29.7423 100.685 1
    endloop
  endfacet
  facet normal 0.991971 0.126468 0
    outer loop
      vertex 29.706 100.978 1.5
      vertex 29.6689 101.269 1
      vertex 29.6689 101.269 1.5
    endloop
  endfacet
  facet normal 0.991971 0.126468 0
    outer loop
      vertex 29.6689 101.269 1
      vertex 29.706 100.978 1.5
      vertex 29.706 100.978 1
    endloop
  endfacet
  facet normal 0.991616 0.129221 0
    outer loop
      vertex 29.6689 101.269 1.5
      vertex 29.6315 101.556 1
      vertex 29.6315 101.556 1.5
    endloop
  endfacet
  facet normal 0.991616 0.129221 0
    outer loop
      vertex 29.6315 101.556 1
      vertex 29.6689 101.269 1.5
      vertex 29.6689 101.269 1
    endloop
  endfacet
  facet normal 0.991411 0.130782 0
    outer loop
      vertex 29.6315 101.556 1.5
      vertex 29.5943 101.838 1
      vertex 29.5943 101.838 1.5
    endloop
  endfacet
  facet normal 0.991411 0.130782 0
    outer loop
      vertex 29.5943 101.838 1
      vertex 29.6315 101.556 1.5
      vertex 29.6315 101.556 1
    endloop
  endfacet
  facet normal 0.991149 0.132756 0
    outer loop
      vertex 29.5943 101.838 1.5
      vertex 29.5576 102.112 1
      vertex 29.5576 102.112 1.5
    endloop
  endfacet
  facet normal 0.991149 0.132756 0
    outer loop
      vertex 29.5576 102.112 1
      vertex 29.5943 101.838 1.5
      vertex 29.5943 101.838 1
    endloop
  endfacet
  facet normal 0.991331 0.131384 0
    outer loop
      vertex 29.5576 102.112 1.5
      vertex 29.3588 103.612 1
      vertex 29.3588 103.612 1.5
    endloop
  endfacet
  facet normal 0.991331 0.131384 0
    outer loop
      vertex 29.3588 103.612 1
      vertex 29.5576 102.112 1.5
      vertex 29.5576 102.112 1
    endloop
  endfacet
  facet normal 0 1 -0
    outer loop
      vertex 29.3588 103.612 1
      vertex 28.4228 103.612 1.5
      vertex 29.3588 103.612 1.5
    endloop
  endfacet
  facet normal 0 1 0
    outer loop
      vertex 28.4228 103.612 1.5
      vertex 29.3588 103.612 1
      vertex 28.4228 103.612 1
    endloop
  endfacet
  facet normal -1 0 0
    outer loop
      vertex 28.4228 95.5 1
      vertex 28.4228 103.612 1.5
      vertex 28.4228 103.612 1
    endloop
  endfacet
  facet normal -1 -0 0
    outer loop
      vertex 28.4228 103.612 1.5
      vertex 28.4228 95.5 1
      vertex 28.4228 95.5 1.5
    endloop
  endfacet
  facet normal 1 -0 0
    outer loop
      vertex 29.2883 95.5 1.5
      vertex 29.2883 96.9011 1
      vertex 29.2883 96.9011 1.5
    endloop
  endfacet
  facet normal 1 0 0
    outer loop
      vertex 29.2883 96.9011 1
      vertex 29.2883 95.5 1.5
      vertex 29.2883 95.5 1
    endloop
  endfacet
  facet normal 1 -0 0
    outer loop
      vertex 31.8944 103.046 1.5
      vertex 31.8944 103.612 1
      vertex 31.8944 103.612 1.5
    endloop
  endfacet
  facet normal 1 0 0
    outer loop
      vertex 31.8944 103.612 1
      vertex 31.8944 103.046 1.5
      vertex 31.8944 103.046 1
    endloop
  endfacet
  facet normal 0 1 -0
    outer loop
      vertex 31.8944 103.612 1
      vertex 30.9072 103.612 1.5
      vertex 31.8944 103.612 1.5
    endloop
  endfacet
  facet normal 0 1 0
    outer loop
      vertex 30.9072 103.612 1.5
      vertex 31.8944 103.612 1
      vertex 30.9072 103.612 1
    endloop
  endfacet
  facet normal -1 0 0
    outer loop
      vertex 30.9072 103.046 1
      vertex 30.9072 103.612 1.5
      vertex 30.9072 103.612 1
    endloop
  endfacet
  facet normal -1 -0 0
    outer loop
      vertex 30.9072 103.612 1.5
      vertex 30.9072 103.046 1
      vertex 30.9072 103.046 1.5
    endloop
  endfacet
  facet normal -0.999675 -0.0255092 0
    outer loop
      vertex 30.9713 100.534 1
      vertex 30.9072 103.046 1.5
      vertex 30.9072 103.046 1
    endloop
  endfacet
  facet normal -0.999675 -0.0255092 0
    outer loop
      vertex 30.9072 103.046 1.5
      vertex 30.9713 100.534 1
      vertex 30.9713 100.534 1.5
    endloop
  endfacet
  facet normal 0 -1 0
    outer loop
      vertex 30.9713 100.534 1
      vertex 31.8367 100.534 1.5
      vertex 30.9713 100.534 1.5
    endloop
  endfacet
  facet normal 0 -1 -0
    outer loop
      vertex 31.8367 100.534 1.5
      vertex 30.9713 100.534 1
      vertex 31.8367 100.534 1
    endloop
  endfacet
  facet normal 0.999736 -0.0229637 0
    outer loop
      vertex 31.8367 100.534 1.5
      vertex 31.8944 103.046 1
      vertex 31.8944 103.046 1.5
    endloop
  endfacet
  facet normal 0.999736 -0.0229637 0
    outer loop
      vertex 31.8944 103.046 1
      vertex 31.8367 100.534 1.5
      vertex 31.8367 100.534 1
    endloop
  endfacet
  facet normal 0 -1 0
    outer loop
      vertex 7.26125 99.0455 1
      vertex 7.60743 99.0455 1.5
      vertex 7.26125 99.0455 1.5
    endloop
  endfacet
  facet normal 0 -1 -0
    outer loop
      vertex 7.60743 99.0455 1.5
      vertex 7.26125 99.0455 1
      vertex 7.60743 99.0455 1
    endloop
  endfacet
  facet normal -1 0 0
    outer loop
      vertex 7.60743 95.5 1
      vertex 7.60743 99.0455 1.5
      vertex 7.60743 99.0455 1
    endloop
  endfacet
  facet normal -1 -0 0
    outer loop
      vertex 7.60743 99.0455 1.5
      vertex 7.60743 95.5 1
      vertex 7.60743 95.5 1.5
    endloop
  endfacet
  facet normal 1 -0 0
    outer loop
      vertex 8.6203 95.5 1.5
      vertex 8.6203 103.612 1
      vertex 8.6203 103.612 1.5
    endloop
  endfacet
  facet normal 1 0 0
    outer loop
      vertex 8.6203 103.612 1
      vertex 8.6203 95.5 1.5
      vertex 8.6203 95.5 1
    endloop
  endfacet
  facet normal 0 1 -0
    outer loop
      vertex 8.6203 103.612 1
      vertex 7.60743 103.612 1.5
      vertex 8.6203 103.612 1.5
    endloop
  endfacet
  facet normal 0 1 0
    outer loop
      vertex 7.60743 103.612 1.5
      vertex 8.6203 103.612 1
      vertex 7.60743 103.612 1
    endloop
  endfacet
  facet normal -1 0 0
    outer loop
      vertex 7.60743 100.446 1
      vertex 7.60743 103.612 1.5
      vertex 7.60743 103.612 1
    endloop
  endfacet
  facet normal -1 -0 0
    outer loop
      vertex 7.60743 103.612 1.5
      vertex 7.60743 100.446 1
      vertex 7.60743 100.446 1.5
    endloop
  endfacet
  facet normal 0 1 -0
    outer loop
      vertex 7.60743 100.446 1
      vertex 7.26125 100.446 1.5
      vertex 7.60743 100.446 1.5
    endloop
  endfacet
  facet normal 0 1 0
    outer loop
      vertex 7.26125 100.446 1.5
      vertex 7.60743 100.446 1
      vertex 7.26125 100.446 1
    endloop
  endfacet
  facet normal 1 -0 0
    outer loop
      vertex 7.26125 100.446 1.5
      vertex 7.26125 103.612 1
      vertex 7.26125 103.612 1.5
    endloop
  endfacet
  facet normal 1 0 0
    outer loop
      vertex 7.26125 103.612 1
      vertex 7.26125 100.446 1.5
      vertex 7.26125 100.446 1
    endloop
  endfacet
  facet normal 0 1 -0
    outer loop
      vertex 7.26125 103.612 1
      vertex 6.24834 103.612 1.5
      vertex 7.26125 103.612 1.5
    endloop
  endfacet
  facet normal 0 1 0
    outer loop
      vertex 6.24834 103.612 1.5
      vertex 7.26125 103.612 1
      vertex 6.24834 103.612 1
    endloop
  endfacet
  facet normal -1 0 0
    outer loop
      vertex 6.24834 95.5 1
      vertex 6.24834 103.612 1.5
      vertex 6.24834 103.612 1
    endloop
  endfacet
  facet normal -1 -0 0
    outer loop
      vertex 6.24834 103.612 1.5
      vertex 6.24834 95.5 1
      vertex 6.24834 95.5 1.5
    endloop
  endfacet
  facet normal 1 -0 0
    outer loop
      vertex 7.26125 95.5 1.5
      vertex 7.26125 99.0455 1
      vertex 7.26125 99.0455 1.5
    endloop
  endfacet
  facet normal 1 0 0
    outer loop
      vertex 7.26125 99.0455 1
      vertex 7.26125 95.5 1.5
      vertex 7.26125 95.5 1
    endloop
  endfacet
  facet normal 1 -0 0
    outer loop
      vertex 12.5342 95.5 1.5
      vertex 12.5342 98.5458 1
      vertex 12.5342 98.5458 1.5
    endloop
  endfacet
  facet normal 1 0 0
    outer loop
      vertex 12.5342 98.5458 1
      vertex 12.5342 95.5 1.5
      vertex 12.5342 95.5 1
    endloop
  endfacet
  facet normal 1 0.000402576 0
    outer loop
      vertex 12.5342 98.5458 1.5
      vertex 12.5341 98.7942 1
      vertex 12.5341 98.7942 1.5
    endloop
  endfacet
  facet normal 1 0.000402576 0
    outer loop
      vertex 12.5341 98.7942 1
      vertex 12.5342 98.5458 1.5
      vertex 12.5342 98.5458 1
    endloop
  endfacet
  facet normal 1 0.000813008 0
    outer loop
      vertex 12.5341 98.7942 1.5
      vertex 12.5339 99.0402 1
      vertex 12.5339 99.0402 1.5
    endloop
  endfacet
  facet normal 1 0.000813008 0
    outer loop
      vertex 12.5339 99.0402 1
      vertex 12.5341 98.7942 1.5
      vertex 12.5341 98.7942 1
    endloop
  endfacet
  facet normal 0.999999 0.00126263 0
    outer loop
      vertex 12.5339 99.0402 1.5
      vertex 12.5336 99.2778 1
      vertex 12.5336 99.2778 1.5
    endloop
  endfacet
  facet normal 0.999999 0.00126263 0
    outer loop
      vertex 12.5336 99.2778 1
      vertex 12.5339 99.0402 1.5
      vertex 12.5339 99.0402 1
    endloop
  endfacet
  facet normal 0.999997 0.00224416 0
    outer loop
      vertex 12.5336 99.2778 1.5
      vertex 12.5331 99.5006 1
      vertex 12.5331 99.5006 1.5
    endloop
  endfacet
  facet normal 0.999997 0.00224416 0
    outer loop
      vertex 12.5331 99.5006 1
      vertex 12.5336 99.2778 1.5
      vertex 12.5336 99.2778 1
    endloop
  endfacet
  facet normal 0.999992 0.00395645 0
    outer loop
      vertex 12.5331 99.5006 1.5
      vertex 12.5323 99.7028 1
      vertex 12.5323 99.7028 1.5
    endloop
  endfacet
  facet normal 0.999992 0.00395645 0
    outer loop
      vertex 12.5323 99.7028 1
      vertex 12.5331 99.5006 1.5
      vertex 12.5331 99.5006 1
    endloop
  endfacet
  facet normal 0.99998 0.00627842 0
    outer loop
      vertex 12.5323 99.7028 1.5
      vertex 12.5312 99.878 1
      vertex 12.5312 99.878 1.5
    endloop
  endfacet
  facet normal 0.99998 0.00627842 0
    outer loop
      vertex 12.5312 99.878 1
      vertex 12.5323 99.7028 1.5
      vertex 12.5323 99.7028 1
    endloop
  endfacet
  facet normal 0.999944 0.0105628 0
    outer loop
      vertex 12.5312 99.878 1.5
      vertex 12.5297 100.02 1
      vertex 12.5297 100.02 1.5
    endloop
  endfacet
  facet normal 0.999944 0.0105628 0
    outer loop
      vertex 12.5297 100.02 1
      vertex 12.5312 99.878 1.5
      vertex 12.5312 99.878 1
    endloop
  endfacet
  facet normal 0.99983 0.0184435 0
    outer loop
      vertex 12.5297 100.02 1.5
      vertex 12.5278 100.123 1
      vertex 12.5278 100.123 1.5
    endloop
  endfacet
  facet normal 0.99983 0.0184435 0
    outer loop
      vertex 12.5278 100.123 1
      vertex 12.5297 100.02 1.5
      vertex 12.5297 100.02 1
    endloop
  endfacet
  facet normal 0 -1 0
    outer loop
      vertex 12.5278 100.123 1
      vertex 12.5406 100.123 1.5
      vertex 12.5278 100.123 1.5
    endloop
  endfacet
  facet normal 0 -1 -0
    outer loop
      vertex 12.5406 100.123 1.5
      vertex 12.5278 100.123 1
      vertex 12.5406 100.123 1
    endloop
  endfacet
  facet normal -0.998784 -0.0493097 0
    outer loop
      vertex 12.5547 99.8374 1
      vertex 12.5406 100.123 1.5
      vertex 12.5406 100.123 1
    endloop
  endfacet
  facet normal -0.998784 -0.0493097 0
    outer loop
      vertex 12.5406 100.123 1.5
      vertex 12.5547 99.8374 1
      vertex 12.5547 99.8374 1.5
    endloop
  endfacet
  facet normal -0.998788 -0.0492111 0
    outer loop
      vertex 12.5672 99.5837 1
      vertex 12.5547 99.8374 1.5
      vertex 12.5547 99.8374 1
    endloop
  endfacet
  facet normal -0.998788 -0.0492111 0
    outer loop
      vertex 12.5547 99.8374 1.5
      vertex 12.5672 99.5837 1
      vertex 12.5672 99.5837 1.5
    endloop
  endfacet
  facet normal -0.998732 -0.050334 0
    outer loop
      vertex 12.5786 99.3575 1
      vertex 12.5672 99.5837 1.5
      vertex 12.5672 99.5837 1
    endloop
  endfacet
  facet normal -0.998732 -0.050334 0
    outer loop
      vertex 12.5672 99.5837 1.5
      vertex 12.5786 99.3575 1
      vertex 12.5786 99.3575 1.5
    endloop
  endfacet
  facet normal -0.998645 -0.0520434 0
    outer loop
      vertex 12.5892 99.1541 1
      vertex 12.5786 99.3575 1.5
      vertex 12.5786 99.3575 1
    endloop
  endfacet
  facet normal -0.998645 -0.0520434 0
    outer loop
      vertex 12.5786 99.3575 1.5
      vertex 12.5892 99.1541 1
      vertex 12.5892 99.1541 1.5
    endloop
  endfacet
  facet normal -0.998519 -0.0543962 0
    outer loop
      vertex 12.5993 98.9687 1
      vertex 12.5892 99.1541 1.5
      vertex 12.5892 99.1541 1
    endloop
  endfacet
  facet normal -0.998519 -0.0543962 0
    outer loop
      vertex 12.5892 99.1541 1.5
      vertex 12.5993 98.9687 1
      vertex 12.5993 98.9687 1.5
    endloop
  endfacet
  facet normal -0.998282 -0.058586 0
    outer loop
      vertex 12.6094 98.7966 1
      vertex 12.5993 98.9687 1.5
      vertex 12.5993 98.9687 1
    endloop
  endfacet
  facet normal -0.998282 -0.058586 0
    outer loop
      vertex 12.5993 98.9687 1.5
      vertex 12.6094 98.7966 1
      vertex 12.6094 98.7966 1.5
    endloop
  endfacet
  facet normal -0.997947 -0.0640491 0
    outer loop
      vertex 12.6199 98.633 1
      vertex 12.6094 98.7966 1.5
      vertex 12.6094 98.7966 1
    endloop
  endfacet
  facet normal -0.997947 -0.0640491 0
    outer loop
      vertex 12.6094 98.7966 1.5
      vertex 12.6199 98.633 1
      vertex 12.6199 98.633 1.5
    endloop
  endfacet
  facet normal -0.997599 -0.0692517 0
    outer loop
      vertex 12.631 98.4731 1
      vertex 12.6199 98.633 1.5
      vertex 12.6199 98.633 1
    endloop
  endfacet
  facet normal -0.997599 -0.0692517 0
    outer loop
      vertex 12.6199 98.633 1.5
      vertex 12.631 98.4731 1
      vertex 12.631 98.4731 1.5
    endloop
  endfacet
  facet normal -0.997138 -0.0756065 0
    outer loop
      vertex 12.6432 98.3122 1
      vertex 12.631 98.4731 1.5
      vertex 12.631 98.4731 1
    endloop
  endfacet
  facet normal -0.997138 -0.0756065 0
    outer loop
      vertex 12.631 98.4731 1.5
      vertex 12.6432 98.3122 1
      vertex 12.6432 98.3122 1.5
    endloop
  endfacet
  facet normal -0.996896 -0.0787322 0
    outer loop
      vertex 12.8653 95.5 1
      vertex 12.6432 98.3122 1.5
      vertex 12.6432 98.3122 1
    endloop
  endfacet
  facet normal -0.996896 -0.0787322 0
    outer loop
      vertex 12.6432 98.3122 1.5
      vertex 12.8653 95.5 1
      vertex 12.8653 95.5 1.5
    endloop
  endfacet
  facet normal 0.996896 -0.0787322 0
    outer loop
      vertex 13.3634 95.5 1.5
      vertex 13.5855 98.3122 1
      vertex 13.5855 98.3122 1.5
    endloop
  endfacet
  facet normal 0.996896 -0.0787322 0
    outer loop
      vertex 13.5855 98.3122 1
      vertex 13.3634 95.5 1.5
      vertex 13.3634 95.5 1
    endloop
  endfacet
  facet normal 0.997219 -0.0745253 0
    outer loop
      vertex 13.5855 98.3122 1.5
      vertex 13.5981 98.4808 1
      vertex 13.5981 98.4808 1.5
    endloop
  endfacet
  facet normal 0.997219 -0.0745253 0
    outer loop
      vertex 13.5981 98.4808 1
      vertex 13.5855 98.3122 1.5
      vertex 13.5855 98.3122 1
    endloop
  endfacet
  facet normal 0.997693 -0.0678854 0
    outer loop
      vertex 13.5981 98.4808 1.5
      vertex 13.6103 98.6601 1
      vertex 13.6103 98.6601 1.5
    endloop
  endfacet
  facet normal 0.997693 -0.0678854 0
    outer loop
      vertex 13.6103 98.6601 1
      vertex 13.5981 98.4808 1.5
      vertex 13.5981 98.4808 1
    endloop
  endfacet
  facet normal 0.998061 -0.0622469 0
    outer loop
      vertex 13.6103 98.6601 1.5
      vertex 13.6221 98.8493 1
      vertex 13.6221 98.8493 1.5
    endloop
  endfacet
  facet normal 0.998061 -0.0622469 0
    outer loop
      vertex 13.6221 98.8493 1
      vertex 13.6103 98.6601 1.5
      vertex 13.6103 98.6601 1
    endloop
  endfacet
  facet normal 0.998321 -0.0579248 0
    outer loop
      vertex 13.6221 98.8493 1.5
      vertex 13.6336 99.0475 1
      vertex 13.6336 99.0475 1.5
    endloop
  endfacet
  facet normal 0.998321 -0.0579248 0
    outer loop
      vertex 13.6336 99.0475 1
      vertex 13.6221 98.8493 1.5
      vertex 13.6221 98.8493 1
    endloop
  endfacet
  facet normal 0.998531 -0.0541839 0
    outer loop
      vertex 13.6336 99.0475 1.5
      vertex 13.6448 99.2539 1
      vertex 13.6448 99.2539 1.5
    endloop
  endfacet
  facet normal 0.998531 -0.0541839 0
    outer loop
      vertex 13.6448 99.2539 1
      vertex 13.6336 99.0475 1.5
      vertex 13.6336 99.0475 1
    endloop
  endfacet
  facet normal 0.99868 -0.051358 0
    outer loop
      vertex 13.6448 99.2539 1.5
      vertex 13.6558 99.4678 1
      vertex 13.6558 99.4678 1.5
    endloop
  endfacet
  facet normal 0.99868 -0.051358 0
    outer loop
      vertex 13.6558 99.4678 1
      vertex 13.6448 99.2539 1.5
      vertex 13.6448 99.2539 1
    endloop
  endfacet
  facet normal 0.998779 -0.0493952 0
    outer loop
      vertex 13.6558 99.4678 1.5
      vertex 13.6667 99.6882 1
      vertex 13.6667 99.6882 1.5
    endloop
  endfacet
  facet normal 0.998779 -0.0493952 0
    outer loop
      vertex 13.6667 99.6882 1
      vertex 13.6558 99.4678 1.5
      vertex 13.6558 99.4678 1
    endloop
  endfacet
  facet normal 0.998883 -0.0472504 0
    outer loop
      vertex 13.6667 99.6882 1.5
      vertex 13.6774 99.9144 1
      vertex 13.6774 99.9144 1.5
    endloop
  endfacet
  facet normal 0.998883 -0.0472504 0
    outer loop
      vertex 13.6774 99.9144 1
      vertex 13.6667 99.6882 1.5
      vertex 13.6667 99.6882 1
    endloop
  endfacet
  facet normal 0.998934 -0.0461511 0
    outer loop
      vertex 13.6774 99.9144 1.5
      vertex 13.6881 100.146 1
      vertex 13.6881 100.146 1.5
    endloop
  endfacet
  facet normal 0.998934 -0.0461511 0
    outer loop
      vertex 13.6881 100.146 1
      vertex 13.6774 99.9144 1.5
      vertex 13.6774 99.9144 1
    endloop
  endfacet
  facet normal 0 -1 0
    outer loop
      vertex 13.6881 100.146 1
      vertex 13.7009 100.146 1.5
      vertex 13.6881 100.146 1.5
    endloop
  endfacet
  facet normal 0 -1 -0
    outer loop
      vertex 13.7009 100.146 1.5
      vertex 13.6881 100.146 1
      vertex 13.7009 100.146 1
    endloop
  endfacet
  facet normal -0.999999 0.00121212 0
    outer loop
      vertex 13.7007 99.981 1
      vertex 13.7009 100.146 1.5
      vertex 13.7009 100.146 1
    endloop
  endfacet
  facet normal -0.999999 0.00121212 0
    outer loop
      vertex 13.7009 100.146 1.5
      vertex 13.7007 99.981 1
      vertex 13.7007 99.981 1.5
    endloop
  endfacet
  facet normal -0.999994 0.00331673 0
    outer loop
      vertex 13.7001 99.8001 1
      vertex 13.7007 99.981 1.5
      vertex 13.7007 99.981 1
    endloop
  endfacet
  facet normal -0.999994 0.00331673 0
    outer loop
      vertex 13.7007 99.981 1.5
      vertex 13.7001 99.8001 1
      vertex 13.7001 99.8001 1.5
    endloop
  endfacet
  facet normal -0.999992 0.00411308 0
    outer loop
      vertex 13.6993 99.6056 1
      vertex 13.7001 99.8001 1.5
      vertex 13.7001 99.8001 1
    endloop
  endfacet
  facet normal -0.999992 0.00411308 0
    outer loop
      vertex 13.7001 99.8001 1.5
      vertex 13.6993 99.6056 1
      vertex 13.6993 99.6056 1.5
    endloop
  endfacet
  facet normal -0.999987 0.00500948 0
    outer loop
      vertex 13.6972 99.1864 1
      vertex 13.6993 99.6056 1.5
      vertex 13.6993 99.6056 1
    endloop
  endfacet
  facet normal -0.999987 0.00500948 0
    outer loop
      vertex 13.6993 99.6056 1.5
      vertex 13.6972 99.1864 1
      vertex 13.6972 99.1864 1.5
    endloop
  endfacet
  facet normal -0.99999 0.00455576 0
    outer loop
      vertex 13.6962 98.9669 1
      vertex 13.6972 99.1864 1.5
      vertex 13.6972 99.1864 1
    endloop
  endfacet
  facet normal -0.99999 0.00455576 0
    outer loop
      vertex 13.6972 99.1864 1.5
      vertex 13.6962 98.9669 1
      vertex 13.6962 98.9669 1.5
    endloop
  endfacet
  facet normal -0.999992 0.00404673 0
    outer loop
      vertex 13.6953 98.7445 1
      vertex 13.6962 98.9669 1.5
      vertex 13.6962 98.9669 1
    endloop
  endfacet
  facet normal -0.999992 0.00404673 0
    outer loop
      vertex 13.6962 98.9669 1.5
      vertex 13.6953 98.7445 1
      vertex 13.6953 98.7445 1.5
    endloop
  endfacet
  facet normal -0.999996 0.00269299 0
    outer loop
      vertex 13.6947 98.5217 1
      vertex 13.6953 98.7445 1.5
      vertex 13.6953 98.7445 1
    endloop
  endfacet
  facet normal -0.999996 0.00269299 0
    outer loop
      vertex 13.6953 98.7445 1.5
      vertex 13.6947 98.5217 1
      vertex 13.6947 98.5217 1.5
    endloop
  endfacet
  facet normal -1 0.000906618 0
    outer loop
      vertex 13.6945 98.3011 1
      vertex 13.6947 98.5217 1.5
      vertex 13.6947 98.5217 1
    endloop
  endfacet
  facet normal -1 0.000906618 0
    outer loop
      vertex 13.6947 98.5217 1.5
      vertex 13.6945 98.3011 1
      vertex 13.6945 98.3011 1.5
    endloop
  endfacet
  facet normal -1 0 0
    outer loop
      vertex 13.6945 95.5 1
      vertex 13.6945 98.3011 1.5
      vertex 13.6945 98.3011 1
    endloop
  endfacet
  facet normal -1 -0 0
    outer loop
      vertex 13.6945 98.3011 1.5
      vertex 13.6945 95.5 1
      vertex 13.6945 95.5 1.5
    endloop
  endfacet
  facet normal 1 -0 0
    outer loop
      vertex 14.6433 95.5 1.5
      vertex 14.6433 103.612 1
      vertex 14.6433 103.612 1.5
    endloop
  endfacet
  facet normal 1 0 0
    outer loop
      vertex 14.6433 103.612 1
      vertex 14.6433 95.5 1.5
      vertex 14.6433 95.5 1
    endloop
  endfacet
  facet normal 0 1 -0
    outer loop
      vertex 14.6433 103.612 1
      vertex 13.4573 103.612 1.5
      vertex 14.6433 103.612 1.5
    endloop
  endfacet
  facet normal 0 1 0
    outer loop
      vertex 13.4573 103.612 1.5
      vertex 14.6433 103.612 1
      vertex 13.4573 103.612 1
    endloop
  endfacet
  facet normal -0.998114 0.0613803 0
    outer loop
      vertex 13.1881 99.2345 1
      vertex 13.4573 103.612 1.5
      vertex 13.4573 103.612 1
    endloop
  endfacet
  facet normal -0.998114 0.0613803 0
    outer loop
      vertex 13.4573 103.612 1.5
      vertex 13.1881 99.2345 1
      vertex 13.1881 99.2345 1.5
    endloop
  endfacet
  facet normal 0 1 -0
    outer loop
      vertex 13.1881 99.2345 1
      vertex 13.1817 99.2345 1.5
      vertex 13.1881 99.2345 1.5
    endloop
  endfacet
  facet normal 0 1 0
    outer loop
      vertex 13.1817 99.2345 1.5
      vertex 13.1881 99.2345 1
      vertex 13.1817 99.2345 1
    endloop
  endfacet
  facet normal 0.998113 0.061403 0
    outer loop
      vertex 13.1817 99.2345 1.5
      vertex 12.9124 103.612 1
      vertex 12.9124 103.612 1.5
    endloop
  endfacet
  facet normal 0.998113 0.061403 0
    outer loop
      vertex 12.9124 103.612 1
      vertex 13.1817 99.2345 1.5
      vertex 13.1817 99.2345 1
    endloop
  endfacet
  facet normal 0 1 -0
    outer loop
      vertex 12.9124 103.612 1
      vertex 11.72 103.612 1.5
      vertex 12.9124 103.612 1.5
    endloop
  endfacet
  facet normal 0 1 0
    outer loop
      vertex 11.72 103.612 1.5
      vertex 12.9124 103.612 1
      vertex 11.72 103.612 1
    endloop
  endfacet
  facet normal -1 0 0
    outer loop
      vertex 11.72 95.5 1
      vertex 11.72 103.612 1.5
      vertex 11.72 103.612 1
    endloop
  endfacet
  facet normal -1 -0 0
    outer loop
      vertex 11.72 103.612 1.5
      vertex 11.72 95.5 1
      vertex 11.72 95.5 1.5
    endloop
  endfacet
  facet normal 0 1 -0
    outer loop
      vertex 10.7115 96.8455 1
      vertex 9.87814 96.8455 1.5
      vertex 10.7115 96.8455 1.5
    endloop
  endfacet
  facet normal 0 1 0
    outer loop
      vertex 9.87814 96.8455 1.5
      vertex 10.7115 96.8455 1
      vertex 9.87814 96.8455 1
    endloop
  endfacet
  facet normal 1 -0 0
    outer loop
      vertex 9.87814 96.8455 1.5
      vertex 9.87814 99.0566 1
      vertex 9.87814 99.0566 1.5
    endloop
  endfacet
  facet normal 1 0 0
    outer loop
      vertex 9.87814 99.0566 1
      vertex 9.87814 96.8455 1.5
      vertex 9.87814 96.8455 1
    endloop
  endfacet
  facet normal 0 -1 0
    outer loop
      vertex 9.87814 99.0566 1
      vertex 10.4615 99.0566 1.5
      vertex 9.87814 99.0566 1.5
    endloop
  endfacet
  facet normal 0 -1 -0
    outer loop
      vertex 10.4615 99.0566 1.5
      vertex 9.87814 99.0566 1
      vertex 10.4615 99.0566 1
    endloop
  endfacet
  facet normal 1 -0 0
    outer loop
      vertex 10.4615 99.0566 1.5
      vertex 10.4615 100.457 1
      vertex 10.4615 100.457 1.5
    endloop
  endfacet
  facet normal 1 0 0
    outer loop
      vertex 10.4615 100.457 1
      vertex 10.4615 99.0566 1.5
      vertex 10.4615 99.0566 1
    endloop
  endfacet
  facet normal 0 1 -0
    outer loop
      vertex 10.4615 100.457 1
      vertex 9.87814 100.457 1.5
      vertex 10.4615 100.457 1.5
    endloop
  endfacet
  facet normal 0 1 0
    outer loop
      vertex 9.87814 100.457 1.5
      vertex 10.4615 100.457 1
      vertex 9.87814 100.457 1
    endloop
  endfacet
  facet normal 1 -0 0
    outer loop
      vertex 9.87814 100.457 1.5
      vertex 9.87814 102.101 1
      vertex 9.87814 102.101 1.5
    endloop
  endfacet
  facet normal 1 0 0
    outer loop
      vertex 9.87814 102.101 1
      vertex 9.87814 100.457 1.5
      vertex 9.87814 100.457 1
    endloop
  endfacet
  facet normal 0 -1 0
    outer loop
      vertex 9.87814 102.101 1
      vertex 10.6987 102.101 1.5
      vertex 9.87814 102.101 1.5
    endloop
  endfacet
  facet normal 0 -1 -0
    outer loop
      vertex 10.6987 102.101 1.5
      vertex 9.87814 102.101 1
      vertex 10.6987 102.101 1
    endloop
  endfacet
  facet normal 1 -0 0
    outer loop
      vertex 10.6987 102.101 1.5
      vertex 10.6987 103.612 1
      vertex 10.6987 103.612 1.5
    endloop
  endfacet
  facet normal 1 0 0
    outer loop
      vertex 10.6987 103.612 1
      vertex 10.6987 102.101 1.5
      vertex 10.6987 102.101 1
    endloop
  endfacet
  facet normal 0 1 -0
    outer loop
      vertex 10.6987 103.612 1
      vertex 8.86522 103.612 1.5
      vertex 10.6987 103.612 1.5
    endloop
  endfacet
  facet normal 0 1 0
    outer loop
      vertex 8.86522 103.612 1.5
      vertex 10.6987 103.612 1
      vertex 8.86522 103.612 1
    endloop
  endfacet
  facet normal -1 0 0
    outer loop
      vertex 8.86522 95.5 1
      vertex 8.86522 103.612 1.5
      vertex 8.86522 103.612 1
    endloop
  endfacet
  facet normal -1 -0 0
    outer loop
      vertex 8.86522 103.612 1.5
      vertex 8.86522 95.5 1
      vertex 8.86522 95.5 1.5
    endloop
  endfacet
  facet normal 1 -0 0
    outer loop
      vertex 10.7115 95.5 1.5
      vertex 10.7115 96.8455 1
      vertex 10.7115 96.8455 1.5
    endloop
  endfacet
  facet normal 1 0 0
    outer loop
      vertex 10.7115 96.8455 1
      vertex 10.7115 95.5 1.5
      vertex 10.7115 95.5 1
    endloop
  endfacet
  facet normal 0.541113 -0.84095 0
    outer loop
      vertex 18.817 95.5 1
      vertex 19.0439 95.646 1.5
      vertex 18.817 95.5 1.5
    endloop
  endfacet
  facet normal 0.541113 -0.84095 0
    outer loop
      vertex 19.0439 95.646 1.5
      vertex 18.817 95.5 1
      vertex 19.0439 95.646 1
    endloop
  endfacet
  facet normal 0.772025 -0.635592 0
    outer loop
      vertex 19.0439 95.646 1.5
      vertex 19.2568 95.9046 1
      vertex 19.2568 95.9046 1.5
    endloop
  endfacet
  facet normal 0.772025 -0.635592 0
    outer loop
      vertex 19.2568 95.9046 1
      vertex 19.0439 95.646 1.5
      vertex 19.0439 95.646 1
    endloop
  endfacet
  facet normal 0.905322 -0.424725 0
    outer loop
      vertex 19.2568 95.9046 1.5
      vertex 19.4362 96.287 1
      vertex 19.4362 96.287 1.5
    endloop
  endfacet
  facet normal 0.905322 -0.424725 0
    outer loop
      vertex 19.4362 96.287 1
      vertex 19.2568 95.9046 1.5
      vertex 19.2568 95.9046 1
    endloop
  endfacet
  facet normal 0.965012 -0.262206 0
    outer loop
      vertex 19.4362 96.287 1.5
      vertex 19.5798 96.8155 1
      vertex 19.5798 96.8155 1.5
    endloop
  endfacet
  facet normal 0.965012 -0.262206 0
    outer loop
      vertex 19.5798 96.8155 1
      vertex 19.4362 96.287 1.5
      vertex 19.4362 96.287 1
    endloop
  endfacet
  facet normal 0.988759 -0.14952 0
    outer loop
      vertex 19.5798 96.8155 1.5
      vertex 19.6852 97.5125 1
      vertex 19.6852 97.5125 1.5
    endloop
  endfacet
  facet normal 0.988759 -0.14952 0
    outer loop
      vertex 19.6852 97.5125 1
      vertex 19.5798 96.8155 1.5
      vertex 19.5798 96.8155 1
    endloop
  endfacet
  facet normal 0.997331 -0.0730192 0
    outer loop
      vertex 19.6852 97.5125 1.5
      vertex 19.7502 98.4003 1
      vertex 19.7502 98.4003 1.5
    endloop
  endfacet
  facet normal 0.997331 -0.0730192 0
    outer loop
      vertex 19.7502 98.4003 1
      vertex 19.6852 97.5125 1.5
      vertex 19.6852 97.5125 1
    endloop
  endfacet
  facet normal 0.999799 -0.0200723 0
    outer loop
      vertex 19.7502 98.4003 1.5
      vertex 19.7723 99.5011 1
      vertex 19.7723 99.5011 1.5
    endloop
  endfacet
  facet normal 0.999799 -0.0200723 0
    outer loop
      vertex 19.7723 99.5011 1
      vertex 19.7502 98.4003 1.5
      vertex 19.7502 98.4003 1
    endloop
  endfacet
  facet normal 0.999811 0.01942 0
    outer loop
      vertex 19.7723 99.5011 1.5
      vertex 19.7508 100.608 1
      vertex 19.7508 100.608 1.5
    endloop
  endfacet
  facet normal 0.999811 0.01942 0
    outer loop
      vertex 19.7508 100.608 1
      vertex 19.7723 99.5011 1.5
      vertex 19.7723 99.5011 1
    endloop
  endfacet
  facet normal 0.997478 0.0709765 0
    outer loop
      vertex 19.7508 100.608 1.5
      vertex 19.6874 101.499 1
      vertex 19.6874 101.499 1.5
    endloop
  endfacet
  facet normal 0.997478 0.0709765 0
    outer loop
      vertex 19.6874 101.499 1
      vertex 19.7508 100.608 1.5
      vertex 19.7508 100.608 1
    endloop
  endfacet
  facet normal 0.989205 0.146538 0
    outer loop
      vertex 19.6874 101.499 1.5
      vertex 19.584 102.197 1
      vertex 19.584 102.197 1.5
    endloop
  endfacet
  facet normal 0.989205 0.146538 0
    outer loop
      vertex 19.584 102.197 1
      vertex 19.6874 101.499 1.5
      vertex 19.6874 101.499 1
    endloop
  endfacet
  facet normal 0.965792 0.259316 0
    outer loop
      vertex 19.584 102.197 1.5
      vertex 19.4425 102.724 1
      vertex 19.4425 102.724 1.5
    endloop
  endfacet
  facet normal 0.965792 0.259316 0
    outer loop
      vertex 19.4425 102.724 1
      vertex 19.584 102.197 1.5
      vertex 19.584 102.197 1
    endloop
  endfacet
  facet normal 0.906183 0.422885 0
    outer loop
      vertex 19.4425 102.724 1.5
      vertex 19.2647 103.105 1
      vertex 19.2647 103.105 1.5
    endloop
  endfacet
  facet normal 0.906183 0.422885 0
    outer loop
      vertex 19.2647 103.105 1
      vertex 19.4425 102.724 1.5
      vertex 19.4425 102.724 1
    endloop
  endfacet
  facet normal 0.769747 0.638349 0
    outer loop
      vertex 19.2647 103.105 1.5
      vertex 19.0524 103.361 1
      vertex 19.0524 103.361 1.5
    endloop
  endfacet
  facet normal 0.769747 0.638349 0
    outer loop
      vertex 19.0524 103.361 1
      vertex 19.2647 103.105 1.5
      vertex 19.2647 103.105 1
    endloop
  endfacet
  facet normal 0.534798 0.84498 -0
    outer loop
      vertex 19.0524 103.361 1
      vertex 18.8075 103.516 1.5
      vertex 19.0524 103.361 1.5
    endloop
  endfacet
  facet normal 0.534798 0.84498 0
    outer loop
      vertex 18.8075 103.516 1.5
      vertex 19.0524 103.361 1
      vertex 18.8075 103.516 1
    endloop
  endfacet
  facet normal 0.265839 0.964017 -0
    outer loop
      vertex 18.8075 103.516 1
      vertex 18.5319 103.592 1.5
      vertex 18.8075 103.516 1.5
    endloop
  endfacet
  facet normal 0.265839 0.964017 0
    outer loop
      vertex 18.5319 103.592 1.5
      vertex 18.8075 103.516 1
      vertex 18.5319 103.592 1
    endloop
  endfacet
  facet normal 0.0655188 0.997851 -0
    outer loop
      vertex 18.5319 103.592 1
      vertex 18.2273 103.612 1.5
      vertex 18.5319 103.592 1.5
    endloop
  endfacet
  facet normal 0.0655188 0.997851 0
    outer loop
      vertex 18.2273 103.612 1.5
      vertex 18.5319 103.592 1
      vertex 18.2273 103.612 1
    endloop
  endfacet
  facet normal 0 1 -0
    outer loop
      vertex 18.2273 103.612 1
      vertex 17.3106 103.612 1.5
      vertex 18.2273 103.612 1.5
    endloop
  endfacet
  facet normal 0 1 0
    outer loop
      vertex 17.3106 103.612 1.5
      vertex 18.2273 103.612 1
      vertex 17.3106 103.612 1
    endloop
  endfacet
  facet normal -1 0 0
    outer loop
      vertex 17.3106 95.5 1
      vertex 17.3106 103.612 1.5
      vertex 17.3106 103.612 1
    endloop
  endfacet
  facet normal -1 -0 0
    outer loop
      vertex 17.3106 103.612 1.5
      vertex 17.3106 95.5 1
      vertex 17.3106 95.5 1.5
    endloop
  endfacet
  facet normal 1 -0 0
    outer loop
      vertex 18.3235 96.8455 1.5
      vertex 18.3235 102.101 1
      vertex 18.3235 102.101 1.5
    endloop
  endfacet
  facet normal 1 0 0
    outer loop
      vertex 18.3235 102.101 1
      vertex 18.3235 96.8455 1.5
      vertex 18.3235 96.8455 1
    endloop
  endfacet
  facet normal 0 -1 0
    outer loop
      vertex 18.3235 102.101 1
      vertex 18.3876 102.101 1.5
      vertex 18.3235 102.101 1.5
    endloop
  endfacet
  facet normal 0 -1 -0
    outer loop
      vertex 18.3876 102.101 1.5
      vertex 18.3235 102.101 1
      vertex 18.3876 102.101 1
    endloop
  endfacet
  facet normal -0.160812 -0.986985 0
    outer loop
      vertex 18.3876 102.101 1
      vertex 18.4858 102.085 1.5
      vertex 18.3876 102.101 1.5
    endloop
  endfacet
  facet normal -0.160812 -0.986985 -0
    outer loop
      vertex 18.4858 102.085 1.5
      vertex 18.3876 102.101 1
      vertex 18.4858 102.085 1
    endloop
  endfacet
  facet normal -0.589032 -0.80811 0
    outer loop
      vertex 18.4858 102.085 1
      vertex 18.564 102.028 1.5
      vertex 18.4858 102.085 1.5
    endloop
  endfacet
  facet normal -0.589032 -0.80811 -0
    outer loop
      vertex 18.564 102.028 1.5
      vertex 18.4858 102.085 1
      vertex 18.564 102.028 1
    endloop
  endfacet
  facet normal -0.876888 -0.480694 0
    outer loop
      vertex 18.6243 101.918 1
      vertex 18.564 102.028 1.5
      vertex 18.564 102.028 1
    endloop
  endfacet
  facet normal -0.876888 -0.480694 0
    outer loop
      vertex 18.564 102.028 1.5
      vertex 18.6243 101.918 1
      vertex 18.6243 101.918 1.5
    endloop
  endfacet
  facet normal -0.967931 -0.251215 0
    outer loop
      vertex 18.6692 101.745 1
      vertex 18.6243 101.918 1.5
      vertex 18.6243 101.918 1
    endloop
  endfacet
  facet normal -0.967931 -0.251215 0
    outer loop
      vertex 18.6243 101.918 1.5
      vertex 18.6692 101.745 1
      vertex 18.6692 101.745 1.5
    endloop
  endfacet
  facet normal -0.992106 -0.125402 0
    outer loop
      vertex 18.7008 101.495 1
      vertex 18.6692 101.745 1.5
      vertex 18.6692 101.745 1
    endloop
  endfacet
  facet normal -0.992106 -0.125402 0
    outer loop
      vertex 18.6692 101.745 1.5
      vertex 18.7008 101.495 1
      vertex 18.7008 101.495 1.5
    endloop
  endfacet
  facet normal -0.998119 -0.0613088 0
    outer loop
      vertex 18.7215 101.158 1
      vertex 18.7008 101.495 1.5
      vertex 18.7008 101.495 1
    endloop
  endfacet
  facet normal -0.998119 -0.0613088 0
    outer loop
      vertex 18.7008 101.495 1.5
      vertex 18.7215 101.158 1
      vertex 18.7215 101.158 1.5
    endloop
  endfacet
  facet normal -0.999629 -0.027221 0
    outer loop
      vertex 18.7334 100.721 1
      vertex 18.7215 101.158 1.5
      vertex 18.7215 101.158 1
    endloop
  endfacet
  facet normal -0.999629 -0.027221 0
    outer loop
      vertex 18.7215 101.158 1.5
      vertex 18.7334 100.721 1
      vertex 18.7334 100.721 1.5
    endloop
  endfacet
  facet normal -0.99995 -0.010036 0
    outer loop
      vertex 18.7389 100.173 1
      vertex 18.7334 100.721 1.5
      vertex 18.7334 100.721 1
    endloop
  endfacet
  facet normal -0.99995 -0.010036 0
    outer loop
      vertex 18.7334 100.721 1.5
      vertex 18.7389 100.173 1
      vertex 18.7389 100.173 1.5
    endloop
  endfacet
  facet normal -0.999998 -0.00193481 0
    outer loop
      vertex 18.7402 99.5011 1
      vertex 18.7389 100.173 1.5
      vertex 18.7389 100.173 1
    endloop
  endfacet
  facet normal -0.999998 -0.00193481 0
    outer loop
      vertex 18.7389 100.173 1.5
      vertex 18.7402 99.5011 1
      vertex 18.7402 99.5011 1.5
    endloop
  endfacet
  facet normal -0.999998 0.00197328 0
    outer loop
      vertex 18.7389 98.8423 1
      vertex 18.7402 99.5011 1.5
      vertex 18.7402 99.5011 1
    endloop
  endfacet
  facet normal -0.999998 0.00197328 0
    outer loop
      vertex 18.7402 99.5011 1.5
      vertex 18.7389 98.8423 1
      vertex 18.7389 98.8423 1.5
    endloop
  endfacet
  facet normal -0.999951 0.00989506 0
    outer loop
      vertex 18.7335 98.2966 1
      vertex 18.7389 98.8423 1.5
      vertex 18.7389 98.8423 1
    endloop
  endfacet
  facet normal -0.999951 0.00989506 0
    outer loop
      vertex 18.7389 98.8423 1.5
      vertex 18.7335 98.2966 1
      vertex 18.7335 98.2966 1.5
    endloop
  endfacet
  facet normal -0.999644 0.0266873 0
    outer loop
      vertex 18.7217 97.8546 1
      vertex 18.7335 98.2966 1.5
      vertex 18.7335 98.2966 1
    endloop
  endfacet
  facet normal -0.999644 0.0266873 0
    outer loop
      vertex 18.7335 98.2966 1.5
      vertex 18.7217 97.8546 1
      vertex 18.7217 97.8546 1.5
    endloop
  endfacet
  facet normal -0.998303 0.0582343 0
    outer loop
      vertex 18.7014 97.5066 1
      vertex 18.7217 97.8546 1.5
      vertex 18.7217 97.8546 1
    endloop
  endfacet
  facet normal -0.998303 0.0582343 0
    outer loop
      vertex 18.7217 97.8546 1.5
      vertex 18.7014 97.5066 1
      vertex 18.7014 97.5066 1.5
    endloop
  endfacet
  facet normal -0.993096 0.117301 0
    outer loop
      vertex 18.6703 97.2433 1
      vertex 18.7014 97.5066 1.5
      vertex 18.7014 97.5066 1
    endloop
  endfacet
  facet normal -0.993096 0.117301 0
    outer loop
      vertex 18.7014 97.5066 1.5
      vertex 18.6703 97.2433 1
      vertex 18.6703 97.2433 1.5
    endloop
  endfacet
  facet normal -0.973654 0.22803 0
    outer loop
      vertex 18.6262 97.055 1
      vertex 18.6703 97.2433 1.5
      vertex 18.6703 97.2433 1
    endloop
  endfacet
  facet normal -0.973654 0.22803 0
    outer loop
      vertex 18.6703 97.2433 1.5
      vertex 18.6262 97.055 1
      vertex 18.6262 97.055 1.5
    endloop
  endfacet
  facet normal -0.900651 0.434544 0
    outer loop
      vertex 18.567 96.9323 1
      vertex 18.6262 97.055 1.5
      vertex 18.6262 97.055 1
    endloop
  endfacet
  facet normal -0.900651 0.434544 0
    outer loop
      vertex 18.6262 97.055 1.5
      vertex 18.567 96.9323 1
      vertex 18.567 96.9323 1.5
    endloop
  endfacet
  facet normal -0.656203 0.754584 0
    outer loop
      vertex 18.567 96.9323 1
      vertex 18.4903 96.8656 1.5
      vertex 18.567 96.9323 1.5
    endloop
  endfacet
  facet normal -0.656203 0.754584 0
    outer loop
      vertex 18.4903 96.8656 1.5
      vertex 18.567 96.9323 1
      vertex 18.4903 96.8656 1
    endloop
  endfacet
  facet normal -0.20432 0.978904 0
    outer loop
      vertex 18.4903 96.8656 1
      vertex 18.394 96.8455 1.5
      vertex 18.4903 96.8656 1.5
    endloop
  endfacet
  facet normal -0.20432 0.978904 0
    outer loop
      vertex 18.394 96.8455 1.5
      vertex 18.4903 96.8656 1
      vertex 18.394 96.8455 1
    endloop
  endfacet
  facet normal 0 1 -0
    outer loop
      vertex 18.394 96.8455 1
      vertex 18.3235 96.8455 1.5
      vertex 18.394 96.8455 1.5
    endloop
  endfacet
  facet normal 0 1 0
    outer loop
      vertex 18.3235 96.8455 1.5
      vertex 18.394 96.8455 1
      vertex 18.3235 96.8455 1
    endloop
  endfacet
  facet normal 0 -1 0
    outer loop
      vertex 25.552 102.101 1
      vertex 26.1418 102.101 1.5
      vertex 25.552 102.101 1.5
    endloop
  endfacet
  facet normal 0 -1 -0
    outer loop
      vertex 26.1418 102.101 1.5
      vertex 25.552 102.101 1
      vertex 26.1418 102.101 1
    endloop
  endfacet
  facet normal 1 -0 0
    outer loop
      vertex 26.1418 102.101 1.5
      vertex 26.1418 103.612 1
      vertex 26.1418 103.612 1.5
    endloop
  endfacet
  facet normal 1 0 0
    outer loop
      vertex 26.1418 103.612 1
      vertex 26.1418 102.101 1.5
      vertex 26.1418 102.101 1
    endloop
  endfacet
  facet normal 0 1 -0
    outer loop
      vertex 26.1418 103.612 1
      vertex 23.9493 103.612 1.5
      vertex 26.1418 103.612 1.5
    endloop
  endfacet
  facet normal 0 1 0
    outer loop
      vertex 23.9493 103.612 1.5
      vertex 26.1418 103.612 1
      vertex 23.9493 103.612 1
    endloop
  endfacet
  facet normal -1 0 0
    outer loop
      vertex 23.9493 102.101 1
      vertex 23.9493 103.612 1.5
      vertex 23.9493 103.612 1
    endloop
  endfacet
  facet normal -1 -0 0
    outer loop
      vertex 23.9493 103.612 1.5
      vertex 23.9493 102.101 1
      vertex 23.9493 102.101 1.5
    endloop
  endfacet
  facet normal 0 -1 0
    outer loop
      vertex 23.9493 102.101 1
      vertex 24.5391 102.101 1.5
      vertex 23.9493 102.101 1.5
    endloop
  endfacet
  facet normal 0 -1 -0
    outer loop
      vertex 24.5391 102.101 1.5
      vertex 23.9493 102.101 1
      vertex 24.5391 102.101 1
    endloop
  endfacet
  facet normal -1 0 0
    outer loop
      vertex 24.5391 95.5 1
      vertex 24.5391 102.101 1.5
      vertex 24.5391 102.101 1
    endloop
  endfacet
  facet normal -1 -0 0
    outer loop
      vertex 24.5391 102.101 1.5
      vertex 24.5391 95.5 1
      vertex 24.5391 95.5 1.5
    endloop
  endfacet
  facet normal 1 -0 0
    outer loop
      vertex 25.552 95.5 1.5
      vertex 25.552 102.101 1
      vertex 25.552 102.101 1.5
    endloop
  endfacet
  facet normal 1 0 0
    outer loop
      vertex 25.552 102.101 1
      vertex 25.552 95.5 1.5
      vertex 25.552 95.5 1
    endloop
  endfacet
  facet normal 0 -1 0
    outer loop
      vertex 22.0586 102.101 1
      vertex 22.6484 102.101 1.5
      vertex 22.0586 102.101 1.5
    endloop
  endfacet
  facet normal 0 -1 -0
    outer loop
      vertex 22.6484 102.101 1.5
      vertex 22.0586 102.101 1
      vertex 22.6484 102.101 1
    endloop
  endfacet
  facet normal 1 -0 0
    outer loop
      vertex 22.6484 102.101 1.5
      vertex 22.6484 103.612 1
      vertex 22.6484 103.612 1.5
    endloop
  endfacet
  facet normal 1 0 0
    outer loop
      vertex 22.6484 103.612 1
      vertex 22.6484 102.101 1.5
      vertex 22.6484 102.101 1
    endloop
  endfacet
  facet normal 0 1 -0
    outer loop
      vertex 22.6484 103.612 1
      vertex 20.456 103.612 1.5
      vertex 22.6484 103.612 1.5
    endloop
  endfacet
  facet normal 0 1 0
    outer loop
      vertex 20.456 103.612 1.5
      vertex 22.6484 103.612 1
      vertex 20.456 103.612 1
    endloop
  endfacet
  facet normal -1 0 0
    outer loop
      vertex 20.456 102.101 1
      vertex 20.456 103.612 1.5
      vertex 20.456 103.612 1
    endloop
  endfacet
  facet normal -1 -0 0
    outer loop
      vertex 20.456 103.612 1.5
      vertex 20.456 102.101 1
      vertex 20.456 102.101 1.5
    endloop
  endfacet
  facet normal 0 -1 0
    outer loop
      vertex 20.456 102.101 1
      vertex 21.0458 102.101 1.5
      vertex 20.456 102.101 1.5
    endloop
  endfacet
  facet normal 0 -1 -0
    outer loop
      vertex 21.0458 102.101 1.5
      vertex 20.456 102.101 1
      vertex 21.0458 102.101 1
    endloop
  endfacet
  facet normal -1 0 0
    outer loop
      vertex 21.0458 95.5 1
      vertex 21.0458 102.101 1.5
      vertex 21.0458 102.101 1
    endloop
  endfacet
  facet normal -1 -0 0
    outer loop
      vertex 21.0458 102.101 1.5
      vertex 21.0458 95.5 1
      vertex 21.0458 95.5 1.5
    endloop
  endfacet
  facet normal 1 -0 0
    outer loop
      vertex 22.0586 95.5 1.5
      vertex 22.0586 102.101 1
      vertex 22.0586 102.101 1.5
    endloop
  endfacet
  facet normal 1 0 0
    outer loop
      vertex 22.0586 102.101 1
      vertex 22.0586 95.5 1.5
      vertex 22.0586 95.5 1
    endloop
  endfacet
  facet normal 0 1 -0
    outer loop
      vertex 23.7958 103.612 1
      vertex 22.783 103.612 1.5
      vertex 23.7958 103.612 1.5
    endloop
  endfacet
  facet normal 0 1 0
    outer loop
      vertex 22.783 103.612 1.5
      vertex 23.7958 103.612 1
      vertex 22.783 103.612 1
    endloop
  endfacet
  facet normal -1 0 0
    outer loop
      vertex 22.783 95.5 1
      vertex 22.783 103.612 1.5
      vertex 22.783 103.612 1
    endloop
  endfacet
  facet normal -1 -0 0
    outer loop
      vertex 22.783 103.612 1.5
      vertex 22.783 95.5 1
      vertex 22.783 95.5 1.5
    endloop
  endfacet
  facet normal 1 -0 0
    outer loop
      vertex 23.7958 95.5 1.5
      vertex 23.7958 103.612 1
      vertex 23.7958 103.612 1.5
    endloop
  endfacet
  facet normal 1 0 0
    outer loop
      vertex 23.7958 103.612 1
      vertex 23.7958 95.5 1.5
      vertex 23.7958 95.5 1
    endloop
  endfacet
  facet normal 0 1 -0
    outer loop
      vertex 75 95.5 1
      vertex 70.9534 95.5 1.5
      vertex 75 95.5 1.5
    endloop
  endfacet
  facet normal 0 1 0
    outer loop
      vertex 70.9534 95.5 1.5
      vertex 75 95.5 1
      vertex 70.9534 95.5 1
    endloop
  endfacet
  facet normal 0 1 -0
    outer loop
      vertex 4.54322 95.5 1
      vertex 0 95.5 1.5
      vertex 4.54322 95.5 1.5
    endloop
  endfacet
  facet normal 0 1 0
    outer loop
      vertex 0 95.5 1.5
      vertex 4.54322 95.5 1
      vertex 0 95.5 1
    endloop
  endfacet
  facet normal 0 1 -0
    outer loop
      vertex 6.24834 95.5 1
      vertex 5.55609 95.5 1.5
      vertex 6.24834 95.5 1.5
    endloop
  endfacet
  facet normal 0 1 0
    outer loop
      vertex 5.55609 95.5 1.5
      vertex 6.24834 95.5 1
      vertex 5.55609 95.5 1
    endloop
  endfacet
  facet normal 0 1 -0
    outer loop
      vertex 7.60743 95.5 1
      vertex 7.26125 95.5 1.5
      vertex 7.60743 95.5 1.5
    endloop
  endfacet
  facet normal 0 1 0
    outer loop
      vertex 7.26125 95.5 1.5
      vertex 7.60743 95.5 1
      vertex 7.26125 95.5 1
    endloop
  endfacet
  facet normal 0 1 -0
    outer loop
      vertex 8.86522 95.5 1
      vertex 8.6203 95.5 1.5
      vertex 8.86522 95.5 1.5
    endloop
  endfacet
  facet normal 0 1 0
    outer loop
      vertex 8.6203 95.5 1.5
      vertex 8.86522 95.5 1
      vertex 8.6203 95.5 1
    endloop
  endfacet
  facet normal 0 1 -0
    outer loop
      vertex 11.72 95.5 1
      vertex 10.7115 95.5 1.5
      vertex 11.72 95.5 1.5
    endloop
  endfacet
  facet normal 0 1 0
    outer loop
      vertex 10.7115 95.5 1.5
      vertex 11.72 95.5 1
      vertex 10.7115 95.5 1
    endloop
  endfacet
  facet normal 0 1 -0
    outer loop
      vertex 12.8653 95.5 1
      vertex 12.5342 95.5 1.5
      vertex 12.8653 95.5 1.5
    endloop
  endfacet
  facet normal 0 1 0
    outer loop
      vertex 12.5342 95.5 1.5
      vertex 12.8653 95.5 1
      vertex 12.5342 95.5 1
    endloop
  endfacet
  facet normal 0 1 -0
    outer loop
      vertex 13.6945 95.5 1
      vertex 13.3634 95.5 1.5
      vertex 13.6945 95.5 1.5
    endloop
  endfacet
  facet normal 0 1 0
    outer loop
      vertex 13.3634 95.5 1.5
      vertex 13.6945 95.5 1
      vertex 13.3634 95.5 1
    endloop
  endfacet
  facet normal 0 1 -0
    outer loop
      vertex 14.6867 95.5 1
      vertex 14.6433 95.5 1.5
      vertex 14.6867 95.5 1.5
    endloop
  endfacet
  facet normal 0 1 0
    outer loop
      vertex 14.6433 95.5 1.5
      vertex 14.6867 95.5 1
      vertex 14.6433 95.5 1
    endloop
  endfacet
  facet normal 0 1 -0
    outer loop
      vertex 16.2401 95.5 1
      vertex 15.6316 95.5 1.5
      vertex 16.2401 95.5 1.5
    endloop
  endfacet
  facet normal 0 1 0
    outer loop
      vertex 15.6316 95.5 1.5
      vertex 16.2401 95.5 1
      vertex 15.6316 95.5 1
    endloop
  endfacet
  facet normal 0 1 -0
    outer loop
      vertex 17.3106 95.5 1
      vertex 17.2562 95.5 1.5
      vertex 17.3106 95.5 1.5
    endloop
  endfacet
  facet normal 0 1 0
    outer loop
      vertex 17.2562 95.5 1.5
      vertex 17.3106 95.5 1
      vertex 17.2562 95.5 1
    endloop
  endfacet
  facet normal 0 1 -0
    outer loop
      vertex 21.0458 95.5 1
      vertex 18.817 95.5 1.5
      vertex 21.0458 95.5 1.5
    endloop
  endfacet
  facet normal 0 1 0
    outer loop
      vertex 18.817 95.5 1.5
      vertex 21.0458 95.5 1
      vertex 18.817 95.5 1
    endloop
  endfacet
  facet normal 0 1 -0
    outer loop
      vertex 22.783 95.5 1
      vertex 22.0586 95.5 1.5
      vertex 22.783 95.5 1.5
    endloop
  endfacet
  facet normal 0 1 0
    outer loop
      vertex 22.0586 95.5 1.5
      vertex 22.783 95.5 1
      vertex 22.0586 95.5 1
    endloop
  endfacet
  facet normal 0 1 -0
    outer loop
      vertex 24.5391 95.5 1
      vertex 23.7958 95.5 1.5
      vertex 24.5391 95.5 1.5
    endloop
  endfacet
  facet normal 0 1 0
    outer loop
      vertex 23.7958 95.5 1.5
      vertex 24.5391 95.5 1
      vertex 23.7958 95.5 1
    endloop
  endfacet
  facet normal 0 1 -0
    outer loop
      vertex 25.7989 95.5 1
      vertex 25.552 95.5 1.5
      vertex 25.7989 95.5 1.5
    endloop
  endfacet
  facet normal 0 1 0
    outer loop
      vertex 25.552 95.5 1.5
      vertex 25.7989 95.5 1
      vertex 25.552 95.5 1
    endloop
  endfacet
  facet normal 0 1 -0
    outer loop
      vertex 27.3524 95.5 1
      vertex 26.7439 95.5 1.5
      vertex 27.3524 95.5 1.5
    endloop
  endfacet
  facet normal 0 1 0
    outer loop
      vertex 26.7439 95.5 1.5
      vertex 27.3524 95.5 1
      vertex 26.7439 95.5 1
    endloop
  endfacet
  facet normal 0 1 -0
    outer loop
      vertex 28.4228 95.5 1
      vertex 28.3684 95.5 1.5
      vertex 28.4228 95.5 1.5
    endloop
  endfacet
  facet normal 0 1 0
    outer loop
      vertex 28.3684 95.5 1.5
      vertex 28.4228 95.5 1
      vertex 28.3684 95.5 1
    endloop
  endfacet
  facet normal 0 1 -0
    outer loop
      vertex 29.8663 95.5 1
      vertex 29.2883 95.5 1.5
      vertex 29.8663 95.5 1.5
    endloop
  endfacet
  facet normal 0 1 0
    outer loop
      vertex 29.2883 95.5 1.5
      vertex 29.8663 95.5 1
      vertex 29.2883 95.5 1
    endloop
  endfacet
  facet normal 0 1 -0
    outer loop
      vertex 32.6424 95.5 1
      vertex 30.7051 95.5 1.5
      vertex 32.6424 95.5 1.5
    endloop
  endfacet
  facet normal 0 1 0
    outer loop
      vertex 30.7051 95.5 1.5
      vertex 32.6424 95.5 1
      vertex 30.7051 95.5 1
    endloop
  endfacet
  facet normal 0 1 -0
    outer loop
      vertex 35.9605 95.5 1
      vertex 33.8082 95.5 1.5
      vertex 35.9605 95.5 1.5
    endloop
  endfacet
  facet normal 0 1 0
    outer loop
      vertex 33.8082 95.5 1.5
      vertex 35.9605 95.5 1
      vertex 33.8082 95.5 1
    endloop
  endfacet
  facet normal 0 1 -0
    outer loop
      vertex 37.9011 95.5 1
      vertex 37.1262 95.5 1.5
      vertex 37.9011 95.5 1.5
    endloop
  endfacet
  facet normal 0 1 0
    outer loop
      vertex 37.1262 95.5 1.5
      vertex 37.9011 95.5 1
      vertex 37.1262 95.5 1
    endloop
  endfacet
  facet normal 0 1 -0
    outer loop
      vertex 39.2602 95.5 1
      vertex 38.914 95.5 1.5
      vertex 39.2602 95.5 1.5
    endloop
  endfacet
  facet normal 0 1 0
    outer loop
      vertex 38.914 95.5 1.5
      vertex 39.2602 95.5 1
      vertex 38.914 95.5 1
    endloop
  endfacet
  facet normal 0 1 -0
    outer loop
      vertex 40.3231 95.5 1
      vertex 40.2731 95.5 1.5
      vertex 40.3231 95.5 1.5
    endloop
  endfacet
  facet normal 0 1 0
    outer loop
      vertex 40.2731 95.5 1.5
      vertex 40.3231 95.5 1
      vertex 40.2731 95.5 1
    endloop
  endfacet
  facet normal 0 1 -0
    outer loop
      vertex 41.8766 95.5 1
      vertex 41.2681 95.5 1.5
      vertex 41.8766 95.5 1.5
    endloop
  endfacet
  facet normal 0 1 0
    outer loop
      vertex 41.2681 95.5 1.5
      vertex 41.8766 95.5 1
      vertex 41.2681 95.5 1
    endloop
  endfacet
  facet normal 0 1 -0
    outer loop
      vertex 42.947 95.5 1
      vertex 42.8926 95.5 1.5
      vertex 42.947 95.5 1.5
    endloop
  endfacet
  facet normal 0 1 0
    outer loop
      vertex 42.8926 95.5 1.5
      vertex 42.947 95.5 1
      vertex 42.8926 95.5 1
    endloop
  endfacet
  facet normal 0 1 -0
    outer loop
      vertex 46.224 95.5 1
      vertex 44.4535 95.5 1.5
      vertex 46.224 95.5 1.5
    endloop
  endfacet
  facet normal 0 1 0
    outer loop
      vertex 44.4535 95.5 1.5
      vertex 46.224 95.5 1
      vertex 44.4535 95.5 1
    endloop
  endfacet
  facet normal 0 1 -0
    outer loop
      vertex 48.437 95.5 1
      vertex 47.2344 95.5 1.5
      vertex 48.437 95.5 1.5
    endloop
  endfacet
  facet normal 0 1 0
    outer loop
      vertex 47.2344 95.5 1.5
      vertex 48.437 95.5 1
      vertex 47.2344 95.5 1
    endloop
  endfacet
  facet normal 0 1 -0
    outer loop
      vertex 49.8688 95.5 1
      vertex 49.3841 95.5 1.5
      vertex 49.8688 95.5 1.5
    endloop
  endfacet
  facet normal 0 1 0
    outer loop
      vertex 49.3841 95.5 1.5
      vertex 49.8688 95.5 1
      vertex 49.3841 95.5 1
    endloop
  endfacet
  facet normal 0 1 -0
    outer loop
      vertex 52.7871 95.5 1
      vertex 50.816 95.5 1.5
      vertex 52.7871 95.5 1.5
    endloop
  endfacet
  facet normal 0 1 0
    outer loop
      vertex 50.816 95.5 1.5
      vertex 52.7871 95.5 1
      vertex 50.816 95.5 1
    endloop
  endfacet
  facet normal 0 1 -0
    outer loop
      vertex 54.3591 95.5 1
      vertex 53.8082 95.5 1.5
      vertex 54.3591 95.5 1.5
    endloop
  endfacet
  facet normal 0 1 0
    outer loop
      vertex 53.8082 95.5 1.5
      vertex 54.3591 95.5 1
      vertex 53.8082 95.5 1
    endloop
  endfacet
  facet normal 0 1 -0
    outer loop
      vertex 55.9125 95.5 1
      vertex 55.304 95.5 1.5
      vertex 55.9125 95.5 1.5
    endloop
  endfacet
  facet normal 0 1 0
    outer loop
      vertex 55.304 95.5 1.5
      vertex 55.9125 95.5 1
      vertex 55.304 95.5 1
    endloop
  endfacet
  facet normal 0 1 -0
    outer loop
      vertex 56.983 95.5 1
      vertex 56.9286 95.5 1.5
      vertex 56.983 95.5 1.5
    endloop
  endfacet
  facet normal 0 1 0
    outer loop
      vertex 56.9286 95.5 1.5
      vertex 56.983 95.5 1
      vertex 56.9286 95.5 1
    endloop
  endfacet
  facet normal 0 1 -0
    outer loop
      vertex 58.1282 95.5 1
      vertex 57.7971 95.5 1.5
      vertex 58.1282 95.5 1.5
    endloop
  endfacet
  facet normal 0 1 0
    outer loop
      vertex 57.7971 95.5 1.5
      vertex 58.1282 95.5 1
      vertex 57.7971 95.5 1
    endloop
  endfacet
  facet normal 0 1 -0
    outer loop
      vertex 58.9575 95.5 1
      vertex 58.6264 95.5 1.5
      vertex 58.9575 95.5 1.5
    endloop
  endfacet
  facet normal 0 1 0
    outer loop
      vertex 58.6264 95.5 1.5
      vertex 58.9575 95.5 1
      vertex 58.6264 95.5 1
    endloop
  endfacet
  facet normal 0 1 -0
    outer loop
      vertex 60.1445 95.5 1
      vertex 59.9063 95.5 1.5
      vertex 60.1445 95.5 1.5
    endloop
  endfacet
  facet normal 0 1 0
    outer loop
      vertex 59.9063 95.5 1.5
      vertex 60.1445 95.5 1
      vertex 59.9063 95.5 1
    endloop
  endfacet
  facet normal 0 1 -0
    outer loop
      vertex 62.1783 95.5 1
      vertex 61.1382 95.5 1.5
      vertex 62.1783 95.5 1.5
    endloop
  endfacet
  facet normal 0 1 0
    outer loop
      vertex 61.1382 95.5 1.5
      vertex 62.1783 95.5 1
      vertex 61.1382 95.5 1
    endloop
  endfacet
  facet normal 0 1 -0
    outer loop
      vertex 63.7318 95.5 1
      vertex 63.1233 95.5 1.5
      vertex 63.7318 95.5 1.5
    endloop
  endfacet
  facet normal 0 1 0
    outer loop
      vertex 63.1233 95.5 1.5
      vertex 63.7318 95.5 1
      vertex 63.1233 95.5 1
    endloop
  endfacet
  facet normal 0 1 -0
    outer loop
      vertex 64.8343 95.5 1
      vertex 64.7478 95.5 1.5
      vertex 64.8343 95.5 1.5
    endloop
  endfacet
  facet normal 0 1 0
    outer loop
      vertex 64.7478 95.5 1.5
      vertex 64.8343 95.5 1
      vertex 64.7478 95.5 1
    endloop
  endfacet
  facet normal 0 1 -0
    outer loop
      vertex 66.7061 95.5 1
      vertex 65.8472 95.5 1.5
      vertex 66.7061 95.5 1.5
    endloop
  endfacet
  facet normal 0 1 0
    outer loop
      vertex 65.8472 95.5 1.5
      vertex 66.7061 95.5 1
      vertex 65.8472 95.5 1
    endloop
  endfacet
  facet normal 0 1 -0
    outer loop
      vertex 67.9153 95.5 1
      vertex 67.5261 95.5 1.5
      vertex 67.9153 95.5 1.5
    endloop
  endfacet
  facet normal 0 1 0
    outer loop
      vertex 67.5261 95.5 1.5
      vertex 67.9153 95.5 1
      vertex 67.5261 95.5 1
    endloop
  endfacet
  facet normal 0 1 -0
    outer loop
      vertex 68.6712 95.5 1
      vertex 68.4624 95.5 1.5
      vertex 68.6712 95.5 1.5
    endloop
  endfacet
  facet normal 0 1 0
    outer loop
      vertex 68.4624 95.5 1.5
      vertex 68.6712 95.5 1
      vertex 68.4624 95.5 1
    endloop
  endfacet
  facet normal 0 1 -0
    outer loop
      vertex 70.1147 95.5 1
      vertex 69.5366 95.5 1.5
      vertex 70.1147 95.5 1.5
    endloop
  endfacet
  facet normal 0 1 0
    outer loop
      vertex 69.5366 95.5 1.5
      vertex 70.1147 95.5 1
      vertex 69.5366 95.5 1
    endloop
  endfacet
  facet normal 0 -1 0
    outer loop
      vertex 0 94.5 1
      vertex 75 94.5 1.5
      vertex 0 94.5 1.5
    endloop
  endfacet
  facet normal 0 -1 -0
    outer loop
      vertex 75 94.5 1.5
      vertex 0 94.5 1
      vertex 75 94.5 1
    endloop
  endfacet
endsolid OpenSCAD_Model
